"chain:1.alpha","chain:2.alpha","chain:3.alpha","chain:4.alpha","chain:1.beta[1]","chain:2.beta[1]","chain:3.beta[1]","chain:4.beta[1]","chain:1.beta[2]","chain:2.beta[2]","chain:3.beta[2]","chain:4.beta[2]","chain:1.beta[3]","chain:2.beta[3]","chain:3.beta[3]","chain:4.beta[3]","chain:1.beta[4]","chain:2.beta[4]","chain:3.beta[4]","chain:4.beta[4]","chain:1.beta[5]","chain:2.beta[5]","chain:3.beta[5]","chain:4.beta[5]","chain:1.beta[6]","chain:2.beta[6]","chain:3.beta[6]","chain:4.beta[6]","chain:1.beta[7]","chain:2.beta[7]","chain:3.beta[7]","chain:4.beta[7]","chain:1.beta[8]","chain:2.beta[8]","chain:3.beta[8]","chain:4.beta[8]","chain:1.beta[9]","chain:2.beta[9]","chain:3.beta[9]","chain:4.beta[9]","chain:1.beta[10]","chain:2.beta[10]","chain:3.beta[10]","chain:4.beta[10]","chain:1.sigma","chain:2.sigma","chain:3.sigma","chain:4.sigma"
0.111616182392894,0.122887445344728,0.0859545256945342,0.137238954213517,112.194221245235,110.834670514404,110.431506892806,110.468802446966,17.5766554586511,17.8119736449671,17.7528703228349,17.7498265739544,16.4384797174531,15.9859741242764,15.8778911101136,15.9289996641988,0.663728610054426,0.660867153593662,0.651063989433574,0.656458465694884,0.39290167334198,0.404410804330926,0.412934054666747,0.403106192621301,0.18431974531369,0.179397565068731,0.18609384809947,0.183964068284969,0.190388949315746,0.174409599157951,0.182886820398989,0.174269616180782,-0.00750300165234143,0.010438720601864,0.0109691133547742,0.00284122198024592,-0.900660706597455,-0.924165666517736,-0.916131340800792,-0.909395970432912,-0.33887958132992,-0.325654203057465,-0.33713631054939,-0.339228562070201,4.35242682981813,4.35061315462984,4.34134225098045,4.35082589274318
0.0968586083294017,0.129007824481464,0.118292678290595,0.0893676834506641,110.551252700618,111.070084158899,109.79734235612,111.041871495064,18.0759056467974,17.7991863989392,17.6773430688856,17.4281107509342,15.4824453541065,15.8937599591929,16.1420241445989,15.7547360197125,0.64896763848719,0.66030403719893,0.649285319870342,0.654880603352822,0.412638253207495,0.416092927894023,0.404700400795343,0.403334358223821,0.175401853007811,0.174204661139707,0.177991219116017,0.182657873281695,0.192497109620787,0.168105146468971,0.203093444693134,0.2045739825094,0.027927718612749,0.00136134188870053,0.0201990039387548,0.0120163386047689,-0.927877095832772,-0.921175753679187,-0.900657355946845,-0.900586785889936,-0.333065970158501,-0.337110419776409,-0.335781038702785,-0.337354998069615,4.31717714430875,4.3509106067219,4.32173152265673,4.30167834341851
0.104672523817258,0.0627513212835087,0.0898607358610046,0.0980575221214341,109.778431065193,109.498996845332,110.164100028473,109.718858277695,17.9781356539773,17.6549151395407,17.7935362445972,18.1223792931883,15.3806010858108,15.8406038980424,16.1109344725271,15.8783272153641,0.651670438385392,0.64861449054618,0.653608940868338,0.65167695746725,0.417851760061615,0.415219955051169,0.408830722027097,0.411244254777101,0.171006563588663,0.176622229022196,0.179728971573285,0.180626713455156,0.199145261805194,0.177955655403457,0.193081223811059,0.174744497515603,0.0217443517680545,0.0244097037018233,0.00889748416125782,0.00713780073716345,-0.910325869297069,-0.914844002592681,-0.89302903111329,-0.920877296270207,-0.332302045353602,-0.332785878605714,-0.338952638963481,-0.330617985614228,4.32072750750756,4.31769554664506,4.34254060021253,4.34483042037788
0.099829550248726,0.148132336996878,0.122823825797527,0.0713437998361959,110.093403249171,109.801804866262,111.221086314045,110.489498444742,18.0688858742748,18.0798007121203,17.8104328863639,17.5347434927859,15.4575598518699,15.7045349873009,16.0322601008337,16.1135966308877,0.651074750903653,0.651764752839492,0.657261557020907,0.653961957616061,0.416173905216278,0.4197420821665,0.399340860882585,0.404691342413151,0.172160078636065,0.179900207231042,0.173958576810956,0.177878294548398,0.190626847091509,0.198550631256274,0.191933167741825,0.181390624782402,0.014933463431983,-0.000193289186386785,0.0126925583712787,0.0147657036636881,-0.902500745087588,-0.897051441788302,-0.897424398163876,-0.902568102946731,-0.33547309176187,-0.339787265536392,-0.347984052453574,-0.335741540947323,4.31578242649721,4.34532283043447,4.34475272155762,4.33566915598136
0.131282077875149,0.109868303652841,0.0624663426849141,0.0879223392713815,109.810257325763,109.835166779568,110.100612723447,110.732303638544,17.7423305752084,18.0219235362441,17.8134290490687,17.6828055049666,15.7732823186237,15.5426121420248,15.8072304288841,15.9223502091967,0.65268511815754,0.64881436887018,0.65696879678508,0.656803724755352,0.417377436275703,0.411009995745233,0.41926988763655,0.405659946804106,0.175341033086998,0.176487216260229,0.18141202506993,0.183244015815448,0.184833567711099,0.195887333487269,0.180890895731042,0.207610395028516,0.0135755296602198,-0.00260000545455919,0.0198519579518831,0.00481351084720093,-0.914697314798993,-0.897761316026506,-0.913553230129703,-0.89344906096255,-0.333513823663033,-0.33931033332192,-0.326696995806574,-0.337465435875012,4.32790088528474,4.32944923616775,4.31945321019944,4.31199139642626
0.146418292950902,0.105548425569033,0.0706279315614522,0.107486120654235,110.080714972616,109.666489666949,111.546043911355,110.834898879798,17.5846472729365,17.6103465765072,17.7697572453464,18.0149217391833,15.7458673109331,15.865532267046,16.0356227202869,16.075308298908,0.649577489616797,0.650043521299576,0.658149433485901,0.656822168873577,0.420548790412232,0.424331598255515,0.413435684751254,0.403948773102617,0.177006915550972,0.17143267339375,0.17437119511534,0.177111623629936,0.182985524457108,0.149513195113475,0.19408431938724,0.177472956882737,0.0177454630640248,0.023637593556743,0.00209248960016377,0.0169291225318432,-0.920582587370078,-0.938262763307717,-0.900678881375309,-0.916452603171955,-0.328682763768578,-0.325988786554335,-0.327065145711304,-0.342844938196871,4.27666473883482,4.34907281782501,4.35384020290154,4.35691306315154
0.111902695922145,0.100395645591864,0.0895887681769843,0.120562435821835,108.886750939037,110.301517583284,111.383450014203,111.459809478036,17.7951692453398,18.1055098541925,17.6963187276429,17.5805286047267,15.6879938305573,15.7186695660503,15.8876127744186,16.2301724417885,0.648718573451,0.654035559008131,0.655886722945263,0.658990677782644,0.43148439721595,0.413141504696338,0.412512830630348,0.394238357793598,0.178439682598909,0.180408693657781,0.166464650382282,0.177796318760817,0.173057838222527,0.1787017714871,0.185661562501603,0.185891210728537,0.00885499848142048,0.00353550286761655,0.0159334537760411,0.0118070043112539,-0.918134719721287,-0.918912691977972,-0.912623433537479,-0.888829524523687,-0.327361175857753,-0.337270852693565,-0.339553906901669,-0.345074654914347,4.34273659909668,4.32744340261578,4.34740807878933,4.31979300227278
0.0888784760158406,0.0924497735137894,0.136676116685044,0.0594968236810935,108.940495532236,109.903803081855,111.038898754931,110.54391312171,17.6118779561143,17.9067321376574,17.9332626632414,17.8001613175226,15.35485822496,15.6842402496934,15.5204133195307,15.6599411327331,0.646931735861393,0.648229676242009,0.662543721618846,0.647281885104032,0.428350427949668,0.41219893853842,0.392755992515737,0.420475350389827,0.179683891642748,0.177090366367693,0.180452722841692,0.170596565953299,0.182106727625663,0.175311421912667,0.188428596156661,0.182678693003561,0.00882926561691821,0.0105686003834817,0.00193867975807176,0.00592701878563814,-0.926314273533139,-0.91943086975665,-0.893910065374564,-0.91988433559405,-0.324621427248941,-0.331601369730899,-0.335530045259318,-0.334886783579796,4.35703690244551,4.32857709576696,4.31052297269759,4.3185321636825
0.103938674635914,0.0877106884977075,0.120622545038773,0.109353037119917,112.10314716463,109.908428588826,111.132021970258,111.317497295303,17.8123601464631,17.9204283969645,18.047406702723,17.6736425470075,16.5131004961428,15.7121872556422,16.1837774095522,16.3001325895789,0.67067899360539,0.645268105421223,0.658121923419215,0.662709470755509,0.387383297748334,0.415511840773167,0.403202803027215,0.388970041275332,0.172235510422387,0.177997418919359,0.1820100921169,0.186578419707165,0.196521647035885,0.17300932646535,0.187774499030937,0.18870399525614,0.00988793559958677,0.0107802273550572,-0.00538181423871616,0.0190360906982318,-0.885592607973301,-0.919576117073067,-0.895982751750171,-0.890366926899988,-0.347998801323995,-0.331459348453352,-0.337038195146492,-0.345071319406161,4.33120704621941,4.32759493330234,4.31313574379218,4.33853507159796
0.0532769447643634,0.128462000241155,0.0848520743640771,0.0957290971270669,111.267696645988,110.52502806151,111.798198872823,112.030043472803,17.6603338348652,17.5238680972861,17.8713823513368,17.518036037299,15.9448577856777,15.8686811833713,15.9825776687182,16.2780408181267,0.653329813882121,0.649629324323542,0.671881580574277,0.654985748988375,0.399481750812438,0.404897961766352,0.396063995185447,0.390269636844846,0.183350761412743,0.179949844387513,0.175933182279923,0.181608799933189,0.196259459288387,0.203149957575081,0.190769796416572,0.188193620215579,-0.00571770965290884,0.00719354064716659,0.00370924090563002,0.0161978342345972,-0.904376830686972,-0.895127013317828,-0.896379843184381,-0.882251245176668,-0.340734600714497,-0.339834825460433,-0.330333404770534,-0.340311252683976,4.34783990307726,4.33443329992711,4.31964129283534,4.35792458974971
0.162421564455378,0.12193056614293,0.119573235175882,0.105137265570675,110.642603087971,110.561966172982,108.993879708472,110.704011415399,17.8945057429321,17.5322382794596,17.6950930485907,17.6712265333151,15.9130258262226,15.6939857409677,15.7692897642229,15.6750646688377,0.651010450073464,0.650367324692336,0.64898634543209,0.657208056709833,0.412903225432516,0.405459130287213,0.420141726209671,0.416830763717396,0.169076890510395,0.183445485070829,0.180963141985433,0.177595402505941,0.176265108200458,0.198641837456901,0.181868125776713,0.187868331527387,0.0225325506622939,0.00446538500930168,0.0131077900738682,-0.0130295777936921,-0.914466429198545,-0.885651080253639,-0.911763744892484,-0.917233750115179,-0.331602687188882,-0.335805538587279,-0.343965270225702,-0.340217568816164,4.31622164610355,4.35980019373691,4.32607364405718,4.313248488051
0.116821921519195,0.122933972891921,0.097091248292152,0.0889154583225025,111.234268779125,110.947443088693,109.825635079875,110.87415040675,17.8880055214629,17.6782340110624,17.7566393581038,17.507434040033,15.7973535217268,16.0619723245174,16.0332695673279,16.0213546733146,0.659818415428638,0.654003127789936,0.647484304756652,0.642761092811059,0.404943750734641,0.410247651153644,0.410829091889429,0.404148215322561,0.173775636061371,0.174228904802608,0.184353699150468,0.183052938170654,0.188841311537805,0.195886516060608,0.190804006099759,0.195588046033015,-0.007013692870628,0.00512505988017944,0.0230097783557362,0.00689097681271476,-0.907072153363368,-0.904271719253263,-0.90762200695649,-0.886854834332929,-0.336164527986532,-0.34178367605624,-0.344619555674434,-0.343537165637633,4.34391734663125,4.29235720907973,4.34625769514149,4.33692355797397
0.120216088369705,0.0575720780372964,0.0991037575427258,0.11837048179075,111.908489353971,110.487636816953,110.594598894926,109.992234125359,17.7731823529197,17.9357914138236,17.9080368701088,17.778906950971,16.3424933036709,15.7387251596318,15.6921633905479,15.7310035492095,0.658607396433122,0.658913321630014,0.65230971415288,0.659385757739278,0.403784271885165,0.408255501243766,0.418550791939423,0.408702282139027,0.168802169818812,0.181243948568008,0.170016124838096,0.175514973106731,0.175122932618113,0.164373619309988,0.176999659187675,0.178611550903187,0.00737269663492716,0.00876746196074264,-0.0156553576311992,0.0136200009090915,-0.90949699098163,-0.91870377237339,-0.913076708640023,-0.915251042188933,-0.328085129844728,-0.33418224619332,-0.337735772093807,-0.327928939365365,4.33947355704103,4.35586942506662,4.36819142322648,4.32542261019654
0.0737342354198725,0.132771599397893,0.0958212200088535,0.0680862749781443,110.433036503529,111.026077701064,109.556532962514,110.723046358254,17.7988346269804,17.5400661552383,17.6288646086733,17.6653329182097,15.6316417869158,16.188890550373,16.0006365132432,16.0740523069842,0.656069692236818,0.658117395374941,0.65452919125812,0.653624548496858,0.40965980409329,0.409583753006776,0.413651386260781,0.404280209708494,0.183519456856599,0.174579440050127,0.187100906753559,0.174515699079249,0.191488358707374,0.195410017917492,0.187246220028248,0.173698675530806,0.0100020346548475,0.00538125312989322,0.0359948380809009,0.00646011549844963,-0.906994386671482,-0.896345645955504,-0.900731298779544,-0.91135263322465,-0.346751099934809,-0.3362693561115,-0.33627017077416,-0.346989766845107,4.31184459063792,4.3062274141179,4.30691205491974,4.35135742620855
0.0934969126309755,0.0589514970777136,0.15985326395598,0.0799307173022276,109.762578186395,110.789905435089,108.912048711215,111.019589404129,17.6044123019433,17.6270028909413,17.8533050262752,17.8528921732764,15.8151310211312,15.8953234686513,15.9831572888111,15.903303931797,0.644234291101748,0.656305041688577,0.649740713894011,0.658296018036761,0.415383351260622,0.398126704867216,0.41297735605265,0.411389434414143,0.183456044276751,0.192310915191827,0.186093616579244,0.176271940013156,0.184632953891176,0.185073074920759,0.179188402730225,0.178699368101997,0.0122858519878729,0.0108391987726154,0.0233235486363138,-0.000376669280472578,-0.911350889625532,-0.888310919610703,-0.911286607988706,-0.908159294208134,-0.337366221902183,-0.345373314861023,-0.330714332831942,-0.338208175165266,4.34785614400992,4.35072761808455,4.34167964520081,4.3458216740608
0.118906114550627,0.12868596994864,0.13490800178065,0.108554085411085,109.950921927707,111.62587477633,110.878943464414,110.673593263183,17.9937931930723,17.831898996363,17.725633384107,17.8949219298206,15.6932449618513,16.2033884668651,16.1670251557616,16.2125833784731,0.654425197430883,0.658937032584358,0.653768142632581,0.655260597109821,0.415775815324948,0.406034714257529,0.407936817017306,0.407478897297835,0.173169839157114,0.160650433944542,0.180407441299016,0.178757630652159,0.17711456937383,0.175850363071093,0.176067929873474,0.189284758936288,0.0104662242410298,0.00481940889892244,0.00251224743029132,0.022583837231862,-0.91740299055648,-0.914873546093983,-0.906489972153622,-0.901580685923105,-0.331705690301033,-0.333179077674574,-0.340431040644314,-0.338735408567018,4.30614270938956,4.31418674078216,4.27144665765628,4.29598578621681
0.0710885944252835,0.0643208003590307,0.132653473983373,0.0827744101880215,111.275434324761,110.316992798406,110.757013583089,110.97651515435,17.5714559200252,17.9045214804841,17.7001985333585,17.6362316026267,16.0170695021189,15.7385911132426,16.1072391292548,15.6599091496853,0.658968360447834,0.66147906441954,0.649272100116623,0.654072445828172,0.400656331009205,0.4081619482092,0.408328863581427,0.404925361734738,0.185732415984769,0.185087628224844,0.179472336451732,0.177166426627651,0.202064025513444,0.176525740712734,0.179783648426494,0.181870793507346,0.00836950124436315,0.0106333941237846,-0.00112038069562211,-0.00232849364846972,-0.893241929320155,-0.900625235323555,-0.907872525378303,-0.912283779928103,-0.339426447171682,-0.342245167020537,-0.336677103364491,-0.337548747575484,4.33998983365844,4.33381763726923,4.27623496385239,4.36801837533039
0.100189418317047,0.0502633838878537,0.0895755898000573,0.0839394447723691,110.868355308712,111.404936382469,109.83103427115,109.959500992257,17.8061790573387,17.9174709751186,17.8631999029994,17.9129280159814,16.1781543595771,15.9131828915374,15.8915752407861,16.1061018778654,0.660873006498218,0.656858638486299,0.653290065164255,0.654258652522674,0.399096179824452,0.40174763429198,0.418696862701235,0.406752786784712,0.181920824935426,0.177405273697264,0.175578773837499,0.176281020072339,0.190571443818346,0.184550302831647,0.186202484533657,0.183567348514927,0.0102769301108858,0.00861822216277051,0.0157987664736297,0.0227987511762978,-0.887460398328404,-0.907083975702549,-0.908197548024825,-0.906654174460281,-0.346964994726709,-0.343960329640372,-0.341556373508423,-0.332736699868862,4.34549299227691,4.35535255169671,4.36706296389583,4.34668539202438
0.0994394463961628,0.133373501838997,0.103280795371161,0.0861273794230753,111.241656648294,111.074439599824,111.367648277438,110.650467561655,17.3470881840597,17.7229728801169,17.5389926038419,17.6326316128771,15.7136643067563,16.0437819802933,15.9886058460432,16.0136099580039,0.659128488775002,0.658584937975549,0.6556300062571,0.659523795008776,0.402139245078764,0.40309106201795,0.406059219966939,0.407985071586059,0.185877442492903,0.176647195797955,0.170380488277568,0.185857317513836,0.20787215594811,0.159593791738868,0.188067903581114,0.175729361364557,0.0051300503136809,0.00803310736635719,0.00532574223317228,0.00161430105553835,-0.890702718495518,-0.91236244575872,-0.90694709953158,-0.90028131531974,-0.342109695517746,-0.334440709314198,-0.340378458709305,-0.334904687813993,4.3282931575332,4.31611239559015,4.33642475241174,4.29852789117025
0.119048638553166,0.0648300468831205,0.103553322673301,0.124113715694294,109.756693737986,110.77915103631,110.205595376325,110.724273354265,18.3137402229254,17.9426412262539,17.725723422302,17.9640343196964,16.0341028457399,15.5564053226236,15.7374605482468,15.9617308286075,0.64801072531576,0.655288773253252,0.654692461321861,0.661762605891055,0.421330752650771,0.416293130954718,0.409417658769096,0.400583064574688,0.167878965640451,0.172107586766404,0.176063896240668,0.183384081409786,0.162055542836022,0.204328028307871,0.183875527975666,0.181527053979324,0.0180395399621237,0.00313006587822196,0.0210439503418007,0.00562531535161437,-0.938473032654542,-0.897211716905865,-0.908889120905566,-0.911290383361893,-0.329272192432377,-0.345201723054688,-0.346095573290847,-0.336540541835665,4.33525684164181,4.33205326278507,4.33241103349981,4.32968837454332
0.0624550984631952,0.0997480891897235,0.106306855494575,0.0929414419019977,111.460753067628,109.742025645966,111.16421790235,110.892182933203,17.3973645115286,17.7701006163256,17.5963689253435,17.5610928450541,15.7292659825402,16.1802276048024,15.9409837804294,16.0590080124658,0.658925387392101,0.650397014629985,0.653155524225369,0.651551720437504,0.403443945809404,0.42503207198919,0.409740005480148,0.405788216402708,0.181949368669884,0.175948588755336,0.178845621315107,0.17407734913777,0.184569396815294,0.169634590579233,0.187139419252756,0.196764315049981,0.00406672632690081,0.0135834924852754,-0.00925289606559059,0.0100414438826651,-0.911583712169538,-0.928146079400925,-0.903816827371311,-0.900523957841562,-0.339396204465036,-0.336006695320104,-0.327030388497902,-0.341238898637701,4.33604941563801,4.3005913833708,4.33137769297885,4.32949302439522
0.151397327367515,0.120743285188903,0.132270296926522,0.100615135556407,110.412530952935,111.225403702385,111.272690090893,109.94011787841,18.0038485246089,17.6164405342979,17.9289856486156,18.1384645133044,16.2944312433754,15.5403360168741,16.1083182099094,15.7668187755497,0.656710328024851,0.65925581354145,0.665270838958922,0.661388856301893,0.405421401453235,0.407918441113128,0.399717199769447,0.412945143836908,0.175445656303625,0.177926591848064,0.172719763913923,0.177527923003952,0.178877108885524,0.193839592353673,0.170903542219052,0.173411081893619,0.00441695908591244,0.00425168267311383,0.0206115935520117,0.017400209876053,-0.90112503255422,-0.901818000775249,-0.90251881288292,-0.923237298567169,-0.34052193398195,-0.344235827389417,-0.346946749071221,-0.333439370580756,4.30478062005569,4.36237218111347,4.31491954065346,4.34411395989614
0.0609941961391639,0.0940600039917453,0.108130741680787,0.0756603983783826,111.071693416454,111.791342283212,111.012575512549,109.668832424269,17.4514123148988,17.6312800810315,17.6109660227962,18.1171667794654,15.7379673113072,15.815642655687,15.8241118153997,15.7046292770862,0.657511335306179,0.64988090418742,0.651386997611575,0.654611471767341,0.407762652912059,0.401134333764208,0.407385345714203,0.417615344439494,0.176844019630925,0.169264978777119,0.183296104129914,0.177190549879059,0.189268328987945,0.176077442411195,0.189009306261531,0.180107096364689,0.0181203579316622,0.00825738366456434,0.00414973740521322,0.0101933086789566,-0.908706102633878,-0.904265230228068,-0.904669281613464,-0.911893639505807,-0.340780826268149,-0.34397336239098,-0.339492938713194,-0.325742583508971,4.34118116115404,4.32809235588355,4.34984778309982,4.33049465034176
0.101541366673358,0.0624618395884573,0.1315994054744,0.0957700240819186,110.215610766519,111.319730225328,111.064620830927,109.742382742283,17.9790978102998,17.9042535943033,17.5059739781082,17.970387360735,15.8181459724553,16.1104021874283,16.1368031983554,15.9745938033142,0.655515040588765,0.673298009724108,0.656510905237582,0.650352008991205,0.405904496105436,0.40165377700439,0.406972098673518,0.412896019078718,0.180003989555301,0.183883639184328,0.184119564556095,0.185054474200807,0.19366795321876,0.191100571956373,0.191319687262831,0.179305968433274,0.00279084800061654,0.00848602405485625,-0.00879996542039211,0.0062406448550781,-0.891485147931339,-0.900522019629718,-0.890008707887596,-0.914539220747219,-0.331054265024163,-0.34001727323086,-0.341387728919084,-0.330027712909747,4.31966163905293,4.33185124295569,4.34088684298513,4.32410263139607
0.0932092418322494,0.0936163109640307,0.0961649170369678,0.0850995618762392,111.772265568972,111.105259475262,110.198321206012,110.37251229502,17.6023372373172,18.0661872014588,18.1132855555106,18.1573134989665,16.0629049607673,16.1147795347368,15.8504391150769,15.837826876998,0.658173394699358,0.652035274718123,0.660468267672557,0.660084897120251,0.40071091932725,0.405536485462585,0.40643386997495,0.410989174392646,0.175375409454877,0.169891779539486,0.166039156158214,0.176095687747709,0.155942799914915,0.176185005504008,0.184071315797474,0.186558988535295,0.014110091411351,0.0239859457762603,0.0318340810982646,0.0150637945173094,-0.903622953369153,-0.907182888925311,-0.907411540674165,-0.90057699874459,-0.340360441526091,-0.33684657576393,-0.334935486035751,-0.330283166109529,4.34503226380975,4.33313178617654,4.32259230894848,4.32515561251901
0.134796238084731,0.076558977017467,0.118256837131172,0.15407395726869,110.59690166134,110.002983041673,111.008461281462,110.990187955836,18.2383304305571,17.7617527730171,17.7965231172034,17.8755663215408,15.9407298923712,15.9815004221725,16.1262629719305,15.6206387684717,0.660963074685117,0.662886779693823,0.656712646828898,0.652627008984209,0.415908799688834,0.417871733969487,0.409748327555769,0.408301744669496,0.179205662097888,0.186656949702683,0.171681948695712,0.168969525299517,0.172577339079136,0.191584147648283,0.187301998656732,0.180606010588257,0.00199817336238962,0.0204596259278632,0.0302296275299397,0.000931083509550338,-0.923506277382527,-0.907526660379282,-0.900200385154249,-0.91740579765257,-0.343413102373481,-0.33546562020713,-0.346830663675736,-0.340727731120252,4.33319974042572,4.31413145720834,4.31711681628482,4.33968612427924
0.11360116047555,0.147809766162556,0.0947425033830882,0.15477659861425,109.992921460245,109.670995414574,111.004193175044,111.491165882434,18.1805427340145,17.7736994149975,17.7550484922603,17.8513720763431,15.7595657539609,15.7800963392765,15.8802651975735,15.6745404584222,0.659938381265526,0.644177103346788,0.661733404800446,0.658488019687648,0.409971933055002,0.414281390640879,0.402890056652679,0.41178633973351,0.173369604048409,0.174586764458724,0.180705952703994,0.169354050075316,0.153233479981125,0.167852288549048,0.188255250186062,0.178664261204343,0.00361907473688807,0.0138487199846534,-0.0101958490139362,0.00341765872681994,-0.923066879608915,-0.917798201138774,-0.895113410988718,-0.919550261456986,-0.33730572055542,-0.32598815468555,-0.332587039315658,-0.33726418017561,4.3405414286452,4.33579218707541,4.35581503000088,4.35389506166656
0.127124328903495,0.0987636779103858,0.0939186309537562,0.129785652302384,110.20176444136,110.577562398463,111.024434447206,110.495056661025,18.2274327384607,17.908030186409,17.9591078454668,17.8042639048729,15.8743042762428,16.0749771693821,15.9159806876552,15.8088090168775,0.654803019000434,0.661676276363842,0.65443095572454,0.648944520095654,0.411369305494803,0.412286145790436,0.404174193993392,0.416312175455279,0.174074599076261,0.171509275755562,0.168812398302734,0.173025543831194,0.157018092353316,0.18961682003744,0.191025138378705,0.18758909291265,-0.00673175934593443,-0.00236585073704982,0.0163547251238447,0.00637191316926821,-0.926184365167703,-0.898382419448085,-0.908768907229121,-0.903621448137294,-0.343202295320005,-0.341475562612459,-0.338840933525396,-0.324835944216706,4.32124131901522,4.30792763398345,4.3127452573849,4.32190944318627
0.114281514970237,0.0593558822098289,0.12238588985481,0.0729465014515102,111.132141772756,111.366797419553,111.080600777465,111.326485575887,17.7866229359291,17.8281045173931,17.7003589753168,17.8417677385076,15.6688395930788,16.0416652032602,15.9749873466718,16.3008311190759,0.656876290469113,0.655867425057954,0.66245842574166,0.659219668618065,0.41123188793556,0.393250852724345,0.407147190293187,0.396807876928522,0.175968640177927,0.183413994146667,0.181646713441398,0.179126057926921,0.165443221912525,0.18328849492298,0.18009407721255,0.185994288223641,0.00350923760421485,0.012607929557107,0.00129890878926013,0.0239313996242783,-0.927891259883469,-0.907338769973728,-0.911883278181455,-0.902706609139625,-0.350615107253839,-0.344450847047722,-0.336162966217645,-0.33708460803671,4.3096752461756,4.30683580955783,4.35017975228219,4.29672622472427
0.114771677640536,0.150093762458098,0.111327524350517,0.0772406892836488,111.247015002387,110.420754550327,110.588831112152,110.021921924059,17.679942152703,17.7094898199586,17.9187454599793,17.8274129256722,15.7711487808971,15.7136922164016,15.9454464052177,15.8263815198549,0.655465580683635,0.6470900575336,0.658088709662398,0.658783114611051,0.414433980046595,0.423398695512297,0.399768452897861,0.41337339253321,0.178752442989692,0.175548996409616,0.180180324643428,0.181920150967867,0.159186550709228,0.192075900325781,0.169696804979003,0.196151735215711,0.00925167240011888,0.00425697182825836,0.00749439190173061,0.0166378511291604,-0.925413392784961,-0.918294645022989,-0.899303689962385,-0.90266984695618,-0.351686879573482,-0.324375116234676,-0.338634586998144,-0.336322097009128,4.30361309022513,4.3559781423884,4.35674222966739,4.34446989140198
0.131319203299261,0.113629615930072,0.142954598039369,0.126939758330702,110.937263384447,110.63453396149,109.532678432091,110.329096180901,17.554599473855,17.6212814860652,17.6949680279131,17.5938999870064,15.9615940881377,15.7854259924441,16.0671310603246,15.821119702814,0.66112439715551,0.647886424003448,0.656212704823439,0.645153431003558,0.404330338706024,0.408612951639261,0.410163208492741,0.420225139408688,0.175839119779996,0.167492866950298,0.183710450710196,0.175985013673319,0.177304050997907,0.185728489564298,0.211470966603184,0.173374628411426,0.0064746766639013,-0.00264100871807728,0.0217762667295173,0.00400425596928483,-0.910885526679142,-0.898898288164589,-0.896009482719352,-0.920817698980537,-0.336478631110925,-0.331981547716246,-0.335257054065585,-0.335215625153243,4.31262810149268,4.35111990841807,4.32559205501953,4.31814961643962
0.13617207809133,0.11743251799387,0.0640150510394276,0.0667189743817423,110.201966437738,111.452986891184,110.179195133859,111.484180548106,17.691400300322,17.6660852310962,17.8860878299349,17.9633724721868,15.6321573924144,15.6984670814133,15.430639397524,15.8452069873166,0.645950915779476,0.649634406554421,0.647270502578007,0.666786680651424,0.404564735396707,0.411832615079103,0.42095717354767,0.406074649530275,0.178339702198456,0.176177473632823,0.177439845721989,0.170942470355004,0.205894830868596,0.190872255256316,0.176145230383833,0.196616753794813,0.00776684795065598,-0.00077727027822345,0.00998571943051532,0.0182087536563306,-0.891413439299134,-0.908721947384624,-0.921450608833384,-0.908866339808502,-0.333473189314191,-0.328022786556692,-0.338964373356414,-0.334499243615945,4.34888125652325,4.33450111137596,4.33585026161585,4.34959967394128
0.0976854799274959,0.083126407634201,0.124141361560597,0.109185973714619,110.939253045643,110.439884098017,110.999495214992,110.570966100843,17.6851318829706,17.8505477467713,17.8956253825493,17.8238871297945,16.3746013175635,16.0597006227731,16.1300036270228,16.1755760704864,0.669850992421276,0.660979855564001,0.658900023907296,0.651414958287856,0.400683169373675,0.402524683831078,0.414532917347699,0.404240731538229,0.176156705599708,0.180217535011455,0.172608093321687,0.184630768912303,0.169539822181559,0.180238034059461,0.173680427606523,0.171317775185733,0.0267959625638937,0.0204696369919478,0.00669285058462684,0.0102549011012462,-0.913708832310527,-0.918043553165722,-0.919427883270378,-0.91473766089803,-0.338768213254942,-0.343572743403601,-0.33115895260188,-0.343662151173811,4.3442013133861,4.330527701957,4.33600133386393,4.34725200449079
0.087875820314932,0.0910700497763146,0.0789424490903264,0.10837198105579,110.48505729869,110.600308566767,111.613097913154,110.926987810687,17.8515286462066,17.9872092303141,17.623839556446,17.8252964777583,15.7701462452946,16.067582272603,16.0421943720045,16.0938783931459,0.65203778764358,0.653387591711811,0.656634526281489,0.654519046547502,0.407732647693941,0.413661485463035,0.395431111602997,0.405454341125341,0.17688821940597,0.170538918552108,0.18000201411503,0.187447974879032,0.173059644648373,0.164619290036582,0.203553869107523,0.174063230332591,-0.00559282423321206,0.00661423150099629,0.00726953670822147,0.00940256423052649,-0.913768972051466,-0.92553758164779,-0.881673434019184,-0.914757489719146,-0.330730727184349,-0.327748511846689,-0.348380720292585,-0.338319343619022,4.32875436632642,4.32198746737413,4.32967584696727,4.30744255231999
0.122919859067331,0.112306926715526,0.111773354234015,0.0844733807494498,109.921386541235,110.068951466077,111.2341971633,110.310605803901,17.6735605302126,17.6543444506886,17.9224176329638,17.7996894104947,15.8565857777074,15.4918727052776,15.96002443646,15.6424967553259,0.650860287403958,0.649301795060981,0.655747003981876,0.645026963010441,0.417042481744676,0.417254844977576,0.408894361909975,0.419341146911592,0.179814593377407,0.179528884358555,0.164767128148342,0.173589033960618,0.194131937518285,0.201437072483875,0.165141200403745,0.204036603910973,0.024686934528282,0.00873748428152942,0.0112137589078319,0.0110780683804087,-0.900395343481355,-0.90589271070474,-0.918128267336685,-0.908482933136061,-0.341464495930673,-0.344893822786926,-0.339095892778511,-0.337220529744362,4.33500815030239,4.33688911587234,4.33208113537,4.35602015457486
0.083445768987758,0.0974161511369366,0.0754313239130383,0.102589787474701,111.201638133244,109.910939351944,109.34581251979,109.636010796525,17.8236001831498,17.9778607627062,17.9758756167073,17.9829092903043,16.0619015631039,16.1618048868966,15.9224167990235,15.8603219229817,0.662501113229655,0.650439808507563,0.656723690864258,0.650723338694684,0.403343821491427,0.411269972031023,0.413124069213555,0.409959707500157,0.179372458609713,0.188343600015821,0.183054640925872,0.183461892635493,0.184560703989006,0.196480203095467,0.184614947997559,0.174009436671251,-0.000165671090727413,0.00917326771207348,0.0106498523777635,0.00200708397491314,-0.903835062558158,-0.892179443485369,-0.908380454743326,-0.902184098947051,-0.334970636232027,-0.336636333300041,-0.334033206327414,-0.338953576512199,4.32574054891902,4.31787879502909,4.33559752845113,4.31874288563254
0.0972726123325816,0.0957377490565095,0.0918840070581032,0.112126261475381,111.034238912032,112.169365556096,110.571023249226,110.078011869179,17.9005879230772,17.758858182657,17.6668617115012,17.5412939758373,16.0600148127313,16.1574936637972,15.8091463244089,15.8143637839925,0.657614431751737,0.653407844983997,0.645670324740289,0.647074762785529,0.410015574415451,0.405178917580667,0.41176497979834,0.419098242242542,0.174206614739561,0.167409769457131,0.174580371691377,0.176570928388856,0.181662214300966,0.174674171572887,0.182029416318587,0.188345541343238,0.00748775993453029,0.00862097529220667,0.00209054322468132,0.00904655706929495,-0.892103130531937,-0.910791277101009,-0.922944403109356,-0.921409287490844,-0.335641196350331,-0.343604577539479,-0.343296146043761,-0.338731386407702,4.32412080673181,4.32334798374711,4.34215778345336,4.32649203842124
0.100886323546945,0.141883540432572,0.0934588293220402,0.147899326831211,110.806545352893,109.441889561534,109.607923675703,112.24723988333,17.6015036505125,17.6637066806864,17.875454988824,18.1696013864845,16.0273780926416,15.7686106397314,15.9398329021528,16.2376538912972,0.656425981639225,0.644511760592285,0.656043646917486,0.667955739224139,0.406033688826933,0.421078404229954,0.407516065493277,0.381728541620936,0.171863962933591,0.179964131914426,0.185474822592449,0.172983490194566,0.204044646603601,0.199472882935148,0.183939918285675,0.200888655078241,0.00990685466451637,0.00481929507565187,0.00647935539904196,0.000923494287757674,-0.90800084532182,-0.90046542176512,-0.897726937331388,-0.892735045514145,-0.335129957017537,-0.340556061148815,-0.329442062548718,-0.334421033927341,4.3221926004585,4.33324540765016,4.31406750599216,4.34612064868221
0.0906644489652893,0.119749316446317,0.0945362479653919,0.148891295775525,110.773970703173,110.415895685462,111.174434047865,111.90335455726,17.89103304109,17.5763906655711,17.8483741652565,18.0285264574076,15.7206631645243,15.9315299864106,15.7986036666225,16.2608259493726,0.658601367395749,0.65206402756449,0.656241353272142,0.666491239100172,0.398924289928749,0.413814734971295,0.406584232590077,0.394930863872519,0.17904228961927,0.184162148682131,0.169902506549623,0.173447044885401,0.170357969396664,0.198090674564709,0.204954543547553,0.200739516301581,0.0134268968811928,-0.000269059330749689,0.00858308978249328,0.00276913975214954,-0.917412627364749,-0.897614183318823,-0.894840486450438,-0.885662410058539,-0.339975393650739,-0.336096397033416,-0.352447112492633,-0.335862254140647,4.35102064520975,4.32641214013988,4.34869571373225,4.35802554693979
0.0733037581865946,0.115143176312161,0.11396080658422,0.144860117634166,110.475992197249,110.684559902494,110.810217454918,111.548539128132,17.6241837818873,17.3889297578711,17.8057500503014,18.0281621337318,15.7601927812018,15.9037346380482,16.3147707185826,16.2267371382272,0.653406125917259,0.652591151602802,0.665983351410561,0.661590779887261,0.404360856720784,0.413633118149555,0.396159925561028,0.401233096645421,0.183158642693623,0.181944988150087,0.182438454154431,0.174565605805994,0.175501977021408,0.192410445719048,0.175151180047664,0.203220117548949,0.020841458029987,-0.00753148872080032,0.0156903273022794,0.00841906883172745,-0.901461251840485,-0.904101031737532,-0.906629552598926,-0.887434114113007,-0.335181909046028,-0.333367782449632,-0.327184812353856,-0.341191429898953,4.33962639351032,4.33213364180835,4.31598684086185,4.34576630125092
0.0603731800460767,0.0935335040520842,0.131676047562523,0.0637162017977588,111.369043804365,110.85560899529,111.990250438745,110.747751614505,17.2441764598089,17.6763580058012,17.5044681414551,17.5433310918106,15.9227807868168,15.674920585228,15.8979762198772,15.7924890837832,0.660179531847937,0.654248355129396,0.665585694420644,0.655562065480516,0.410044949330099,0.403256226919644,0.399037479051397,0.411338538315656,0.181673576684956,0.179770383187158,0.173804504545354,0.176377022438012,0.179970823975722,0.17582275016304,0.167552843023328,0.17064093511336,0.000488850507977481,0.0124000230750753,0.0269163610817203,0.0127735544368504,-0.917050053612568,-0.905468525943961,-0.914017129139783,-0.927368306794415,-0.341978276231781,-0.341370904264159,-0.340654386585885,-0.335618753985562,4.30787821084056,4.34234427777251,4.33357168616366,4.30254492490815
0.0363673831655221,0.106411020819121,0.0832287062315027,0.147174425023495,111.605473637747,110.749818912199,110.216246040534,111.464625600977,17.652860509413,17.8845813912209,18.1108572508286,18.0521265092331,15.7663400693593,16.2172279426906,16.004876859892,15.9846666026074,0.658126997241008,0.653063929650193,0.648375496850171,0.660456514851349,0.404181778045801,0.401675081143032,0.41140531610456,0.407561861016834,0.173735021583368,0.174700254881267,0.178276323527412,0.171752309710958,0.160016169866371,0.190306600379,0.196612384048176,0.191935350570633,0.00556180212800815,0.00834037615384513,-0.00553239118910627,0.0038589153122098,-0.918362873582657,-0.896363360463758,-0.90206665361,-0.905212530865834,-0.334389731013866,-0.331696051696918,-0.334973030515227,-0.333878932871187,4.3363186294375,4.32354786475287,4.32845795340945,4.36233681189011
0.141585337053133,0.0899547020823033,0.136372749559094,0.0612608398175969,109.671943479587,110.019097787705,110.701769621757,110.162258945727,17.9069401986383,17.6995855756145,17.8311481731238,17.6784475995182,16.2843411335319,15.6284140817205,16.0164780367656,15.8044785679291,0.659970503162093,0.645314879680088,0.657097699947297,0.653030695079793,0.415475355344131,0.412321938947634,0.415547844445513,0.414635556778145,0.179389423122938,0.177792331448641,0.167081268247182,0.179003727657104,0.195852268081981,0.176679846289862,0.179826465195517,0.176496647075292,0.0124151694303096,0.0154799563717471,0.00185062623110987,0.0162198164731237,-0.898000409663952,-0.925517011693825,-0.915355719791801,-0.923295677850976,-0.340112853322633,-0.332633571944575,-0.332999057443664,-0.339118078529861,4.35240090788624,4.30935251176768,4.3261452454967,4.30187387067759
0.107495690126947,0.117297335862604,0.0786683647308006,0.153229270609992,111.034609529458,110.68700332002,111.379792661428,109.412903899836,18.0803747920036,17.775718483325,17.6772149183472,17.9578656756111,15.9672753191048,15.9119410093735,15.9993522226459,15.6494806771725,0.644686456930744,0.658178739376198,0.665373955474369,0.648955768541612,0.399555134104475,0.421233304766165,0.390025604299275,0.413343362160819,0.183859402300614,0.174093936270563,0.187280212754986,0.180864419343033,0.197930414074944,0.192293167790917,0.196876692680049,0.183655469397496,-0.00524040008731168,0.0143443198060017,0.0127145425259825,0.0029959248715838,-0.882412665647728,-0.914345737096271,-0.887483206884447,-0.902469067236279,-0.342443919298316,-0.330224908281774,-0.344115889435109,-0.336076919674089,4.32501730580069,4.34845856247832,4.33026239066528,4.36349863742497
0.086077575954093,0.104317681706786,0.123065745204142,0.0715243979782263,110.73973226262,111.057077563484,110.916396529229,110.060671362018,17.8106697816915,17.8683300421176,17.9629565750298,17.4737714635327,15.8584702167692,15.8890260170076,15.8188947392469,15.9427909846333,0.644867092782809,0.649408671774889,0.656589377977498,0.645884987232741,0.413391853160863,0.391852077357932,0.409341608333867,0.420652398519722,0.173648918651698,0.18060169367793,0.169974236966858,0.172982772201146,0.160264251352162,0.197165390827871,0.175597987855872,0.184782298155681,-0.00191384769895367,0.00662393842055219,0.00309618319431127,0.0176882823103286,-0.925248970118423,-0.885543269894458,-0.914672741465591,-0.909132342021358,-0.330675372096571,-0.344056628110454,-0.332779359118806,-0.34241717163455,4.36562417155673,4.30731599906304,4.31967921715621,4.28991626108108
0.110311048483013,0.134490377451543,0.0948826813022285,0.120611418403936,110.184096551899,110.551076771767,110.334732187269,110.295949593542,17.9191311871082,17.729060813511,17.9536096661035,17.5785569823691,15.806101656583,15.6392378582277,16.0934200032527,15.7076159230227,0.649767076196392,0.656451401409535,0.654210663981109,0.655042106288881,0.404202300844368,0.40956525053495,0.410498429071842,0.41856494401222,0.184641922115729,0.180578026641992,0.18337873333342,0.180782442292467,0.197416248816222,0.199713121662211,0.177410369531416,0.191323382558106,0.0208871911317029,-0.00486946436556634,0.0165929248518441,0.0082432527762535,-0.889328113373815,-0.89374755012334,-0.915302387633941,-0.90877416445152,-0.333515598441271,-0.336111939346759,-0.344399723635007,-0.329196021727445,4.30254790669586,4.35985529516141,4.34465088076729,4.31059096310659
0.0864077512032596,0.0894233241896302,0.065958274137805,0.0884998081680882,109.769191734245,110.209533351236,110.553788537228,111.226765570927,17.7364563862242,17.7854353263449,17.8942717063379,17.8502765463024,15.7715498377972,16.2558793071289,16.0175066152938,16.1461070932738,0.654314516164818,0.649797456565375,0.664491274972714,0.656544241192762,0.421557619882925,0.407823023372454,0.404074247523555,0.40160185668296,0.175305052917349,0.175478625268491,0.17668656372784,0.174510620788926,0.174134910829258,0.187817114820968,0.164684237105934,0.169714395756674,0.00821147490165377,0.0181033556072777,0.0296085708222112,0.0107419141352726,-0.927617772393945,-0.914892231922581,-0.90468666970735,-0.913544450763351,-0.342193266059548,-0.332591951799319,-0.334316169093093,-0.345301186530449,4.34829555827619,4.3186899270494,4.3648940070785,4.35608849121971
0.0888612542563093,0.106330859783184,0.048077317323281,0.0892657726734657,110.549898345832,111.379458989882,111.305413129035,109.96735468324,17.8858738838325,17.6963457658706,17.6117893105948,17.7208443283744,15.600978011197,15.6772298344391,16.1191818227603,16.0135687415338,0.653369530192734,0.658078849537102,0.659555084936346,0.64998183035118,0.417547837164207,0.403409110398567,0.410322127690212,0.414554747833204,0.177833013778157,0.179728828186126,0.176702158034358,0.182845173149884,0.160834624105062,0.174227692263939,0.205198708968256,0.191700687285127,0.00662151549612798,0.00868402196990868,0.0153861060988267,0.0118257821829891,-0.927601926666193,-0.91408470073665,-0.911270677083952,-0.902328457134474,-0.339093832417004,-0.339114057123488,-0.345346978925005,-0.347166218256163,4.36218103726896,4.35066837064173,4.36838363527695,4.35502157429629
0.101288360122181,0.107806333665249,0.0368302849213616,0.11028981699161,110.513554052134,110.787552388449,110.970068730293,111.412861771859,17.6108282571551,17.6377143169777,17.6153573681156,17.6000486160143,15.7578433246913,16.2331980038996,16.2395351249725,15.8452101050533,0.652511310739558,0.663042414879102,0.662979080492017,0.654714336042324,0.410695255263455,0.401402913429263,0.416384663878783,0.406592502647543,0.178380375839332,0.174879201329928,0.173990092214844,0.178554152245149,0.198273576922372,0.179906920640319,0.193909538802792,0.196437490030883,0.0143925346774848,0.0126475077692336,0.00999234960644906,-0.00166021546895254,-0.894594892752096,-0.903231799764118,-0.902591614490449,-0.90180716003548,-0.33872412981135,-0.335309906845158,-0.339742676014717,-0.330870896531134,4.32762875457386,4.36543133091549,4.35208806860723,4.34172024870413
0.120142079110199,0.152333434086365,0.0962556518817106,0.0966648389445825,111.05645198791,110.478922946629,111.268107259276,111.513844503439,17.8326891868153,17.98796830963,17.7807119564052,17.5132655253961,15.4798574189491,16.3923961908076,15.9802228949366,15.7793500054667,0.655048774700253,0.662014294058215,0.657064115580339,0.657768164276496,0.409320376292495,0.40512676343448,0.399004172230728,0.413247138213898,0.170165312017627,0.174543281205996,0.187252413077208,0.165799145521179,0.195812881328801,0.19246109506783,0.181809698335372,0.189238620163498,0.000361808810849147,0.00936976395943943,0.00373161974370988,-0.00341496429432364,-0.903593780560682,-0.899634296496851,-0.901670737227156,-0.902595118580679,-0.332548489659154,-0.332473272817599,-0.332973525643157,-0.330348381963537,4.34066738405923,4.31997099773067,4.32503978092664,4.33898256884932
0.118700970594099,0.0821113631530193,0.107359669880925,0.103847631698291,110.867353972006,111.086429036357,110.652350669154,112.299745059554,17.7964979637927,17.7385250149609,17.7530501798884,17.5316811682097,16.2255980227197,15.6761126158133,15.892978080049,16.1486262528076,0.660848980896818,0.655673437459526,0.656429570276905,0.657755977039314,0.411223495890006,0.400369426858074,0.415872623009025,0.399219980545345,0.17333219247008,0.181632146902836,0.16845949235673,0.172105670657551,0.160827467992138,0.175273437504227,0.185483751117863,0.188936036231855,0.0102248300193141,0.00846060804251444,0.0144121345395583,-0.00247515714374542,-0.924545682859323,-0.90780198073507,-0.923403206294587,-0.910073621506522,-0.343924355163262,-0.340389523274493,-0.342641645846281,-0.330756428623359,4.34623466497528,4.29812508353133,4.33909196245566,4.33667639756405
0.115739555145006,0.069690019656288,0.127161369710659,0.0798012857494131,109.720327552103,110.962186327093,110.291162275041,110.547852286641,17.5821079818392,17.7289132956818,17.5323175305344,18.0587063888388,15.8386865830308,15.8519611408158,15.8207296906782,15.9980911946345,0.653946842439332,0.660672787400944,0.65079978349317,0.661190380450984,0.417888787417026,0.40944550437554,0.416368070208591,0.398414322940364,0.178714653882629,0.18054180914472,0.179117923088693,0.180779952962756,0.20872821139153,0.167624952995686,0.171717226064331,0.192544878367333,0.031106585388801,0.00853008712649931,-0.0006113873232917,0.0212129882140074,-0.897250540726284,-0.907959169725379,-0.908790045038332,-0.89226506188908,-0.334612412046202,-0.339366400922388,-0.334329372640292,-0.342465400384727,4.30585020872797,4.29910900591302,4.32090144217495,4.3238698798984
0.0959471954893794,0.166793837741052,0.149366843275218,0.126173364958593,111.743453591507,110.187205461688,110.412701682958,111.348099254589,17.7758847429273,17.5357220213696,17.9858720757724,17.5149586374422,16.1741838737454,15.8472436498673,16.0214630557511,16.0368154607303,0.654370056055935,0.647536977817107,0.654904667587888,0.654738740742841,0.4016766062072,0.415977627890712,0.405396839381417,0.413544311103155,0.181050923024812,0.171523821893636,0.181230882007165,0.171137162206749,0.172168768193611,0.203776818307859,0.189192191974558,0.186094427701686,0.00254295302857688,0.00618639911703789,0.0221769928114667,-0.00128776145942432,-0.911539086087173,-0.889070157383149,-0.904952558043347,-0.916484159544568,-0.329351132932127,-0.329795986408524,-0.335426494453984,-0.336936142501136,4.34849597514583,4.37258379424511,4.33777843734245,4.3426599917917
0.105793376525935,0.118092501691475,0.0686987826634877,0.0704770954328475,109.356921785251,108.842311344103,111.348327702564,109.749504921987,18.271884492239,17.9978871172185,17.8150898842753,17.7520985653491,15.4592439923125,15.4726486546121,16.0932857128664,15.6095245135541,0.646005386554654,0.648836108811602,0.664808055102051,0.655249696058595,0.41750916910977,0.429221299634088,0.407901541338703,0.413065742708208,0.178865101825315,0.17334723571245,0.179548236599551,0.184344775256318,0.187136761312129,0.159950951475353,0.157208071221372,0.189696340620532,0.00611868129400317,0.0167432838350476,0.00406984845458943,0.0237260667915481,-0.905474090689321,-0.935476961353612,-0.918756953963676,-0.911244639141177,-0.344010371969676,-0.330059752203955,-0.342010359694135,-0.334686870729102,4.31654598751924,4.2727022458911,4.33506117739927,4.32266047329201
0.112558014790146,0.117708453135807,0.137001723517021,0.143670876481429,112.254677465625,112.160769501821,110.541714852773,110.783352151011,17.3510503190542,17.7248121527703,17.6803076127022,17.9279668352593,16.1250863823839,16.2069460148331,15.9760666913367,16.0579879673255,0.659349023370587,0.662721609523022,0.661516296866749,0.651648926101022,0.39714517621405,0.395513307989751,0.40975394604038,0.411374650703688,0.176914445936138,0.172541808534934,0.172722224604275,0.176308222162727,0.174306259991936,0.195882015925849,0.202780237683299,0.188748973206285,0.00909037988455637,0.00348193592879601,0.0131850906605947,-0.00355296738333229,-0.910782248429935,-0.887821524050299,-0.889059355948365,-0.908001829585883,-0.341521010477699,-0.338342480077254,-0.33334780897041,-0.335980957135487,4.33120650170186,4.39705336828592,4.33624492069377,4.33446093487772
0.0995283922841782,0.0780085591478027,0.148548812054715,0.117430655178022,111.128782762114,109.839417168467,109.745491157073,110.110923420046,17.4681767148806,17.8861956411808,18.0192802277068,17.5347173230295,16.3805363264084,15.7231263715266,15.8829102585919,15.6242410886225,0.655733080002058,0.654581321542696,0.641967687856122,0.647752314670663,0.415997478532676,0.413339600149206,0.408019550972787,0.421413157911547,0.172800650506815,0.185000210266368,0.179566481244301,0.173832308452157,0.185854805465882,0.167607199902792,0.190829537093852,0.177799452816746,0.00506842147676321,0.015946275496004,-0.00407325867426123,0.00818091331490631,-0.907403043937769,-0.91578619093392,-0.899825148916556,-0.912114423954124,-0.339459780304057,-0.33197845297914,-0.341490299601193,-0.327331947047139,4.34372415315437,4.27264413021436,4.34182584166297,4.32576865472641
0.0881736258372509,0.132754652964833,0.0805643417387985,0.119203847144356,111.183311449898,111.504905280103,109.387168597555,109.728192839831,18.1541467388943,17.7643252798738,17.6359231934659,17.8461560234895,15.6995049080649,15.8712850693119,15.8298893279326,16.0285732751081,0.659143664304152,0.653042258777025,0.656912824486316,0.654380129973497,0.409369717865312,0.409118412711077,0.414016089693733,0.415404987212965,0.175242724537827,0.173735880932974,0.17772675462192,0.176327296549158,0.200224666334604,0.197213642712427,0.196214085643175,0.176546994212705,0.0054438304966693,0.0049934948191472,0.03240003712855,0.00758595804504174,-0.903719975210287,-0.896483890133985,-0.902452080354525,-0.910271362010958,-0.340296263971733,-0.338094273500233,-0.331399389535594,-0.337810543316933,4.31233526384702,4.34314909688434,4.32297767433772,4.32224172700237
0.100896489854738,0.111248737429874,0.12494265356138,0.104453657750437,110.897792240212,110.760728096799,110.576138333187,110.712133600795,17.7598362057144,17.6252558669792,17.9462459005151,17.8474675708414,16.2186844611759,15.9570877197661,15.9712583631995,16.1593895688526,0.652430183198298,0.651758731072532,0.651461943423262,0.649484121631327,0.403303210555203,0.405031920792146,0.411833610477434,0.407812822554312,0.176295440261327,0.174520095612022,0.175995726587513,0.172390143949513,0.176793113809993,0.20370033327854,0.17094580765972,0.180379097126826,0.0261274494268884,0.0140947984692684,-0.0116896815523293,0.0143695862986134,-0.917858992920744,-0.900278711338294,-0.916290860298438,-0.916594061896439,-0.33210700601806,-0.333336191429217,-0.341032947583696,-0.33445182467205,4.34659601293605,4.35331353972358,4.33336094981445,4.3151222438918
0.0887309295594577,0.0655730333610834,0.117544369365585,0.0858719778206627,110.810876392869,110.706502916771,111.184431816192,109.457667891257,17.7847782819011,17.582439435356,17.9699507819738,17.9669681031505,16.3043768975915,15.9376665258853,15.7902127078678,15.7054953148568,0.655586946628838,0.656560780298058,0.651136542049523,0.659708468040819,0.402118567129557,0.407086115362534,0.405674680372992,0.41603460656836,0.177630391316788,0.178000966823792,0.172305756098952,0.179754896625547,0.176743276179445,0.204240436886824,0.164907698474356,0.181681753398135,0.0177863468385775,0.00913254290937268,-0.00367668170083112,0.0316744221337685,-0.911839000563683,-0.888553967153688,-0.917057945247367,-0.902429045169852,-0.329361667327546,-0.343572322288537,-0.339349300505225,-0.334537538284161,4.36845235179594,4.31084905021007,4.33967722112079,4.32548313404844
0.137234326508726,0.106237362172821,0.0949230845549904,0.0743142435405776,111.555293425034,111.549096823757,109.802724378955,109.84366428176,18.0018148109092,17.6935560522081,17.7567775675034,17.8656535340555,15.732921932221,16.2958603322857,16.0105798970032,15.7807054917939,0.669747039970516,0.665388760586535,0.657023260614899,0.647727102934596,0.395456532736867,0.394039118589257,0.417509372912652,0.410539647279397,0.1718027190884,0.177450941310396,0.18130476866901,0.183414603412742,0.211606930935833,0.181686109712514,0.199925619542908,0.187697691038392,0.00457708246656444,0.0167806741298612,0.0208851625508084,0.00664115944655727,-0.884588040354747,-0.900852505581095,-0.898937315208879,-0.907424756139105,-0.35059261248245,-0.335399958537059,-0.334167132202938,-0.330893140492675,4.31220908410488,4.37789522127223,4.32457020521374,4.32037589980962
0.0678106121308557,0.082445313781267,0.110357848758398,0.12143102381156,110.612693694283,108.851455405826,111.157404989533,111.27030153151,18.06491652837,17.7523210304806,17.8973225963706,17.7887276103666,15.8614176067001,15.4046981777263,15.878004585217,15.9794079451431,0.648541067820494,0.63759198751157,0.648267804760288,0.659202070148424,0.412376681263279,0.429685415905878,0.404779975948325,0.396245314144573,0.176180186303048,0.179868717397194,0.17727528946972,0.178339049973892,0.178923970083255,0.182324149211548,0.173874133792403,0.174018886310985,-0.00334667239308563,0.00749514679718363,-0.000698967725009399,0.00552658857576398,-0.909624354986587,-0.92130812628582,-0.913108286411997,-0.904374036222546,-0.337594820820231,-0.341044787622713,-0.341313795956157,-0.325978516124568,4.33207819291772,4.29249692273958,4.33008337621948,4.35188495092106
0.149575028956301,0.126505508026223,0.106164211548499,0.104879604346236,111.317425711451,112.371601445313,109.989826468177,111.314707616627,17.5903292587754,17.7901247100815,17.6976741054465,17.9470000981775,15.950790656639,16.4985077725086,15.6290572217271,15.942439640168,0.657052430455173,0.670456218703123,0.653051057253398,0.656877022479148,0.397138761689254,0.38636197730086,0.424970024282892,0.403958404716989,0.178054567054636,0.172967961966779,0.173493343045974,0.178259280942122,0.177688017463648,0.189376518512894,0.195559870967198,0.186144250849625,0.0248498375676643,0.013918112085302,0.00275682677340384,-0.00327178940115066,-0.904823464198084,-0.887545712541845,-0.902782594576084,-0.901543555751324,-0.332723125789837,-0.337090072098545,-0.336850595690247,-0.340224789003307,4.33407204790347,4.35488058838229,4.32270434696848,4.34288172398156
0.13184966106216,0.0676159284276185,0.108743789657148,0.0622356603204961,112.228938415465,110.191868966602,110.596264731391,110.738267082834,17.6687291814176,17.7423054629991,18.0330391791853,17.7265650198628,15.97440715444,15.5342161223361,15.7465085237414,16.0741867150143,0.661933142863837,0.644873728992645,0.651750961789654,0.663288580217201,0.396331451866458,0.417559400320182,0.407486437566422,0.418710225671389,0.16962610622065,0.175682547173237,0.175056384203437,0.17514786195709,0.166869692547251,0.166310706337517,0.167381099716469,0.187503439499442,0.0139710654502002,0.00272383511989567,0.00403625157217572,0.000746050493574376,-0.914283372433933,-0.919161944762386,-0.921175670137335,-0.9102634176012,-0.340494760474991,-0.337015996192267,-0.330343869316326,-0.327550845258575,4.32207067792795,4.31158147054414,4.34268219489157,4.30973904589607
0.0691408683838855,0.0990092611787801,0.0991183101192583,0.118427515647514,109.189520008366,109.440233210987,110.338102831735,111.59391915869,17.7927616124423,17.8306808505836,17.4289323114582,18.0505016155601,16.0279655023967,15.7775814715681,16.0194515285982,16.1453123849615,0.6486971503297,0.653075534859024,0.655814461252113,0.660701582238752,0.422177083716508,0.427790809234874,0.416750708000303,0.39296771564299,0.179845365995014,0.172963133346309,0.179256215078786,0.170588565749626,0.203871214229635,0.182841848320336,0.185382129585763,0.168230465459698,0.005782963664236,0.0125339181801738,0.0118344220077081,0.0290168679863986,-0.904187690483071,-0.927279374917372,-0.908528495859118,-0.901395480526459,-0.335468718814352,-0.324150672068438,-0.342316439359669,-0.340960395349028,4.34528687151445,4.33954701909479,4.32560581862955,4.30558650382444
0.110095955640775,0.0998796067428495,0.13357524316526,0.106329552533679,110.671730923667,109.706092197223,110.926088396996,110.223434539434,17.8432815078468,17.8399462588429,17.7958672621804,17.9542405769193,15.7565009071403,15.6023456009254,15.846515845341,15.7514464677645,0.656763202466381,0.646764928681758,0.655433779938764,0.655963522811142,0.407496178647049,0.414826207847295,0.407935841385552,0.417152069311478,0.175693492605773,0.18418602995216,0.170406656101659,0.176437102230298,0.168004349803685,0.173284405728243,0.182308521670638,0.20468730737949,0.0146498578154157,0.00742578611703082,0.00631886434567876,-0.01099317714924,-0.918048932736469,-0.91530066962379,-0.911589310985998,-0.888809428641057,-0.342510131002906,-0.333892867759842,-0.332527616859567,-0.335937138129315,4.31679185196615,4.35790660895215,4.3714598044038,4.35846924291849
0.02446796740072,0.0955943731538178,0.0966431858351233,0.0974637114353912,111.526478751626,111.211505523445,110.932555871068,110.27310312128,17.6944680508173,17.7972451814257,17.7701752520879,17.4143770776586,16.232211418769,16.1029906337626,16.2498151110089,15.9082614003108,0.665814604067343,0.649590655420636,0.657285251603506,0.639184085769298,0.400063625864627,0.401351548584529,0.405742442994406,0.422807441749405,0.175636574806612,0.1701798284639,0.181179887257893,0.174748502613213,0.189084878503836,0.196893487209263,0.167321883717276,0.173857753583611,0.0160825368479753,0.0130426618111202,-0.00836638099375276,0.0113285656934669,-0.905632459742859,-0.896033205960653,-0.911330166989053,-0.923820812755876,-0.334609390065035,-0.333086282966286,-0.343361519238602,-0.331164442718596,4.33647583360454,4.30915783577202,4.29888178623919,4.3298854355022
0.161173456631408,0.107977133959651,0.118271131522473,0.0924127203194863,109.094562165948,109.971660641554,109.654485223573,109.989233588811,17.9947272750455,17.6439817283108,17.7975582153796,17.7154243427961,15.8034904188069,15.8143202593567,15.4320623040417,15.5074186036127,0.646410191792507,0.645708040632254,0.65975433708552,0.650804392972873,0.424844900464105,0.406863524099973,0.417974138790738,0.414391465885962,0.178498204254591,0.183164919745044,0.173513545777486,0.180589960043099,0.187513651547662,0.172886430970128,0.17894061524481,0.187020112297758,0.0159803029833426,0.00888732406770389,0.0257176928134972,0.00339635192488807,-0.906480104625462,-0.904382082881629,-0.910028167258758,-0.902699489940782,-0.331105359572816,-0.343472517516874,-0.326909548562683,-0.328170211942041,4.3248342504997,4.36214437266118,4.34792494507182,4.31837280639689
0.115961688041102,0.114519676360516,0.112046587310066,0.0645589215698725,112.170733404284,110.60519830647,110.395808530959,110.287526910204,17.7609562948815,17.5919937326655,17.6524926972007,17.7914821274415,15.7045334143355,15.7938689603666,15.7149519548047,16.0877876094851,0.655470427737235,0.655800705904687,0.652597077685971,0.657554494984148,0.404968052066853,0.4116295413015,0.418339112578809,0.410126731755182,0.172748035476715,0.184518395453875,0.173080157347609,0.179714286594047,0.19123958655489,0.175445628101382,0.186273515033535,0.188625951485172,-0.00491686994168943,0.00772094084574679,0.0123605643413341,0.00739610931078005,-0.906568354504081,-0.902591696226323,-0.919715383674946,-0.898182785122418,-0.338412111169532,-0.349178755801655,-0.33495290648995,-0.345350045697868,4.33869059907643,4.35384275011844,4.34481975870653,4.34630265718648
0.0739417414602006,0.121973212062808,0.0836120955236789,0.0772725600121431,110.819739705037,110.803728200036,109.944177410232,110.368800120519,17.7851537683231,17.940444910846,17.976154162389,18.0197381903767,16.364191446417,16.0096595523618,15.9790174204412,16.0007458800381,0.65586343732697,0.664258779881039,0.650917403712065,0.65014064656667,0.400538906480002,0.413818562095515,0.41132647391358,0.416958282821226,0.179272521977299,0.172917263099489,0.182261145702795,0.178518365322476,0.183214033257538,0.194023263182946,0.179702701149581,0.178431555515106,0.0266841241172889,0.0143112715152529,0.0146210289143047,-0.00172652744510072,-0.902764149122555,-0.903105012464306,-0.916621019138162,-0.9201356549948,-0.336280411992553,-0.332296550631736,-0.337648434722696,-0.351974759275602,4.32195895089614,4.33411721089706,4.31811717776105,4.33264052079296
0.107248073948223,0.11168727573278,0.0795557531895321,0.0792439732984567,111.216159449365,111.231545321985,109.783018611798,111.104240762669,17.9625035755272,17.8325951322491,17.8767577417794,17.9391265279971,16.1024656829213,15.9342502442772,15.9710792708025,16.0386032762501,0.669222912208857,0.648074155115523,0.654967885676727,0.656645430332274,0.396056050537571,0.406388471561673,0.412899033719639,0.406131704033249,0.179345055079045,0.174287234216179,0.182038335431114,0.17506088148461,0.175665050649983,0.171752971374334,0.174254004396919,0.17967039742114,0.016265387411083,0.00437531002555245,0.008163333002604,-0.0058866287817938,-0.902879732467234,-0.912337544555515,-0.912046606533864,-0.901807446764079,-0.347653833055669,-0.339820765880043,-0.337213512298841,-0.352648543668786,4.29725803518868,4.33377244580425,4.31597563063472,4.37085534866322
0.0871898105832309,0.0698547265584549,0.147585936473614,0.0678553251694922,109.492171530809,109.527457621112,109.392379739342,108.709146169087,17.8492730627433,18.3088838458747,17.6798755175487,17.7763583299123,15.6842065816555,15.8865391818884,15.6577360103261,15.838760323964,0.654477947784891,0.655916340785626,0.643358895220586,0.648414338285503,0.420930929978583,0.410651729630206,0.428618819011318,0.41548738964065,0.1816251575833,0.184046015017493,0.172391361414709,0.184356667711702,0.183881023519782,0.181926615810752,0.183473205372779,0.193539657360503,0.0125616039599963,0.0204724695974956,0.0215501631210808,0.0184498109470095,-0.910284087240064,-0.904603215769741,-0.918259787620275,-0.9055868485114,-0.342362758376661,-0.32704411360307,-0.330777621109629,-0.331640673285881,4.32875352745344,4.34506000703936,4.34133080922202,4.30744729118675
0.116148592029198,0.144334540236659,0.139050011746863,0.15514403255978,111.057411650425,110.716156144045,109.325983900872,109.862488112318,17.7906684134188,17.9195140448221,17.2752189420877,17.6039512296289,16.0675945313667,16.1729781008924,15.671421515208,15.615605957718,0.651383634795348,0.662345689007335,0.644005014071263,0.639892199290318,0.414679882413794,0.41051871818472,0.43316583339986,0.418502766571736,0.172778928148947,0.169271776242727,0.165821903354457,0.178323163960213,0.173743058931794,0.193987349202969,0.186554556876545,0.201196507872234,0.00572212872384865,0.0211281733963225,0.0159610242834171,-0.00484198867203449,-0.908045227435574,-0.90267785317387,-0.922636192997091,-0.920825065039954,-0.329222263596549,-0.343820772086133,-0.326867265169355,-0.339946761373879,4.32929356046653,4.33792724684469,4.31589899061565,4.34094029710766
0.0605963980542096,0.112454738308319,0.0671096706958372,0.136227493422783,110.319701948587,110.399903317882,111.026159919976,109.708302015112,17.6387199606064,17.9453697375849,17.8792438123258,17.8335070008492,15.7776715901424,16.1085254593188,15.6454881961762,15.6192457617655,0.658538751659056,0.658225879401665,0.657553011459848,0.652434299173761,0.416829716533341,0.407309680952265,0.408925582412342,0.422286942639038,0.177118541866447,0.182855968308546,0.176470205880585,0.169481508637246,0.166686011506301,0.189912853306786,0.165429622837469,0.17373381346042,0.0153036833700925,0.0100711877453887,-0.000602052099202983,0.0112200787540324,-0.914129516868145,-0.899816636353458,-0.923885207880272,-0.915749610316426,-0.332998097148485,-0.347363562275553,-0.338514998535914,-0.318827975043915,4.30557960806817,4.35429739379324,4.35437158507418,4.35384208018407
0.0230183157186296,0.123208885595751,0.0774275717014221,0.0993763489459093,110.712064077124,110.743969152053,110.924912943468,109.85886234451,17.4392823124755,17.9933244977844,17.8790496201876,17.8521193016866,15.7275395710822,16.1673058181774,15.694385661215,15.8690888655377,0.651397962763726,0.649860656531732,0.660218021437928,0.648814981129226,0.411348413180715,0.402105616230357,0.411786488312019,0.420997453069891,0.182085056883012,0.172549823819278,0.178561845918194,0.174335988592009,0.164218328188414,0.180087777971392,0.167328142479065,0.20203945586537,0.00817712078205241,0.00975025961033133,-0.00442445053852742,0.00926171048896787,-0.933983406125205,-0.902800672295624,-0.916993846895914,-0.909364179075813,-0.343908605532852,-0.340792376922837,-0.343668900641009,-0.326435302706449,4.34861440187409,4.34035683595366,4.34564775606293,4.32160707504597
0.114937434201984,0.134122319876956,0.0628701370489137,0.111570536032206,110.32778738341,110.963826704486,109.433612176797,110.416741834492,17.9876468427694,18.0809232303819,17.8677574032153,17.8418403657452,16.0720682912371,16.2641179969349,15.7866290053775,15.8390540578051,0.657505316141853,0.659557227777118,0.650378776966646,0.645910017557998,0.407513220727363,0.405263220245519,0.411916887269146,0.420407589361753,0.181318669971104,0.17168157872682,0.182756279793828,0.168261056794955,0.191339213896947,0.187626031209875,0.192299413227261,0.177695020538143,0.00485517869002798,0.0113839596219831,0.0303606111758446,0.00972496278567742,-0.899563878920128,-0.904059874841486,-0.900722545802498,-0.928035908502014,-0.342760571998696,-0.335277310338652,-0.337612721990709,-0.334898594851025,4.32396555411993,4.34389475027851,4.33879426155833,4.32315591749252
0.0787777358288246,0.0669606898054641,0.140864332309364,0.11807004906193,110.997005238252,110.072289607414,110.378624022872,110.449876296033,17.5942904100424,17.4453038939071,17.676466338126,17.6825322690933,16.1122156025849,15.6020114900451,15.868531972994,15.8872513057112,0.664580875648598,0.651731977347884,0.651266619838963,0.653708299291056,0.40490943614996,0.415935980365788,0.422004703377778,0.394249086667109,0.176088774951096,0.178917185884133,0.171563180956747,0.19131669683737,0.182240808066888,0.177732179416179,0.179447377829363,0.209209235569771,0.00486708971774677,0.0093597658059883,-0.00567968414081108,0.0074314463734023,-0.904965763246686,-0.920741622085018,-0.920783002466171,-0.885042001662075,-0.341099350938335,-0.343281847791617,-0.335400865670621,-0.339035793911786,4.3568987698258,4.33448251592752,4.3229958280892,4.34236762955653
0.139097878097338,0.136555290356781,0.163881736209147,0.142746333546499,109.437306599161,109.390364119765,110.407159759896,110.420136206345,17.957631355367,17.8191871773536,17.8439920838452,17.7753833076156,15.8603004899691,15.909395898813,16.0097523459172,15.8320469484053,0.661306216701678,0.642045922579359,0.653665263016787,0.651007484751688,0.419785067752253,0.41795018707685,0.413119788314054,0.39968482873624,0.178080360100494,0.18284474742758,0.178272859849968,0.188957809036561,0.181419136290971,0.202007526232635,0.171991347563049,0.195388143687305,0.0108086977890075,0.00825155252973489,0.0104758718046066,0.00162869818834436,-0.90658137943513,-0.892198395341696,-0.913164935111216,-0.87234176572539,-0.333235775556113,-0.328458566814395,-0.324615053454373,-0.352633723450929,4.30945400563794,4.32894677169813,4.34097280742603,4.33263490420059
0.12027995284365,0.106441793147735,0.0446561239626165,0.0419455913673508,110.177904928518,109.685109241598,109.761153387708,109.308172707618,17.9668408284403,17.8876910438815,17.7988196823711,17.9995341135746,15.6745181188093,15.9306649620311,15.5961099270077,16.0090014435066,0.653707733326804,0.648953400274734,0.653434383085453,0.656589086829696,0.405875863196154,0.417959448278545,0.416885724313651,0.420846073896723,0.175336966126139,0.176867039042733,0.178884066220568,0.177732947015151,0.175001382127244,0.203106849298426,0.186207156559866,0.186499823852999,0.0256074670843033,0.0107572089739451,0.0090512258414236,0.0189762090639401,-0.92386671915516,-0.901287463076181,-0.912373433100491,-0.911950469173139,-0.326674936704876,-0.326881609054944,-0.342671757514401,-0.333786831696916,4.3285927248431,4.32707923301675,4.32930122413327,4.32642935268837
0.115130143057735,0.106659075020911,0.148807363980519,0.124806945995557,109.842392174324,111.628717980007,110.220853610298,110.250162155094,17.9644467877828,17.7437828749855,17.6694016610201,17.4766710020396,15.7243653590134,15.8710884934311,16.0597780471353,15.7247779210551,0.655684919774494,0.661556597228919,0.651190954850635,0.643741928939144,0.410463368609844,0.400955410012768,0.403412720673175,0.417688969550887,0.176505035270252,0.180632941763554,0.182342385475067,0.172630450868925,0.170899653169691,0.175491334536203,0.177815133387177,0.182876253925105,0.0221902806575757,0.00883390548121718,0.013418586722374,0.0174090673937635,-0.920955077007089,-0.910303922275765,-0.90359293124091,-0.91298946714282,-0.329111911243863,-0.346847403808921,-0.339494032974343,-0.331435651627502,4.32817992883682,4.33771155937995,4.32134625304548,4.33819443909553
0.0949083096622461,0.0972668468859126,0.0811708536043679,0.0759133941325871,109.434271082455,110.296904322599,110.982796543731,111.025282371361,17.6814817808959,17.8581619575937,18.0916148517282,17.9416051136146,15.9138734719017,15.9762588520525,15.7696092045086,15.9478575156806,0.652395832769779,0.652064801239141,0.661711662310448,0.665126119839448,0.414796786195678,0.417780138114017,0.400278062785713,0.404717033614705,0.185110491806015,0.178486805376651,0.180420637991013,0.17470294437429,0.1813192544611,0.206016862292185,0.181669127227293,0.191190715083992,0.0146168278106391,0.00973969102910982,0.0103788196166854,-0.00679551017015412,-0.918623573701136,-0.901541278321723,-0.906448741695967,-0.908925283121634,-0.334076226074094,-0.331813022927728,-0.336183589656364,-0.336557186334674,4.30667467614824,4.3431999484361,4.37319800176965,4.33982244727708
0.115643243406442,0.0595975124456023,0.129194227785019,0.13553082460871,112.564407108812,109.577180999719,110.894778963247,108.513110806514,17.794858873386,18.2227255852009,18.1817311541417,17.6453276717016,16.0498680945638,15.7864703040446,15.7490056623459,15.8167668587424,0.659250129862153,0.645844421162807,0.662364561823727,0.647038493946025,0.396896040136511,0.410166721736377,0.402702502519695,0.431969222461814,0.171038017743074,0.174959025318132,0.172634472144656,0.178276266625089,0.200455549508957,0.194419729508257,0.183063049606457,0.186615833082695,0.00402663462342371,0.0122709616283165,0.0137087806558948,0.0237347056555443,-0.89572984556051,-0.895037480470467,-0.903721599268601,-0.914954873108135,-0.343437703671681,-0.339283474294574,-0.347086220834525,-0.339563088344446,4.35502599344595,4.38407470150954,4.33261212529957,4.35582582654286
0.0954602264387691,0.135377380032085,0.0526480194185683,0.125027987481749,110.103005964232,110.287157899896,109.908518857812,108.526015884792,17.7928678515448,17.4059937106343,17.5153011444835,17.746546547953,15.9333138260863,15.913266732904,15.6536319676379,15.8458050853967,0.65440972821262,0.655828853228523,0.650079582222485,0.63753007164095,0.414474063090147,0.416601707929575,0.421743629425343,0.42833409443679,0.179361660157494,0.177177019781205,0.181019501649276,0.17804756355745,0.171728217892375,0.177030344866593,0.18595052157121,0.190880960009011,0.0271433976006804,0.013791456205118,0.000376834114411226,0.0238396555581158,-0.910809033541679,-0.912287544049952,-0.913998895963315,-0.91771191797432,-0.340240839620198,-0.338729328708969,-0.330324246328523,-0.331757903722758,4.30943326794757,4.28290063688974,4.32948029253685,4.35663237302176
0.107488419953486,0.0721216536237217,0.0601626310660076,0.0704401082733992,110.46366635786,110.587030934461,110.260653663991,109.601663388075,17.7377186025796,17.8645409333491,17.461052074241,17.6179170740145,15.8639509757111,16.144388121114,15.6720522691596,15.3840058263234,0.658721791522353,0.649683519530511,0.652400650239036,0.649244649065429,0.411344419120025,0.402393270620668,0.421142195068784,0.429340250964055,0.175231339782319,0.183471965577173,0.177260605893325,0.184364433352567,0.193155736601415,0.182949974358025,0.187225429626846,0.174799312581782,-0.0102584992071832,-0.0096070265555314,0.0034501575393228,-0.00451911463969129,-0.900698156152505,-0.910047875379758,-0.913017386578966,-0.927123319421225,-0.336101748107707,-0.335183804600623,-0.329918818414009,-0.336208467205868,4.35212096900549,4.35935715614153,4.33600474701582,4.30962493728006
0.083577838726727,0.0905689250574678,0.111286227916255,0.136123664860825,110.806128046027,110.598539900297,110.306807989466,109.865097091311,17.6723068871209,17.9944118916053,17.9577166099661,17.8858627327755,15.8506351930327,16.0425223186241,16.220432735475,16.2875978424788,0.647790341286678,0.665416574519727,0.657423930013967,0.646292323010363,0.405297530696834,0.407008901029889,0.408517722103183,0.404448792106124,0.174394802945747,0.172352389240992,0.179139575312474,0.187715746201912,0.197029825731478,0.173718771328442,0.190268048182139,0.184346126346497,0.00652073080310767,0.0202598555695418,0.0179315164638162,0.0282764003140083,-0.90202787801736,-0.912315126675453,-0.909287576122842,-0.906281881631927,-0.341481065835944,-0.342939323500813,-0.333380994236012,-0.340865753357732,4.33607593996345,4.29634629934103,4.36927141643119,4.36977594747729
0.0904730195556536,0.095446955963344,0.0728542881921582,0.12007363115679,111.593745000493,109.917364590387,110.775036857228,110.383582702482,17.9716692385136,17.8114672847101,17.8187272977558,17.9861789821607,15.8408342727796,15.722453717621,16.1626566349294,16.1161969543448,0.657334370396515,0.650314220832635,0.654392801541755,0.64808167210903,0.406183626655868,0.405223600477079,0.412901491222142,0.402841178035599,0.17137987530664,0.18026995516816,0.174931484617229,0.184059542576018,0.180068900096542,0.199761737832226,0.178327842962152,0.180509399441751,0.0194029267161668,0.0161112763577123,0.0010758377795616,0.024440596002429,-0.900093207062992,-0.897988872896695,-0.90530684762244,-0.903184427923679,-0.338546819201149,-0.334925882723532,-0.33916881742875,-0.336423117297589,4.36788689905569,4.35195594169119,4.32072648476386,4.35980576054251
0.11296558350379,0.138943633581623,0.14790169332914,0.137551792091201,111.76797504376,110.011779358071,110.945778917031,110.347110357343,17.525523541487,17.8120801655866,17.7551626286571,17.462527199596,16.2314652271263,15.7829322070675,15.9375377139626,15.920874463331,0.660567745009216,0.656502386152742,0.660286665553175,0.651905488901829,0.399154474989146,0.412939104838,0.408227869891246,0.400863684198724,0.175380131952598,0.175416658939296,0.177680140608038,0.180513927107612,0.177872103236436,0.170683091723029,0.188489139894835,0.171028366974748,-0.00234797334037435,0.00886300231802635,0.00290379050895417,0.0251342389894479,-0.901283288322637,-0.919931100806224,-0.917952902361401,-0.905376674282794,-0.334688140114472,-0.340101860820939,-0.33788497839369,-0.333961477218662,4.29204648111071,4.33223547230057,4.32118838650435,4.32263681661953
0.0864266489676618,0.0613760992787089,0.128837114734181,0.127273366518217,110.092475168881,109.976473799299,110.810904094681,111.039671120014,18.1050033934643,18.1315848647175,17.6291896306334,17.5160835475689,15.7680621180862,16.0762236253216,16.0901625965393,15.965889158149,0.665495519704556,0.650782196117863,0.645999912119964,0.660643603607397,0.41005389516303,0.407053238315551,0.408052957181106,0.406685046971394,0.17660113115481,0.174960535590923,0.17019267479726,0.176322782279466,0.188996139715896,0.188538401884585,0.190781470509562,0.179593453269997,0.0189284912110451,0.0139524707929423,0.00978492320103837,0.0184834777791323,-0.905275612177305,-0.910076023387698,-0.907575839419738,-0.910496971165349,-0.341162753364301,-0.335944620686741,-0.332617449605965,-0.334490820064241,4.36605391978712,4.33327407468485,4.305824974173,4.31903268375979
0.077544447003023,0.106616161870923,0.085078230008676,0.0906774044252743,109.642329941261,112.176619386146,111.361336008458,110.468492850365,17.7695898463405,17.4473939189331,17.831597219304,17.8029112146289,15.8189734474386,16.2290193974232,15.8325827184858,16.0951828665876,0.644013437507272,0.66969240187433,0.662428718534912,0.657426147001929,0.422092345415112,0.397351754248162,0.396242476262003,0.407967649979514,0.17678789814712,0.174601628667121,0.187721421347678,0.17696451444843,0.191681153469401,0.17553819040084,0.180755807198424,0.17860826775297,0.0166668770413531,-0.00528234204846907,0.00454263454159686,0.0165085970219884,-0.908588885533174,-0.905277344232795,-0.898348640799479,-0.907100940227488,-0.33473893470802,-0.341203862090834,-0.337405419821873,-0.330248979918632,4.33842031982131,4.34227451755231,4.35936434225462,4.30591610854582
0.119854353255326,0.126372744735547,0.126593265234058,0.190258190000044,110.303432921217,112.010006581922,110.532168470789,110.452059265234,17.7186888981876,17.8199549280526,17.7356117089095,17.6698334526481,15.753464208712,16.035691131499,15.7656553563794,15.6706743319005,0.659146330534578,0.662906061665677,0.649185572408296,0.653096355897851,0.411110207942116,0.398373656195994,0.413728997561926,0.419910398967489,0.18593031991493,0.176583831635672,0.177607838335705,0.173186748737946,0.174905637580412,0.181059049274194,0.182932272452323,0.194595298112011,0.00232412134074867,0.000363766572868322,0.0187650475662905,-0.00104373656540148,-0.903755787415631,-0.907735670568676,-0.91717456240368,-0.909114405484678,-0.332967465960913,-0.339260555892564,-0.332746597087073,-0.332692380514086,4.31224359008657,4.33069982893817,4.29401928749231,4.3419066639746
0.056177285384538,0.0826711472351597,0.118068767082129,0.0377300090338584,110.834339292423,111.76975306545,110.097504228384,110.302547570428,17.7710231572586,17.7772839320098,17.6726525244567,17.8607306419892,16.1949235302416,16.1208895888463,15.9924211196179,15.9915335748429,0.663449298665135,0.654848049220777,0.656778587108321,0.663204043033457,0.411623087158957,0.400800147143126,0.415454460369692,0.412265650417048,0.166065271531991,0.167681216547046,0.179840111628309,0.182768974523542,0.187831950232663,0.189916255976004,0.183786831192325,0.17542557138985,0.0185388046629774,-0.00134173474976021,0.00470098428020206,0.0129544429162416,-0.907446594430959,-0.897808663935477,-0.908512679459232,-0.911117874331525,-0.3424069179112,-0.331620375250831,-0.34148796559473,-0.341248366586273,4.35282037163897,4.30267736508476,4.32815028905207,4.31493089604509
0.0960592554249476,0.108054861475744,0.0980799887610544,0.0853371159333851,111.229766596441,109.830586891861,111.530815609878,111.218597339836,18.0150982413411,17.7629642367494,17.67976815102,17.7752604257383,16.0797213716451,15.7339986958394,15.9329472041095,15.9842423744015,0.663152344980394,0.651491998692806,0.662598428880292,0.665953019671873,0.4078913422618,0.412200827771136,0.409497309685674,0.40424104150127,0.171969594900984,0.18060581566401,0.168517599207481,0.179271040114203,0.175546606688416,0.176319705183856,0.183751615807728,0.176286107159339,0.0103907749919326,0.0215298816020594,0.0160324350407096,0.0054324909429346,-0.910915842090425,-0.914177004907489,-0.912187182623556,-0.917485321161139,-0.34332609978785,-0.34648346672881,-0.337946106955722,-0.344548829015803,4.32674775935698,4.35924268781897,4.32686281847226,4.31822913861776
0.103395968992463,0.0626962596490593,0.108646067862594,0.128548447684545,111.088899798731,109.756239804872,111.392383577649,109.927235350243,17.637285628083,18.0556998217803,17.5519677897124,17.9471335359548,16.016752517034,16.0731520797725,15.8569235049678,15.7626828190842,0.656119080517085,0.646603485144197,0.656620873488438,0.644908326760522,0.408981097570269,0.414454547440265,0.403323595815514,0.417902634580322,0.179004430052087,0.175665087593906,0.180942246397093,0.173762329045509,0.201545979938038,0.173952964789675,0.170285083513322,0.197458611201731,-0.00528413533851752,0.0165665898722617,0.0172006155814186,0.0123116487771051,-0.893115690344083,-0.915317739945121,-0.907804370418008,-0.90720171755964,-0.338902367626177,-0.337330291536223,-0.341992746484854,-0.328836874631837,4.32973470588117,4.35879081390798,4.30395442025303,4.34240048727269
0.0911831413352195,0.0743323498964885,0.157890320723629,0.128164272143223,111.464766214774,109.60553775411,111.287414235834,109.996809954229,17.494218581403,17.9741364851591,17.3196719317128,17.9660038231477,15.9290679123177,15.9293813865739,15.8811911995607,15.8542235280522,0.646916947986455,0.653104700684098,0.659234105763418,0.642190382575254,0.401818535596408,0.416346286238799,0.400517014725432,0.413343238204834,0.175478419662516,0.180351398006347,0.188366434579686,0.173364484211634,0.19501319022614,0.172359171948791,0.160983682128461,0.197851735711257,0.00264619681762712,0.0103016829260214,0.0241655614507389,0.0113160628224188,-0.89431613559134,-0.912425673527937,-0.913223681607819,-0.906394950907956,-0.337385472294205,-0.331896449816975,-0.348490223475208,-0.323875578612272,4.3337292273419,4.35114489784353,4.31766980077953,4.34123422107675
0.111401433039199,0.12421650803631,0.13726030841602,0.134170348319512,110.956232120055,110.4157313421,110.045518819597,109.549285819427,18.2009750684686,17.5471140308269,17.5326548608358,17.9739915872382,16.0232459508115,15.6645265643573,16.2065895635526,15.5545437810601,0.659360474522243,0.654342881887711,0.66315410934462,0.656035189897571,0.395299918176613,0.419112677405431,0.406408465944516,0.418300812184925,0.174043302853429,0.172371282687804,0.180069448963995,0.183411854523672,0.172605594624054,0.187651716346076,0.166862891212328,0.183619611216176,0.0241062373371067,0.00822051402063479,0.0217967572819847,0.00755369506826297,-0.909466780837699,-0.906976497225816,-0.909969630568439,-0.916900723521755,-0.339969430280755,-0.342174896709328,-0.337960500117129,-0.343121273483578,4.32804996016165,4.31205992419093,4.34980063536238,4.35619234345801
0.0842586689829065,0.108909235669541,0.088716519172126,0.150523230711973,111.721593109167,110.331186139457,111.371980680072,109.481982813401,17.3008517831195,17.790864007303,17.9071715122779,17.780686924326,16.0140367078788,15.721126141563,15.7382583750182,15.6492671525304,0.658138859952785,0.655198994537014,0.652317332457181,0.661318297493731,0.407852346742715,0.408482786996358,0.408150226782691,0.414536795258497,0.178172489800293,0.175025335873385,0.163832590305953,0.182283188127131,0.199157206577818,0.187140005268868,0.181629643912909,0.17099001516503,-0.00755218407850762,0.00989718646571062,-0.00274769488662618,0.00866916304674769,-0.90162639368465,-0.90478328350998,-0.918259013994181,-0.910908712015146,-0.335755852922446,-0.336990123919923,-0.331625744834818,-0.33633409398781,4.3379250982762,4.33521139977116,4.31856832467822,4.34777981015485
0.125147357092142,0.0843795407252747,0.0867394266859172,0.0714312499923149,110.533569951672,110.089793159593,111.35392419957,110.207300420748,17.3695710254028,17.9301635215581,17.6225455411637,17.8832829421764,15.4916768709516,15.7333108310231,15.5975918127952,16.0117697827088,0.656850118208249,0.658602456767628,0.662805626671967,0.648287474564109,0.410400511452885,0.416852149248558,0.401979101516242,0.419503245317257,0.181253519356275,0.17931919888929,0.176729087462841,0.170044734556417,0.195589815325829,0.194149940133405,0.186996815646934,0.195914956013612,-0.00339961609633566,0.0130384104605758,-0.00127448053476167,0.0111970316812518,-0.890913518932296,-0.90518174508037,-0.901827170499789,-0.904572271953643,-0.325790493677945,-0.332150665426119,-0.338115192284335,-0.338048798935855,4.33117649274754,4.33818584298907,4.34083249903957,4.31452550630379
0.108663150333168,0.102926747422988,0.101201279752957,0.0402188825509781,110.500846470067,110.771105532712,110.877670207351,111.589168498081,17.4993901460943,17.6480226060168,17.8177494131053,17.9377382970309,15.6905566594478,15.741232143122,16.2867004370764,16.0213528915939,0.650468964346826,0.662239867255877,0.652659662841078,0.664731065246758,0.412024681130232,0.409978171458394,0.40851775257163,0.401298173797806,0.178930887901274,0.182375786436347,0.178371001068721,0.172986570346063,0.199673165348559,0.173017649397896,0.17845240410725,0.196728521728594,0.00310230764778024,0.00926299507459665,0.0261089892324592,0.0119584897985645,-0.892724642710795,-0.912769258814602,-0.905268119113563,-0.89805242723662,-0.325028563582408,-0.333672865622089,-0.33878123920402,-0.339226297520042,4.31287433543129,4.34627308296702,4.31758464738412,4.34569146682028
0.11623545886728,0.106865688479713,0.0722987947171646,0.0438728237807225,109.849110261268,110.620952343021,112.708464784361,110.777631249097,17.7893552012755,17.6170851366943,17.8041372241162,17.4107468347476,16.0365121258914,15.7178707063967,15.7233938109541,15.9129748593726,0.654498950650724,0.662321542349821,0.667553546242257,0.6609976890766,0.414498483868942,0.408364238323595,0.397425916342993,0.398679667493146,0.180128616497983,0.182895779514381,0.174980772123863,0.184318531393822,0.173553651465415,0.169861720991264,0.183979415244794,0.191692366273765,0.0114791707576894,0.00920399022458137,0.000999058920303013,0.0295387047647281,-0.910490825111171,-0.908902405141511,-0.90441398576286,-0.894596004521924,-0.349480221665644,-0.336326849316516,-0.338409717326724,-0.344844589601857,4.34033320930584,4.34743834876673,4.33639188089265,4.32382964344773
0.113684338660233,0.0903601833516859,0.136342179433634,0.0390800612395782,109.366071101626,111.19914861732,109.66790510552,111.406716420914,17.7551678287905,17.5354248240216,17.9076237192445,17.410152460483,15.6758772783284,16.0022557734579,16.2311394799228,16.012148827326,0.643305375678604,0.650817816169653,0.647205885481162,0.652303508646489,0.417132238867288,0.411361975764033,0.410186357822644,0.397543202061649,0.184583179175437,0.175543767434254,0.17430721007263,0.185077429557981,0.194032869472724,0.194663856731963,0.182080335143645,0.188095161588744,0.0163414059193873,-0.00256593455000152,0.0229069868646167,0.020749033627119,-0.910294444118303,-0.902376672513953,-0.915780761176757,-0.894005426097114,-0.332469240969951,-0.329935885069474,-0.334907816703856,-0.342022145687127,4.31095080225962,4.31906780448756,4.32687271378612,4.34299035093266
0.149206328948703,0.108871351478933,0.0906339550559115,0.15553138360791,110.981461059768,110.585006198926,110.378612972875,112.071944647219,17.8245225268061,17.9918844055855,17.652575624761,18.0358889666584,16.1357217149587,15.9322212383398,15.3271983176125,16.1647574731781,0.660247281318733,0.657770343112971,0.654950751807453,0.672705589119389,0.410207857592174,0.398186444035564,0.413712103473263,0.395940222664367,0.163523117240515,0.179017554059703,0.183936156359872,0.168408384161319,0.177807287061584,0.180173014394871,0.183574397030545,0.184914870874151,0.00425311198089311,0.0234583196975331,0.000761916679358236,-0.00292479357598055,-0.915519069702236,-0.905927878379176,-0.915232776110436,-0.901502925546697,-0.33022350837588,-0.347929938661234,-0.342752065706151,-0.340604150620237,4.33883471781669,4.34118823411477,4.31866649361699,4.31837203284257
0.0719579437654609,0.0821901999792062,0.0744695030648703,0.0652776980659813,111.514302273037,110.186101776066,111.156274241993,109.72984466317,17.6433479530557,17.7647455508994,17.4149017287239,17.4753536299925,15.6462402443182,15.9510760780604,15.6811422301924,15.8636727904657,0.660257514825244,0.65301643429318,0.657080709703449,0.658725329865951,0.402650788967952,0.417225650493741,0.413665345678632,0.413764972488856,0.16519146746514,0.175733464504375,0.172797410743103,0.189523594556347,0.201075199175419,0.184254947604022,0.178327340374549,0.1850546215525,0.0238069687812267,-0.00730843649620692,0.00263555369756884,0.0158692119591354,-0.906889159391372,-0.911741122852042,-0.908226192230656,-0.910263213180167,-0.331233040867657,-0.328233571126808,-0.338086652770626,-0.341844140443524,4.35247487555584,4.34109796687658,4.27748233649173,4.30959120798491
0.109863608664543,0.094457664737451,0.0902879191353335,0.131843584407855,111.169633297457,110.002252998725,111.66009405756,110.87253588844,17.7151574610719,17.7811680568677,17.4439755722948,18.0198721092812,15.7604856510884,15.693192846614,15.8993054755342,16.0054680737201,0.658538587594994,0.655166649984397,0.648297533466466,0.652670322735517,0.410494856803576,0.41324706086634,0.406828797755321,0.398881935078198,0.169853549332872,0.182490493115181,0.177887092821002,0.172256814711292,0.190659950118984,0.179218033045695,0.174235769862398,0.187638578785758,0.0284063109957656,0.0219493489882701,-0.000442607682641948,0.0109089176706207,-0.90051120430152,-0.913872093197195,-0.918150928302811,-0.898614746472497,-0.331460964705983,-0.33658258025071,-0.339352918930094,-0.337577379735591,4.34446515240626,4.36699815304338,4.31740050679841,4.34144731637757
0.119264353984181,0.125097737289087,0.0731957888305933,0.122797321973115,110.962923868322,109.936210882591,110.381104969916,110.615742411455,17.5334745320738,17.8868532741727,17.8953479069456,17.5837565048774,15.5412656005785,15.6667572195932,15.8102287391818,15.8599489602856,0.657495877617888,0.643006138427576,0.651820560272925,0.655812209049326,0.413107474459039,0.419976318084857,0.410336478316008,0.415555089779931,0.171903717759043,0.171179449450524,0.179025429103874,0.173459788278521,0.192045005019476,0.180518009227628,0.190424572598072,0.190148873127917,0.0248487937378792,0.0013699904809536,0.0183341523547272,0.00459263369519338,-0.906296099749095,-0.916773455256905,-0.89084242971599,-0.917914943910742,-0.338579472779359,-0.330365611751591,-0.342969280722016,-0.338325758541417,4.34449844143317,4.3209126266741,4.3527475895434,4.30256574312948
0.123155362295788,0.10186778795144,0.0985952329356192,0.121172094769962,110.108382277627,109.129477301135,110.407332041345,111.332887227856,17.7396935361745,17.7140893278561,17.8567417022511,18.1438568143244,16.3972228402433,15.8588420750762,15.9694177900397,16.2175473174645,0.654349532027792,0.651460564105446,0.649551257403253,0.657290458555351,0.404060835119268,0.417534115151059,0.402795242106317,0.387000219231992,0.175009861063085,0.191626817350002,0.185195872243756,0.180723955196115,0.18286290968599,0.184026545812535,0.181429781274022,0.184312424152528,0.0304409791387572,0.0045634394486877,0.0149703187525718,0.00298272364316368,-0.906704930582647,-0.913298801476004,-0.899010110489741,-0.896750338020736,-0.345892139362808,-0.345161376383073,-0.340790443011037,-0.33848078760567,4.33867837660323,4.35100122338107,4.34527807648695,4.3592636445804
0.122688899244012,0.111121469056667,0.0699941697022625,0.0908370161779678,111.053257430807,111.164475425599,110.116125462101,109.294230904934,17.7998148352667,17.4096996129457,17.646117702443,17.4369231531399,16.2435396452558,15.7989205094415,15.9647188691672,15.6756931626004,0.657998823298372,0.647161642358847,0.647595104258249,0.64792944625616,0.406572825146708,0.414215036940613,0.407168803777328,0.417912666876988,0.178485158580845,0.17084509945142,0.182609162122779,0.178013033193725,0.187381142354441,0.169384169785732,0.176161037573738,0.175725353981755,0.0223521910864903,0.00641024344781999,0.0195118708971245,0.0213407223791822,-0.905008875344183,-0.933667602414993,-0.895430264805679,-0.917642377035328,-0.345472996271467,-0.324071949519934,-0.337001498444603,-0.329354524793539,4.36065180636134,4.31971638032063,4.33535505433395,4.31351448660161
0.100970744372146,0.0760306785107413,0.0986709314967976,0.0913625542838839,110.21665015204,110.085600505872,111.050884205951,109.394899917399,18.0041316902437,18.023030715068,17.6409336998514,17.8524801018065,16.0228955732147,15.8905019578015,16.0150291390387,16.0349340759447,0.656941282072476,0.652541623273444,0.660606246263147,0.641563334708355,0.409314557218672,0.407013021044697,0.410411314466429,0.42385276819288,0.184461665258517,0.188452202817022,0.176252661913669,0.178202808297716,0.165435449905783,0.191950547517249,0.194841930840846,0.178366291298073,0.0164285193771523,0.0143035901598137,-0.0111801365888991,0.0134463230193859,-0.910301584530684,-0.90471242030505,-0.89818893494743,-0.92215336471338,-0.337322686042807,-0.346902249543191,-0.341886437040388,-0.335618607439683,4.30129295202943,4.34389005641907,4.3291183726772,4.32441027010565
0.135392890621548,0.134428274811058,0.0997200784535259,0.103814052172633,111.222069273846,112.953216716891,110.146521225153,110.408105175984,17.5427627348285,17.8112020512964,17.6263884593815,18.4687842531839,15.6169811019042,16.2084119892217,16.2961513715057,15.5915556493801,0.649160380294755,0.669454836251379,0.658561223715297,0.664204209399468,0.415425033879888,0.391964919118789,0.417719893369029,0.404955243574315,0.165827411403738,0.163679978486449,0.173403491313471,0.182527141142083,0.198728807423009,0.187000511082995,0.194615982003642,0.190353583522599,0.00326061809716933,0.00875031973380491,0.0155500760193464,0.0132712253674635,-0.903416317498497,-0.90828829631012,-0.90319580637613,-0.904202302286919,-0.332224788848979,-0.32873578105395,-0.341390097629997,-0.341852915028507,4.36288697269471,4.31891085943097,4.28766231618876,4.32777836029719
0.125044552130088,0.0647544563883983,0.132515719952409,0.101062150080136,111.152687018417,107.971993777768,111.733346155565,109.649632808744,17.6562819826303,17.7397841227316,17.8585190815861,18.0559415572727,15.5125735621622,15.5923360036588,15.8095556927944,16.0439024672886,0.642457288370983,0.637735892102175,0.657628062456828,0.652507987140612,0.410191097339181,0.42712213881435,0.390561947579298,0.417570532705377,0.167850541798718,0.189767617375195,0.176270061067693,0.170108248526575,0.199528412147761,0.183436699142571,0.180326792219348,0.186454455069967,-0.00785415658363049,0.0121326174158594,0.0124849682621563,0.0215469885748703,-0.906289673531859,-0.904736774319681,-0.898592606125478,-0.90421325681322,-0.328047980990467,-0.340882446411194,-0.335459285016785,-0.335342981195792,4.36497219341057,4.36101881146664,4.32272798417665,4.32099702457923
0.107584780149385,0.0954776556160099,0.102237493737113,0.0650424194987419,110.438429281261,111.020732607066,111.871065743714,110.060264326904,17.9116123205119,17.6419939513515,17.5634423010643,17.9659460070681,16.2150316082595,15.9652436455196,15.9798307460133,15.7823515252023,0.670398962030417,0.657243310796822,0.663376866218642,0.645684129021666,0.404126698727198,0.414652244029412,0.405239310519009,0.417130196254232,0.187302336856256,0.174060130157024,0.169227058663885,0.172758674583498,0.169334020542771,0.166825774833313,0.182346752228781,0.194294843930696,0.02971873205302,0.00950768257660296,-0.00568208348911378,0.0138044846914558,-0.921119328443326,-0.91780585702292,-0.906415103680622,-0.913685768008827,-0.343200527633594,-0.332920403068077,-0.341496281819393,-0.341285332861055,4.30200926261246,4.31078373589944,4.32175777245837,4.29504090563965
0.0445884115653167,0.105054067163287,0.103236615318754,0.118745988141858,110.818186621656,109.006850957013,110.854628740758,111.347001495187,17.9359066977063,17.9817273556617,17.7916519548168,17.7198424349874,16.3732004832177,15.7442829046395,16.1137540968263,16.1646025461539,0.655739518775683,0.64887315849998,0.658584271107244,0.659467608205169,0.400838962850677,0.421970713455505,0.395949962900368,0.39790396882199,0.179507209093505,0.181357863591637,0.184774975026322,0.177417911271838,0.163696538517488,0.197593517320104,0.186911958808023,0.177257582513846,0.0201709057863635,0.0118668810550795,0.018687426995526,-0.000841068870302347,-0.911644428869998,-0.905699436279874,-0.885559533907155,-0.898492421651409,-0.338854627339109,-0.339255981323956,-0.33990271960992,-0.339540997870957,4.32137738678642,4.36130815587098,4.34441903377012,4.33262130797813
0.0936693127934412,0.0897330880635565,0.110706548022973,0.119512099526391,110.895903418316,109.287165460073,111.049436165266,111.565240838816,17.785484178078,18.035605399057,17.5465861762042,17.5872015835366,16.1029680982443,15.8713581502849,16.5138754103152,16.0715851544673,0.661362298242244,0.638496865553575,0.655659687078707,0.657684269194825,0.412098684423442,0.417271858406194,0.405824201079051,0.397687914287458,0.177821451754945,0.17973279523779,0.180670235568822,0.180320271414657,0.188993545887716,0.189222314526931,0.197982805999671,0.176581891533834,-0.00543988049426851,0.00836930743018009,0.018796601956611,0.0130172811691791,-0.909660075190096,-0.899422955559635,-0.897938332694851,-0.904448289449073,-0.33668000810619,-0.332611105621139,-0.32976766540022,-0.34050221536954,4.34797301694431,4.36398237450523,4.36940765449956,4.31610678653488
0.080266621512467,0.0853843795609478,0.0728035339077486,0.0959527343743793,111.153438267816,111.546128015235,109.803099754489,111.589377714323,17.5222367127795,17.6214835293783,18.0554567433398,17.5564272629809,15.9217238815107,15.9629865947343,15.3566201476486,16.0992381856905,0.647612632379208,0.665493731496339,0.647185087355389,0.65867822856707,0.410233519010321,0.401568990975048,0.409494487359589,0.397531249857862,0.170358785689393,0.171564531937805,0.180933670221278,0.177532687098858,0.186831549459591,0.170994283066435,0.184347289170365,0.175620656458688,0.00385222751588047,0.00970247462329931,0.0108426927788913,0.0098425347338402,-0.90674612434183,-0.906558419663388,-0.911106716611924,-0.903340045324123,-0.341228586154346,-0.330710009267106,-0.346414068476617,-0.337467110624088,4.36086658308052,4.30957298171578,4.29513683959915,4.32403519117312
0.127316986114753,0.0829697168201626,0.151713831616962,0.100459457680182,110.797156313622,109.704066698005,111.237306207912,111.621662332031,17.7000952890175,17.5568004750445,17.8046056634164,17.5537870561564,16.0007860016716,15.7442170405165,16.374211180265,16.4801447939309,0.66805758870157,0.651561246799445,0.655412215291541,0.663092980671373,0.403620173224209,0.415888971451362,0.392529592262451,0.396449219686724,0.181932522878426,0.183230595950093,0.176043701507354,0.181190553758498,0.173155131700358,0.187373414740023,0.172491981883294,0.190264559228266,0.0157034455068832,0.00727476785683309,0.00844230144326414,0.0191213588714595,-0.907063513705682,-0.906536820659962,-0.90223366929183,-0.89627275001822,-0.332161736256733,-0.345213742446599,-0.337714440563676,-0.341327204963573,4.32795923677558,4.33246444807699,4.34960906229124,4.34311236320985
0.0921641758568892,0.122875256853037,0.147363689427152,0.0972016083252194,110.493398524499,111.409192753933,111.777441376145,110.490697679114,17.8610933773847,17.7143591352889,17.74161734096,17.8364929926272,15.7667125141093,15.6782891598817,16.4319942290939,15.5782874463756,0.664325399371447,0.656909151159567,0.65705048701895,0.657188783936281,0.417486348302578,0.40743224936523,0.396850967654455,0.413754250301196,0.176337232644716,0.168604121919905,0.182893928989005,0.171679235839089,0.191611951105183,0.172568515988281,0.181623588091324,0.194394332857544,0.00242017664966155,0.0128218742150219,0.00547329934594853,0.0284414706785469,-0.906704312946749,-0.916487555664993,-0.900763033135974,-0.903861672416924,-0.347632631693302,-0.333258479222418,-0.333979295021166,-0.334635842667434,4.35205066845443,4.32775780093213,4.34465009537442,4.31803224189615
0.118894572007463,0.0909320625192659,0.0601571599128581,0.0861835092549103,111.425319351915,110.394219670741,110.17993431525,110.514145450432,17.4607266746975,17.7829272736686,17.8205969279238,17.6660504583539,15.9997380554057,16.1387077083625,15.4960341802768,15.8268080242963,0.665004817818093,0.648524534754507,0.656625758241052,0.660296119187219,0.410250371190303,0.405178047491649,0.413109898462711,0.406647839618235,0.172291509559184,0.183341785792582,0.173573905089292,0.1780905473355,0.197262401466097,0.191744038275712,0.193000661252908,0.188805289978248,0.00368921687465353,0.00264674165968147,0.00975781502368396,0.0194806985730754,-0.906687244156019,-0.896719682341155,-0.908999730371365,-0.903033263523672,-0.337318564628057,-0.337650870539653,-0.338959377986138,-0.329446886984614,4.30322393790043,4.33464190360457,4.32410287290105,4.33768386535639
0.102343693629193,0.129931913556315,0.130015885844454,0.110657474123388,110.243020285568,110.117733322283,109.885512675415,109.945984408428,18.0986792862512,17.6183811270201,17.6585084153184,17.8849637601549,15.8847061693789,16.0482959865081,16.2776457034472,15.7135395119383,0.662482076136802,0.649877857869933,0.650970930875159,0.647986223555929,0.413697027229911,0.410758351342785,0.403465817642038,0.414289144030003,0.182108152334109,0.182907821430114,0.185872012524326,0.18210466337662,0.178579444384487,0.190091426585794,0.183090630146155,0.174509892198962,0.0132716828063431,0.00128664539064328,0.00661722338118813,-0.000371129236549782,-0.918156262107061,-0.901830347145642,-0.90078575166897,-0.915642065295176,-0.339978244821832,-0.337094574136944,-0.337711830731084,-0.339546172760166,4.35411050255343,4.32602871127746,4.33477214017095,4.32589728227719
0.123509142873737,0.0703961308676814,0.0698876564083988,0.0896769978525778,110.725083021093,111.832987844954,111.961920127953,110.327141216416,17.5074633856721,17.9283203535859,17.9299691476138,17.7070934829512,15.7353021888632,15.9596736526182,15.9006779177861,15.9886769296848,0.662037190891118,0.671629667827264,0.665447374236302,0.660407223355131,0.412599192137884,0.397935520477762,0.397978161567211,0.412366333664055,0.177467587280523,0.172476867902529,0.169452793340491,0.174878450957515,0.191327771644694,0.176930057787705,0.190991419621072,0.1923615963919,0.0166528099501345,0.0137122178977814,0.0141312238991935,0.0243297093304902,-0.900842829230091,-0.905879297221097,-0.904306174905588,-0.900735363971855,-0.339427419290822,-0.337474611345822,-0.345210071652962,-0.322645680211445,4.30049017902687,4.31817452841597,4.32257506783034,4.3230575262529
0.0697097786113307,0.0765778982824602,0.114420375598129,0.105363704013228,110.625134370605,110.689278706786,109.391268253615,109.807122423455,17.6432676030133,17.8059197472789,17.8018410969093,17.8424400670718,15.9469926384156,16.0780601991123,15.7968692731672,15.674489366589,0.647812710300713,0.658058925710036,0.650555156901779,0.63820561960152,0.409057677710488,0.40399093137167,0.419768055915754,0.416217292963983,0.181299632517974,0.176844928332321,0.180087278448043,0.177656240715664,0.176789728298445,0.185528795225663,0.170201533290956,0.16332200423,0.0291727495032399,0.00378707981886906,0.0120463442653332,-0.00207274017263306,-0.9108261584854,-0.905014994716306,-0.915082413993403,-0.91964999376788,-0.349629042877061,-0.34390137891352,-0.347187089661822,-0.343104960439484,4.33777823467159,4.3348931593199,4.34759809553509,4.33471283954298
0.101722759791744,0.146867623297021,0.147839187508467,0.10271363375605,111.69892862263,110.696396823995,110.857511199096,111.368469609736,17.8411981485809,17.7100862658523,17.4663559239985,17.8033439434692,16.1652671786553,15.8516547716387,15.8265592536554,15.9096055892079,0.668346449816176,0.6507130254178,0.648391144694241,0.657013490418043,0.395467817970074,0.409034448331884,0.414542271341835,0.393439294782207,0.177884466774153,0.176862277223982,0.169504104780485,0.17524471529934,0.197346173572521,0.178341693243312,0.187357271041881,0.192881299057547,-0.00710153521952729,0.0124820281201869,0.00366863577598501,0.0287148485019832,-0.901399034578453,-0.912806183991526,-0.909685282167321,-0.887417362299331,-0.330814586369279,-0.332015090558454,-0.323995942864408,-0.330791512711548,4.31328903908306,4.34385685702297,4.30212629390211,4.3297442104821
0.112174980625259,0.0693841950030488,0.0547326636761732,0.0625608386133103,111.361604803988,110.34156303478,111.209399895947,111.009636499078,17.7965826735225,17.9589674552076,17.7447689049144,17.9570552006449,15.9399306626813,16.0966489287864,15.860199125501,16.1512723926374,0.657717558309009,0.661768431885572,0.661814851507998,0.667175267718537,0.406359840000136,0.41081399127919,0.403007765552877,0.410621330934372,0.175549007312395,0.179566480714364,0.185188886270372,0.176481897699496,0.178922540154474,0.18580271931256,0.177992401057657,0.187793683452082,0.0241241390491515,0.0182761357817717,0.0133596624765069,0.00715670706138768,-0.912706760278036,-0.910417379728965,-0.909394184463062,-0.911843128444931,-0.344757703652997,-0.333770116237463,-0.352066611659154,-0.346463592879066,4.349888584352,4.37077586763321,4.34478801410063,4.30756473306557
0.024653297098174,0.114676576302276,0.104137347420636,0.130065733733706,110.786404432251,110.853038807482,112.051746229058,111.2179924539,17.881615467582,17.6015251784981,17.6778494095,17.7799294056559,16.0862002828072,15.7832990898162,16.4268175605544,15.9513099978965,0.659273576744193,0.653796271943477,0.659611700645528,0.655035777927758,0.403744404464673,0.408878546628475,0.404106638557496,0.393579110068205,0.181419162464096,0.178317019350453,0.173819179792089,0.18005595777607,0.195857704750786,0.182643997008316,0.180933518730178,0.200038274354426,0.00374148655969997,0.00506874836805842,0.0124802203754522,0.0175049258287599,-0.894732295602378,-0.908503073245576,-0.916015338508606,-0.888318958661527,-0.33715639553984,-0.34251600589894,-0.325930569049524,-0.339083182615974,4.34676036317299,4.29291119718938,4.32486118437346,4.3533842871322
0.159372636974029,0.0930049995668341,0.105650720211735,0.0633676901087483,112.064229906137,110.190763553334,110.413727388083,110.191490476365,17.6780307504417,17.9142061816702,17.8499119868871,18.0123959578934,15.5770743945964,15.8370097569522,15.9675620266308,15.8791234951474,0.66432648647747,0.653083341383525,0.657269456355485,0.656751730949449,0.393772972443848,0.418056443561674,0.407673530732859,0.421583006967503,0.173426178645735,0.178393518511183,0.174645855025188,0.173509673026805,0.178351888791,0.17940388742679,0.184312620951285,0.169761693660885,0.013632662680081,0.0175667218441807,0.0100086467373368,0.0076031815981927,-0.903315075105942,-0.911695539432736,-0.897031672427155,-0.930724829376899,-0.338731556776293,-0.331510489141226,-0.327574344622034,-0.334242777486701,4.32500583031078,4.37701834316658,4.32597156442997,4.30800576434915
0.127904697655133,0.142625735246325,0.125536215675532,0.0835517503423972,110.705695240967,109.406006042322,112.014534474286,110.145990668427,17.8826706855129,17.6343478957759,17.8541607545105,18.1378122199164,16.1108407648967,15.9565088250658,16.2220617918037,15.8511357782441,0.653987038687958,0.645270823573239,0.664327967746198,0.653491781577137,0.395404538895946,0.42305466056176,0.400932180506451,0.4221386331469,0.177259165883793,0.18052898098539,0.164679501458044,0.179027383707897,0.178998067267225,0.1983404123839,0.192554078577256,0.170458232111285,0.00777180811946828,0.0188162261732365,0.0267216211692501,-0.0038884786393246,-0.900628718844302,-0.902089533243579,-0.91151110017301,-0.915553072458727,-0.343002554712078,-0.335973176840876,-0.335810659709134,-0.327252308565547,4.3114439008576,4.27975071663331,4.34178964038199,4.35949500791501
0.0721195354571351,0.0524369535855613,0.121648633254559,0.0854254568259016,109.876342631183,110.70423187987,111.422333163635,110.285913886775,18.1238565660968,17.7637962571026,17.8897929176926,17.8276108047382,15.9677002138391,16.0764293552986,15.9488145396905,15.6589866845914,0.659449234463017,0.655367059482091,0.659313066075113,0.649113726357656,0.418764627606462,0.410203362530606,0.398589254399869,0.41622999370359,0.175242287876141,0.181680654253583,0.176354389451966,0.174294823642993,0.187556255939399,0.167888499009495,0.194441211792312,0.1795170645054,0.0328095884758936,0.0106783673295243,0.00526240383152273,0.00334214862377546,-0.913070831333511,-0.916427029837693,-0.899951720531898,-0.920144312238662,-0.340439844567769,-0.330776022199136,-0.333263083680609,-0.335670198828799,4.30829956522988,4.32765579070978,4.32701096428042,4.32496598219127
0.0579256089913182,0.150792486867849,0.122752236411839,0.0859946201442352,109.680994509446,111.016229681397,111.268038457251,110.464197284916,17.8190103062564,17.7707009460343,17.916314292562,17.2681776625456,16.1303884270904,15.8178092243924,15.8035420014884,15.7993510838114,0.657654161195644,0.652317309548175,0.655428155743822,0.659632117200336,0.411642651457948,0.394313705709641,0.409405724750847,0.409692318834185,0.18018277350517,0.168427242351172,0.168663298325149,0.181268069583843,0.180645227055724,0.189544884838895,0.18363218387349,0.185267632461484,0.0310423579784394,0.00753954322555902,-0.0121793690399001,0.020285779402993,-0.922767265660785,-0.896210356138257,-0.907770511022506,-0.899606694184776,-0.343474642046022,-0.343024189133713,-0.345279466512572,-0.342910300719107,4.30240653513273,4.34202273847702,4.29434446060759,4.32601483212058
0.167480578282038,0.0595276911900447,0.0678630251532156,0.110147384853042,110.812705703703,110.389184936753,110.684353453688,110.806999185706,17.4107834810574,17.7338439876623,17.6210621524054,17.7659086117337,15.7632114872474,16.1091250555183,16.2434328280455,15.7005262448136,0.655035140276581,0.652411032309593,0.666957435696287,0.65951670679803,0.407410598096433,0.402400175550408,0.400339644252019,0.406058391361082,0.167788695085784,0.182541433129463,0.183043483915785,0.171603141977927,0.191522095091037,0.176542583206392,0.188684755728942,0.187512424159377,0.00765930599237186,0.0173304416561895,0.0273918426504226,0.0320569258636942,-0.898780169903857,-0.909638891046784,-0.887335615668292,-0.905257911334598,-0.33866230371878,-0.338319785627752,-0.327560881175682,-0.336963810368724,4.34832362025024,4.36147823417897,4.34237490425448,4.33889052893806
0.0633774789514699,0.109023276672335,0.103210296367324,0.116144987608185,109.286034208683,109.996137348091,111.618585863518,110.751080281122,17.7815769365997,17.5675183052911,17.8566490021718,17.7789877058272,16.0381394975267,15.7214749063529,16.0510173081678,15.7873521670348,0.655027386485179,0.656544630647944,0.661761415224819,0.656195685076959,0.41471554927702,0.42010414797388,0.398467814669166,0.404114614040887,0.180206239474602,0.172381353438683,0.177124853428571,0.174151799567413,0.176990924569304,0.177727171679165,0.190818703288712,0.194792448100332,0.0371086514665965,0.0162313000055926,0.0112043715491179,0.0302418325863796,-0.924482943876936,-0.917711817715291,-0.901352932523474,-0.908428540345491,-0.344464091547687,-0.33324741122967,-0.347297942017959,-0.336460529447616,4.31414837140015,4.32938009209739,4.34422868038564,4.33689614626045
0.0499572561763557,0.0879627132874123,0.0806664282726149,0.0985771912001066,109.417135095172,111.356956696073,110.695779638934,110.919701977737,17.8385741412008,17.8324340064245,17.419153493357,17.5727743248238,16.1646295650491,15.9467157070986,16.0123001486958,16.136376545821,0.651042167313534,0.652913428879801,0.650115075856083,0.655709352745774,0.4261772396099,0.409065548978803,0.406496759009284,0.417736581075044,0.178499943647149,0.176175086989039,0.186282071645286,0.178769014206211,0.163417887448663,0.16640391846045,0.185990580844369,0.183171245139412,0.0324051983890157,0.0246882132919889,-0.00861316315752993,-0.0134853057957154,-0.924862701581663,-0.914087652652694,-0.897866893223242,-0.914022577340968,-0.34732659098108,-0.332258260818583,-0.338446280597472,-0.346457056753149,4.34001335034923,4.31141553492456,4.33593590647843,4.32284077636376
0.0274586628310232,0.0960681440752099,0.110229408508909,0.110313643092414,110.349864077161,110.819065078097,110.003723552666,109.61781482717,18.0533205185547,17.9361890046512,17.9167555075506,17.9526758569946,15.3057360364839,15.9794639450559,16.0077067063101,15.7434743693462,0.653336427389293,0.651706755122687,0.655116413217038,0.662793660151926,0.416882172408086,0.401963573551629,0.412093845198312,0.420041832202722,0.180679240800595,0.172537240159289,0.177402415525115,0.178751347718772,0.189361394511771,0.169869067873398,0.209716789475343,0.193438458431036,0.00772054973345632,0.0206928431343573,0.0297890919307071,0.0318711925553824,-0.904796229252223,-0.916858477695249,-0.903125281349421,-0.906133222503871,-0.333399159362667,-0.338769165988311,-0.335896204716205,-0.331822287554385,4.34051544281143,4.32206499097839,4.31304408596993,4.34370530258889
0.114254275011122,0.0639890216911276,0.103972433636478,0.0710223411362261,109.181384008116,110.744579206773,109.632058386496,111.662079607199,17.5954022783394,17.8727182383876,17.6411632149773,17.7613686685207,16.3785538098486,16.1487664285195,15.7775073893801,16.193710154437,0.651229574291402,0.65214609010482,0.662349762764226,0.651437764327911,0.421527361549123,0.412969276622018,0.416808180129524,0.403492000132686,0.181767600581277,0.174864260387418,0.178138495391467,0.170924050597023,0.168393452032087,0.176225878475859,0.195286589119877,0.190304815914854,0.0135206234268323,0.0173585439686717,0.0232940398473922,0.00629688834953419,-0.925119415788807,-0.918126894408377,-0.894842283569081,-0.895334254488876,-0.345335884795692,-0.334531145466078,-0.332033458030321,-0.335772789705307,4.31985891128349,4.30590278415461,4.32768237983213,4.32326055625805
0.0986092071624791,0.0492078546592982,0.127186364600414,0.0452868679374683,110.258386666055,110.587532196556,109.813378394977,110.515587919516,17.7319186063854,17.8485989474211,17.7181671474121,17.9400656549674,16.3475333621847,16.3654448640977,15.8183765082359,15.8774823400324,0.651611644613299,0.666404988256139,0.64062447169663,0.655317295227319,0.414300902816371,0.414120304075822,0.407462389791568,0.413244860528028,0.181636556141426,0.176973636790214,0.184948694183923,0.170006428965534,0.17163463935976,0.177238707552992,0.185851794340247,0.205065788875467,0.0133118310654552,0.00871670139184374,-0.0010991438766885,0.0105007624622364,-0.917744197780276,-0.920801735912534,-0.89765112750748,-0.903345709633086,-0.345133247186311,-0.339937052757048,-0.343366907719487,-0.336128508818152,4.34434872398564,4.31726317381964,4.33806706173803,4.2904136370901
0.0756485738747414,0.070261203505128,0.0811659502323548,0.128136496415871,109.43727456483,111.883255616451,111.521469405653,110.229728618056,17.9047760007895,17.7651913965526,17.8208549835377,18.259453472989,15.2881260259192,15.9458853578125,15.9530218367153,16.1483642956988,0.648828160527976,0.654814852455355,0.6634809713679,0.656421842640796,0.414839112651777,0.404057978981573,0.411285874654165,0.409156039047508,0.181768430404418,0.17047611875476,0.166796587281745,0.180352680197414,0.200863020205822,0.178019406985723,0.169797201405296,0.164788890439163,0.00984954376054032,0.0121219834482707,0.0186674287400697,0.0253051605363566,-0.899542407568558,-0.904882879079769,-0.918854949271502,-0.914236382574432,-0.331338859846611,-0.335097175053868,-0.330308243188099,-0.335086254917878,4.32030366028777,4.30204527331916,4.32794216254968,4.40978886692726
0.125928503432784,0.129617426160469,0.113105903727319,0.129685022651321,111.783149758263,109.659793591578,110.808483242952,109.96802552897,17.4921714536024,17.7475250888717,17.8273736415869,18.3954882624416,16.4878887155105,15.8959550989476,16.1345366786252,16.108853899731,0.6486772501969,0.644391241580985,0.651156974012618,0.665398523520698,0.399175858923704,0.41147282534805,0.394125607282338,0.408277454823502,0.176588598233214,0.182708304653587,0.184926871551027,0.18104333457519,0.170668555873054,0.181422655486569,0.19066189346664,0.174741474081979,0.00899197770963762,0.00801228472134732,0.00373980355886856,0.0217803799952043,-0.909049238075536,-0.904491912282328,-0.886022870904952,-0.92305905053788,-0.345163748114073,-0.33827900581111,-0.344448617675065,-0.33782335992692,4.34438572885745,4.35015328406999,4.33513781988484,4.38883812759311
0.0461826295753043,0.129177206725237,0.0699251197422238,0.107464079776144,110.232788161102,110.298575394589,111.259056592244,110.2775164422,18.0857739191792,17.774525148269,17.7804068337664,17.8187716816941,15.4933305588902,15.8316603659203,15.9937595400577,16.1031344599862,0.659481182062537,0.656489916395318,0.668974855981079,0.648228298643579,0.411626037860807,0.415539993847492,0.405764028290649,0.406111093894448,0.183108783668278,0.175746276563511,0.171389541592717,0.177399305701142,0.204231632602143,0.195915183307855,0.189260910446848,0.167204500005017,0.0147089790045477,-0.00636123158247489,0.01828606293808,0.00549158721011175,-0.898304064574955,-0.905403118543636,-0.902261863581482,-0.907618966037027,-0.333879883229391,-0.336950172207005,-0.336121696919377,-0.337594677535958,4.32852999437296,4.35026631605045,4.32900146315373,4.32744026401805
0.0873649918749719,0.0889183399045766,0.11149882720498,0.0872334109919172,109.932684459798,110.679451284388,111.561767976906,110.604941500044,17.6972514322764,17.5918322977943,17.5320645305211,17.7841460655916,15.8132370306361,15.985582747358,16.0883318199989,15.6236783599997,0.643205956409953,0.657256600270645,0.659553089335182,0.657731271258508,0.418015897963199,0.407161556736984,0.39816946123117,0.417088720963277,0.177348482081726,0.18434010225533,0.178050253049917,0.169522333341144,0.194547984080019,0.189030526784401,0.192642722212074,0.174270374353796,0.0195689749673825,0.0187678304388868,0.0246700941173615,0.0146563466061794,-0.906687992190624,-0.898939470216877,-0.905945678403547,-0.913425381742714,-0.341811442037382,-0.340535212090361,-0.330859452712434,-0.330874691722716,4.36348570747454,4.31298969675765,4.38289687655238,4.33022460606674
0.112278393534974,0.12280538975082,0.113000419926911,0.120797785698853,110.127750399705,110.823471547035,111.188231769412,111.093521859722,17.8067935189768,17.9312191365224,17.8598577197095,17.7939614372201,15.9649392947215,15.8902416211963,15.9171197040757,16.0201980997574,0.656066272307138,0.658818977338197,0.65637174836062,0.657909768109151,0.413038109776031,0.408191460452256,0.406045844515956,0.414458031390077,0.183916147687328,0.174815991428358,0.173725562513468,0.172901897744878,0.183097764441473,0.190066908168197,0.211225728185098,0.171536184445521,0.0104649029262252,-0.000878107820062624,-0.00559502607480421,0.0151173536072353,-0.912360409107717,-0.914209036374778,-0.892944666349855,-0.925577022420597,-0.326999965314255,-0.336848078550278,-0.338252109339743,-0.335954501463889,4.29490391517181,4.33519507367762,4.28125421912164,4.36152428440944
0.0926082750157552,0.0939401249991332,0.0845696305732504,0.120035575960147,109.537511969581,110.810435684834,111.322746871558,111.418802432817,17.8019190449944,17.4760850842957,17.7915009706437,17.8687804163494,15.9092760211536,16.0105549764786,16.0224210221051,16.1668282137793,0.645921445629501,0.652888507520514,0.665281796629354,0.66672628425148,0.414775792019121,0.402535691808619,0.398914164230865,0.401121681229399,0.183022119144946,0.180618878347477,0.18652545780404,0.174912134283352,0.163736288090986,0.187115096509669,0.192450478339054,0.169945037472876,0.0180183485819083,0.0176950360147789,-0.0013458378660074,0.00297273929784107,-0.915264359974944,-0.904318553337088,-0.89358409173758,-0.907158174525279,-0.333971658096942,-0.335624641860634,-0.341659013749967,-0.331082412738193,4.31645515933333,4.32676623327042,4.28127072575872,4.30719881131952
0.101411218832329,0.134966182456374,0.10544445336647,0.0742060738302512,110.602378441169,110.609367049075,110.63743713655,109.822328694685,17.8144507238867,18.1223616248569,17.6592034219856,17.7404838977382,15.9334056847829,16.0058955121538,16.1468801686213,16.0424948932554,0.662279499671646,0.661277301388646,0.655624016928389,0.657759775493588,0.412449692043933,0.415993361878124,0.400912471498336,0.415112172966494,0.176381107794678,0.172598949837408,0.182701030963111,0.185753694332474,0.171605780148478,0.170406317883883,0.193820884518153,0.178545517212369,0.0281059572177855,-0.010379149712549,0.0130287793347572,0.00574370289384477,-0.924719640862348,-0.925989221034071,-0.888306415087257,-0.909232363506317,-0.336200102936639,-0.340066959329883,-0.348769807982104,-0.333572046936113,4.32280845241416,4.33300601410883,4.30194750053966,4.32958020071076
0.0772826933003792,0.0805446740288502,0.0927156414793906,0.118114482550777,109.809788523537,111.915149041408,110.979278167767,111.745877540328,17.6396895015051,17.6747911240797,17.8759752667201,17.8279028744986,15.6138591278934,16.2871674659899,15.9344698161138,15.8662980364067,0.635673288694467,0.657922742116985,0.661454326470671,0.661966459555208,0.414476801433832,0.401239254732628,0.399031339525256,0.396108965419645,0.182469461639429,0.179210320735125,0.182204396419251,0.170638422410363,0.188494878842954,0.175372961432757,0.178445398173876,0.189849657818542,-0.00377957526160311,0.00437345619050303,0.00240449667908009,0.00761615202946999,-0.908264269823659,-0.902949796297853,-0.905285271974029,-0.90061148939885,-0.337642977007086,-0.336144683195871,-0.335209567725393,-0.333155167766066,4.3404988368541,4.32409885029605,4.33110092883653,4.35190972996658
0.111014253206218,0.135250351628591,0.0960459553460175,0.0945714064617509,110.268026155779,112.115024554325,110.135405525642,111.229553826898,17.5350549870538,17.750921062152,17.594850962225,17.7772857265143,15.3681463752774,16.174215940714,16.0406966411768,15.7056236455615,0.650579751047067,0.660636365402387,0.652250424000385,0.664089397500314,0.413110304927837,0.409032365899932,0.410283959875478,0.410913763346273,0.177351065246383,0.169293845322589,0.18026044941474,0.162205548231876,0.185167144794795,0.187327724141722,0.187152550994044,0.20455380511461,-0.0122286185322311,-0.0121705188778722,0.0126744091042151,0.0214133026924718,-0.90411618758632,-0.906645995321541,-0.899439730147491,-0.900159898242406,-0.338505486565483,-0.34036998562542,-0.344800665360381,-0.330588930436909,4.35031404391849,4.33705251557907,4.33148069696777,4.35881611596394
0.073411199389642,0.13415315280324,0.110022443542695,0.103720126028138,109.969072740529,111.781937746479,109.83091089699,111.13991558831,17.6470800287943,17.7733607617868,17.8807678482411,18.1029983881888,15.8872213246007,15.7159898459767,16.2361058394563,15.9219971969999,0.656847583069795,0.660311499811032,0.65609656747763,0.661715242798525,0.410471334227476,0.392925302178178,0.404241420855698,0.408743395534562,0.174458104136167,0.184278987009273,0.181645406493327,0.167128224652829,0.174470047499859,0.167774937604479,0.18993358791773,0.196763436955152,0.028438664639465,0.0131541994339503,0.0131370791080131,0.0127842306656009,-0.913358580437961,-0.896372969475249,-0.898435291089919,-0.903506367011045,-0.341256835453173,-0.339661456540021,-0.333096837717635,-0.333753993138729,4.32389738196221,4.31066267740216,4.33516495777854,4.37008690769484
0.131514692613106,0.115029962017831,0.0646323317499283,0.0655371177902033,109.624727223458,109.711128381305,110.35796252832,110.652738854347,17.7063378401411,17.7477351702695,17.584395891453,17.743944699227,15.675492764306,16.1506717270792,15.5885736344633,15.8485165066107,0.648540774874007,0.642834888928624,0.650935012230571,0.650673797106238,0.420370858179675,0.414208196869113,0.415297917153424,0.406798494568369,0.175029034521828,0.17545513425283,0.178218166647568,0.181593280494294,0.195432727231319,0.19076346504172,0.181825308215884,0.183772767871784,0.00573895025684081,0.0206381575103203,0.00805599491753645,0.00892973935787023,-0.900618164066692,-0.911339893476381,-0.912404407056669,-0.897682871653823,-0.334117437949695,-0.326188562764104,-0.345209880457326,-0.339431138198116,4.33912216700252,4.30894669819287,4.30988629102689,4.34043549261342
0.125905060993318,0.0835118872364924,0.144745996554231,0.118665545936894,111.432089481446,110.015382966709,110.803666584174,109.521778390858,17.9544478996839,17.612211530596,18.0292809917934,17.8318688060901,15.7539905008372,15.6484480175869,16.3186071144491,15.7546852997815,0.653170478904996,0.64732333038249,0.656222326706138,0.656163743209487,0.394786170437826,0.416174412029773,0.403572527549267,0.419962771020333,0.176788963922519,0.175048382275769,0.181975627302176,0.17819956189693,0.192635865402234,0.188535312055477,0.191496276572178,0.183189621026751,-0.00804203995611136,0.0236962794590536,0.0122346138793899,0.0259000447229556,-0.892191811207286,-0.905187819628021,-0.88967746801294,-0.916648730719979,-0.337227545295402,-0.33612201776871,-0.333795399446751,-0.33389019801452,4.32582939387455,4.33906394461473,4.342380586116,4.31658229438402
0.0986989026058979,0.122443967601126,0.0636596720766835,0.107086124759615,110.674540356045,111.413327208833,111.914117988845,112.656045830508,17.4748861085362,17.9573541454979,17.5267318664323,17.6284945662686,16.1858238665305,16.2029034845714,15.6660608085247,15.8520155703227,0.656123833389728,0.660320800192074,0.662142405882334,0.665793943415912,0.412553928091512,0.397522031736855,0.408176949686628,0.390804534001633,0.173681291148269,0.177820934320998,0.177969453532901,0.173100143077096,0.180531818365122,0.180887534178266,0.175476572993491,0.189723018825392,0.0226361396294645,-0.000111280821137167,0.00896146191342444,-0.00238539928337581,-0.916979683171128,-0.90106854864854,-0.904953873893548,-0.891243584483448,-0.333269923460028,-0.343464313147438,-0.336078453393933,-0.350349772033546,4.3352583038641,4.3242878018333,4.31806938285062,4.31095698342877
0.105474173110556,0.038718944583808,0.13083490128525,0.0913934996422111,110.387780574069,110.375290443579,111.613187293804,111.311470081835,17.6094526783764,17.5881287582066,17.9645852273696,18.0623308726533,16.0312446690469,15.7579267495585,16.5973473925609,16.4078509340364,0.658725433553304,0.651920787834803,0.66048576901613,0.665662242345061,0.410696618910071,0.415963095519535,0.387391021838831,0.397524863715428,0.175423461276407,0.175096458182885,0.171881815483803,0.173723845199397,0.188436922786173,0.193806003980044,0.199192036455992,0.178863807607313,0.029609049877968,0.0192650494703837,0.00821632339243039,0.0158462098126675,-0.901477345663182,-0.903284297292394,-0.886178070858372,-0.904929922162229,-0.331213664735025,-0.335517894644411,-0.344505350302284,-0.329464612467716,4.31688992205805,4.33230980479575,4.33812014358311,4.35214680732391
0.102713634197773,0.0976366197133011,0.0726789233369712,0.145429128132817,110.437480668387,108.853533543446,109.650474150048,110.955478371967,17.8882138788929,18.1372986093471,17.5223608052798,17.601584421136,15.9828441664697,15.9079665425943,15.2478755143241,16.0688338526291,0.656305532158298,0.649997116989888,0.649163948763856,0.657418591006036,0.400507381741014,0.417296402771366,0.429491714906477,0.403477998329369,0.182965663656341,0.181456399616834,0.178968429760601,0.180467817821864,0.184500507697645,0.185717759664327,0.172765950545289,0.172535629869471,0.00351584251496243,0.0219901146442831,0.0126279363091286,0.00670014675759483,-0.902343419286226,-0.904088314536335,-0.916819830309265,-0.90967784305461,-0.343647500738431,-0.336186621113153,-0.334033521944721,-0.345263452105578,4.36375400791373,4.33496681229907,4.31826447798894,4.3006361843858
0.117555324878069,0.0930538902237867,0.0915612955563662,0.0723088819343811,111.092864801332,112.707262044091,109.767545773949,110.991354375488,17.7014402562969,17.5915957954456,17.7612877015338,17.8334816296038,16.0296180990271,16.0310512069293,15.4487471936023,15.9298631576269,0.657405768721996,0.668302290514394,0.646322987444198,0.662911375244919,0.403399980512545,0.399178254562939,0.414764875669772,0.408164361296194,0.17645094187148,0.168821649284931,0.176462486717732,0.172831120870747,0.177179633252797,0.171228790688282,0.177281358397446,0.200440043170863,0.02126728590908,0.00044301639438822,0.0173738563867942,0.00884200260316871,-0.913469799078608,-0.90483574437526,-0.926529756910828,-0.892833874088718,-0.32860667103224,-0.334555549675799,-0.339178777120517,-0.341000452802162,4.29583414539293,4.32129143158264,4.31432988493127,4.36014450493033
0.122321401665295,0.136792326771462,0.120250031978555,0.119468351983291,110.947879680373,111.073963286473,110.557707073504,111.699081569318,17.6900905383432,17.7320176521895,17.8268751964986,17.6011462084964,16.3278642982092,16.3448431242185,16.1231485252028,16.1303047481444,0.666700322371178,0.654487552492023,0.659450287681178,0.655860245965263,0.406804010183517,0.400950582928184,0.419711861873116,0.393354271070558,0.176985028492061,0.183311797831116,0.181653078531853,0.17712136116016,0.180373092871572,0.173946785073685,0.184897988530519,0.165207401155102,0.0155126491656517,-0.00252111831530961,0.00027250749736544,0.00957128417453068,-0.9099320030847,-0.898296108462777,-0.922096736906101,-0.905798546344808,-0.337186898307043,-0.344583279056675,-0.330031689039375,-0.337217420309108,4.29163199208472,4.3559580034735,4.34286986302716,4.2999857993576
0.0708956443544729,0.0657885670793639,0.0836163602973728,0.118600642251922,110.721113953491,110.067887390717,110.828823162275,112.475882943212,18.1730527293222,17.5489339472628,17.773329657844,17.6919500406641,16.4316139540963,15.7079769504565,15.6884487418435,16.2655330044955,0.660834369832133,0.650549478280074,0.652968428971314,0.673962363502084,0.395490690610347,0.41497077957365,0.406797216533629,0.39849489258064,0.175419369456809,0.17859533075586,0.177065604760373,0.176976751091019,0.176456175397364,0.199149629430634,0.19042020835715,0.176646648872827,0.0259010425468587,0.00736450850672972,0.0171256852770213,0.0167709638096108,-0.909055530778054,-0.896088391978842,-0.906807872106944,-0.905289664883004,-0.336541129445916,-0.335479056151878,-0.340516542753771,-0.334151196041601,4.34333729594138,4.31253582369188,4.34125431740673,4.32838286460142
0.119657376034604,0.131647899863007,0.0658116609755515,0.0896152056055115,110.142226825266,110.141019314847,110.296775608643,112.47248211096,17.4529728419606,17.7215851748196,18.035804384722,17.5728913183136,15.6261026755185,15.8211686611604,15.8585279215926,16.1465158732972,0.641515953358345,0.651962963530114,0.656078604962499,0.662296037399694,0.413148117299781,0.407899467180991,0.409067216416424,0.401631084554377,0.174539171853856,0.180988931298273,0.176547248489393,0.173252899067056,0.188747915777361,0.189909242032878,0.191055439164373,0.174018846201182,-0.00951544354481755,0.0117008084862226,0.021735245758585,0.0125671447317878,-0.899915081993695,-0.903270690791941,-0.900038416633248,-0.91788179004185,-0.335783951188329,-0.342380642145175,-0.34381784171222,-0.334297241359964,4.33952042724683,4.32594136091988,4.35180691086981,4.33047308944264
0.17192837103332,0.0616557159648605,0.142440269697403,0.128643699699925,110.953650898143,109.56590484505,110.446030022666,111.942190552875,17.7409413238229,17.2893706418586,17.4826667653624,17.5655630686109,15.7850861750015,16.0514886561786,15.9683806720766,15.9712079418238,0.660863703298134,0.648101269353529,0.65284952683875,0.668601027751635,0.404812426156884,0.423247879630206,0.415316214643801,0.386509813541714,0.176354917427632,0.185389904298653,0.174385970597117,0.177996475888957,0.181101757078542,0.1958147703644,0.169272049655834,0.191814762567853,0.00551982685488064,0.00286654589699876,-0.000377703498523514,0.0175131431678317,-0.910559718512649,-0.903986345087759,-0.921337903723286,-0.882305598072558,-0.339254052193358,-0.335198048873527,-0.330026768395974,-0.347726846064144,4.34541395292534,4.29549451434464,4.31152336618962,4.32930217244894
0.0678861974661196,0.14933486633502,0.121265986572321,0.063029233518441,108.899918774555,111.402076711032,110.624416707888,110.59372784278,17.9033826310968,18.1788824579054,17.5582937514334,17.949049630882,15.7540343141562,16.0572484996593,16.0243019241433,16.1537866768206,0.6387700678021,0.659549086490475,0.645819487021975,0.66030765002339,0.424166316726296,0.40033362624322,0.416150892873147,0.413929906787629,0.178278428804573,0.165006375535321,0.183021147267898,0.172650806310941,0.196901223238793,0.181660031063983,0.170793155031566,0.171234772886998,0.0214689936256785,0.0218926023313419,-0.00122755491751186,-0.000362483944539266,-0.901871649584174,-0.910071834912109,-0.926850668051259,-0.907415889162078,-0.333578080610494,-0.345917754654277,-0.327569128348038,-0.330304430461333,4.32883429078856,4.34345662727036,4.33114104462445,4.33765736075048
0.1086965561645,0.11496143326213,0.0766499978241208,0.092801784423497,109.251526052795,110.975290789554,111.139152810771,110.215893953386,17.8109909461658,18.2680961977683,18.0354944492675,17.5844326206386,15.6561160070909,16.171756735779,15.8104547935096,15.9992722382526,0.644829414742424,0.659347940388899,0.665346849690415,0.641106067776501,0.417218308383307,0.409818114933877,0.402679148445189,0.421696076213398,0.185669127436644,0.170375552435312,0.172593885373495,0.184304650169386,0.194286720882973,0.165686231986564,0.195459859787013,0.1967270399875,0.0207774076946323,0.0164865481979308,0.020463482562803,0.0228208822179014,-0.904243401587161,-0.916825849417575,-0.909735010060342,-0.914591071139234,-0.330189425686904,-0.336072944475208,-0.344407852871981,-0.334013749676102,4.32556909663812,4.30831224005125,4.3417816421375,4.35518696258234
0.0717801860286986,0.104283373948211,0.166031691259149,0.0843534589094039,112.05509898838,110.404771052698,112.035557782022,109.075275715931,17.988714334472,17.41105129661,17.9827458142021,17.5047016223594,16.2263962867392,15.6864693926625,16.0875011092078,15.7856570233304,0.66166021687332,0.659109895282549,0.665292719651074,0.641492100585809,0.397777931094383,0.414784049179162,0.389176248288041,0.418596139901811,0.170464411450407,0.178563303856145,0.168704686146413,0.171489913511089,0.174478857436444,0.192061212704572,0.181111808420793,0.180316702809618,-0.00344607388681018,0.0039956044224964,0.00826070592134023,0.0105934960808521,-0.901631830244597,-0.901957277734256,-0.897980267128813,-0.909441805004969,-0.334450642371555,-0.340267749351367,-0.328393079752207,-0.325339527833742,4.31742743055896,4.34735290750267,4.34825629294757,4.34323851551072
0.0594064406617396,0.102581955129513,0.0932959957007781,0.128142683536139,112.082517025793,110.963511145777,109.18377333553,108.624023988005,17.6114084049773,17.656537584787,17.6936632322531,17.8710575093001,16.2882097381779,15.2935293182243,15.8976365862691,15.601626882951,0.662344755768151,0.655626504834789,0.651950925693062,0.6513195728826,0.406411917701811,0.412780730196756,0.429154523300471,0.422214989495415,0.173261604705159,0.174832613095992,0.174217483957796,0.187659610963713,0.19406264743225,0.19344467762053,0.169990910766816,0.19088042784634,-0.00676101067560728,0.0130049340010718,0.00657731170640548,0.0280439562843852,-0.905799481959944,-0.906592468349453,-0.932451710712896,-0.911340197238955,-0.338811910642978,-0.336709927436398,-0.339375812712743,-0.342090463592661,4.34632807017296,4.30736854063917,4.31413912012124,4.34856325468205
0.115460124108507,0.145058516868345,0.0871024356981792,0.060019116999536,111.078555814102,110.780002203724,109.711633843861,111.186886718062,18.080906056162,17.9146700734913,17.600791433926,17.7013833024966,15.9887476924878,16.0594007329854,15.9947142706617,15.6661120616238,0.657341442342415,0.658051401739974,0.649087753455288,0.652601220896368,0.392393085245599,0.405706219821687,0.423613022486061,0.405298663178999,0.18757077694244,0.176075757791444,0.177284584239302,0.180460894393774,0.171157815522408,0.164188976744716,0.181665723804537,0.177587442103364,0.023834261799967,0.00650561222245236,0.0175412958830823,0.00786307003608502,-0.905311318783136,-0.915703254661137,-0.925310290904306,-0.916233343073167,-0.347302183082464,-0.332052647214467,-0.341198707510662,-0.335741114484449,4.32654701039188,4.37087838995517,4.3230103566602,4.31796464947348
0.0973125010680152,0.0216513301680748,0.109441380352428,0.134558800903511,110.924162004373,110.979801999938,110.054412386998,110.904097887939,17.5003487331007,17.9226756912937,17.99512444283,17.877481767933,15.0974030840497,15.8512642305478,15.5635403220851,16.1242396738359,0.648498923695407,0.662906414165349,0.650829686641385,0.656265042121571,0.412071430784145,0.408000301751061,0.414821208708667,0.400618856081663,0.175270484998934,0.172221505550326,0.174765557190512,0.176633894018542,0.172870602008687,0.196605377076958,0.179434759237009,0.190708821002478,0.0108935045594891,0.0100460256568885,0.00310730785267757,0.0125033540681805,-0.906058699315553,-0.898905918176687,-0.909071653511436,-0.887734200316455,-0.333887800170263,-0.337502532908582,-0.32517225180854,-0.331893111796419,4.31586934728527,4.28530525841511,4.3454284727423,4.33223152871679
0.104289983319829,0.1715856973374,0.112885284645928,0.0712094685455077,110.441630162803,109.968511890477,111.016678269816,112.093461671097,17.5863634012371,17.6498075191008,17.7838278429989,17.8107570730769,15.0006804763881,16.2453865569332,16.0896426641853,15.8858750846214,0.644768199967918,0.653835181371197,0.66408519183058,0.668220406397244,0.418779979544178,0.409990770319781,0.402629432437257,0.400520259453238,0.17242775307903,0.175692622596597,0.178723795901026,0.169860277920383,0.187049420620273,0.172718369515785,0.203965211063029,0.166516772411331,0.0141548147922626,0.0109805818853605,0.0141098634637154,0.0145910168296584,-0.917451577093592,-0.916270510951871,-0.893818543842137,-0.910127101732867,-0.338194274988994,-0.338907132106115,-0.337045439997821,-0.343357778270522,4.31121400899935,4.37422263145154,4.31950647634055,4.3442537506625
0.0964691612839667,0.0299365371438837,0.0959140252548997,0.125243103465371,109.882985976494,111.05735430622,110.62582001366,111.707409166244,17.7728339720553,17.8039609247071,17.897417969033,17.9784026324769,16.0730867779343,15.6797529015023,16.1402649708905,16.050023123209,0.654650427030175,0.658593934948291,0.664861978767944,0.663761894526198,0.41596010340652,0.39719205605139,0.401074279040054,0.393666920706121,0.185346070060554,0.176469404209356,0.175085428487956,0.183690837984314,0.17419883897481,0.193924371899122,0.204052288384342,0.1851388882433,0.0100114456877142,0.00793484072578826,0.0146379594719951,0.0150147651196425,-0.924046810471149,-0.886914052720814,-0.897278088324988,-0.889844649232912,-0.336583218391159,-0.340401583972754,-0.33806049237235,-0.337302286815406,4.38395127977726,4.29234895866084,4.32497744943903,4.31617082147972
0.119853197049106,0.135429196319278,0.0981730911606944,0.145959307718922,109.49803601126,111.025675625899,111.621026918897,111.021799661076,17.6518366941617,17.6319164754108,17.6736833853028,17.9312822530757,15.8885187951299,16.1784967311604,15.8582839674352,16.6482868777945,0.642536331828535,0.661792147626139,0.658936957756196,0.66458585278485,0.415053174502335,0.406078535512815,0.411305295905789,0.393732030955162,0.182765151669614,0.178068863133197,0.181939086589189,0.173491711875678,0.176616287963981,0.173247448691298,0.167580036897468,0.203299971913147,0.00938684725731941,0.00148832717696387,0.00683917842545841,0.0120442983458711,-0.906277224337147,-0.912051536890756,-0.923312484637405,-0.890342485158229,-0.336156488938418,-0.34405475045072,-0.340911064905721,-0.334866820507764,4.3756923066771,4.33865556662523,4.32852042046821,4.30528773151353
0.0765816252631011,0.164537475069094,0.112621704892991,0.0857542063472072,111.279623048931,110.400441531835,109.756625420268,111.636369374443,17.9020868376332,17.9319707171798,17.8386086117653,17.5356290166329,15.846829530401,15.788792910043,15.9367188208277,15.290896154106,0.653616092136554,0.64391004847403,0.64932795390296,0.654884677629767,0.406698281113278,0.410612814539726,0.423148408199072,0.408235266347897,0.168231781323886,0.175330639116608,0.177093061268967,0.175244827282333,0.185780158976922,0.169819583748949,0.197317384618986,0.169862957671078,0.0134656860015784,0.00752709428201975,0.0229905203073684,-0.00449417993849034,-0.909994344494897,-0.917569126325428,-0.893388526664925,-0.911107103057638,-0.336329674115934,-0.330212006382458,-0.336216933893183,-0.343553139280242,4.32572391247065,4.32283271507054,4.28828566796053,4.35044897620745
0.151369369364271,0.0294806256955828,0.0971539928723512,0.101371829990289,111.518261348509,110.907998387305,110.951505049965,111.598685731381,17.7182106817277,17.6530109272237,17.6815096765434,17.5896602185713,16.0211026920596,15.9720379850646,15.7973011168469,15.2386059266242,0.667792861559988,0.65622688640412,0.653961194605802,0.656024395705267,0.404620558844559,0.413045585492674,0.399932933981766,0.412776224901311,0.179856023463931,0.175283678193239,0.174665819086786,0.175294488104568,0.188363455196229,0.183484272349657,0.163363925605261,0.171992948130064,-0.00333333710057116,0.0144666210505289,-0.002080360322735,-0.00352293198377105,-0.906330755949301,-0.911212530114182,-0.9094692759402,-0.912025235427436,-0.339348352635756,-0.34169559246916,-0.341399059432765,-0.342228322714968,4.33257904585395,4.34483120835046,4.37582865321067,4.36995705631695
0.0922237193570807,0.139265891067786,0.0862240256402249,0.109138207585174,110.961694510978,111.59595497105,110.089842867151,111.097779540609,17.8626633701355,17.8971355863636,17.6738431038423,17.4076657176726,16.0424520429232,16.1190094949526,16.1384509212605,15.6713890107809,0.652290679491725,0.66181901008601,0.661227362683822,0.653859724468832,0.400557187503369,0.388133984232128,0.421623340312062,0.401733242526203,0.172931427836933,0.175864746693501,0.177909214612812,0.178219633060234,0.176471468454169,0.182501715545478,0.183585541094496,0.194341885670498,0.013114967254482,0.00615496651791504,0.0150951114939472,0.00451314202572772,-0.896088437787361,-0.888591006514876,-0.90649913760247,-0.902341444136186,-0.334863853188951,-0.336820971282637,-0.333829427357721,-0.342176975679333,4.35934156545248,4.31482971813726,4.28872293040822,4.35170244305309
0.185653245825177,0.09820789183826,0.152750438912204,0.103739873383492,109.213355064166,111.330291711853,111.248430351438,111.110480548598,17.6379718326971,17.8517784544724,17.7042939806149,17.2930276135756,15.5780621567157,15.9435753134064,16.0827635743678,15.8120843838095,0.652290292783098,0.663137764954823,0.646790905358772,0.64927202189994,0.431063835089135,0.402280091773716,0.39836198019724,0.408758332189454,0.171446238417211,0.175713522304853,0.180626674160683,0.181158211718858,0.178757977414404,0.184103606000826,0.192968036651999,0.189781597456838,0.0118489354125003,0.0118529075519385,0.0111505127711737,-0.00236929939854757,-0.919357109803287,-0.918050325136179,-0.89489234543786,-0.89789842057735,-0.32912834321758,-0.339126060958266,-0.345335379308126,-0.337163680816956,4.34060263275448,4.36623224163065,4.37816064836685,4.34674903180147
0.17555193421827,0.0951513776466873,0.136838906880812,0.109268708424965,110.358494429371,110.255635401843,111.090157296631,109.751141319701,17.7444464225633,17.872677597995,17.6428899584807,18.1785938692535,15.7671816975876,15.9448291723422,16.1795404555551,15.9398545868251,0.648380925222789,0.650240769227303,0.649838213222899,0.653904912626067,0.413404859976165,0.413573224192748,0.399380088020927,0.415264318073503,0.174437350877303,0.173752437988475,0.183096078524837,0.167846693421058,0.178378062374871,0.180389378847999,0.184117735795609,0.162665194272921,0.0100697026076429,0.0171733833239386,0.00600739293439592,0.0180624460490341,-0.919496087837734,-0.914380051950283,-0.901903840570428,-0.918123782804613,-0.333085707522223,-0.332505982710366,-0.344414280840598,-0.332914955269859,4.30632099256975,4.29854351983269,4.37840052468237,4.32012115711672
0.0865011922003894,0.136405684916635,0.0643085263742778,0.105264436042452,110.993483520021,110.995778602604,111.184260047655,110.434109320216,17.835285319729,18.1886647767936,17.8660084294793,17.6988606697597,15.9823394905314,15.9022528633155,15.8356786933312,15.8661903217668,0.652555807009286,0.670543611354924,0.658776914798759,0.658879134498287,0.403624635029813,0.412807396790003,0.402017613615656,0.407553737541107,0.179104401459192,0.171832695114763,0.173997894290864,0.181588137022084,0.199791639152467,0.177827117186823,0.204658294761107,0.188303623246091,0.00533400866271527,0.010645116216178,0.0151542076546587,0.00862907498961386,-0.898080715634508,-0.912187846622554,-0.894586906730742,-0.894645815535016,-0.337425862004714,-0.327762886599963,-0.331622095148275,-0.341653366373635,4.35705884737495,4.32040390845525,4.31274812247541,4.34179230180163
0.122369031108836,0.0462851076205491,0.134458079226968,0.08183882205207,109.785968189072,111.497243857024,112.035045659438,110.064171906321,17.7686115828547,17.7486827144335,17.6009879285384,17.6500448501452,16.0979009310751,16.0249843828697,16.1955803812361,16.0070895826858,0.652791554591966,0.650833286815477,0.665238158770414,0.65924396110569,0.409482048889516,0.400869491260055,0.399812778298461,0.409677932414738,0.185840133713781,0.176623731065372,0.172483319167526,0.18185128006337,0.197123192019771,0.192627944401604,0.167840067461261,0.197782070339866,0.00897921734834704,0.0111934585527781,0.00083630158541587,0.00947891429842251,-0.891758182222848,-0.897041274154394,-0.910167390176362,-0.90161496518736,-0.342432746230882,-0.348949389837137,-0.345761240633601,-0.336644538853092,4.34271375814057,4.34516868283278,4.29996115678937,4.34187378787319
0.0886349122652155,0.0969140000274066,0.144075468579727,0.076027166766372,111.657731366829,110.647606515954,111.540534153482,110.351152618561,17.6938678310439,17.7104566559818,17.7303157929892,17.8406463841911,15.8318725095112,16.1840692166697,16.1511105226577,16.0553475403195,0.668280498575457,0.661957716738958,0.662642351558078,0.648059761548641,0.403678408335271,0.404110220883386,0.400254986992708,0.399840191475352,0.171364878070389,0.179432090403413,0.174350101705768,0.181685214955569,0.185350218284692,0.197120190507463,0.175941152920233,0.187210683583247,0.00445559207908835,0.0123419395876337,0.00435678197780315,0.00907256122082393,-0.907006963447511,-0.893350327226328,-0.900787903448884,-0.902733875498326,-0.339121757903854,-0.342320456014409,-0.345634818273577,-0.345678270762795,4.30780237999115,4.34559388339474,4.30050788774281,4.32872737146915
0.0845266711305763,0.106304992740963,0.131370542806563,0.132147589360924,111.344045556274,110.282248413841,110.166901730787,110.867408439137,17.8722997651128,17.8229724666741,17.5250646464262,17.6455637154882,16.3952175540772,16.0124062970036,16.1008407177502,15.8245255413602,0.65529489069655,0.648521487058203,0.647752225950046,0.654595420987322,0.39439906130065,0.402125460543094,0.411132250029255,0.409513833129595,0.174638567826766,0.183953058348183,0.184050907987819,0.167296078571751,0.197959762551724,0.194942761336387,0.19259090052352,0.189017192126134,0.0139179351819242,-0.00639213618243632,0.0178502599125455,0.0149039609374355,-0.893010537638964,-0.895317048821551,-0.898757381448747,-0.908263600430065,-0.335871712281418,-0.334726436940459,-0.341399662951182,-0.342932740541679,4.35686665350702,4.35156676539906,4.30041463149936,4.34517549990329
0.118791364753051,0.10698730263564,0.0750229560008172,0.0674906836855007,111.14741714508,110.270943609719,109.615890458646,109.395765609535,17.6735334576963,17.8018942956598,17.7112172820583,17.8914581297029,16.1450286320382,16.0447990978701,15.8882430900059,15.8690854288503,0.666087330274844,0.645958501588941,0.655341628419805,0.650075929007694,0.402993776730317,0.400259325961938,0.41457600970721,0.415674534602067,0.173366261392225,0.186200113404512,0.184980761917813,0.182607408220885,0.195495599554801,0.197693276989195,0.198852230683851,0.18359616627757,0.0142124012126974,-0.0107283260194184,0.00276339175604912,0.00354895748280751,-0.897367585978713,-0.892426522760998,-0.897698613256572,-0.91159388202587,-0.338776298767707,-0.333505182752864,-0.330189069049079,-0.336697131391598,4.33207781340251,4.34274156692238,4.31320273499923,4.35163050257996
0.0882757291508748,0.087689951640942,0.114181008151536,0.123591714080071,111.749057635032,109.932612149914,110.716882892368,111.743587536416,17.4115441991255,17.8530677867564,17.8757920864792,17.4408225313023,16.1571039632316,16.0101008587124,15.8778526973301,15.9174162163214,0.6582757024934,0.661797752945954,0.655327390065215,0.650903018143323,0.404330557091951,0.409972060848713,0.412890099169897,0.40303259016302,0.168583352092614,0.174521134656474,0.172763305897626,0.176184880947916,0.189264607738051,0.192507001528852,0.170403848308791,0.176170250771014,0.0189372418241596,0.0257886675354249,0.0150178540136757,0.0137416799970057,-0.907461574078103,-0.902436543613107,-0.914271123226173,-0.90284977170649,-0.333717555490671,-0.34606711365887,-0.338292243112484,-0.335860005072598,4.30764706497754,4.33352705038499,4.3625233588386,4.31043515133094
0.128465204641504,0.097879194937719,0.0984647570301371,0.120955410430416,110.077680038895,109.38570776946,111.436332933567,111.450587473564,17.9306903300198,17.7744406325346,17.8797027313977,17.2881780348205,16.1534451894285,16.0169856168732,16.154310551842,15.8312732388534,0.650980318919106,0.646019639844025,0.663624143340584,0.656087416879966,0.410430723422265,0.416349532391609,0.399410434743604,0.412526382118326,0.178535693153469,0.183280867559356,0.177479480585298,0.1800092044907,0.187732897691798,0.191738934813376,0.186559705690448,0.197172558456813,0.020562042088716,0.00998020690226706,0.00754910387872001,-0.00473307400246125,-0.898596261461694,-0.892976033702433,-0.901795520573556,-0.896923754473726,-0.344890934862294,-0.329531766908983,-0.336421189400641,-0.341401222434351,4.32351130663282,4.31339098335874,4.29655012138964,4.35555531305665
0.0791019889958331,0.108422814194461,0.0290919080302522,0.117976298270214,110.715450935911,111.998563435294,111.872541684998,110.139242079749,17.6507289989864,17.9709583724315,17.6765246345852,17.4067670544373,15.9019423110151,15.8128659899782,16.3408726322689,15.7446281580902,0.656524282761996,0.661242847056714,0.661732972038886,0.653001514022596,0.411153234543339,0.395756575185792,0.399622383065553,0.408856256492294,0.173899764868942,0.168130117171282,0.173496795929344,0.181175795723684,0.187173200890161,0.167781190763458,0.201344519316253,0.180003744401423,-0.00387213509548551,0.0114408508200548,0.00789585600580244,0.00147680008652287,-0.91958332099593,-0.907276132635904,-0.889821740226285,-0.906719519752432,-0.329705546918601,-0.340729370967426,-0.348179965989123,-0.336760874903555,4.33676995651757,4.35360859164114,4.37378927119732,4.3526966292999
0.100389165617084,0.0857670251913274,0.130203716791078,0.093468394848399,109.666346795285,109.771615841214,109.689397697928,110.739154369738,17.8727680534609,17.5979637900667,17.3933750431444,18.1543973194485,15.7742021507198,16.2128486716667,15.7750267561603,16.2533490167634,0.651355027814098,0.650920025931129,0.648769450506447,0.659505370976893,0.412748117951014,0.41691596144386,0.424491525846498,0.402131195813448,0.174456592192077,0.181038567257122,0.177133024503556,0.17213128588533,0.164897668001099,0.184182569470542,0.180745983450201,0.18534987486509,0.0172022649125841,0.00844598728498084,0.0163404995742039,0.0172782034778311,-0.925016898781434,-0.907890272215588,-0.922836568166076,-0.910188058737885,-0.3371384973295,-0.33477363831972,-0.326785447287678,-0.340827246647269,4.28909635734834,4.30896643945268,4.33462333097648,4.33681503942121
0.0771443118242745,0.0963757848836856,0.135944854216432,0.152710829206592,110.728441291515,110.0212327449,109.442676292875,111.340790123477,17.8651474407324,17.7288153355723,17.4124013896914,17.6655449200116,15.9449130267036,15.9418312025859,15.6955271035164,15.6914302111814,0.665445603312445,0.657439191560745,0.648873143001372,0.657288897684134,0.404328874990214,0.416205496111489,0.425871062240793,0.406985967013576,0.172610395260867,0.185299364782026,0.174996918329077,0.169193055344251,0.174652497090664,0.181903221236931,0.178718493230009,0.184967425842149,0.0076759790531863,0.0137176022746054,0.0174325121162686,-0.00468041920831463,-0.910802859220239,-0.914311990531165,-0.919239585171566,-0.912105568126551,-0.337157128306702,-0.348347921785783,-0.325345903666459,-0.327252750709462,4.35964271517331,4.28498063327381,4.3389417910654,4.32336824003269
0.136000145025657,0.0816412666924744,0.0702380159736621,0.156447548989859,110.544950663293,110.925006811858,112.173049812953,111.330597294873,17.8668644277945,17.4965552391431,18.1332034757641,17.6757224722129,16.0978817321394,15.9289575941554,16.133907145256,15.7517440520367,0.654073571747297,0.661018596677181,0.671273934430494,0.657451094451686,0.405382656705468,0.398436246182521,0.397932470367618,0.406666143518114,0.180120269210294,0.189336687893501,0.169973367308535,0.167691997266229,0.202456125900135,0.178681365648941,0.16761632854232,0.183499246116066,0.00174751801488336,0.0133599736743019,0.0115231436963243,-0.00956513405581247,-0.897629347168206,-0.900560409522292,-0.912288606798126,-0.907861648010669,-0.332919416452316,-0.341463910622464,-0.341111794404023,-0.324977882141083,4.32602598110858,4.32061148350265,4.33864755219063,4.31488151443515
0.117991741807193,0.127251013563708,0.0623301579508919,0.117981353867998,112.694182535657,111.382537429943,110.378129160243,111.129415906777,17.6493304738047,18.1541815028393,17.8901042231032,17.8295558088776,15.9526007276524,16.1496348514487,15.6888225394449,15.8836039848749,0.667963606343149,0.665811680407614,0.659906981005454,0.652696354196642,0.390413449690277,0.413144989888036,0.412081501036109,0.411985661901836,0.173959190204042,0.163424255487541,0.177266798487712,0.17235310956941,0.186596405767341,0.18816440197133,0.174067546752644,0.180860668626553,0.0216010340674735,0.00411554919278963,0.0302585502549708,-0.00920717748373684,-0.89303363066639,-0.910755868804583,-0.916836112141664,-0.905014535684722,-0.340879801939588,-0.335911096725695,-0.344697703067766,-0.33424365573967,4.35091066300292,4.33786829504596,4.32583793124258,4.34124863934634
0.12860739500602,0.113382542456988,0.0431614335946981,0.0739789730785512,111.658082369369,110.725354894476,110.13378899633,110.674216910443,18.1661797663475,17.9953594289227,17.9015449715815,17.6900006602902,16.32770767021,16.2836796631645,15.791403458391,16.1140072381566,0.667958602952333,0.655009812698049,0.659343255312727,0.661221120562891,0.391566592308362,0.410558956380916,0.410539245812401,0.396081501291262,0.171588384698807,0.170743873265599,0.171990020608792,0.18218122544838,0.188277673956827,0.188575537341755,0.17819774258739,0.188760961799886,0.0148294783287091,0.00817161942207132,0.035623889274447,0.0280390392240516,-0.896597342585829,-0.910120830857422,-0.918426405657404,-0.893188914585471,-0.33462868795572,-0.334418314606643,-0.337180315859317,-0.344108469713567,4.34727365760742,4.33296097083379,4.33610183819347,4.33659075914824
0.0977315886542044,0.108384733723141,0.0398110372852955,0.0631457608073037,110.610019772973,110.880047665589,110.449797730345,112.095087564933,17.7427265499697,18.0049302002028,17.8994324551589,17.5236389937275,15.7979610106135,16.3260242978122,15.7613987075265,16.0890235943441,0.65243807415909,0.656140405496292,0.655141447486702,0.65922276221496,0.408645158884514,0.419009896826412,0.412950890435857,0.394735993808235,0.175384605875336,0.168727693930654,0.172395616162297,0.18511776655561,0.182723076293257,0.185641616577822,0.176209382461725,0.199510884276244,0.0102962931469028,0.0120354923701525,0.0354167669353879,0.00813261680506219,-0.912775227978164,-0.908200657385917,-0.919397109598608,-0.89157099513979,-0.341861406879011,-0.33163977645682,-0.336545852107198,-0.345897718942922,4.3199961456161,4.31705869406762,4.33376021882065,4.35336357699471
0.115823175074367,0.119506879443212,0.106708965778427,0.108403100943773,110.798633043637,110.227601132928,109.151159890596,109.745534759297,17.8195590633435,17.8848535482228,17.7844043621459,18.1902235420908,15.8158738741294,16.1876915700737,16.0499910835256,15.938015388376,0.653952651393824,0.656841698546643,0.645353474364718,0.657521785341386,0.408190952801472,0.407912433721792,0.426394459515178,0.421627943003755,0.175817486958687,0.171207263600993,0.181773244430218,0.177755946851062,0.183235844993478,0.183296630882313,0.186687929997428,0.18358987877131,0.0121069756999423,0.00653790846199305,-0.00316877644468166,0.0159803956872385,-0.901883331243264,-0.916399954081389,-0.915080308802916,-0.922841052013249,-0.337205882022563,-0.330619657089023,-0.334227848165911,-0.336957949388938,4.30497851254164,4.32525720313555,4.32987728039081,4.31146614537163
0.0490295549863615,0.0985882256118398,0.0764086630347323,0.0845397365318079,109.797916518519,110.211416874645,109.610131090088,110.912149416981,17.7752368973919,17.5593912188621,17.522954430931,17.6953708819544,16.1854930728967,15.8892372581169,15.6231606405644,15.9259954438041,0.658298815778951,0.655649966694527,0.655127272467054,0.660247195279706,0.411749025706031,0.407342315587203,0.413524110149901,0.399024261786613,0.189207556618345,0.181314182447144,0.18354935320906,0.186351166914078,0.179485143633595,0.192455024992768,0.179414709142974,0.195723437388118,0.0201730518415282,0.025297424512431,0.0291603233248488,0.00303393283307769,-0.903404031231389,-0.902799733553481,-0.902880776848756,-0.895331044548805,-0.340470674321954,-0.33908045618845,-0.330908375993017,-0.352372275630866,4.37241455237816,4.33856246761058,4.306080849659,4.32187121691381
0.123841544174744,0.0914295727698847,0.115889418738694,0.0566632956478546,109.07285721231,109.754869922934,110.358804388251,111.223143208261,17.8288934358632,18.0449327624721,17.8183894821499,17.7405368430218,15.4626435378571,15.6940332042769,15.8307428983691,15.8907492763477,0.643890203342983,0.646877467786622,0.651337505361278,0.653817525551849,0.425970597847538,0.417815768324827,0.415082032017741,0.394982636399598,0.173064767511735,0.174345422218424,0.171774218147323,0.189665207117904,0.189833337531798,0.193525660219514,0.184024542839141,0.187025755535456,0.0141433402472318,0.00752493767409415,-0.00666584236951825,0.0030318186831721,-0.908745483979701,-0.904099378540249,-0.914832942176644,-0.885287417333206,-0.333582600950256,-0.33237388870106,-0.339421635106706,-0.350102721659581,4.29628920037798,4.31352438742422,4.34451265017837,4.34056052300789
0.0669298810088772,0.0400511740202704,0.0871716736028573,0.0706607863080088,109.811271468534,109.606204281342,110.602828384548,111.863256274375,18.0321845280798,18.004052637592,17.8220754652139,17.7155573667652,15.963664900848,15.7779188200426,15.9655987218689,16.5318478276566,0.656999060365827,0.651580738912141,0.657824130579256,0.674768011762374,0.415432433651089,0.421456320803275,0.403939392586285,0.394912132728704,0.17974555846519,0.179129989365183,0.173706614975033,0.171544211876298,0.173476199329188,0.170521017805613,0.185831376235906,0.179392149763516,0.0155403505087301,0.0111620772953842,0.0156775924392545,0.0156129870749289,-0.919317177880878,-0.924662281540431,-0.900487746934581,-0.907386133921246,-0.334920239123994,-0.343689515806058,-0.334963689396508,-0.339669034934416,4.3566158403342,4.36877153979276,4.3334587270017,4.3325676297795
0.138262748215417,0.145792130770165,0.159246788170767,0.15798404240626,110.618792402579,109.21076134956,109.309554752021,108.390575869142,17.5011932543318,17.8781663923502,17.8523684711905,17.6376744833399,15.8430896917712,15.6205837724751,15.8177129496391,15.6410330726229,0.654663085259042,0.643248904927403,0.648966688184988,0.645129047652223,0.408653697224924,0.422594583288556,0.415743098689153,0.427501246816425,0.177320284154836,0.174948331231126,0.1784382167116,0.181958269135776,0.196334960534299,0.179526680850137,0.189355361545607,0.199384126500854,0.0101804018252014,0.0160078918575026,0.0124341578828107,0.00948804348772029,-0.900021709199061,-0.918906570401096,-0.901742467325025,-0.910716264586201,-0.336011609498347,-0.323167357173718,-0.341403031657102,-0.332546397015014,4.32163569398436,4.29476866039735,4.31891322963435,4.31975484747705
0.0711774845771624,0.146913296377514,0.149779563422939,0.0458185554562245,112.160629141054,110.604949008125,109.713902553399,110.035579534002,18.055495136067,17.7231025173573,17.9508236437837,17.9741222000434,16.1797618039988,16.0323092346384,15.8502409130425,15.7783305759357,0.666763199301381,0.655724493080554,0.647590634958382,0.647189101978812,0.394774382649951,0.409736607516312,0.418569938637771,0.412256865924553,0.174364723992994,0.176145939086681,0.17736941130565,0.178961030684226,0.174760818107693,0.184659012366074,0.186150494603622,0.179237449972395,0.00635664065060219,0.021086852958339,0.00971084968082696,0.0105494687914933,-0.908131847183783,-0.901710057802421,-0.906488483406252,-0.915436048090058,-0.341133692564011,-0.330612069933157,-0.339966549093083,-0.34013384414877,4.34318669953924,4.31109603612759,4.33251345047038,4.3431100411869
0.10885429420901,0.100281706991486,0.103651797665978,0.108797493454982,109.397944815272,110.975082741599,109.619245482796,109.911863528359,17.6965618517832,17.6751399590479,17.4849689704993,17.8400844933552,15.8204622585218,15.9318930496283,15.4263030983816,15.8812251919412,0.643488688797956,0.658173426762825,0.645062555718199,0.656224058334982,0.417372897872755,0.412913040995383,0.422214210921135,0.424371620114311,0.181064859945554,0.175554496090229,0.187342731920175,0.173581139391559,0.190003349423267,0.204984749876205,0.188474835189507,0.177320326693736,0.0207122571007428,0.0153493713268368,0.00859435610961935,0.0121223554759267,-0.905151154430077,-0.894145002884502,-0.908452362625275,-0.917973350380684,-0.3362945069784,-0.334052964112537,-0.331440285462928,-0.338579434574604,4.31964767466139,4.36612025330593,4.3254457844178,4.32312457573169
0.0934630774801666,0.109427843400498,0.0649169931220053,0.112942008037618,111.664864170509,111.086366990793,111.013875510384,111.633141440019,17.7380391174401,18.0471003986209,17.691780680605,17.9000285609749,15.9463796824699,15.9359600619603,15.4914098841947,15.8947161987605,0.655594233715052,0.651306313890216,0.664718050648479,0.652648897652401,0.406070036578434,0.400727917754662,0.415783130192495,0.404378332496774,0.165535588677497,0.176445915461445,0.177805704233129,0.170336485679331,0.180108261644021,0.166847353675142,0.190038113820973,0.179218073315014,0.0164765921003677,-0.000824057733809772,0.00688272391892934,0.00303373331406962,-0.912691477597491,-0.907541617521416,-0.901478426838109,-0.905618043967785,-0.342780180589079,-0.342054439166412,-0.330456688229838,-0.33445099617893,4.38150301319507,4.30674629277583,4.3282516127196,4.3486750030134
0.123427318504397,0.153215825391722,0.0817407913743833,0.0621057925664483,110.948040646235,110.079577612921,111.733391641907,110.512714867786,17.7656104322806,17.9455607753943,17.7171976433034,17.8620505085196,16.1072863143788,15.8961890992001,15.8914970522781,15.7843742428664,0.658389710163997,0.660114144377078,0.656863284761508,0.653431303637664,0.405538429153747,0.410842175516104,0.400520124924973,0.407516463609127,0.1801301847826,0.174658367164188,0.177398784988471,0.169608068154295,0.166570495088751,0.211623372876047,0.185230128130321,0.172386667404637,0.0121768608068279,0.0097557982352531,0.00572537829125564,0.0130375334326382,-0.911028809273499,-0.894190802108422,-0.904648365523918,-0.911923072665732,-0.333762710378912,-0.333947794123528,-0.338831906439742,-0.333582214854611,4.34385799067111,4.33546193922382,4.36339684722535,4.35842285480297
0.0877611408800701,0.128372743745762,0.0944632531230868,0.106222518690625,110.140994335619,110.382266153322,110.947311377999,110.990173904358,17.7312652356146,18.0177311826697,17.918756042154,18.1398837482356,15.76773612889,15.9433319869705,16.0206160975872,15.8254674344915,0.649505682943414,0.655162213796304,0.652672371853893,0.652412682020073,0.415328565696694,0.41264038590964,0.402547023352349,0.413017194856172,0.180059506624358,0.173657246744618,0.175674813036875,0.178546668571229,0.194567824112928,0.194061357840129,0.176209685094741,0.167779953949511,0.0200944367999837,0.00937705081963819,0.00517006462005092,0.003190171028752,-0.903341725390476,-0.892327905828657,-0.903955668818073,-0.922983579498441,-0.345085342961196,-0.342803880185213,-0.338778136084331,-0.34152787263559,4.31995693671783,4.33986643217791,4.33317910425803,4.36450441833295
0.131888676944194,0.114686329414968,0.0751944954822191,0.0789482903064826,109.999819046731,111.579921486545,111.907817496529,110.267237815252,17.9079795582795,17.5829560062618,17.7340907799031,17.9308111035165,15.8910773183718,16.1714952808142,15.7608657484606,15.9817638411229,0.654359106836389,0.6693905694319,0.662930353324587,0.652854297971934,0.414317195642439,0.397939383667533,0.40647593437774,0.410725841660542,0.17764011667381,0.175092856135481,0.179888461799381,0.176330900471478,0.180188074209258,0.18192523378821,0.168933087582979,0.169930198968855,0.000358301336592818,0.00441878746111695,0.00311368864061633,0.0106093103616499,-0.919795807823284,-0.895537864644419,-0.915482482397225,-0.909511710911141,-0.326545167355193,-0.336601313607059,-0.340332261089054,-0.33894189022757,4.34279656670982,4.31251963547136,4.34408195502805,4.35586304343453
0.131846835137274,0.117211207200148,0.1027347821278,0.0925619473914135,110.229749017395,109.645417851673,111.017302306878,110.891800465908,17.9043716326052,17.9945477332414,17.8233248684455,17.6934850645898,15.919642194854,15.8816437138104,16.3822531021606,16.175315029243,0.655586711361821,0.648332206142842,0.66056382226909,0.661325482451235,0.411456087697914,0.418052863768019,0.397773550651694,0.412432323745708,0.178503233136607,0.175451507109805,0.173588840541257,0.165698304553005,0.171436844305295,0.190920685496846,0.198380707881237,0.185264794171046,0.000252264862074478,0.0103276498794222,0.0202416511828406,0.0271946932459854,-0.918932513183439,-0.895607315810592,-0.896621175234068,-0.914110261149733,-0.322381941200761,-0.34205552489777,-0.339470067712765,-0.327201479705315,4.34265873862344,4.35104663691881,4.31941351612526,4.36019212949848
0.0590872158350844,0.0918791639304737,0.117047265405964,0.0580691220213667,111.152790097125,110.810596189568,110.201553764678,110.726378974183,17.8728606425875,17.5845294506095,17.6017104101277,17.7196700780256,15.8643209430883,15.8593457497623,15.8236002407471,16.3543048276643,0.660084389502854,0.650436862392915,0.653599820498821,0.659613559824368,0.409339646163161,0.41694972040751,0.404468587082604,0.403058693060566,0.167979858402757,0.174258098159109,0.180638751741752,0.182464316482606,0.178069232492923,0.167989710224133,0.192225694220237,0.179477418072302,0.0231202659540775,0.0134177032533442,0.00305652430957113,0.0155932733630768,-0.909023271049548,-0.92071010465105,-0.89605815632133,-0.90622457780603,-0.348559686469097,-0.343850213769932,-0.338635808654998,-0.337269553472465,4.34969418223723,4.30664388983806,4.35024692992118,4.30878198157393
0.184281062215607,0.10685964074901,0.0895836253972765,0.125655026924762,110.648493999894,110.670773831599,109.745105293816,110.540788274151,17.8763162039032,18.0662687931938,17.9120983753535,17.9509528651102,15.9903749202513,15.9440130932812,15.9928612685499,15.5226495841842,0.65282018790906,0.660738757646919,0.64993804356813,0.654466334896193,0.40549226779275,0.404114562903726,0.422128047290154,0.408204540728429,0.183174969001421,0.177688531744441,0.168021580694595,0.172972253854227,0.174550929958156,0.185658714222257,0.179075967996269,0.193814162619687,0.00292784598222173,0.00963648423061265,0.0173031620278234,0.00883668027355097,-0.913416256422996,-0.906152876034517,-0.922018724678834,-0.900663300871267,-0.341686492132283,-0.328680499293995,-0.340900874357509,-0.33942631625032,4.32824364763118,4.34019992557427,4.32388816586296,4.3540025460154
0.174148116775311,0.0993737302340447,0.0924351828292813,0.140853508115186,110.529157718099,111.084283821424,110.145024413955,109.74586164407,17.8701498394635,18.1129340842992,17.7015986579849,17.8212623971302,16.0635573300078,15.8175885195937,15.7382799624829,15.9835760414897,0.652975078753834,0.655390452477643,0.657370731688683,0.648273244440521,0.406023729848482,0.411074877359904,0.409966097070865,0.414006279775441,0.185492633927529,0.163840210487881,0.184817046135862,0.176854797683527,0.175162052048225,0.186221651278366,0.185028143056585,0.2031425973616,-0.00244187206138191,0.00913388668694793,0.00873780955297546,0.0112682957215955,-0.912459469562836,-0.907816598433972,-0.900547780279598,-0.902175386329948,-0.337172488151679,-0.341329165020895,-0.33236699527749,-0.336078203337269,4.33229136296203,4.33094747800467,4.33877009668104,4.31551166374559
0.0367196847567901,0.0623263436947632,0.0975962667609673,0.142361153043672,111.015596600022,110.363518720382,111.137999387339,109.968740937705,18.1216613132932,17.6637309462286,18.117147807029,18.1327616763609,15.9728425344224,16.1659782690596,16.1784406623639,15.9290100561922,0.660140146130298,0.657427507293084,0.659416383592275,0.653206665679376,0.411257083957591,0.413798736560956,0.405243801478812,0.419372952101908,0.177818005637236,0.185972698991676,0.169457336285751,0.173837756574257,0.182768267888974,0.171092879172385,0.178858421716584,0.202325528789254,0.0193388039451168,0.013864269698458,0.0111961072009604,-0.0050693369162005,-0.901497646735532,-0.918283505073561,-0.904069531662237,-0.898734399978922,-0.339097904419693,-0.333520586938677,-0.344866539948924,-0.325552350776727,4.36217104004351,4.33146058579071,4.30438553349903,4.3182465677386
0.158408815081368,0.0752788330073044,0.133536228934783,0.166269252865927,112.115536032002,109.238828700998,111.671855474608,109.177326965668,17.2281213230333,17.9535439135456,17.902573939519,17.7190523413301,16.2602382882395,15.6959941061419,15.8231593594202,15.6115933293924,0.670736832403967,0.642898476839754,0.662348701355704,0.644975841541655,0.392239314837907,0.423651854971781,0.407752774532634,0.419157926449394,0.173757936064122,0.175043873778654,0.170901672026824,0.174604104610026,0.184536288135189,0.181291485185579,0.185606723638364,0.177393893790327,-0.00590572502256356,0.0231711861083993,0.00946082456824001,0.0295089885775174,-0.90305004371382,-0.915044053216826,-0.918631144178744,-0.906720586232704,-0.340723368325309,-0.343188231245822,-0.321337463695547,-0.341005720035099,4.30279686415122,4.32292268653279,4.34574457341893,4.34395244712323
0.0307798615841088,0.0654573851894677,0.129202825883033,0.0761875689903058,110.51461711344,110.598731555236,110.846093867572,109.144951066246,18.2092815384891,17.4854276299701,17.6185059459904,17.9370178521884,15.8417557267444,16.0029024666199,15.7862464620079,15.9581423565742,0.661523403770332,0.66478921334504,0.661045341654609,0.644670938822017,0.416310961620404,0.411626427543126,0.409622292534366,0.425908589535058,0.179243146846964,0.180374162311847,0.168403017000728,0.182602508688322,0.185000290416695,0.172130787845548,0.184554473029222,0.187176676013919,0.0212493295896872,0.00321952084826895,0.00734889845955362,-0.00321877477906193,-0.905416591559694,-0.899407714973583,-0.905643127191805,-0.916286579347594,-0.338903322662919,-0.334220973147241,-0.319685859626322,-0.333784888338028,4.36374066623671,4.35408165267427,4.37438755458573,4.33866530898454
0.0298740851735942,0.0648879961687297,0.156546450166188,0.114846561096285,110.756824590221,111.386690483704,111.820212189257,109.458382012309,18.0493910445334,17.7563859405304,17.7060997689619,17.9245066940485,15.9356704468697,16.0787935596652,16.2404843415153,15.8348025999317,0.656060126963417,0.668073834232718,0.674318240799981,0.652327665090402,0.406855612333708,0.407840083252919,0.405592615781224,0.421404982953936,0.177156322364323,0.178488319998722,0.172300267773283,0.179705824389833,0.182329380166827,0.181795631960263,0.186638633370878,0.182378975116325,0.014726177169602,4.25126822304733e-06,0.00163628038452924,0.00601032241176595,-0.907479445637486,-0.911568356984466,-0.914973147079713,-0.918076816715857,-0.335926300065549,-0.338523575534713,-0.330544166875529,-0.33405398634035,4.3303284861234,4.34599364300681,4.33060424895559,4.33211031593652
0.0593951169348318,0.114754834988646,0.123129236114192,0.149265617984292,110.082799832308,110.751301918779,111.34740936174,109.251748029814,18.0956334358438,17.5466730613041,17.5418976486302,17.8410345048913,15.9712738125828,15.6326370662324,16.1649329733895,15.4977902345009,0.658547157196535,0.650231164964205,0.663393701532439,0.641328565541771,0.403345548535248,0.41276288103224,0.398378395067366,0.413977381523696,0.187932859714716,0.176028389397546,0.173248253029387,0.188278405051543,0.177400700931102,0.182803018786657,0.186021966879909,0.180155511574102,0.00269821897078049,0.0194595155970423,0.0155988748996558,0.0100486209008714,-0.900224320632204,-0.911805191557739,-0.894475423369804,-0.90944459239241,-0.34088770212021,-0.336809484779595,-0.34680321357381,-0.330332094804806,4.3377669407844,4.31573265233363,4.32163530990608,4.33288742312213
0.124244702569522,0.0858924261015141,0.0795278538530331,0.0378430963861948,111.408111259738,111.24371883913,111.048774628463,112.078471873659,17.6976649697425,17.9906854753304,17.8920800912029,17.8308063475301,16.2006795828358,16.1922331873357,15.9487767824545,16.0445266637969,0.656832365193922,0.661956149407795,0.658667761685293,0.663371405481338,0.404709674345018,0.399203710998242,0.407190133487928,0.394131423018828,0.168410481870229,0.177632696791621,0.176256749133042,0.173510527467555,0.197463187696874,0.190730880215007,0.185990284223807,0.178904069503418,0.00653552778332744,0.00242799988350147,0.00151920928086581,0.0116427950078881,-0.904645151449329,-0.902825255358197,-0.901977793765983,-0.900489444120983,-0.322586173094695,-0.337743225375791,-0.331764747798324,-0.32643412698466,4.3375213540049,4.3459700219091,4.33270688523408,4.32569985396148
0.109481722365424,0.115900909299516,0.123636148867929,0.0593687134638687,110.975608331106,112.220118784067,111.989844286644,112.535367686896,17.5282536915384,17.7474434303633,17.6679380197874,17.6224824935624,15.7888427997085,15.6773895939599,16.0885129247348,16.0209660899369,0.661048126005517,0.664931639541822,0.657723144132249,0.658589207187211,0.403525422390482,0.395029234975729,0.399210561543299,0.39226374108838,0.177119309991166,0.168127653170916,0.177549132019085,0.178084070946609,0.182113293799778,0.187031285222307,0.179905710128595,0.185596563160173,0.0201239210734046,0.00634985554006091,-0.0106800025744793,-0.00628484869731408,-0.903451987189911,-0.896676079453539,-0.910816448835527,-0.902451020532891,-0.345793149092401,-0.343066559144257,-0.343418812610869,-0.325800891489702,4.33511825134589,4.34669860167355,4.37265522442637,4.32209428840216
0.0527990966776878,0.0873511634679003,0.0719144902576664,0.0717743802834453,109.257915418598,109.686917555745,110.215905349607,111.552107948172,17.9555723611073,17.7825776569908,17.8891505094224,17.609026591736,16.0074047862509,16.0284323769518,15.831972192457,16.2729986429293,0.651017138374012,0.648806492338447,0.650608163928272,0.660373308349242,0.420469315782866,0.414810510428946,0.417116586875478,0.404239115156405,0.184681584067343,0.182613114714137,0.177863932991246,0.175189640893946,0.194987205235138,0.18280094953717,0.193169975236866,0.183888709537333,0.00241180192656405,0.0131647500294049,0.0209447953719625,0.00523550276132877,-0.900579517605114,-0.918351911313246,-0.902423984763464,-0.897614173828423,-0.335026844043903,-0.335022937581344,-0.330789708954066,-0.341069073569913,4.33112515408948,4.32864000949604,4.28907349740238,4.32716293010434
0.151365280302027,0.0813370814784568,0.139500230274245,0.129157326722486,110.824863844039,112.256096717962,109.610124428515,110.704762670154,17.5497733662785,17.4082489481183,17.5561501709262,17.9375194326034,15.6100523857634,15.8112198059095,15.6834531892713,15.7564467807781,0.655645926290464,0.657014258458438,0.643879354865836,0.6529633780283,0.412471869683202,0.394675461957247,0.428089988864183,0.410976091399454,0.169887185996881,0.177757195216792,0.17923179348963,0.175192290072099,0.169946545304997,0.181603623738567,0.173308512580215,0.191158376976015,0.0155088537744455,0.010605333136427,-0.00256967186135731,0.0128307521967859,-0.919009890567055,-0.902322938825105,-0.921026919422026,-0.909531643937312,-0.336192698828181,-0.339767372682473,-0.336342454599779,-0.344139201654669,4.3309116033888,4.33580582482649,4.35817629126124,4.31902321357189
0.129320213669216,0.11203302213528,0.0722595511539732,0.131530771408418,110.876953519187,108.965133852135,110.506066640884,109.219930942379,17.9972224504237,18.1148009690764,18.171051786112,17.813289051898,16.0151032711904,16.1266836490772,16.0732245548765,16.1157626741752,0.659082666692036,0.650475908883562,0.660537068388287,0.653860287432796,0.407460644644896,0.411979433600573,0.405119937488948,0.416974820748843,0.174990152364957,0.174766482732293,0.170707926137566,0.173716981526781,0.175961076672573,0.195986377769686,0.193622161465658,0.188711198507876,0.00592134936077744,0.00886600205008991,0.0167568269804172,0.0196087751466343,-0.914409537277052,-0.908339639815162,-0.906315060723004,-0.905209367312011,-0.330058069879199,-0.337960192199435,-0.341881518452918,-0.327552475553249,4.345231126853,4.33311109463476,4.36328097528541,4.33850884036524
0.0808791837701027,0.0865391805651817,0.106194323785376,0.0681967793924092,110.965848683243,110.508974745611,110.154644479214,110.355168232274,17.6165628063791,17.3944910118869,17.8446631079407,17.6581458395604,15.7455337267358,15.5385209437147,15.5442760831606,15.6761162615272,0.654800282426352,0.659957134293943,0.654019031752415,0.648144637995458,0.415619599106376,0.410118416045187,0.414057368385765,0.417885113586593,0.161634549434431,0.176306479147146,0.171197110511215,0.180091765612931,0.18998897027129,0.173466998450548,0.198079194828451,0.171464688060543,0.00347811967757278,0.0100360976786131,0.0104130375682697,-0.00420212844311931,-0.91482458731168,-0.916597161129124,-0.895486769346116,-0.910391995629862,-0.32659707825229,-0.332150487330725,-0.326973948069592,-0.343431722017473,4.37483884687375,4.33792888594639,4.33189466872954,4.33213367259963
0.0636195445009059,0.113330235437138,0.0809594742794408,0.0699740803264189,111.866295063657,111.674406252534,111.12487883679,110.981501476417,17.6768998119699,17.9324338054409,17.7758460691533,17.4001196125083,15.4821180871417,16.3678637962512,16.0169880325049,15.9042431015364,0.659695390609822,0.65389281166563,0.649425458562337,0.653080919893379,0.420690767949612,0.40354935793048,0.410292167323343,0.416317171694937,0.162252216921401,0.171540588083597,0.165797127267734,0.16972229766327,0.185708984478149,0.174976643954857,0.188508752580871,0.185310887865906,0.00190656724571498,0.00084200044914441,0.0083661128298832,0.00999030883206557,-0.921108953933066,-0.905744750733727,-0.914817357756963,-0.922598999567106,-0.332700443361907,-0.338970758328116,-0.325699805690776,-0.341192305056114,4.37651554416837,4.32656019571066,4.34561543162771,4.34229228330091
0.134399020644679,0.126015820635729,0.0735182426580635,0.0724342991248474,109.104590227042,110.757111163745,110.724461773875,111.008063986509,17.7582275301272,17.6538313504556,17.904760477822,17.5980886891326,15.8300091170773,16.3451206447167,16.0414967879578,16.1214601466677,0.64360006717708,0.664268474801727,0.652584993721615,0.655579973343944,0.419188149456873,0.405652534655643,0.403246798070377,0.407982098718056,0.181030491647963,0.176120439746899,0.177179239804262,0.173835749566179,0.168518846982907,0.177925607970022,0.189631341381327,0.180265128567006,0.0114221354969707,0.0041855805919675,0.00388782974599902,0.0041088567735989,-0.916809070494224,-0.912519598704839,-0.891700857790401,-0.904498907193801,-0.333987823407918,-0.330278802390461,-0.340957156909306,-0.336519513646764,4.34685134260396,4.31147634776696,4.32645558940832,4.3505193804745
0.0633493559442186,0.0671844213667039,0.13741993997848,0.11229392391811,111.277335868847,110.433022668021,112.488436856581,111.067618176981,17.8462779357206,17.8589290375265,17.3812545119798,17.7664550063114,15.8601258654376,15.5576028681302,16.1547111345469,15.8669667024399,0.660325663186484,0.655715957347061,0.66939250354046,0.657813269156512,0.405369008081616,0.410323364292637,0.394078960799405,0.399827365405807,0.17235863425941,0.180246088711063,0.179307321056578,0.181170790148679,0.192805239441592,0.185473337098441,0.189621307896962,0.17609073046587,0.0111436027008486,0.0109715131066513,-0.00255957571379,0.0240934974107286,-0.895438886563125,-0.900654683412505,-0.884926946588215,-0.909430300553062,-0.339098629158046,-0.340070118102388,-0.342382210984937,-0.342690934049644,4.31547325967502,4.35157906694498,4.3384237856834,4.3425322570061
0.0346412302859109,0.108722754410104,0.114138998854373,0.132010755180665,112.847376498391,110.787030315096,110.554185544276,111.63071153793,17.8228607636272,17.6269047739894,17.9449478029879,17.6618392984828,16.2322357687178,15.7499962218646,15.968000055472,16.3706754598659,0.661131646313973,0.661109854044356,0.650253690675818,0.665110081423108,0.389949000113526,0.405245891886802,0.406911212709368,0.402373110424238,0.180957402241845,0.183721891759597,0.173942439662049,0.169999910151091,0.180095129775322,0.185873604160057,0.191187908711937,0.190632862790358,0.0121349179026213,0.00866977902429604,0.0159811847768295,0.00847098293696509,-0.903223751100618,-0.911393799513904,-0.892742409849406,-0.897972406840373,-0.346675041389733,-0.339326624886816,-0.336031533240674,-0.335062511015343,4.35018894798523,4.33655861322746,4.32902773658017,4.34232200047343
0.14577683241529,0.0830656816280865,0.06989180580735,0.124788097008232,108.778166938072,110.765961405645,110.455895754738,112.093972364632,17.80181963579,17.8159482196149,17.8332321676646,17.9216360744628,15.5248310058244,16.1088142538334,15.9312528676445,16.0637615927104,0.644586820499252,0.657265671026515,0.660065661448757,0.660019125663023,0.422480306652828,0.405201175293943,0.424925583527656,0.401365711204428,0.177086247889147,0.173890011389705,0.173336448240265,0.171274783748804,0.186821237388441,0.175492826366899,0.15737501365196,0.174861397758416,0.014060536062577,0.0133325472679262,0.00277898729234728,0.0171388492707994,-0.917547769547136,-0.895263921880213,-0.927110337668617,-0.914902595677201,-0.328719217009732,-0.338503551707285,-0.334040986577626,-0.336111156906905,4.3081468803993,4.34245473220372,4.3172455719008,4.30389597715516
0.0898455998523796,0.106601116915006,0.129395049867993,0.0933722737842628,109.829697817312,111.101256418372,109.316935763915,110.734632569321,17.7011907305464,17.8087157613238,17.685067988685,17.6705492792336,15.9200458003013,16.0197567985209,15.6536119094494,16.1394665062367,0.650329473507661,0.654916402057387,0.653764719391057,0.663363298942807,0.412932701204734,0.408827462268482,0.416629216840821,0.404495471705446,0.177056803031167,0.170221445580794,0.173639215584355,0.178461159448155,0.175306731484987,0.195427878054192,0.186580074132674,0.185928694331686,0.00433884777958404,0.015149900118315,0.0213523607380615,0.00975286549427478,-0.915978684863292,-0.910679481987649,-0.904491077329595,-0.897222423925009,-0.338715069555793,-0.339893657775079,-0.335623129680051,-0.338001415902065,4.35829758112655,4.35788840674859,4.34782968419678,4.33899254446859
0.0974783615757363,0.0796055402504082,0.084746846256759,0.098305871563275,109.884971645906,110.764695476422,109.980454065268,110.390769075121,18.008466381018,17.7850604883288,18.0692968795982,17.7716848212348,15.7169580559694,15.8798870580656,15.9135996485449,16.2619776143968,0.654500198584795,0.661615735809846,0.649996455418742,0.661915326225376,0.406672990188954,0.408017909978592,0.410091003824052,0.406845634222731,0.179259255987311,0.18257348203525,0.180000708753051,0.180789913989474,0.191516260671619,0.184883132944976,0.186863470863472,0.183732727303009,0.004722039730032,-0.00195205512898574,0.00569458629785723,0.00846844383775686,-0.904755410560046,-0.90565670015718,-0.898911020458713,-0.89452500904685,-0.327864018481987,-0.341976808731973,-0.339328471307098,-0.342169433672494,4.28815386453252,4.31074510670856,4.3165919484328,4.33390916409122
0.0576810076225255,0.120119639476917,0.0942038244918569,0.105181644856679,110.991742525619,110.272939369196,110.509043451653,110.949636021475,17.9954049034841,18.1844994183057,17.9358066524131,17.7363512891317,15.9369510576028,15.8023522952191,16.0635342548567,15.5216309920187,0.660042345539932,0.649209493360931,0.651257638527591,0.665461482448474,0.406192494820845,0.41164599210657,0.406829632965492,0.412954101659839,0.180327878691685,0.173769279137649,0.179701095383999,0.175986741482577,0.194193610916002,0.169646503858404,0.185928113680391,0.190250047205985,0.00851890815508,0.00798223221395893,-0.00159853913705064,0.0059932564970535,-0.900299601567256,-0.916557915850102,-0.906471887764129,-0.909778580419303,-0.327788887097111,-0.336666762960474,-0.339431180613745,-0.330792285779114,4.31347832484961,4.33704444900717,4.33225674330066,4.33185865004461
0.0810477980984285,0.0803268255471524,0.103436683587445,0.0857985630836002,110.766302600963,110.968177339707,111.535423180837,110.04836028035,17.9160657205598,17.0974552836943,18.0244081498133,17.8358193407392,15.9651351216366,15.8026796510427,16.2020203495557,16.0275077054561,0.656411185607405,0.651847403303894,0.648125639262523,0.654430610668163,0.411876163667318,0.418497522831526,0.402630684728874,0.414248303412401,0.171683447335355,0.183127117121214,0.178144972015336,0.179607171052684,0.176473213436212,0.183725602412787,0.188561757549528,0.192966287276196,0.0180415667041955,0.0015957400398834,0.00519426775960935,0.00968468213197213,-0.907333931665634,-0.911343347246499,-0.911674834707153,-0.90873477845246,-0.352480871489087,-0.335066017019983,-0.334353907177686,-0.339807105475569,4.34080295209969,4.35381219856347,4.32865939108625,4.30412082796496
0.129553797977882,0.0843732294196464,0.0869736612765745,0.107481988610926,110.560634083706,110.701043087739,111.776243030952,111.436412928649,17.6850995612706,17.4140905802621,17.5409501752278,17.9282464899901,16.0399288464305,16.091614615668,15.9232006460869,15.9851309489789,0.648645950725408,0.654171051817792,0.665021728333694,0.662290732068144,0.414056163912149,0.410199252856929,0.393442659670793,0.401278075278948,0.172756581689977,0.184349005483823,0.178265837233964,0.172253465019294,0.20073304851997,0.201664434681832,0.199527042225741,0.183902446017961,0.00446004509335664,0.00770620643231548,0.0215851494148548,0.0138856223582704,-0.906650479077524,-0.890274160719643,-0.905810735804216,-0.905099517677305,-0.330672651338964,-0.342757438804289,-0.350765977194262,-0.34081018104805,4.31881778544416,4.30218846627239,4.33086233414578,4.36373877327852
0.0860767881736291,0.0791355656664914,0.0785645631886778,0.0907781501689367,111.483114869276,111.944876168601,111.495388064835,112.058552980437,17.9656621181846,17.7868679037901,17.7070971338309,17.9071726325605,15.8090231648585,15.8583544577669,16.2322019090458,16.0518464838636,0.661149122846971,0.661722908122664,0.662652437048757,0.663425432533712,0.39485920031084,0.399488655556115,0.398680633145271,0.391962581828755,0.183206890048607,0.174215945638109,0.171499536064661,0.177825292598101,0.189085926299469,0.196784900051224,0.18199441206375,0.20455694940895,0.0169961025511022,0.00789311707630663,0.0365522427323375,0.00592649377806398,-0.892983213687444,-0.886135627889344,-0.88803021418424,-0.889976312582423,-0.347377661133807,-0.339681325726638,-0.338714281072182,-0.344585869260456,4.33535423380519,4.32456796598547,4.32831091377155,4.33922558381025
0.125422774013489,0.10249380928388,0.055966148293923,0.114438607463983,110.840812439139,109.418289077607,111.180076268786,110.971032155616,17.5187509268071,17.8772231495768,17.4367715518926,17.6058745816231,15.8512773458822,16.0371215738988,16.3178909762089,15.8877588034166,0.646619111027541,0.64939884939962,0.665861947462643,0.655884885717864,0.418631879356042,0.417055179867363,0.402359952293159,0.4082092513622,0.171104361920154,0.178269921174925,0.174387338623054,0.174238737610697,0.178736751201247,0.1722056744111,0.204678476293306,0.168873264951948,0.00454094642730594,0.0117130044943865,0.0284295222443736,0.016857937875286,-0.917257922306342,-0.90889451039245,-0.895559268851038,-0.915570377942362,-0.335407816181347,-0.332271716716757,-0.335272327860805,-0.333759679924122,4.32142541283748,4.35012344936206,4.32929183735935,4.30310687096062
0.110493881432579,0.10254571815779,0.103792190700852,0.113172509387177,110.997965870407,111.296092189605,111.580830434126,110.895579420945,17.608091072188,17.6687540919376,17.641639036232,17.5736184397585,15.6610620597655,15.9938446479904,15.9569110120297,16.0202927408048,0.650136736984906,0.661387783217243,0.657930371822959,0.655665244491135,0.408611409940057,0.40514065238485,0.394982143862246,0.405391561420261,0.170526448939667,0.170560080295486,0.181284496082,0.17601878154365,0.172018667850828,0.190346125018386,0.174020994197037,0.171896494596124,0.00313028324181008,0.00954949526995269,-0.00671816794985882,0.0127242575712281,-0.92363511993254,-0.905030197833333,-0.896823858451281,-0.91823733324596,-0.329731584880383,-0.340976583271238,-0.34905225503786,-0.335639123890408,4.32745014362769,4.31110207848547,4.31529551440477,4.3019388094307
0.106974118119688,0.0956212651194177,0.132802447061907,0.126535531659395,110.218920085171,110.353767893932,111.937030685801,110.846235813445,18.1764853078293,17.8989541139987,17.9678792738647,18.0296583092525,16.2890180544753,15.9550871232282,16.1648322814613,16.115321710139,0.666344331038387,0.659778322137358,0.668216425879179,0.663990114824495,0.403442582060037,0.404679805948922,0.400044521185418,0.396676872804763,0.175890017745062,0.185722319943321,0.165551995244687,0.18716152566415,0.189863220915597,0.188817033363039,0.188303678906224,0.16906914592149,0.0205884722949251,0.00564967239048371,0.00974174742769981,0.00867908827024083,-0.891407502199682,-0.904276479449987,-0.896943212911887,-0.902074628745408,-0.341425645827188,-0.339962126143508,-0.331418764301154,-0.343575096595673,4.33252795805785,4.35187844443099,4.34137888208406,4.34963740074764
0.0702440836593278,0.0972681744668604,0.115471399698526,0.0788365869928102,110.487413784767,110.731438269359,111.358084496955,111.388991581774,17.4067689484074,17.6437911609744,18.1225068540966,17.5219179892908,15.5873767636908,15.9079675258838,15.8943283257159,15.9677489936622,0.649802476506549,0.659451226622527,0.655904823551982,0.650735287688441,0.414340681352169,0.413256521293789,0.402725252595917,0.409550616490779,0.179506855490895,0.172276449359629,0.169335020191913,0.167988255529121,0.181853294485785,0.185320535323004,0.192337544274383,0.1841279925436,0.000496540592297281,0.00950422538466646,0.0100501008682099,0.00406214858909364,-0.898555316432815,-0.912662914056473,-0.90384377993114,-0.915567028186054,-0.338488277122376,-0.331064339699168,-0.329990588377358,-0.333813127298167,4.33095888654779,4.31988762710819,4.31552986469205,4.3053073528763
0.0651942490755625,0.103568758358243,0.0763354498337609,0.112776240989839,110.194063991798,110.908458700987,109.497590479034,109.823856438338,17.4760965908858,17.5977814881607,17.9119487970341,18.0090171157659,15.5631423372743,15.8956701144418,16.0437622073758,15.9419125251017,0.652524217846265,0.658483926862101,0.648313514003172,0.646145741430373,0.409548735513491,0.408333065511337,0.417333264982259,0.40857653703523,0.181544120306003,0.1711212147844,0.176521688261704,0.174700778518245,0.176705778892694,0.187924425387677,0.182817167534375,0.192576351003018,-0.00618849991968114,0.0129728340964648,0.00894644510741529,0.0148176789602262,-0.9006613527308,-0.91165665389992,-0.911370785652795,-0.898835080735394,-0.336674217192204,-0.330725557500643,-0.332614386543046,-0.347837480571771,4.33620430653304,4.3308474706645,4.32284116249034,4.35930501179448
0.139978514376777,0.0826795995731251,0.156435500377497,0.0911665832585377,110.230868347438,109.801377753079,109.545169331718,111.475121011286,18.0105981621648,18.0234413968317,17.7479813931924,17.5426308584191,16.3073489067669,15.8852091722667,16.0755940875936,16.0018857495726,0.666475810404457,0.65097751045241,0.645619673502853,0.665287091171744,0.410163692149876,0.41189388740513,0.412411430580512,0.407760518823887,0.172930607291272,0.183016514990296,0.181571291707622,0.180687522349145,0.187465166414727,0.186521102772553,0.194723921622172,0.169782723629361,0.0181910050727174,0.000926970166361692,0.026469036424598,0.00501552669067557,-0.895946622892504,-0.916212241773879,-0.90195826723486,-0.909830093801457,-0.33696425119703,-0.338626041022611,-0.343194010139995,-0.326778944074578,4.32995731066324,4.3242607100646,4.33791823282227,4.30255876009632
0.0464996084442687,0.0808268054211021,0.0789280567161037,0.0979247458196514,111.402542299901,110.280682390617,110.551415990062,111.3415970566,17.5917169077037,17.9546641417532,17.8684463148455,17.7680169152994,15.5962404072381,15.7860166430223,15.698165170793,15.9500020526656,0.654372887771611,0.654731079785702,0.656992786950549,0.670275168714389,0.408414488749977,0.413651969535751,0.411453141786066,0.396623039555438,0.175357875415949,0.179296567729887,0.172686784009435,0.181405372950336,0.170656685748246,0.177822333131067,0.160930714661219,0.173603236606437,0.0083303588412651,0.00372325954447715,0.00637701275244692,0.010949890215728,-0.906551858136312,-0.911096703828234,-0.92422801377634,-0.913258562574042,-0.336218733535697,-0.340537369724905,-0.34130155189448,-0.343172954021464,4.35374420243539,4.33859298632392,4.3286915425699,4.3376287164613
0.0739435855331498,0.0676418955338779,0.130279851490947,0.104541181455216,109.416454162651,109.91550640452,109.200085392791,110.459803682878,17.2888473193839,18.1158109231691,17.9111825976516,17.8819265744136,15.7799385159059,15.7731706156649,16.0734203563898,16.054258494932,0.647021939340842,0.654231992650795,0.645484894060124,0.657703139173585,0.432869834208105,0.413525568754174,0.41759258413803,0.420096039184307,0.188209650937017,0.174823242302229,0.182053843064394,0.177114438507043,0.171234708577533,0.181183065694671,0.200655751002472,0.216556595621276,0.0150438402909169,0.0145134704591479,0.0131533571587369,0.0120050919985124,-0.922441692032038,-0.905457957567625,-0.900187952721838,-0.902927706355208,-0.336782386073885,-0.336007091518559,-0.336492888736058,-0.335500978008533,4.32415975825071,4.33801050227339,4.30967608123721,4.32915066907099
0.0930641557627197,0.153528127298574,0.167386248826621,0.143576578883957,109.771459675658,110.280275434156,109.128199567722,111.141974522935,18.3326424436394,17.724817287332,17.9558087081385,17.5066283242412,15.6934730446812,16.1042732528429,16.1359788341182,15.7733746378335,0.655479717491825,0.653933888470168,0.643515190049975,0.654325318540547,0.406366672413646,0.408279786799943,0.414185577766343,0.405464371285864,0.170803520086175,0.177326259021747,0.184408234347743,0.172426839387955,0.192700970857131,0.196292153171575,0.204835846522325,0.170616311103239,0.011498624246134,0.00885847079984848,0.0127958789984103,0.00924292498504146,-0.903518698423791,-0.8930388563462,-0.896628469681763,-0.903994811045626,-0.336163693909486,-0.337978484375398,-0.335159199054726,-0.329140555095982,4.33933365075376,4.31889291533978,4.31993241895529,4.34302024134876
0.101811616011092,0.0495546463725602,0.0807550700137174,0.153304984722774,111.849265775196,109.457643495746,110.988024536209,109.946421513245,17.9834009564411,17.836435218022,17.6463877180041,17.9465330846017,15.7733871423193,15.6286909812404,15.6669370662216,15.9904057472065,0.662873406596953,0.651813332079088,0.660535244420285,0.654425634591448,0.393031738280331,0.421136615520139,0.410116241187186,0.418465229513727,0.173937963904354,0.180581783294944,0.174209781963718,0.176391541933343,0.195159527713012,0.181068394219466,0.172685984008288,0.1843600911264,0.00624353860709327,0.0142797285983872,0.014622330891969,0.00847033822088855,-0.894972781753425,-0.914113411330977,-0.911025012690256,-0.914789874454257,-0.342445647959726,-0.33649776154143,-0.336982888311858,-0.336600625027251,4.31682496121801,4.34047259214626,4.35693130618305,4.29607924898127
0.158085862907826,0.136363580122334,0.0409792211827908,0.116152322224002,110.847245417394,111.033484071579,111.709103493599,111.739044035581,17.7295559884295,17.8614677968586,17.6795270153909,17.9396839433832,16.1267564868902,16.2656443182349,15.5376808290815,15.8408201764028,0.655654049146252,0.656380381698976,0.657751768112284,0.658039718142881,0.411695514387291,0.395682544461212,0.413163867638437,0.406460740138164,0.167395370114998,0.181621124766074,0.169973368067063,0.159748852756999,0.181649086319932,0.182051659246114,0.185985095910091,0.160236628465921,0.00668298137836662,0.0134815295766259,0.00747209742309144,0.00653647043590896,-0.909788950464365,-0.910205032210586,-0.917747606528594,-0.924305793547144,-0.33488404447235,-0.340638067370479,-0.337211571039112,-0.321312896875642,4.35974837404772,4.32854653022895,4.33317468124981,4.33445052137198
0.058779624097872,0.0570018706716622,0.0211832896988469,0.142546891773836,109.977574907595,111.819976793195,111.42950384855,110.01269770685,17.9421804219432,17.7688734207569,17.6608588480825,17.6879254925602,15.6680017978948,15.823989839784,15.2975251452944,16.0021130893303,0.660138054789327,0.657346534438363,0.660112249920615,0.656704803998417,0.413085499420436,0.397988940198431,0.411819354433371,0.408679756858238,0.18279568968831,0.1722055358762,0.167860197255676,0.182480697141983,0.179059818199678,0.192565668641027,0.181651925864672,0.198992087871854,0.0128501128292577,0.00474186004864351,0.00970599347055548,0.00910871018951182,-0.906831504501515,-0.910789269839651,-0.916574146462787,-0.889665638471596,-0.337478263251685,-0.333075925771285,-0.33536556324703,-0.346818897183784,4.3020493776039,4.33376017540294,4.33441412522472,4.3298046044932
0.118661880879658,0.146553147376614,0.19120419822515,0.10469891767172,110.423672534766,109.880512072889,110.296910936665,111.982872601872,17.8542816078573,17.7954762311305,17.8121090555166,17.6763361465283,16.1833536864346,15.921823125763,16.5587864235975,15.906403223582,0.654231831810982,0.649705905917865,0.649408207243356,0.656151800177077,0.407977461179893,0.407738211113457,0.407019265053533,0.402196040829838,0.172261627061397,0.189666866019672,0.18431844280032,0.177756759686142,0.188376317334418,0.176215638867509,0.182098296079793,0.19070190556221,0.0161287044258945,0.0137325581457896,0.0136205878867469,0.00686352286212812,-0.901343348247094,-0.911975802072023,-0.903094150971562,-0.893835798559887,-0.341714133104162,-0.335264968726928,-0.34081022910983,-0.340455887529619,4.37030013510068,4.31775920628759,4.30671221485835,4.36065637220147
0.0747118267253729,0.0551612151888367,0.145781837982349,0.0930961421770141,111.961174125669,110.242264886893,109.45885818299,111.757901206976,17.7964038881671,17.8123290577574,17.7815597883086,17.3777822734317,15.897771721221,15.6973443028957,16.3489665995755,15.8707784883761,0.667597194944006,0.650712677392877,0.651249284897255,0.65119853617743,0.395662144592909,0.427305272537232,0.409704228701257,0.398577406410284,0.178421262332556,0.168446145257147,0.17941994236056,0.174404747726409,0.17943577899559,0.195427339328844,0.194176530332376,0.193904921174352,0.00487001102854234,0.0119010228325264,0.010371604969907,-0.0218647406138698,-0.897465213529882,-0.9166882618076,-0.898723984225137,-0.896423028888181,-0.33680200525288,-0.336345119855393,-0.332560088759632,-0.345317081404683,4.29246205209365,4.34005847935864,4.33491480081393,4.32398319754352
0.133313155478717,0.133311761456009,0.126908473567786,0.0645133118518978,110.437134640884,110.195334234537,109.84073696717,110.458026071091,18.0007377884247,17.8393592063834,17.7472472178088,18.1375208810148,16.02008417853,16.0258319639425,16.2536089497408,15.9389940282759,0.648903529349468,0.657392092066567,0.651478585864131,0.660676051562575,0.403512960211134,0.397554290364355,0.412520635513676,0.406487474489602,0.178796638491142,0.18764891879243,0.184128525707441,0.163359702046109,0.195228393539185,0.179698731554186,0.188841583884874,0.19696938897654,0.0162764682872669,0.0178865191212425,0.0071842375109142,0.0324593020794699,-0.896877605762821,-0.901529275795512,-0.893218183646042,-0.909260146453766,-0.349499550981436,-0.33923715752285,-0.331585156250906,-0.327605353077181,4.36689063648081,4.32173148793365,4.33337898147668,4.32911444648692
0.0900634516356089,0.108504310779676,0.1130869541003,0.136762812073206,109.912879188663,110.569601708851,112.086853490196,111.190424521542,17.7849378655648,17.7792600906774,17.7643625599218,17.8529420588158,16.0605331109609,15.6227106203738,15.8793827300981,16.1098217914213,0.647707941195502,0.657204320536317,0.662375618662225,0.66366914872003,0.412085676230134,0.411060769799588,0.398556813985109,0.39714053706284,0.176890051893462,0.17488790214038,0.178282794289301,0.173265372932789,0.186272902690187,0.17869938672416,0.185602060246041,0.17977686949066,0.0108694252466357,0.00465022880755628,0.00623465901607885,0.0122946554871504,-0.897492205176203,-0.904344329987097,-0.904776490785819,-0.911821800399947,-0.354913403606686,-0.328193313896739,-0.341508946851859,-0.341800878184692,4.36576886785559,4.36524812863273,4.34234718099362,4.33586826953663
0.0901673672628216,0.0932155202873106,0.0734866095390096,0.0745392172047925,109.622304125792,109.711225376013,110.188344708954,111.292355836331,17.7845325330204,17.6788214291978,17.8233147250626,17.9122910990686,16.0883433845695,15.9545532434245,16.030116501646,16.2993090840227,0.647298966821685,0.648488268446822,0.656002743223861,0.660108511096739,0.415871549135469,0.414614424335223,0.408758422864894,0.399653708327738,0.176042101357054,0.172954479912432,0.178187302507919,0.175713283309648,0.186287857854299,0.173236120211388,0.192956199268311,0.172390004046551,0.0104868431981989,0.0122832711891798,0.0218119428882283,0.00372099444350298,-0.896955189225199,-0.913390481574839,-0.909982847263021,-0.908722207714444,-0.353444467909902,-0.342041931908079,-0.333404965888662,-0.335555278057588,4.36929991921644,4.29532510043249,4.32120788815156,4.34629123742206
0.0975662190800891,0.125313620739543,0.0885247301912052,0.118899574219419,112.723286251698,110.420994608195,110.77980885665,110.296960141697,17.9202824990179,17.8190216365871,17.9248292957736,17.7711709267528,16.0758605792582,15.9080820163537,16.1317182564424,15.6042705669023,0.676426867042098,0.651484183582472,0.657246740576255,0.65941336012153,0.381433550515867,0.404597757811167,0.401310562477221,0.408545329207963,0.172063620966946,0.177118444533343,0.182632663517174,0.174457516767052,0.175264301835419,0.188497484377887,0.170662469435469,0.189018027646069,0.00626458952014365,0.0176424810631707,0.0215349468531414,0.0241491954780414,-0.891840357093396,-0.905429441609254,-0.898838248470713,-0.906826748392807,-0.329976718962971,-0.340564299567527,-0.339178265886013,-0.337471398208872,4.30723720680206,4.37507446008175,4.39596628740993,4.31121418953845
0.121946331048473,0.107270667431767,0.119952860762479,0.0730504962950971,111.800032988824,109.690164811781,111.346004697168,110.511744502642,17.6972680245248,18.1242450958981,17.6412704787173,17.6807061982314,16.6071281510318,15.7415196763671,16.0192867153815,16.2562582043752,0.664015644772995,0.655083833878538,0.661890215353778,0.648465479684401,0.393064376094968,0.416942848625188,0.397922305583618,0.407690976893058,0.174956473200751,0.172646068333842,0.180089835130471,0.182111468622767,0.183362666294131,0.185380463595686,0.175354553870585,0.174911675423033,0.00717766832557436,0.0168800635886645,0.0153970944654124,-0.00562800765956979,-0.902453949777155,-0.909620005106571,-0.911962013810453,-0.915176421194052,-0.346347847155901,-0.343033708702714,-0.336845260318764,-0.342723558308045,4.33472917857706,4.31039767303227,4.37686071956225,4.34898202510279
0.124195319575102,0.0976453420194742,0.0809082437055858,0.124425658022692,112.080469761651,110.195976449347,111.075825727142,110.785969537769,17.7478737706845,17.5685593868578,17.5586508188199,17.9349644855349,16.7034323474855,16.0892620108948,15.84335654253,15.6904709627503,0.664371945175431,0.650699471780191,0.660546106282271,0.65562706854139,0.393390451930454,0.412179008994545,0.413078665522654,0.406339473297773,0.177276199410596,0.177929537502903,0.172679268449557,0.17808472919813,0.187564986161651,0.205858671131038,0.17442563729484,0.184592154458693,0.00549495611020504,0.0173359607358641,-0.00897226808624755,-0.00576695620653732,-0.907461622319109,-0.903370354725222,-0.920556369932127,-0.911805535985881,-0.345969090289196,-0.321192058544787,-0.342020857969433,-0.340508153990165,4.3404428068057,4.36196705658297,4.3621940183346,4.33055512828749
0.080506268453366,0.0969613786011179,0.0109130279175754,0.0624169668992142,112.436811483869,110.263135557458,109.601840129807,109.573014728955,17.7626525377011,17.7975919937505,18.1404791495086,17.7905910110561,15.6450906536363,16.1203731459391,15.8458783558832,16.0200867228767,0.666182389199564,0.655519523704935,0.657040005872121,0.656358547063803,0.396713746387583,0.41494624213882,0.406282464124479,0.415807139023981,0.169798184200103,0.172867926503157,0.181026375169443,0.180439704778148,0.166906505016945,0.19730530124942,0.167644222921692,0.187606546126157,0.00536366098025893,0.0132428560105853,0.0304021233442151,0.014144014421191,-0.915835873260945,-0.894838051240669,-0.916337094848704,-0.91204657456723,-0.330721014359315,-0.320051118822729,-0.335271748993441,-0.325788137998194,4.32242012710728,4.36894558720937,4.28129791016998,4.34602594694452
0.117198963944076,0.10759927895186,0.0395518792124267,0.127643100635169,109.36986665874,110.912362226242,110.753254473243,111.526147959919,17.6851441643706,17.8701863066571,17.7603245911525,17.7904587802283,16.2351680758822,15.9863683247653,15.9611292483438,15.8955416330369,0.645452108140022,0.653347279057096,0.660125815805498,0.657427630522891,0.424296722457997,0.402307179674986,0.415529232635869,0.408070880341579,0.177880544200427,0.182304161201115,0.185824290741637,0.172914942525566,0.190722474868249,0.175404605025946,0.190103660082805,0.185955902822537,0.0110764508907097,0.0128046470145547,0.0161270637678302,0.00277368213255766,-0.908734898008949,-0.914027643458736,-0.916457121595191,-0.910650250066422,-0.340508229416947,-0.338449915416416,-0.339048554260769,-0.342447636682163,4.34150973342011,4.31167955006653,4.31692162325517,4.32202525256467
0.118874977213972,0.10689353569292,0.103629079587421,0.0420703054005835,109.897141867808,111.204851111201,111.302727687209,111.265883912449,17.7245804166112,17.3054883648066,17.9059761873566,17.3448198063081,15.904037936965,15.9407255641737,16.0753583199999,15.9616765363664,0.647526097627086,0.663540698882849,0.651738290544966,0.657251587443998,0.4096909400813,0.415851657472156,0.406821337746377,0.408868024019056,0.186012228903441,0.172058067062004,0.175915859901271,0.180451164043386,0.199051044265281,0.177582470013853,0.175330573917674,0.178468518653826,0.00552948282375642,0.0021448334759862,0.0114601639955835,0.0182700184262743,-0.888770323328811,-0.908471301019494,-0.916897976252644,-0.911614228986313,-0.334940269865378,-0.331827006809282,-0.337798420813418,-0.331305919391303,4.3539468387353,4.36122666927875,4.35037268060273,4.33867126107515
0.0634367280647945,0.142522838935557,0.105964886397358,0.085070414570586,110.473096171243,110.120244210001,110.903179038369,111.290728905938,17.7187212294073,17.9901352589477,18.1644831712512,17.4590692877629,15.6956826292119,15.9483319062129,16.0691047597638,15.8826494713255,0.651834851840812,0.647723449672638,0.665646030499134,0.663693497401828,0.405542171847308,0.406642611031504,0.408962219574473,0.396652569268387,0.188054438454412,0.176587318573494,0.175083707143759,0.181480552910947,0.193921395392361,0.197015888069655,0.176041068804004,0.181525882768042,0.0153549174104003,0.0163951864202051,0.00752180107548971,0.01430033276747,-0.896153500984946,-0.896109566520078,-0.905857468462756,-0.901465991452699,-0.344611680200273,-0.336713390246027,-0.338182874773057,-0.343926871576111,4.3111237941878,4.32435694569997,4.35944844021531,4.33798881867748
0.170240728123141,0.0595582374050232,0.130924707799148,0.0857552085603602,110.781636092416,110.189034146795,109.864326970552,110.66621396671,17.7946492090078,17.8111870404636,17.5579486177409,18.1938570160076,16.1271169831118,15.8599530226356,15.7326440791729,15.8484173436393,0.648916736723293,0.653631367699881,0.64719929832784,0.655933623018462,0.409263070478725,0.412740374750952,0.41676080321834,0.410524596852242,0.17022807397806,0.182397889106184,0.171087315213471,0.166908095536459,0.183562093048808,0.181866237820168,0.192374315209481,0.182801037574463,0.00357324283901831,0.0104467692873137,0.0143097945272476,-0.00173441284651025,-0.91635988190248,-0.912204570820981,-0.894817447850927,-0.913826122505466,-0.32974505405962,-0.336355198314739,-0.331507120007704,-0.333904431548263,4.35696428959348,4.33835548439709,4.30139674919919,4.32152451613096
0.131884957172613,0.111372692107785,0.0553839897191704,0.113679945067926,110.806089027095,109.998220251759,110.677989701409,109.95193079939,18.0109400331019,18.0900772335135,17.9579358906068,18.2278260260646,15.9399330156214,16.2796278429363,15.9726159234769,15.9122178210094,0.652829763577734,0.653285724506794,0.652474101956986,0.658119730515614,0.413814028989243,0.410539331685242,0.409567840081905,0.413453715656572,0.170316689939474,0.173761894276638,0.177131217533049,0.175499621949976,0.175709140329368,0.191634382273875,0.174094203495426,0.169174288062566,0.00242596078337275,-0.000966117543725383,0.00906918145699165,0.00643040630252765,-0.919282132320033,-0.902692765216046,-0.923889538241129,-0.917028256252306,-0.327709680135178,-0.334770640688187,-0.344463272843495,-0.340322158492088,4.3006350329337,4.30524962067627,4.33759679794345,4.32443933530877
0.0886826498832358,0.0941841420092865,0.144114825391858,0.119817998188948,111.05952076044,110.798536172101,109.484223717295,109.98881456785,17.4443515591023,17.4451981137072,17.8441763748565,18.2457371843125,16.1991734390677,15.6827504274395,16.0632450315401,16.0199217855138,0.653221908748316,0.665776342036869,0.651693145629586,0.658133593072556,0.410554686431197,0.41155607162935,0.417260397991207,0.41106884412507,0.180146062051461,0.183281438845246,0.179444210294709,0.174011851095032,0.181999177336312,0.182352683695808,0.186209178537392,0.170754504811079,-0.00158139530621857,0.0234103430689797,0.00681250284583335,0.00867553803876348,-0.907720983741259,-0.904520144927884,-0.899726761020732,-0.918639836965324,-0.346235773316646,-0.342260532331121,-0.332520195816838,-0.340909812016855,4.34395787873155,4.35936486374818,4.30664201035376,4.33255494892831
0.122071356664768,0.0600147546355859,0.104425499372913,0.0898739775104529,110.085189971118,112.008160610298,110.686541512686,110.440383360388,17.9562663745517,17.8149197202733,18.0579189018889,17.6054464583406,15.6502937091302,16.2738512615373,15.6405040015118,16.0002867137451,0.661605353052086,0.653425785145808,0.650984305068941,0.651793080854352,0.414373259328498,0.405623416286107,0.408734940587595,0.40220810998299,0.171099850034784,0.172767556636421,0.181503123873076,0.185933983425573,0.195099306017901,0.168606998973077,0.181651934203273,0.186618171027315,0.0282264006484536,-0.00116420085712758,-0.000449973168934982,0.00632394998153568,-0.898527777550838,-0.914326046370644,-0.912507747972437,-0.894984875974616,-0.333434571097924,-0.331696886780041,-0.349752053305863,-0.341370118453893,4.33525820393234,4.33627085149893,4.3353380352684,4.33914517264185
0.0975864739909157,0.119680086815614,0.170439156585724,0.102302084145705,111.145339056493,109.645204363735,111.074835709407,110.994711901048,17.3687277520463,17.7136173752487,17.4324471331622,17.4543752024254,16.2873636760063,15.7542113590233,16.2698852149818,15.9275598983213,0.664118193581615,0.652618783419647,0.660330240140042,0.656488614187233,0.402192393629616,0.425303625916661,0.401990969461154,0.406110419423671,0.180388308133832,0.18385356319412,0.174217134493687,0.183191820361772,0.183971963218056,0.188601426715659,0.181779848216052,0.182598209598599,0.0147470294054077,0.0196740255366787,0.010521030928063,-0.0108606513437748,-0.913096418773191,-0.906095365544055,-0.900404237252623,-0.904374596929755,-0.336738514512474,-0.341665450327331,-0.333988046429107,-0.331130473729535,4.32895535770143,4.3180059627078,4.35184925001477,4.30669894472953
0.103127524469617,0.105457768458851,0.103300574160494,0.106097434678431,111.206448000365,112.858629851229,110.473354924194,110.420080996128,17.5898842367051,17.8065857070461,17.8233634425876,17.8396416364975,15.7770268183873,16.0873041042454,15.9226712187569,16.1921400202006,0.648994253275815,0.667957933699278,0.653340020022346,0.650601836318225,0.40379604806776,0.396357757998445,0.411384405818462,0.409351836459888,0.175015646014831,0.173568177403772,0.183048608917904,0.172804389394781,0.17196440994218,0.181844525571578,0.187917276898041,0.191431793482378,0.00901212800780227,0.00100666067612283,0.00530533523576915,0.0156007654410617,-0.904335151828764,-0.909601676787087,-0.908754878100456,-0.9040557009538,-0.34059214235151,-0.34170237384116,-0.340381866112255,-0.344360744947373,4.36306033906598,4.3554604095189,4.30951133638095,4.34897669621302
0.0879215350722256,0.0842657679367117,0.112433589173078,0.0976397462158074,110.419592347406,112.095254913653,111.718380937121,110.79508905917,17.8015097357136,18.0627473272069,17.7242079681632,17.9618217700389,16.2469510583596,15.7846122688605,15.9379947928284,15.959823986102,0.647026874608796,0.669528932427367,0.662508097929051,0.649866467986212,0.408013719287428,0.387185465911275,0.399580600315996,0.415853353583654,0.177584102310553,0.171989955109342,0.170281190219461,0.167686837181761,0.189284495152276,0.180978648337798,0.174209022742867,0.18629824600158,0.0253362631159687,0.0196565998550415,0.0169610625227636,0.00836536736299232,-0.906073387998339,-0.889032290955793,-0.898193481060253,-0.918119623835679,-0.332659186432675,-0.341318438278913,-0.33817102321518,-0.342475202496622,4.32302715057438,4.38325740726169,4.35617289357091,4.34429955261797
0.0756336528104445,0.0857245587781401,0.111880753823536,0.103358570235987,108.701036488596,111.330299422414,110.217214063183,110.846539612982,17.9126341540474,17.3008510947521,17.6112371878444,17.9342988186992,15.3353443577551,16.6724124388567,15.8136719429242,15.9836277531514,0.648485119642599,0.651721590871617,0.65234165378693,0.651716678840678,0.428843388299982,0.40169054122796,0.414105836776636,0.403350805806056,0.186868763995991,0.183409575886321,0.186777301904226,0.173098676074261,0.187373508011312,0.173369289575782,0.184723665605995,0.195027842382919,0.00481445036708579,-0.0116339989656445,0.0143165857106327,0.00598080348896292,-0.914669144370865,-0.905786430805764,-0.909345870562554,-0.894467976271907,-0.342902138445708,-0.341892849636622,-0.333901710092064,-0.334709894785882,4.3334987682815,4.30026123733803,4.33621622049969,4.30988589371659
0.142583545312291,0.139464280153828,0.0857798880630621,0.127732153642283,111.754252625951,112.045431399639,110.262503333646,110.442843467172,17.6486767718469,17.8288142416153,17.7734116680219,17.7898961123286,16.4483826460784,15.8574091756528,15.9960812447894,15.9698908167078,0.667697905299171,0.675933698705185,0.65768122696537,0.660291818921563,0.398148499243008,0.390295916823337,0.415180743104225,0.403683396610545,0.173372587325639,0.171104612775388,0.167421583025887,0.180913576951718,0.184558702598484,0.195609378970538,0.174517707227588,0.188038161087128,0.0169462359277116,0.0146042307429429,0.0125937274445734,0.0180891162547241,-0.90288324389678,-0.894442016132673,-0.920172556369958,-0.897237404012803,-0.335778997301457,-0.338540164144964,-0.334030958323718,-0.341475912567286,4.33824368605518,4.35221920776559,4.34008807348526,4.35275908829382
0.0979811506990358,0.0809912293831529,0.100910369722074,0.0856348959390314,111.764836360909,110.555557912949,110.422683976287,109.449981135687,18.0310195746238,17.7517576338059,17.5774721627681,17.7878327482725,15.8023198118419,16.282984663872,15.9781982001167,15.9083999392293,0.664961581161399,0.650873975664852,0.648379021789956,0.651211288006493,0.397533015461803,0.411912780145337,0.405307960799927,0.425589325198909,0.167660380027224,0.18091941782122,0.175828535733421,0.177648087847999,0.168321790441081,0.18787570647408,0.198997908861116,0.178438405389053,0.016537782591888,0.00137277133565569,0.0071245402419358,0.0014227996976535,-0.906574040867216,-0.902804655091803,-0.888657251452708,-0.922116935706434,-0.339773804281677,-0.340144189825463,-0.345246548944736,-0.329997039486545,4.3428953563506,4.31227595884858,4.35237328299417,4.34330404697634
0.0977305097209488,0.108715805902532,0.140575217330512,0.120747398061782,109.092259139438,110.345490656147,111.723201840147,109.129200784153,17.6017613268501,18.077604910187,17.7008596863854,17.7448343329477,15.9821647969759,16.0299673631846,16.0250469694668,15.7841738021197,0.635953626229668,0.65669724013208,0.662760152024522,0.641096037405634,0.427239165860504,0.415534952864706,0.400786707046721,0.416937212549058,0.18055729057767,0.173076018185423,0.174635149312728,0.182951787624439,0.185122658282778,0.184660382140654,0.188504349360475,0.182113348891663,0.00481684301065307,0.00650889605918274,0.0265120169427993,0.0297985142366131,-0.896838685903164,-0.918200223078705,-0.897157899110245,-0.917363295178326,-0.33475546564061,-0.326479545669231,-0.329342172824307,-0.34118990040667,4.33142925546079,4.33602330822603,4.30433140061125,4.32977572136126
0.158894352911025,0.060070126292815,0.113077300094522,0.0525933423585203,110.687051866021,110.367411048351,111.363477218084,111.284599358306,17.9587456345896,17.7253469439013,17.7279601599438,17.8842656522934,15.7016670767052,16.0184957000534,16.0524593355726,16.0594120794114,0.657174569858217,0.654383385645999,0.656036524743089,0.653331994828218,0.408625183864362,0.411628318917416,0.403018027777968,0.39517647480396,0.1820613196783,0.180493362316438,0.171379903223365,0.172633797727684,0.197484458549066,0.177433514975857,0.180284218048747,0.18264939532051,0.0101695498631199,0.0197459902142545,0.00850451326309139,0.0194417517366778,-0.904669757305975,-0.906315669000346,-0.90677178782906,-0.89547438132167,-0.337133639238572,-0.344716283354993,-0.332083678411283,-0.348344941241739,4.32413512160852,4.32483109853498,4.34249525558828,4.3572040480885
0.0648064357221732,0.0817433657447254,0.108161765679453,0.0451829785694059,110.386291781023,110.28750985797,111.436674432473,111.009799542036,17.5527182641469,18.0057605666405,17.7297348549599,17.5100016355908,16.0042355249258,16.0078261627879,16.051396874165,15.8439414055398,0.657458977518132,0.657352484742778,0.661006713454916,0.655677371573024,0.411279731588681,0.408125055460936,0.401917726227211,0.413283710465875,0.172984118667144,0.181360304346449,0.170582716788669,0.175784784410868,0.187976952549412,0.187707002068471,0.193123210150967,0.188832904796909,0.00905081678136585,0.0301945057163898,0.0178663400214077,0.0122721234707055,-0.899460719947613,-0.903937816777043,-0.913139492054712,-0.908212302731453,-0.334290049998369,-0.340357609276444,-0.34037784964359,-0.337387643500625,4.31818714798628,4.34229472223879,4.33716610508794,4.34287521225848
0.117151548388845,0.0910960603848083,0.0970839694662628,0.147122515141673,110.330858739446,109.077726959074,111.915083254131,110.73210421665,17.8486116835108,17.5720820631435,17.8027494131958,18.1305970343355,15.9226297164964,15.8266101574475,16.0287186470515,16.0802417743936,0.65512703661048,0.64336361299409,0.660334843759428,0.654649574290052,0.400780560153848,0.424174460670095,0.39956816008084,0.40883717928306,0.181072290926388,0.186307690001012,0.185077049199796,0.177368745187003,0.174080283812058,0.192435726345796,0.178117443158491,0.182072016589141,0.0121765210556929,0.0065775057884736,-0.00352081107713565,0.00213546818492137,-0.897309001944231,-0.918433695183651,-0.914337822777634,-0.906500992041875,-0.342433742643015,-0.335419549632195,-0.335660054941244,-0.338954934565293,4.34026779664203,4.33135099637055,4.32991045171682,4.31355000481712
0.0930733245756682,0.104236793030051,0.108175385922543,0.0856793843573203,111.061782186904,108.988944651367,110.251671943139,111.056198194208,18.0408734002183,17.5317313541867,17.796120102772,17.7170236517476,15.7344123734517,15.732846279089,15.8343914466333,15.8835264640183,0.656018156443186,0.638375672943242,0.650790421586831,0.655546171030506,0.404136180691718,0.426807789321824,0.40681241721648,0.409946891765118,0.18606246142025,0.187540189052737,0.174904305212867,0.176245640919036,0.185134297036107,0.190065589457071,0.192443984221607,0.197914658329835,-0.000647689588875513,-0.00418156046993013,0.017529259458337,0.0166256302985076,-0.914791122761948,-0.913702754417731,-0.912174820530961,-0.900943706066536,-0.332560786270413,-0.335169509114756,-0.33323800564216,-0.336488353201537,4.33115073314118,4.3354120039848,4.32777056631955,4.34119729866541
0.136617462867872,0.0687286140062027,0.0833694663555399,0.101086388525215,111.420166386073,110.470085686845,110.338093675366,110.114051459252,17.4748284080996,17.7481696252529,17.9657103767612,17.8940188052045,16.108844389806,15.8626892245212,16.0154924177008,15.934749364107,0.650156583217476,0.658679443998036,0.655806746082374,0.659554087943303,0.406476919910002,0.409031131158644,0.414211397251844,0.406507539591652,0.16976426758186,0.174290345051472,0.172239489361359,0.181530753711351,0.187388099976986,0.194412592359979,0.17615004201024,0.181704637503313,0.0136723965311042,0.0244046317216537,0.0106171690843109,0.0144538924398056,-0.91969897395094,-0.903261723911138,-0.90645354493944,-0.908854487938437,-0.337978997158313,-0.335970876795202,-0.328439958199543,-0.353441259628557,4.33342392545293,4.32623537806152,4.29755529131941,4.29845490533971
0.0705429746960719,0.076038640339413,0.0917154878654063,0.0783605727851753,111.497525966429,110.256040789822,110.125747036248,111.109332934847,18.20418684375,17.6642460974973,17.5353110876239,17.6767339439209,15.905237398113,15.8313921847023,15.7387805791305,15.6064664867627,0.655161950893248,0.654223428624788,0.647980771531632,0.65940139905595,0.395955656315486,0.41736189633841,0.408938897352555,0.410015449244291,0.181482007653385,0.174830349854674,0.179642161999749,0.173173672421683,0.179869755554709,0.187100026277035,0.169321092491897,0.184163813573846,0.00848041705980611,0.0233277268483551,0.0102360051829064,0.0132814132629125,-0.909731195121988,-0.90620672247151,-0.907616979973424,-0.908495784188951,-0.336125238153065,-0.335310128087218,-0.345531584555235,-0.330363609285819,4.33006267477481,4.33821539044222,4.36403781368508,4.33041526725976
0.102306385844158,0.0811536537069037,0.116136151731013,0.132717314643307,110.361410704484,110.751741199677,109.713947936907,110.558928991137,17.4305878345931,17.9047275086099,18.0802171523238,17.8696225895716,16.0129935543459,16.1557593011283,15.8005680379874,16.105664161637,0.650269059649758,0.656372871617589,0.650797331995887,0.650761525752612,0.407993731041131,0.404514808793992,0.421544286146825,0.4115315917933,0.175405237009383,0.181979318055335,0.173662228081882,0.180033556889201,0.190562422566885,0.170605290780449,0.194373918953347,0.178156257071001,0.017315636907508,0.0111445259939824,0.00771654993890805,-0.00621473024410089,-0.903081520740049,-0.913514003554485,-0.908769061969061,-0.903588466477475,-0.340404448234776,-0.340839461327337,-0.33021139293572,-0.347339144124617,4.3351208961255,4.34290137422723,4.31238558481375,4.3390340339524
0.064857008287036,0.107296648225627,0.0867796204255068,0.0705209498454714,110.999511904222,110.389151919251,110.669118900938,112.079081698992,17.4129015931247,17.8287960019237,17.8201340701314,17.7240545249171,16.0067069590739,15.6119044776286,15.6480042570722,15.9936079056146,0.653905360969674,0.65534778316343,0.655138259416453,0.667032571770786,0.413314225000346,0.418549158740194,0.408833347529422,0.40289029876964,0.182315671632934,0.171147498976574,0.180895869701872,0.173549207327295,0.185439152520375,0.184268756925544,0.172063680514467,0.190477869583881,0.00957229903507697,0.0126930091047493,0.0150450232403677,0.0156730767201329,-0.91046137100407,-0.917682421361426,-0.917922222189514,-0.902808631648281,-0.339336864645338,-0.329261788259931,-0.339906094221276,-0.341346682582378,4.34390194670176,4.31507159127405,4.34427825140513,4.29216684142051
0.12989764083143,0.122287247560098,0.0776822479773464,0.0163106108962783,111.499250280816,111.407641498644,110.280178733902,111.269599271738,18.1762704640236,17.9128277414638,18.0833071362548,17.9471941326884,16.0618101048332,16.2313590297838,15.6414504281835,15.7734167730403,0.660517199643587,0.654241452810329,0.663386511717237,0.657055829360452,0.401600456817456,0.39342338568866,0.409805985785367,0.40980116325683,0.174555850181865,0.176880944112386,0.180909067351513,0.169980263394047,0.182826167153918,0.184371532530519,0.170084149744833,0.179042908222559,0.0054636126240627,0.0155782738068961,0.0142842879809352,0.0176985696058678,-0.895455559739925,-0.898818800223829,-0.919484493130574,-0.907677767333055,-0.345534986844073,-0.34073175419497,-0.335194286935067,-0.339525154908475,4.32076688590266,4.34962206623923,4.35263145742337,4.29837883239935
0.10311670471326,0.126143147873436,0.0982103565459179,0.048421814684355,112.502710792514,110.419255364692,109.938604620883,111.250560266433,17.5571985450209,18.0101854408656,17.7617103905195,17.6390580225646,16.1264133218517,15.8073553838927,16.0115351427805,15.948789155608,0.67041009173663,0.659186038444264,0.650495812787719,0.651114909993866,0.394841648986641,0.414946349270313,0.426275479679265,0.412858908231282,0.168223583269658,0.172408613206085,0.164972245544482,0.174529300011644,0.198959940656561,0.186779898664387,0.164266637274109,0.185056578430805,0.0261199420554951,0.0033466896893489,0.0118148365454567,0.0103726043439485,-0.889673949776243,-0.917147971654213,-0.925993241623151,-0.911195218660748,-0.327944522058177,-0.335988538164425,-0.333756686438914,-0.331615256000137,4.35023797367998,4.32197932407504,4.32723255863507,4.29440564961892
0.0922943505198762,0.1287782859718,0.104684738566169,0.0516832947399264,111.0383434027,110.58730535408,111.460408341126,110.165085614196,18.0969572137085,17.8970418574444,17.7626594727838,17.7967186643193,15.8676845721873,16.158025161602,15.9753935502341,16.2444982595349,0.660994653049858,0.65265722526072,0.659487025980528,0.654493335136176,0.396112029846722,0.402986836094137,0.393211111420108,0.412513780799844,0.177558236997991,0.172297128746063,0.180963199068782,0.176154570415326,0.176566139829895,0.181509045781661,0.20687404649432,0.182424832786001,-0.00553958389373024,0.0186151758416303,0.0130894559960489,0.00846470229950662,-0.909210149201759,-0.902472106289901,-0.886406294672594,-0.909127019542901,-0.354037362979182,-0.330768461174404,-0.348411119393183,-0.341726283449697,4.32538361343757,4.31643856079989,4.3033837819369,4.37402087691136
0.100766829374213,0.0608201578434508,0.117996277599711,0.101084146247332,110.148015732785,108.946692735248,110.614807091238,109.284099144501,17.5125995752148,17.6765245600199,17.6941795183929,17.8624447340902,15.9709166970111,15.4424894926344,15.6528060453362,15.8121292738634,0.655535099936151,0.640834913651106,0.653136332744008,0.6464512078909,0.426965575409272,0.428695254347749,0.417546198580677,0.418880142042425,0.173510987426309,0.182742573402654,0.165527084064086,0.184060350058443,0.190526951010105,0.189334674970362,0.165713134913804,0.181451403318928,0.0241490258726391,0.00377144794090734,0.00507408592016214,0.0140615008060854,-0.909426171303632,-0.909367550672711,-0.92493976862213,-0.923039599234215,-0.321319084038092,-0.340934513783898,-0.332687395925204,-0.334123667233496,4.33118368813518,4.35005951309603,4.34373152089302,4.30590359411464
0.120683958342403,0.130647433567209,0.107371602281151,0.102042782228455,110.946019133048,109.927262097437,110.499999335545,111.316750880434,17.7943040484738,17.9618130122156,18.1102161284417,17.7792420376527,16.0400823389587,16.0658995822131,15.534074767071,15.8705322615236,0.660077261717677,0.654687371327443,0.655016929860253,0.65555867723147,0.400802797553892,0.412335611511575,0.417875273926469,0.405402633173717,0.17955161466479,0.173067314535856,0.171795898646204,0.176039291757699,0.1851674991477,0.177252133704858,0.17399396187266,0.199015101698467,0.00453293161885584,0.0178424540818256,0.0137357506357216,0.0121428193410265,-0.905910709236501,-0.918492270553001,-0.926858408438816,-0.901587000318813,-0.350010330984183,-0.325439198792918,-0.338083668030535,-0.338013665729527,4.34808276923749,4.3232395146802,4.33628949714993,4.35363460065966
0.127066807303129,0.106430305508535,0.125274991019282,0.0999150239840021,110.439380117145,109.478609037267,110.412057442753,110.499094237925,17.6707224459285,17.6963905818572,17.7948367569031,17.560072737477,15.981388099995,15.9068848244337,15.6574987768526,16.0551146899769,0.650152137168204,0.651025269921458,0.659568945064672,0.655687320135918,0.40754056409415,0.417862398027625,0.419459824693376,0.413132779161019,0.172198634168455,0.181565985348212,0.170738759239725,0.177017080608206,0.18830044909504,0.184400411125673,0.187755081975252,0.17197473343295,-0.000480384844369367,0.0249552580038564,0.00785369567444939,0.00769587342793736,-0.898822526304631,-0.913454264540493,-0.906080662407277,-0.907069066064808,-0.328776251657125,-0.331566890448147,-0.336765724366867,-0.336220144363203,4.32333916787705,4.33086641358491,4.34643387575618,4.31593638062929
0.0571450264054148,0.0896532567681083,0.124535093935029,0.0919486298648545,110.952042856084,109.785063504242,111.115554394329,111.924508907293,17.9093716615668,17.6899370617874,17.7609921593883,17.6131841020096,15.701316208386,15.8081848495532,15.6573285248038,16.1256119326295,0.663810247686196,0.648170544496189,0.647348479499946,0.663991230849678,0.415637045300447,0.421235403664371,0.401597190365159,0.394410470912021,0.178080836320092,0.177218804968445,0.178976157203828,0.180642068660246,0.17079970861268,0.185655681204703,0.185890876231177,0.172374940608983,0.0138677149777959,0.0196634871152131,0.0132337833209211,-0.00329838898738929,-0.913148848158298,-0.906612126817347,-0.900572617178837,-0.920299019923312,-0.348089567121582,-0.331530708753165,-0.332806233022929,-0.335133258906216,4.33046015541356,4.31881010354534,4.32915076104146,4.35202560002124
0.156960020032571,0.115455285725106,0.121406693910705,0.0679492867145707,110.250903401759,112.028833800155,112.410674258311,111.526024149543,17.8277832146101,17.8091878106517,17.8603283997269,18.0151928861375,16.1219245210768,16.1069362068435,16.4031482063699,15.977377878623,0.646868166584501,0.663637344155938,0.65186149332819,0.648812164883472,0.406055277540168,0.391531183444602,0.39222614592939,0.393018482310648,0.177024618941594,0.177652527316684,0.173610719076668,0.178959310459447,0.211901127056283,0.187393221413401,0.197623503226199,0.202497450136356,0.00895717020117503,0.00054848301275263,0.0108178400527481,0.0280583482486983,-0.889184441181232,-0.892161710124382,-0.891258056059611,-0.885260089820154,-0.331396559855943,-0.346424009096718,-0.336012210989762,-0.34158306612617,4.31195491669369,4.34271229442832,4.33389591537778,4.31759463288281
0.106024791921484,0.0606197777590946,0.0817768396456163,0.0852152841485226,109.717952445748,110.44666981632,109.75914584169,111.972881469448,18.2963031011002,17.7415989186223,17.6599073739192,17.795414710993,15.7076896148823,15.7477926776673,15.5880517655902,16.0094275623246,0.656399832631914,0.65129732169861,0.64169273709084,0.665110006424321,0.413564726037841,0.410352351876766,0.421873793522955,0.388017191472356,0.178286566329492,0.180641837944705,0.177506941487943,0.168921474275346,0.175652726383996,0.175890774399561,0.166901396520066,0.194238094174328,0.00467158002037089,0.000767263968561776,0.0191663581254676,0.022072369920664,-0.911272662758793,-0.911248426778645,-0.914347123510653,-0.887861112247476,-0.350764563195962,-0.338280224574455,-0.326888254868486,-0.34283231714221,4.34328742679105,4.35132977075616,4.307437177259,4.32849291093161
0.113834194011843,0.0503687769469409,0.0860686984272128,0.0681584814876754,110.438461024758,110.734347826077,109.802585382712,110.234317094361,18.3499851754059,17.7193265860765,17.6589260949687,17.7533220106651,15.9120721909658,15.7850695566162,15.7146974991617,16.4421153799238,0.651123587227282,0.651707055727328,0.63793689640485,0.66025745330302,0.414476584262452,0.412306521542594,0.415973318334124,0.4092544687722,0.176554188592347,0.181935697778599,0.179027213323298,0.188491390708817,0.196670050207734,0.177015742126544,0.175402758086084,0.174577107531977,-0.00200333585221811,-0.00267300632966045,0.0206721181265613,0.0055654791500897,-0.906141527672216,-0.921280846694057,-0.909302818492376,-0.904125902809988,-0.346554048961827,-0.339580636327033,-0.326005464608453,-0.339243908545618,4.37271388536784,4.34963319222511,4.31122562667028,4.35953037486676
0.0907785639019058,0.0875315549283039,0.104242551913788,0.100151594601772,112.513838642291,109.825145067135,109.319444322102,111.304138147587,17.2300705198626,17.8277465578608,17.8657346185465,17.8528869081483,16.1075979642015,15.7532961432449,15.7152468052089,15.9263361251373,0.668850329500684,0.654051417395352,0.646572437955084,0.655754307587617,0.393503012302397,0.421232725179773,0.412397508738579,0.408487529063386,0.181445291572333,0.174148833955199,0.182005322052833,0.178838142450533,0.185600379820907,0.178021627970446,0.172565861692242,0.182331887091038,0.0200543594849009,0.0203581586062295,0.0235732105207419,-0.00313679559547207,-0.895458355132741,-0.911905224196276,-0.920140883079538,-0.909583958979002,-0.331306857154303,-0.339276851675384,-0.334278499115994,-0.340612260527929,4.29546356647772,4.31564430689385,4.3354108258667,4.33497938274176
0.0836982120183413,0.0787837633910216,0.105621286629266,0.0874076765519482,111.510443270317,110.660946600253,110.336603433303,110.348237819008,17.548135941321,17.8188041928181,17.6633059289038,17.8802222374968,15.9930114133224,15.3891055344355,15.9100823484525,16.0661320395855,0.661250803451273,0.652479543591227,0.651592829808654,0.660818544271265,0.399272958773975,0.410369984902977,0.40640575866405,0.403407932344144,0.179468987832294,0.173064450777371,0.179150293392275,0.176110025126405,0.184519838549058,0.181212588451612,0.184623826021313,0.18764027818505,0.00492107939368947,0.0125423278464906,0.002309287558252,0.0123771096653611,-0.896433032768519,-0.931522758260849,-0.89561622949055,-0.901180469345068,-0.341359105385563,-0.339731875833925,-0.326977499337037,-0.350011781426707,4.34256949346498,4.33080087446501,4.3283159589802,4.38554112553461
0.107435530688962,0.1424550598683,0.0933342832007372,0.0964299059104503,112.621253166545,110.221983173088,111.355192660384,111.428231534028,17.9129002606608,17.5911495717662,17.7399754222348,17.7957686078661,16.3275287511042,16.1755011028406,16.0016789335123,15.9454396089378,0.669402711212666,0.644247175860516,0.656800047835685,0.66666268567806,0.386871162418459,0.41766541866284,0.403473709880867,0.41038978225875,0.174657699252113,0.187974848305972,0.178295249475466,0.175147579310704,0.180048518922212,0.195739107077405,0.195188389616206,0.173844534007463,0.00134653731723248,0.00388077940155533,0.000964157243280177,0.00585178111130167,-0.898300108026129,-0.914182224214173,-0.893295967690211,-0.908389800950496,-0.338425428519926,-0.331730719454265,-0.332191977362429,-0.327559920501411,4.30854955258342,4.33500713271849,4.32539000942093,4.27790979357599
0.120110473991038,0.108990380784276,0.134375210557662,0.0675394240519771,109.213715130339,110.598208808163,111.194762186445,109.595444708872,17.6062907218592,17.7618777210085,17.8246701625362,17.8487058027,15.6733589562961,15.9031781727313,15.9662399144595,15.5571756077322,0.647957985628405,0.646813398886686,0.659144701929082,0.648613190849781,0.430437112091954,0.420444547882738,0.403446242914925,0.423277969506614,0.17328414177457,0.16799725681548,0.164087689702504,0.183795644637123,0.181107113958731,0.198113320099895,0.201112348427137,0.202165414568476,0.0221724627431119,-0.0145890296555902,0.0102692843904003,0.0154199223349096,-0.922176834165429,-0.887793253419841,-0.890539783427127,-0.901376907029341,-0.328966193549686,-0.340437891462376,-0.325157556313791,-0.336452195988612,4.34385769821104,4.29710411445592,4.3012280277424,4.35188141327245
0.0960643009232731,0.0974526887113374,0.114182056179539,0.209884375742957,110.279095697217,110.025845429538,111.985113391753,109.836752418604,18.0076920944373,17.8260709992839,17.7275715146359,17.6925599303663,15.8427761973994,15.7755987531256,16.1377062415932,16.0318347135736,0.651399752624203,0.662374287550321,0.66808184168955,0.646668304431372,0.405940955055046,0.405797725377518,0.395899237508369,0.410795292367788,0.185800603794873,0.185282527071103,0.174936293469415,0.17652786432175,0.188819118748195,0.179132525552536,0.173787819804387,0.177782631295791,-0.00249436127724526,0.028240276884982,-0.00361899866107415,-0.00021735983141438,-0.894813141686953,-0.909921418129826,-0.904910099913568,-0.915423343917178,-0.346326219807866,-0.335818752335641,-0.340943874589047,-0.337384578421093,4.31820478329627,4.35379014529551,4.32213664555902,4.32182702119348
0.0982382904270708,0.106561594623968,0.0558637410143442,0.209449706122345,110.946405080502,109.59259826552,110.491833378554,110.291839026625,17.8821979680551,17.8360255753562,17.8097500215337,17.8664290288659,15.9513126181374,15.9359399075463,16.1535318747052,16.1614166742065,0.659062497329405,0.658424626578207,0.651167731168605,0.645457214675116,0.407499810165542,0.411413158161577,0.412942096878488,0.40822399638994,0.164264749707668,0.184725433360253,0.172352211581225,0.178297911085757,0.187799367641367,0.182246487191142,0.184027073349708,0.174530508242063,0.0159370908087576,0.0351291982061791,0.00555537914012038,0.000847632333484313,-0.916695398150749,-0.908707317669575,-0.903511358509028,-0.913220445029125,-0.335359657785356,-0.33888895804874,-0.335770739576154,-0.335755018734786,4.31636216598129,4.35268625217142,4.33800777597468,4.310717831529
0.117321774272173,0.101418712206252,0.114860461660045,-0.0156181875960047,109.304885841994,111.269194671902,111.144536520921,109.877012197301,17.5311062707546,17.8404601196718,17.9010258088289,17.6402741541206,16.0958748870906,15.6750101932738,15.8721418776953,15.5324436234172,0.654458451096471,0.651026038032838,0.666883031467484,0.6611815977244,0.404438973477177,0.411777792560023,0.403428495573565,0.424889590344008,0.187120567911188,0.17442952504224,0.179728554995056,0.179848823752829,0.177313494081152,0.186300607257161,0.168390452939906,0.197693428430963,0.0141314111081464,-0.0137489307689508,0.0157852644905071,0.0196805386498412,-0.904156735782891,-0.908190860922049,-0.919063392279419,-0.913961707433192,-0.343408777092062,-0.335972713128183,-0.331549106525783,-0.337202702541524,4.34822903812587,4.32823183745082,4.34352886341611,4.35335009984871
0.103947815381384,0.0935114451881517,0.08577291329336,0.206745399263592,110.824206728113,110.061327911771,111.843302102489,109.310893852956,17.9041028666283,17.8331926050623,17.840181497323,17.98760571745,15.5934914172053,16.0220093274635,15.9124035499345,16.0777915789139,0.655481956555819,0.655112386857913,0.671322302004937,0.63818652861374,0.411211825001162,0.407723467401779,0.402958008317054,0.41971023784361,0.16993367447536,0.185247106058287,0.16289579516883,0.17939929345284,0.183519786871376,0.176019312217675,0.166298944273208,0.180769121576916,0.0128854215450887,0.0319129930747716,0.0152867354539338,0.00572261354781362,-0.917994708696289,-0.90929205038598,-0.912054533892441,-0.917531628100068,-0.33113999843617,-0.32607573143412,-0.333177165693346,-0.340950697281606,4.30621322907212,4.33576109788208,4.36211175141395,4.31675196179485
0.091455402321245,0.100797800288826,0.0320628894149516,0.172130757582332,110.997923463813,111.246633206126,109.181756275981,108.972498993407,18.1434610831661,17.5242061959913,17.778923374545,18.1072625618137,15.9766770658155,15.930150223896,15.8868536119637,16.152776675085,0.663626282443854,0.655328433083056,0.643355399241769,0.648770124867266,0.402744263377312,0.40836958654652,0.418942537387024,0.418820721498019,0.168702932911377,0.175725858248037,0.189073951028142,0.17521704032762,0.197458010560497,0.197823938731563,0.17851307346194,0.178649676170898,0.00795937845182722,-0.014301629967539,0.00528348012778685,0.0108374921937109,-0.891416901726299,-0.90180500770994,-0.917206452248356,-0.910329172777399,-0.337095447764302,-0.351825987511049,-0.338753808400792,-0.339054975650404,4.30724059174531,4.32734825626944,4.28264903598812,4.32854535840817
0.098423432544691,0.0954709384487885,0.159476440953762,0.0263587830618406,110.795666127384,110.725879004923,111.70467978754,110.450649859635,17.969190147958,17.9070219931524,17.8383922744463,17.3908813976288,16.2162372461311,16.5058306716194,15.9107849178771,15.468205176245,0.661882340132081,0.671644461872028,0.664866391501774,0.657002453552016,0.400825936941468,0.403001660783455,0.392420639825792,0.418173900465679,0.180920868260304,0.169750475939802,0.170856881297671,0.180460316751591,0.188889928230422,0.18539381918212,0.200746303056763,0.178911146597511,-2.71209189775665e-05,0.0296436670723661,0.0113994633437032,0.00813792260111681,-0.907236913461433,-0.900303705612571,-0.892384416190037,-0.908064246160971,-0.330647274908462,-0.338358350382055,-0.328903562448741,-0.331985036202871,4.31313359721979,4.34197402194798,4.36758093872705,4.33530175149077
0.0647797028201973,0.0885119469805053,0.16542082019206,0.153826972186827,111.116644658514,110.389158409918,111.027150325074,109.926676285531,17.6457281550848,17.974378198453,18.2091858234138,18.1255472218736,16.1899839578545,15.4268374188277,15.7395103247528,16.3735147832918,0.665685410432372,0.649442627484235,0.663041043817876,0.649980952807591,0.405501893095423,0.409340946309251,0.39724958670838,0.402103988279976,0.169795970503371,0.181091741840745,0.17824770192057,0.171992095938913,0.189751873088612,0.196986490568654,0.190786967912396,0.19173141972035,0.00592517841713972,0.0104353591707592,0.0226995473107163,0.0074006275359102,-0.900409997329638,-0.892925063431143,-0.891471543480756,-0.899795639013725,-0.343759643129864,-0.339134125340547,-0.335938658410791,-0.336781143834894,4.37235199557257,4.34165113042877,4.29710741855018,4.32673532741299
0.0984269433421271,0.124152598597321,0.0513314039555619,0.0454539371986428,111.461014528971,110.322474840467,110.754785162439,110.395916051428,18.1409115903766,17.7760570593703,17.4851261092205,17.3818573013151,16.204175053632,16.3160403168855,16.0532694589856,15.5044632680891,0.661716348023598,0.658482490121245,0.652903790505663,0.653138207103892,0.399630164428325,0.417065379737113,0.417398011033501,0.41390925815313,0.181201300715074,0.176824714349973,0.170558177377843,0.17858641543953,0.177304224419788,0.186367681415763,0.186087219984902,0.180818248399465,0.0019718013393348,0.0213325939570545,-0.00348840673642103,0.0124536492793157,-0.910520494010728,-0.911221138459253,-0.916979554698065,-0.922562060510324,-0.330373708139951,-0.336245802852453,-0.340916243707069,-0.341504772519447,4.33849527381883,4.3285272536365,4.36746337754344,4.33099297277849
0.102285322424044,0.114003518755731,0.126927207056648,0.14511146357407,111.836367840388,111.373358895539,109.93083254732,111.249225822363,17.6865946651484,17.8469992768549,17.7857210102117,18.2164154332724,15.9868235293322,16.0643220509149,15.5589731328784,16.4596352328783,0.662368486763307,0.659546469319037,0.655038029790098,0.67052700980583,0.397297595761067,0.40137005534201,0.41918325468668,0.396169648675966,0.168654441422967,0.171715430155116,0.182230599020849,0.175532550168761,0.198721004930858,0.18871842283301,0.179169671506963,0.186833586724066,0.0220047854535548,0.0192359651555834,0.00265761800062708,0.00537824716960362,-0.901255574284586,-0.899778431700417,-0.911921978375477,-0.888468291775654,-0.348285934681701,-0.340351106610729,-0.338216081669491,-0.334242436241453,4.32576551134644,4.32978924967025,4.30444582118794,4.32874048918071
0.113796667619006,0.0747326291992042,0.0709220652651446,0.0798781958792715,112.578408326375,109.807200395203,108.814495482892,111.501746503296,17.8577937540424,17.6805254450775,17.7473676796964,17.8666311800213,15.8958948004255,15.8197970336198,15.8975854041802,15.9872473214495,0.667791705403764,0.647387785817492,0.644033946792204,0.661931749397345,0.402322831222221,0.411701283657727,0.428293541588298,0.403022474612821,0.163485336682821,0.186982640179794,0.177659763044686,0.173596460172083,0.201684301563794,0.186168033734867,0.188290086129192,0.192863345744828,0.0301589704617435,0.0015784158680378,0.0168213014585133,0.0151726730368424,-0.893716803650657,-0.902634932370758,-0.916232497902915,-0.907823496954165,-0.344507530041346,-0.334849021914979,-0.331793296633276,-0.341861518646617,4.33401011359163,4.33055142221025,4.34838552785681,4.34235064542403
0.0931913698869564,0.123954818425366,0.0879866969020079,0.062644503205324,111.592673555376,110.518259819346,109.538736297418,111.542244780992,17.8582225354692,17.7856717057203,17.6901858692911,17.8237565012269,16.1225503553073,15.9362631756881,15.3585329938648,15.9653868585082,0.669066416013769,0.659265314861872,0.64727654035159,0.663190754896933,0.387676349800567,0.414461026651917,0.421721243298415,0.408479101168906,0.174527890275862,0.173790135028015,0.175472716480555,0.173376293558765,0.190792472365811,0.191210301501779,0.180855101742562,0.183963448222549,0.00983094777170939,0.0249519984382409,0.0195825829078998,0.0113727099477287,-0.892802981505926,-0.913015937659172,-0.911254486184194,-0.895768690525119,-0.349663781073868,-0.340384025774973,-0.333269699983351,-0.337137486024228,4.32982804713798,4.33521716952228,4.33712011796036,4.37239563061211
0.0973161983228611,0.108458412315488,0.0712867208614352,0.104166891476709,109.972284082104,110.580306449281,108.816527972968,111.290865443091,17.6438501645374,17.7707755404062,18.0742132038041,17.7023215324642,15.8127184987828,15.958474194846,16.1682404787701,15.8348322585637,0.654634274209858,0.659404794532019,0.65354548890756,0.656554607061162,0.419530002081243,0.416645149105288,0.424383784237051,0.412897100775686,0.175965580826946,0.175472364767279,0.182510362772854,0.184669005428182,0.18631237213981,0.195532088078802,0.175952201222217,0.183548437765447,0.00179135934877546,0.0238012483423611,0.00982798809753011,0.00252436335428168,-0.910194584166739,-0.909990992612023,-0.915777444534517,-0.909202126144475,-0.32817655573618,-0.336883204431064,-0.340911748780924,-0.336632536370256,4.32565599471724,4.34608802694229,4.32048212371564,4.36126998592015
0.0772559872330488,0.100131911742617,0.0720583080931333,0.112987877431651,110.114746681347,109.871196040548,109.200141360799,110.876174994843,17.6361134730844,17.8531256614089,17.8864728482471,17.5208434051444,15.4922438427011,16.038245200932,16.063809897816,15.7924360454289,0.647413100196785,0.658049735597882,0.644676494296675,0.658820087032933,0.414540868132049,0.410216121638474,0.420329166463747,0.402166775438011,0.178297341366501,0.177221428489292,0.184966354484906,0.173266167953837,0.186300648382671,0.182420297910914,0.181713885293641,0.18380997974768,0.000437009548769305,0.0210233179823893,0.0104526190638248,0.0185164824149679,-0.910481926881162,-0.905815897747717,-0.91753295699269,-0.898301097971224,-0.330396471684151,-0.33238405425907,-0.340498769096705,-0.343741410394652,4.33026840152851,4.3228613914709,4.33374817612871,4.3401770717396
0.0780943298605977,0.128393825127811,0.112646965387555,0.132830916157466,109.233761745885,110.436694296572,111.165184190076,110.229715186112,17.827639151431,17.7948623482284,17.6998774539215,17.791456400383,15.2800652803124,16.2168306772838,15.7514709151683,16.0808231680701,0.653356291682485,0.654487862935641,0.655051716463119,0.651658808693847,0.421163932798458,0.41234659736909,0.41134461968739,0.410000733328923,0.185899707982964,0.174501683899617,0.17166590116131,0.177476155392654,0.196871878136821,0.177541256712116,0.177349755632458,0.187346670851791,0.0110968096941151,0.0319427450002639,0.0106239386798262,0.00286013624865226,-0.905259524796346,-0.913520495417707,-0.909203640933846,-0.910021800537468,-0.336717447685884,-0.335174005801593,-0.34011365370774,-0.332609755784382,4.32575776639948,4.32857617632697,4.36301151558989,4.3180385507243
0.100107531119645,0.131978994143816,0.108138775375357,0.131183719945189,111.224754681617,110.384908821248,111.07823735779,109.816810350683,17.4131623536446,17.660792924523,17.7881662144415,17.9849266710264,16.238131358479,16.2285907677626,15.6993141947814,15.5119983276254,0.652521976591129,0.652324957477733,0.65642736931654,0.649133261877301,0.399919551489306,0.404257804761498,0.405720033177801,0.41217734047714,0.179270570537658,0.171293551572675,0.173695287860622,0.175444136419952,0.193554846701852,0.180647384159208,0.170599830660603,0.202383030858717,0.0111937971033431,0.0221862802313505,0.013216820726583,0.0205739109063308,-0.898984629201401,-0.904593991140932,-0.920061771162935,-0.905930447374165,-0.340309382494946,-0.335743093333069,-0.334683052040051,-0.343780525143898,4.32220436588452,4.3353069823415,4.35190089028041,4.31431830498103
0.111892733706469,0.0805882558457807,0.108039314310313,0.079005523645458,111.875439935032,111.004877231803,110.800177560098,111.686554110971,17.3713544212108,17.7815713625277,17.9176846457828,17.5208746857656,15.9117477136289,15.6621092861357,16.1142836634077,16.4588853052601,0.652097628428428,0.662535357483912,0.649743922796425,0.659473863964819,0.401662104749363,0.405728100680601,0.39932221193615,0.406238371984512,0.178399665730771,0.182439534446992,0.177184007074482,0.17538591761615,0.185242408988382,0.185392478882772,0.199069825982918,0.17275750762921,-0.0162620100073575,0.0149056676624835,0.00696662062779643,0.00218130926795529,-0.893488168150664,-0.905479722701909,-0.894580391346474,-0.913111080912418,-0.332652996477565,-0.337959737221881,-0.34946138380209,-0.341752715340557,4.32159222217203,4.34085779126947,4.32306271394621,4.33712971534817
0.134592398783591,0.109706024557707,0.092580806390037,0.101793883588419,111.486580409799,111.202899905026,111.798261273707,108.654824877599,17.4132166412961,17.9803013860121,17.6332376175701,17.8023281964585,15.9549161970787,16.2267639300727,15.9623647826063,15.4475850773006,0.656967148033286,0.665733114745516,0.665372080727267,0.644274426736433,0.402657302140376,0.406005152171138,0.408547237870823,0.417377195406326,0.177966520152762,0.172384618858622,0.174504942861421,0.187375491317024,0.190344783749762,0.178574769436595,0.17311203119507,0.194188482650286,-0.00413817869927798,0.00713662280621204,0.0138409853674855,0.00139518130330168,-0.891243671363965,-0.909144183817353,-0.912270971629095,-0.901033910933237,-0.334490709897815,-0.33969626165198,-0.330347623737726,-0.337404652117499,4.33173251400991,4.32009884594811,4.34947872939971,4.33112830267622
0.0632699180978853,0.119387895668097,0.177158678313079,0.0298056460568968,110.815221345417,112.050558123897,110.886244995438,110.510664996669,18.0695852436289,17.5385502538574,17.8432565848594,17.8384355420579,15.7315049226542,16.0056748955665,15.9178843094316,15.7359998564387,0.658243011618924,0.659730555846038,0.650834863157996,0.65146749772233,0.417561954329251,0.394549490518688,0.400978638366291,0.412967597823303,0.170578284047323,0.175194415799275,0.168917397831015,0.167277353216708,0.176648812132369,0.176747939533114,0.190374518611975,0.174714809269714,0.010951967388675,-0.0012207561675327,-0.00561879323986587,0.0088791573493125,-0.912320636309096,-0.900456719203515,-0.898563072150367,-0.921462822519278,-0.336782755288661,-0.3327589973545,-0.338019138471513,-0.34048202708683,4.35264853732175,4.31863594973996,4.31661825000638,4.33829419075119
0.0696888818186047,0.0755071864643164,0.0387761359186145,0.122311541411364,110.272622509594,109.843934755994,109.373987376695,111.028354085653,17.7109686695216,17.9269034706276,17.6951639946631,17.6675120991394,15.873547607043,15.993797902426,15.8043492802905,15.8755043026518,0.64427868964522,0.652835892127489,0.653063231526585,0.652025345233781,0.410061541787839,0.415049968995087,0.42009633717317,0.399109248196745,0.175325347926059,0.178458446195776,0.18616252489163,0.179051117547781,0.184487302795679,0.187169534160147,0.188219213923151,0.196105195735097,0.0212240080924612,0.0197697769568952,0.0268154344118358,0.0112788888672182,-0.913089669476405,-0.904573074081133,-0.90149068025094,-0.890170984508065,-0.337386532471438,-0.342913784382086,-0.33977109655434,-0.346171004656855,4.34908011417497,4.34541195204709,4.34794682851529,4.30239083840413
0.10405732225445,0.0493601342391243,0.111198069137547,0.095729570451161,109.316219227363,111.818211003234,111.730432097985,110.939039410657,17.4615201720681,17.9893117891428,18.0249106281005,17.6802397751352,15.8115166171312,15.9850317124059,15.7129358997258,15.4264565515189,0.657869981192208,0.662419953939247,0.661362574443948,0.656006403606424,0.418967228945756,0.3958975564293,0.405971204144539,0.404328812778904,0.188460439509857,0.177964473127858,0.17008523049391,0.182911194211777,0.181840788761721,0.179863793077554,0.181361722692546,0.19762486093664,0.0113999930656923,0.0120957006675663,-0.00854028176121087,0.00874233987349017,-0.909943710318064,-0.904952653879018,-0.914510201591645,-0.890777376527489,-0.342547018112692,-0.345320143526706,-0.336659714744989,-0.342770102876003,4.33283033098821,4.32569359960929,4.3277867446549,4.33485922115093
0.132430813279369,0.0554556131855458,0.133737673967274,0.108914243595793,111.175327658707,111.365120349338,110.82397783668,111.270681419977,17.983157655162,17.9001379082696,17.9813555502625,17.7529314286814,16.0020103997815,15.9509943571142,15.6024360618679,16.4582505321704,0.666583630070881,0.664765631242089,0.65512968041006,0.659155168035495,0.39755777396813,0.389566777882426,0.401954956823762,0.405527081898883,0.169576186758619,0.177878725427199,0.182121597965324,0.16941783989875,0.188373780562614,0.180193904108261,0.177803121539644,0.172308256616391,0.0163727209154576,0.012260420189652,0.00257025913207568,0.00990679728256079,-0.904895987717255,-0.907062361218269,-0.902874841848608,-0.916450558176525,-0.337763593172318,-0.347415857541736,-0.33124772411757,-0.336585528787041,4.31511844429742,4.31610336940481,4.33677802992251,4.33624232783288
0.124530764957919,0.137883899831907,0.092482281732407,0.142977564910353,111.901409632085,110.501225267437,111.405421514237,110.508822064475,17.9895018840834,17.7402850176968,17.7176687308633,17.8943567551886,16.0936825501415,16.2237957798183,15.7627544928442,16.1526787465295,0.662355175210556,0.650053120552819,0.661587248577197,0.65284476571104,0.399793468792635,0.410765425196008,0.401301280521156,0.40388791541051,0.16918317209193,0.182340144281097,0.177029891353192,0.17795247848154,0.196435498543384,0.204963112595987,0.180729325108594,0.175522717689103,0.0147897148029424,0.00590052698347,0.00902151552244881,0.0114511941538032,-0.902239650329642,-0.8945909474151,-0.909697619628608,-0.899955004471595,-0.339780743526792,-0.335400965972354,-0.336069194511799,-0.331020621421541,4.31232906761798,4.34177060576359,4.31591414342888,4.35019149500125
0.0755459512319074,0.159919157957672,0.154641980677596,0.0576871018150353,110.879247943735,109.964790724028,111.265377285231,110.735715988933,17.5170724639075,17.676961573204,17.474548905074,17.7424233870099,16.1106711223898,16.0974314500251,16.1239168825565,15.6656444637278,0.656722768142358,0.645204635157915,0.657089850933211,0.651732341010609,0.403900642004991,0.406859407435103,0.404312011935395,0.409786117070993,0.18583709186619,0.179782476156042,0.17421613296976,0.176523934629479,0.195977065794158,0.196089999926038,0.189567518601462,0.185008866911748,0.00533250021400853,-0.000234228082061566,0.0169823847935479,0.012123993571249,-0.894888653400556,-0.887674131579322,-0.904336400110264,-0.905849719914246,-0.337180816947642,-0.338065794265867,-0.336826640561675,-0.339735917826525,4.35193645044493,4.35469282555973,4.36584542913956,4.32370739754445
0.0837562841352136,0.0533777095245053,0.0434384553066212,0.172069541021394,110.004355141409,110.589998233711,109.822380750752,110.978664032942,18.1013234895524,17.9809708174502,17.9666318376783,18.030867232165,15.9897799563365,15.692125232133,15.6005243663348,16.0877805874645,0.661340925230854,0.663442609792043,0.657107314031541,0.660736441274187,0.408264241588551,0.417233871933819,0.410758805772452,0.402209787006955,0.178676257542794,0.174308272414825,0.180308116486176,0.173258920442294,0.177108055517441,0.175423433800234,0.176195289005627,0.187626002304713,0.0154093534355936,0.0194905418350116,0.00968752579261361,0.00650324021486862,-0.914859043845319,-0.918259838764778,-0.913128562750001,-0.900145271874283,-0.341714464202915,-0.337217522010693,-0.341207953025072,-0.336463300933498,4.32068164753362,4.30224819971585,4.33825259365809,4.33666172847219
0.110967543782192,0.123403984855684,0.12193084542991,0.161758764696491,108.782992841396,111.51715277971,110.932960890006,110.465139774253,18.1446663439427,17.5446711646098,17.518325878414,17.8531546902618,15.5017648868708,16.3216734199267,15.61497038567,16.0026640747522,0.649001778562724,0.659945536410841,0.654934984040405,0.653429929035948,0.417262704065676,0.39543650501228,0.410709640493022,0.402311466534677,0.181281425013834,0.176348931729163,0.176151714346108,0.168679452866652,0.197724777147631,0.181627384127064,0.183245238682621,0.181500835990976,0.00773596032016475,-0.00453501173666483,0.0142217705569025,0.00982872302841838,-0.902663014416125,-0.898923107493807,-0.907581016442979,-0.903581918620529,-0.337403430468632,-0.340296009574945,-0.332142543656313,-0.33310507235962,4.33083420442667,4.35191948519548,4.31346442713655,4.33785289385784
0.0877097825229525,0.0534985409354726,0.0374836223619245,0.125269389782179,111.264919238112,110.542218213301,109.82564360511,110.107837479842,17.6946564602092,17.4315796409512,17.9503995496484,18.2379148096206,16.1343690215227,16.2038743741511,16.1043917486961,15.7019057128886,0.657358741283722,0.6579628468064,0.651300016035413,0.646784987444616,0.408763581217097,0.412561920471151,0.414215562793992,0.412437027484931,0.173161673506815,0.180700966703131,0.179099909065296,0.180151094868688,0.173124229765927,0.18522871294079,0.181370558506009,0.190905642123669,0.0136383563782661,0.00550487592698538,0.0150235035020777,0.0216640078990227,-0.914885351971099,-0.914458788725985,-0.913603377542651,-0.904266852872453,-0.339756552508541,-0.336932391991291,-0.344931044587521,-0.336066701661142,4.3313427460597,4.34804345470135,4.35073057096715,4.31359985990804
0.129518706406429,0.0875111774806229,0.166544704937961,0.0876354674950993,111.750356028702,109.796140124491,109.760449296427,110.939825673895,17.8622606606242,17.5789740251702,17.6303976812488,17.4251026476255,15.6126447734119,16.3683580713828,15.4629038166637,15.9087753410516,0.662315793895952,0.646089970052885,0.656326313372231,0.649019525304852,0.410187926343047,0.419247365273981,0.424161497579114,0.411796776700722,0.168937138093045,0.182370573694166,0.176528821263537,0.182477348798329,0.190871137924963,0.177517190368051,0.191248986856509,0.163826395661954,0.017760640887249,0.0112791849326658,0.00944407788326897,0.00428584916284113,-0.905572297793438,-0.905782664462158,-0.912482632236309,-0.913583534143742,-0.332222347211784,-0.339947805716811,-0.332568917537015,-0.335285126014866,4.34571009390353,4.34994119995838,4.29637552083626,4.35157955902938
0.0835757971023282,0.121792295439076,0.0384926107503209,0.116652987584581,108.732983921822,110.253184963992,110.663565758049,110.048839277268,17.7039903106824,18.2763317621817,17.9333547548446,17.515717386311,16.0077715712486,15.7333556753543,16.3278589481502,15.8621345833018,0.646110978776449,0.656496513968325,0.658160954743803,0.66350718353827,0.426160167591867,0.416167901134544,0.408612515337978,0.409157190395779,0.189236795077277,0.174787394709468,0.176379096563119,0.185712472752158,0.184764783762563,0.180420390699492,0.182411716014308,0.181253498884137,0.00734661654291037,0.00932083069267418,0.0109251001969193,0.00731558039173041,-0.920310880555298,-0.915145044782707,-0.911740121824204,-0.910164060596757,-0.343027078440788,-0.333165815755997,-0.341711433948437,-0.337460120412066,4.31835806519147,4.32933453341917,4.35933658243872,4.34558915060442
0.107571752283613,0.130272452326427,0.146067835239324,0.107255455240369,110.58736643086,110.440655895373,111.247624949428,111.759902256913,17.8938677517847,17.5473512771089,17.7389347732177,17.9599020781211,15.4176892951889,16.2478200205245,15.7011380318873,15.8000752164255,0.649868715383699,0.647061892577773,0.660699329015913,0.668267425141727,0.410459822088742,0.410066193717311,0.399743101061401,0.402727743096302,0.177066453435518,0.187160397604112,0.178304890986693,0.168908757539657,0.20223705793325,0.169410991675216,0.191813568566241,0.188671646355677,0.0100431464911943,-0.00239851951579145,0.0151845684835988,0.0128242893885019,-0.896574559908492,-0.908979309090484,-0.895373738899546,-0.899752267752562,-0.337314889638438,-0.344044618203538,-0.333436695658574,-0.348797430592516,4.33047101955003,4.32554654182576,4.29653800977052,4.32453402815167
0.0623320907039509,0.130036880698906,0.0435489605813627,0.104603754692561,110.71645940245,110.757823091054,111.093265646977,111.186472752339,18.1406782050813,17.8885439252815,17.7814449944381,17.692961802627,15.439006175612,16.0535438454505,16.1574823541374,16.3863203499404,0.657356086559399,0.65911833156638,0.657801894906561,0.660224461464001,0.407657598613748,0.41331899653607,0.41136081820696,0.396541643214719,0.171447935647801,0.170354890854134,0.174822355541794,0.182357602943299,0.196347619159944,0.187569002169684,0.179261597268326,0.195048489218517,0.00290392855974445,0.0189499314878051,0.00837648330448141,0.00184924690409195,-0.900766044125813,-0.916839856313188,-0.914777252102349,-0.888645851500195,-0.332884779211377,-0.324142934858696,-0.341540525432876,-0.335446211965281,4.32633362062503,4.31450697450139,4.367802856616,4.33717011634338
0.144353326693401,0.0797741665697228,0.145385760247033,0.0965435757531052,110.28285811923,110.874603881664,110.734147123791,111.185573640195,17.4429174032935,17.8098894022995,17.7073978484145,17.708046661809,16.2051881442215,15.8403924364704,15.8290794592929,16.3385199139442,0.651846631841528,0.655090811666894,0.656789536837326,0.659100073829015,0.409091224164554,0.414238491851641,0.404447155738638,0.397080259514046,0.183028260681266,0.172532920050786,0.175893181837831,0.182634823087628,0.188840256642857,0.160862520880282,0.188290885917954,0.196977007738183,0.00603962237949208,0.00998123328342783,0.0139386768913995,0.00519791627538775,-0.907514939718451,-0.923601548425332,-0.902830860588581,-0.885321938947433,-0.335277262048769,-0.342245241488491,-0.340273890824507,-0.33650557587676,4.38165749318632,4.34175731071956,4.29263447020234,4.32645015108461
0.136986351545103,0.0714091106129604,0.0532959252587738,0.0935975400935734,110.316260891604,109.245970062276,108.859723514781,111.489626107156,17.4600127631649,17.8939105555452,17.9196939502836,17.4431845169752,16.1923410022876,15.4264275306333,15.7745959473434,16.2324793387265,0.650148897307411,0.646569651843186,0.642535332324064,0.66213160948353,0.406985613914919,0.420942938891594,0.429221459080813,0.401065343572882,0.179365593387708,0.190030258441217,0.176309373420939,0.173322635920979,0.184329423675426,0.188565044044448,0.175908800702374,0.183860669338426,0.00819323918526338,2.83713451450552e-05,0.0127217685374194,0.0213975411013147,-0.909787383424947,-0.907366465256525,-0.922577656248376,-0.905590864201922,-0.338857748169591,-0.335956309179303,-0.333284082776057,-0.339896539341466,4.3834854802866,4.31788654905465,4.37418794282746,4.34643533605122
0.0747446417744938,0.123809013452415,0.0775355005524278,0.0685793625627535,111.273904919282,112.473757604536,109.03630645791,111.273044178476,18.0814736856576,17.7262515307122,17.9450623256433,17.6847614821385,15.768281769985,16.3059572698986,15.7415128355643,15.6550455586728,0.65923593641631,0.665936353433164,0.637026801834567,0.664524575846021,0.40906546367209,0.395946387333832,0.424697883171538,0.404701793213675,0.16984078744858,0.170210551368019,0.181481566969275,0.17058418192976,0.192903813770832,0.182496444216571,0.176852000671848,0.186622838230943,0.0110917453581083,0.0176174468620877,0.0139574734027537,0.0180467871145765,-0.912025926978544,-0.905620283993499,-0.928320788723442,-0.910801750832037,-0.336910811721675,-0.335849651173744,-0.328237728403311,-0.330959602120862,4.28002606528933,4.32080027438547,4.37174100576508,4.35403956018845
0.180810402967976,0.117395331228414,0.127983158114239,0.0625636199628393,111.553581624043,112.193149615704,111.614976018248,111.53050597498,17.5389738598601,17.6982783197197,17.7453563065241,17.693050311211,16.2479417301085,16.351650366205,15.9138575089024,15.6462966708922,0.659900860335456,0.669535773738717,0.655341318366795,0.661094668607618,0.396930229512476,0.388358495123955,0.398454258296219,0.409124480870605,0.181760162926719,0.174420558968875,0.180182224483601,0.170591132455484,0.201293589621949,0.177506143531891,0.190198474498763,0.189650276179825,0.0110824512412742,0.0199108147290913,0.0123872440288266,0.0105297212299552,-0.891281448399949,-0.908760481553763,-0.896706352395013,-0.913292919623414,-0.335246965009357,-0.330721053802327,-0.340719495205586,-0.322362286842663,4.37628044151787,4.32432773855577,4.30058332557922,4.35387351741784
0.0431828257179837,0.0822096780582641,0.118184646168288,0.105603966890124,110.83072109052,110.67638314117,110.720210328237,110.102904822527,18.0588401908396,18.1672297963773,17.7311862721312,17.4958046310187,15.7778974441004,15.6862281421014,16.288029920696,15.8667646150875,0.653692100668465,0.648949433675805,0.671641533353467,0.651555367857062,0.412773421201356,0.41641327017181,0.396074854381375,0.422992982574057,0.171327359988214,0.174078249037835,0.180964355984767,0.173953941018129,0.186704223983493,0.189855031915749,0.185474250395271,0.166486545636501,0.00813650307947974,0.00429299165970282,0.0461685061509568,0.0181536361638404,-0.914291053286081,-0.904742267921034,-0.890716685453143,-0.932709915928628,-0.342257987410621,-0.344380527765896,-0.331528205382894,-0.333858462548603,4.29631658783075,4.33856157750315,4.32892544184859,4.33987961219402
0.0426775955804464,0.056362816746311,0.109772738254764,0.103813966333869,111.26832832556,109.676865114128,111.251386717855,109.594126213928,17.7066746587032,18.2073190283463,17.7006230994828,17.992069986504,15.8630824283903,15.9694219277601,15.956336837219,15.8333005390813,0.652766694633682,0.650451570750285,0.667437702000606,0.656633751686313,0.404262465352344,0.416294721113126,0.393189448410053,0.412062962448603,0.171927560153349,0.168640400317687,0.181547589828546,0.185207926150373,0.179228608030643,0.184419078799109,0.196011046805039,0.213050746724733,0.00592641268339325,0.013356167072879,0.0452817395149025,0.000513358788736212,-0.901234364761798,-0.91568323936737,-0.897966876714928,-0.884401962688867,-0.343196135614156,-0.338197674195616,-0.329983069207071,-0.341306674681724,4.33809101509109,4.33959212256856,4.32550867995914,4.3148961409526
0.149463161980919,0.144728753610157,0.0837054067582948,0.0756703528817049,110.265094085405,111.03224266016,110.940446797564,110.298785235471,17.8360476593172,17.4166249010506,17.7866335815197,17.7922938555081,16.0802805436859,15.9231040157417,15.8815125721212,16.1281066847091,0.660625893955578,0.662499212330621,0.66028956922308,0.657951908771671,0.399348594335686,0.399751487202181,0.406624963273856,0.411522712524938,0.178625414868121,0.181536049217284,0.171387021810167,0.184989321371891,0.183398621254045,0.182540316011203,0.200477260617327,0.181047943475243,0.011383331960671,0.00614782026586729,0.0204511472535966,0.0142480312931233,-0.890699682302027,-0.904860300839375,-0.887733958268165,-0.908860464580599,-0.33327300791909,-0.337825901537916,-0.338010000056545,-0.342824565858561,4.34054596564724,4.32358314533741,4.37274228182655,4.33405977614405
0.174525213458561,0.115291532831889,0.0928981274100143,0.0793065750950847,110.886920883866,111.092657783097,111.800713431064,110.32908601344,17.8926699986635,17.4164738315246,17.7847018226308,17.8006501808241,16.0641860114667,15.9689854427192,16.2730874309207,16.0907780285031,0.660291399992134,0.663646802130104,0.662728872078657,0.658645870690261,0.403243558525232,0.404442036054105,0.397374310226917,0.412773936024612,0.184364481367168,0.183651668920986,0.180033799025316,0.185778676104163,0.190649895336187,0.18287383533081,0.157790543845641,0.187712052380636,0.00858441227474189,0.00543419725510034,0.000473454841505886,0.0159052672565882,-0.8889811348289,-0.903909650769002,-0.911323293757063,-0.910448617625382,-0.331320888474393,-0.338567793984847,-0.337508086135685,-0.346691120356838,4.33172546642208,4.32671266782318,4.31081849144879,4.33948930283543
0.158818210506549,0.0724884387114282,0.111458054112669,0.0721167188028906,110.453591024511,111.791865315899,111.655083466725,109.824650391729,18.0281095412031,18.0050862190241,17.9025832129727,17.82291519434,16.0901354617344,16.2389938090584,15.9681904533213,16.2143289072634,0.661075850867404,0.661209991438564,0.666229841284162,0.663517601315184,0.39887406344618,0.392810125977244,0.394488250546167,0.410923416062545,0.184451862287742,0.172866476129469,0.177162734056168,0.184964451299463,0.194904038873075,0.184225788248214,0.163596904191582,0.19722395292636,0.00894627782064422,0.0174902969291046,-0.00205386838231094,0.0104885186355963,-0.89385937778156,-0.894609490973044,-0.923816687444892,-0.908786681129626,-0.335643002813879,-0.343000379836211,-0.337568088018145,-0.351193191409352,4.3433971504296,4.33074487458515,4.31806400697962,4.33872686084463
0.161890810770589,0.144597489097423,0.0630720472870085,0.0756779276998919,110.812689689147,110.907007875705,110.497109906558,109.995143479427,17.8576060650363,17.6517591539812,17.3934671299183,17.6623300652543,15.8654077659014,15.8413564122166,15.9485485790178,15.8542857812944,0.657917201987748,0.65198740348035,0.650384455236578,0.640812590647466,0.399309980302678,0.412209493347297,0.410215393385921,0.410442910135872,0.181938732379713,0.173952277082231,0.176836371307393,0.17809873484328,0.194641827182961,0.194611329809131,0.18439903983664,0.165152884726685,0.0145553518592531,0.000900530007104647,0.00370428034458294,-0.000683071078646778,-0.890832313950336,-0.893866058469725,-0.913277186917618,-0.911441939872249,-0.340769585180638,-0.335092630033682,-0.3407486739515,-0.339088094818232,4.36909550443586,4.33698360187053,4.34788854258888,4.30382749599076
0.0395852677387794,0.0581770547433101,0.0602528131468272,0.159562370832396,111.23286676283,111.1524065372,110.62735438799,107.951501663549,17.6450390167041,17.9262897998872,17.5473481281078,17.5857708261918,16.102414872788,16.2998642076489,15.9655291131873,15.6779228073023,0.660813339030282,0.65644490346521,0.647014308026263,0.651720098028839,0.407941657786366,0.40559833137688,0.42498008529832,0.431725191541794,0.176763047155663,0.177385339489297,0.173411455271965,0.180388186899142,0.17991626107138,0.174491188272312,0.178453170439064,0.195725355654757,0.0105608332331141,0.0167956079152233,0.0103766022658528,0.0243637318563921,-0.917894698502761,-0.907014079322385,-0.917344357683409,-0.906168167199334,-0.331176040336695,-0.343580301514078,-0.334503327650817,-0.328323011855335,4.31442076729942,4.32171370211115,4.34113074468457,4.34465088457625
0.150557833489899,0.0696234780166479,0.133233694995277,0.0891007404585951,109.65937820952,111.055186830274,111.48808337726,111.762532414269,17.8984721290862,17.8362777398119,17.9404671043479,17.8895820620569,15.6638540844197,16.1525557850477,15.7239513237836,15.8709219676383,0.65134348000393,0.660940065138315,0.663335584720449,0.652947537908549,0.416940901156444,0.406358905761828,0.401429545163716,0.401486406656939,0.177632642093537,0.17800775188753,0.179077013034895,0.171162555276747,0.194179298820317,0.179658822847376,0.192478703172945,0.173241756503869,0.010385438890469,0.015574343851559,0.0117151398706863,-0.0142617807400681,-0.902395286934451,-0.912831644752796,-0.888191565013809,-0.903612492621146,-0.341179330402841,-0.342631604291038,-0.341535286569231,-0.341426849025457,4.35363128228644,4.32725958161638,4.31838222148964,4.31853155615912
0.110991245603286,0.0722650689297924,0.107524973894464,0.0605147056953472,110.088795698228,110.392515759064,110.657043841723,110.308454820919,17.3624767285791,17.9115626251229,17.6975985491451,18.0112254107046,15.9826685116738,16.2601148111826,16.4127924743672,15.8233280114816,0.648973483444084,0.661161883727052,0.652480425933309,0.655693751825975,0.411781658594427,0.410351190765296,0.411759110414822,0.413239516292496,0.183684622263246,0.176939474915496,0.176540756041316,0.176893728262974,0.191377801325685,0.178702528927316,0.171462066708811,0.181497002362581,0.0136958999441033,0.013882388271948,0.0142814596323628,-0.00304757524567023,-0.899741278988816,-0.907662327264517,-0.920538880457592,-0.904800503444201,-0.327013380665638,-0.349590749532518,-0.335140539861637,-0.344770003479849,4.32394018477204,4.32158964759063,4.33178862907757,4.31882460825081
0.0926814125957726,0.0198508914793437,0.112690757120523,0.139496481246598,109.448260417004,110.835341105477,108.485556133734,110.57641013714,17.7970451583953,18.1419958684558,17.9460062656961,17.7226082862285,15.8371379861553,15.9260791600482,15.3174464183538,16.1543837406317,0.648001224313359,0.662453336890884,0.644907194750533,0.660118090409388,0.420098933872907,0.402202814937929,0.42337441568437,0.406546390718869,0.182228720415954,0.178871655217378,0.178558196716226,0.174994562696604,0.186744919893847,0.162068850376025,0.178633079317737,0.199631620492765,0.00680281771074743,0.0150458026741115,0.0112934898382429,0.0105074755579725,-0.914204672852876,-0.909646151231146,-0.9075035336207,-0.892488078118245,-0.330887660563685,-0.338247829551341,-0.33536850097347,-0.336746746378191,4.35355102582403,4.30889474148364,4.32445930430007,4.32064344297642
0.0944973248629197,0.0503729306473377,0.122105209582188,0.054842519160572,112.048307345349,111.524766247224,108.791882701783,110.712483410967,17.9556751592339,17.8804527305725,17.8261194522774,17.5944201225706,16.0651863910455,15.6491595099889,15.2917739650055,15.7962628206976,0.667130506715697,0.656506673428426,0.644629036461912,0.653084119015299,0.394049419017491,0.403738149077762,0.425265890596613,0.414641504564439,0.170275890805113,0.171712354165525,0.179218970936075,0.179935799373264,0.18914624051998,0.198250756080213,0.179215234399204,0.172773248070559,0.00594788510919215,0.0202308689202772,0.0119315041890641,0.00461099636049165,-0.894247786936853,-0.903111599650694,-0.898870275920944,-0.917839053562633,-0.346071484205891,-0.338048599182729,-0.33617229394515,-0.340445866032926,4.34523848349526,4.3057235709913,4.32636193196345,4.34582617494069
0.0834450677953374,0.073191031640538,0.122496578168765,0.145619736240927,112.889856673823,110.621152691245,110.615073328294,111.448664473461,17.9513703702788,17.6959787855284,17.6355268961877,18.0450590278787,16.0522372180809,16.0339085957246,16.0695985450495,16.2782295677041,0.652020050928282,0.654127382399435,0.650944028306862,0.666440564229853,0.394635093703373,0.415408570306336,0.416836374197812,0.38982618300782,0.16873485996046,0.172200807889376,0.177874672658902,0.168761247927912,0.201754445352278,0.182282559516591,0.195068419102639,0.208165211115277,0.0115838971209103,0.00483374982908432,-0.00676877167895205,0.0182394860694861,-0.884177435567198,-0.900420362039806,-0.911234496632161,-0.890161890664958,-0.334630393719149,-0.343638428806295,-0.328167442912114,-0.343857881381418,4.30761457181064,4.33481734777679,4.30451827383455,4.35068180101837
0.0736965103712804,0.0677352166793193,0.119114886490195,0.171144279958777,111.372171475736,110.795541454909,110.096471115875,111.645659526347,17.8208721978065,17.7686153056738,17.6799419764072,18.1539895141808,16.0204657670585,16.0712688730956,16.006601783574,15.8912524776882,0.673170672826023,0.654549286542112,0.645713492663856,0.664887788365581,0.405627323428307,0.407972503655064,0.41740837908759,0.394369347664466,0.177957726385358,0.185385231686202,0.173671035767141,0.175249446163643,0.191321799728671,0.17923327587792,0.183250118575054,0.210170797468944,0.0103604084123203,0.0184877903438656,0.000375758707689753,0.0294691555950888,-0.896118763492965,-0.921782141407872,-0.9138269707356,-0.869666781776447,-0.339345377580948,-0.343625592500531,-0.337251482987595,-0.332232466991911,4.31848432062753,4.33457621026718,4.30817811529436,4.32997332212995
0.106590079148769,0.130778298678124,0.0875827090213291,0.0294438833067735,110.451496071866,110.180382894888,110.164280176743,110.525092790051,17.5773382552876,17.7399111627982,18.108265019601,17.3926983138619,15.7970019578723,15.6794968891792,15.9317299284971,16.0038058518266,0.643507492721411,0.64886678593213,0.657513222309882,0.646714281739174,0.40756657243007,0.422237430366848,0.414236221119087,0.424575667776622,0.181809412033913,0.172449979904862,0.177665413253948,0.17874767630854,0.166640471139886,0.201112103309613,0.187405583620955,0.163079020746821,0.0176347226260437,0.00416651429955145,-0.000312916893781781,-0.00384126181288376,-0.911573665473357,-0.91577584089234,-0.902958426894639,-0.937530830070012,-0.340317592050347,-0.333835037126867,-0.337932403605686,-0.338248512841677,4.34532299460863,4.31952379978788,4.34751631963919,4.29898222630393
0.0862891803490781,0.101448879861235,0.116839664732055,0.131231555362155,111.485620915799,110.820954943516,110.939689693535,109.343480926943,17.8258649516863,17.9978470137556,18.1177403501634,17.6684304620123,16.1053319803328,16.026230665707,16.0005259563648,15.6805514057639,0.666603382404484,0.654257810469877,0.658285730504486,0.648074441836931,0.408247567964992,0.401848050366288,0.399068832491778,0.421457544440955,0.178955969546921,0.181509669374626,0.173471508913565,0.183444517239381,0.201513461036252,0.189193257525717,0.189200394513821,0.179943137120894,-0.00231090792124142,0.0131840946370917,0.0097572303662955,-0.00138627151380495,-0.899282936442862,-0.902066522695419,-0.90139940469508,-0.917808983311554,-0.331787221201615,-0.338217977744736,-0.340535182805708,-0.335516135609806,4.30606916573998,4.3395077681558,4.3256949110964,4.34905824844084
0.122077577311783,0.123996877158162,0.0818074464736877,0.0878824292638066,109.435027129222,111.376631455961,111.237779937788,110.288089735298,17.7309594882707,17.7319093505928,17.7253150844207,17.8638685760015,15.9287490386118,15.8976873878989,16.2387363427744,15.9064177745649,0.657906285134022,0.667879080563666,0.656355199432094,0.656900058728796,0.424850056092415,0.399045027042133,0.412134815397511,0.41356154100313,0.178444044575608,0.174303303936581,0.177177297114991,0.17539497887564,0.177644055580512,0.199106285430493,0.167358565227626,0.191882840854175,0.0177951229980295,0.0267583196151473,0.0129097445731162,0.0178977307844553,-0.916198305004246,-0.884453524227294,-0.918178993181667,-0.901903783790967,-0.344295901819023,-0.344028619110018,-0.339000904465117,-0.336288348305544,4.3520636322649,4.29551638607791,4.33752801212574,4.31067338727849
0.0786623034994026,0.117233844652169,0.107451824276234,0.0901906634671949,109.493477425631,111.511368161164,110.853536688387,110.611468609861,17.6420157138007,17.6291228316256,17.9285273589455,17.5075198430554,15.7903166617408,15.900115747892,15.7267327229174,15.9403949723624,0.658076997481846,0.670228260810262,0.660351220210128,0.65323622040623,0.418066033903578,0.402091053915261,0.407095993376155,0.403800145913942,0.174964710376495,0.178723757053581,0.1741588919915,0.183658164668309,0.180300456296744,0.199869727093805,0.181906837250891,0.184808787806533,0.0241427634945457,0.0300504819946088,0.00925448871873514,0.00724773429659924,-0.923664035701161,-0.890115834361047,-0.908016549618536,-0.903608892896372,-0.340781103071858,-0.347446905296599,-0.334869815005619,-0.340860507837218,4.36049774042301,4.28885148218906,4.3227475154918,4.34183507266752
0.145439972069887,0.0920654432354499,0.0978696683638246,0.0915262512263254,111.609895604148,110.946784645495,110.470109830067,110.747562979675,18.0311844975609,17.8549445842347,17.8563227299215,17.6838401508684,16.1182518701827,15.7931410466931,15.9823959746088,16.0004910814197,0.664297857201993,0.660835128739152,0.656029636345297,0.651698663195154,0.388625629834894,0.396515495931796,0.410196595943721,0.397026953914699,0.173041619747131,0.175391475381398,0.180940023766918,0.179902486000816,0.182466017912019,0.188930244927898,0.196687546826815,0.174480648139315,0.0108196633814962,0.0263448694571995,0.00454882479393296,0.0167015201725075,-0.893308528091545,-0.898716020086128,-0.900903186158473,-0.898864992688642,-0.336211871537782,-0.335308491514625,-0.330844514595822,-0.33375613890309,4.29990226018609,4.33106688573105,4.31235604300598,4.34363178272896
0.115191041018273,0.140953774175477,0.153278318899106,0.101916030640537,111.764906610214,110.099208627824,110.416989701111,110.887613961268,17.591088375697,17.6712140083976,17.6983807926977,18.004194008621,15.9827279910633,15.9193873997504,16.3385175638961,15.842902276343,0.667467342966023,0.657131360926832,0.648214498945854,0.663273770906381,0.392959918730491,0.409874982604367,0.403336432247643,0.406662562104066,0.182715773903642,0.183047776010827,0.172601481132552,0.175636639028122,0.180659496283778,0.186428371365859,0.175760624337269,0.176940188240017,0.0240981980481074,-0.00172765779616871,0.0171600908767606,0.00797577898698321,-0.903292140035008,-0.908752141789282,-0.907020365822347,-0.918695075955375,-0.33727536365352,-0.345988523996731,-0.331493577460697,-0.343388373509301,4.3016922849088,4.32531574855548,4.31684567453557,4.3251908001069
0.0989619445935318,0.0679690168616559,0.0415349778453178,0.087265899035359,110.277675743467,110.677592293311,111.875477008937,111.130338717464,18.0429976567483,17.8438942278788,17.8395342002619,17.462179129848,16.0847746777325,15.8739023224125,15.6665531188391,16.1258127393034,0.645098320528817,0.653146945821857,0.655568326647176,0.653017192293344,0.413737266061,0.411256151949482,0.402434976677328,0.40355763945382,0.173455515814108,0.182943638553932,0.176081903451059,0.18187039547672,0.18865262685205,0.159050593995177,0.189435182170199,0.201270344762601,-0.00421282022153654,-0.00240732336905067,0.00191615347959504,0.012338821452652,-0.911876112940012,-0.918940822265816,-0.890458252234656,-0.890953037153148,-0.341570634664241,-0.333140798119101,-0.34176165190747,-0.334191075699803,4.34548919472469,4.32931684459248,4.34831608968427,4.35195925078216
0.0970574908612666,0.0521909182166544,0.114132800434262,0.126239557558545,109.781053828479,110.606902535332,111.105740199108,111.033946648378,17.6465474060073,17.499725383788,17.5483743386007,18.0454063027772,15.5883764445607,16.3748599090782,15.989337471578,15.9913231607496,0.658712546896858,0.658021418727293,0.653942425159846,0.666388597117983,0.416298952643485,0.41142489848195,0.414650361406081,0.405415620694283,0.182878776664657,0.183676787410942,0.17876739420884,0.178340038967104,0.18119431188694,0.149800225564334,0.191941433817411,0.184102758561772,0.030434913539936,0.00266256530135639,0.00952534844290036,-0.00444974537392726,-0.913563363320649,-0.937492450976592,-0.906789579690899,-0.894559935933589,-0.330979579024052,-0.326743531380308,-0.346916056131938,-0.337783487999344,4.31666979813937,4.30881487514388,4.33234804941785,4.35669752459195
0.124033029972201,0.116861879860734,0.122459825095382,0.0707843162565371,110.327373577886,110.77160235528,110.731226425586,109.880823302306,17.8384963184151,18.0586515242448,17.7364053018984,17.571733151296,16.139386072844,15.6491934750116,15.7399719555065,15.6370266747014,0.654626161445611,0.649932461726723,0.660043771512707,0.652440892800459,0.415900379444155,0.409803957719814,0.414789596860793,0.418621373315205,0.179783311609843,0.170312069610868,0.169876220752614,0.179740843840503,0.183419915500939,0.196024810937302,0.18269460336614,0.180663108987702,-0.00459497956337989,0.00662022417981477,0.0164015695117019,0.0195250429483526,-0.915252391430143,-0.907483252856567,-0.908111563747404,-0.910824511037751,-0.337940356790228,-0.343220108760273,-0.334631047791505,-0.327451182345022,4.31555579943122,4.36258104215678,4.33411476524024,4.34923010879229
0.144584046714265,0.122908847214779,0.0958990630216901,0.105488102310455,111.010221242864,111.169776888764,111.132986534676,111.35305336163,17.8644125294105,17.7922465847985,17.5591905728901,18.1254642617539,15.832201041454,15.8547930879003,15.9108577509147,16.0283473204741,0.659081528164218,0.666873671788814,0.651022564585553,0.650455609339063,0.400982524074514,0.396606548544706,0.41194276053277,0.40384517720825,0.168405158868354,0.180006276543851,0.173964697649676,0.171053770972574,0.183777540796736,0.186091691337539,0.169419729694515,0.19728617536065,0.0186985609341171,0.00688987280152897,0.00421098079154927,-0.00591135632146542,-0.899743340548371,-0.894084494322397,-0.922496406564332,-0.897976758841401,-0.331712025143245,-0.332362638619327,-0.34059397124384,-0.338251803025454,4.34377514437993,4.36163152466943,4.33240862309193,4.33959028748853
0.0961160667151524,0.115172694649236,0.118840825487421,0.0759154682248515,109.157691812573,111.439660565172,109.713641964298,110.51080032309,17.5798571730676,17.8678035860816,18.4443389662278,17.5368295865029,15.902743906195,16.013094215854,15.4296642867242,15.7713901088727,0.647808324334988,0.664426008145628,0.658646224388243,0.652720519610199,0.425409310661504,0.407312802978985,0.413469522659163,0.410817329462688,0.184957499794661,0.17831688939532,0.172071618799048,0.182503276916725,0.192771450941402,0.181444900126779,0.188391502725249,0.166265577686971,0.00395709728940474,0.00143970581546997,0.0149142091340779,0.0168735174797026,-0.909119839199721,-0.910060977606144,-0.915308165109679,-0.908534047263744,-0.33890515055481,-0.332779706646479,-0.330095609903368,-0.342548851691312,4.31301008449199,4.34440940502518,4.29965496473473,4.30975363252097
0.0910238359503828,0.0824535418378497,0.126283467089524,0.0789370948408913,109.720007514493,112.509029209246,110.050368703736,110.796248112736,17.7775471340364,17.5465024102303,18.3948387614515,17.6761933168035,15.9612694027789,15.8873063556032,15.3358110049501,15.9808241930516,0.642983415898312,0.66055869435571,0.656767979935189,0.655836875823263,0.415520666769108,0.396820034773739,0.416796385912688,0.402125950318349,0.181041224785162,0.171914646280109,0.17384717178866,0.180840884527976,0.176055711317008,0.168451190440899,0.187874580229036,0.166932425330564,0.00522805674780863,0.0101341396497491,0.0139896992096385,0.0146465173196828,-0.909946500397891,-0.913854964832206,-0.908383205825072,-0.915164085775327,-0.345595734364477,-0.336348670477432,-0.324165427529461,-0.338605375316763,4.33345847304004,4.32205821711312,4.29280576725497,4.3177032826204
0.0802729311919948,0.118750606284835,0.107410470461363,0.120092320195537,110.771755084695,109.308469946818,111.281906763863,108.934196793844,17.7129487391121,17.8876400245628,17.6903502164616,18.1212731909746,15.3615536068475,15.9105326940702,16.2402527218414,15.63771669719,0.657626292457683,0.644810878751626,0.656080227012071,0.645600609997871,0.405243994257222,0.418271474613783,0.411102784852158,0.426542597649219,0.18357654670703,0.179243472237268,0.172125346333288,0.17463113679059,0.178893822926113,0.193851748088964,0.183591977963669,0.189743957949775,0.0174007395290166,0.00827664800412591,0.0139548283074976,-0.000648325926922628,-0.910798756342318,-0.90726836301529,-0.899345260479181,-0.913128338727686,-0.340733288062907,-0.337787225549064,-0.344547961483322,-0.332846820711216,4.33484085293753,4.3414760843331,4.3601531974049,4.35771222417924
0.0941670787809733,0.1106567066801,0.0700729112188068,0.0857996862286807,111.179620068342,111.95938537877,111.702006273174,111.870153104213,17.5729527147912,17.9053010695908,17.6981822186251,17.4829535610981,16.3716745481034,16.1652054009085,16.1428063765741,16.2775991820487,0.654771111660069,0.661569279074103,0.668281631898461,0.66544929757401,0.408853227206009,0.399653509197624,0.396753392187815,0.397175378450811,0.176699851315563,0.16921976293741,0.168548439074469,0.18122394297509,0.200075282390838,0.175706831536889,0.173475946174901,0.179812038066293,0.000770329655678662,0.0037562254040272,0.00877243453044451,0.018878738122568,-0.89828608650262,-0.914502690976354,-0.910287865226757,-0.907188544290224,-0.338478343520918,-0.336040280746151,-0.336135144456627,-0.337340253923522,4.33889796227477,4.3407813111165,4.33335997959143,4.29627951860797
0.106432993998017,0.0577190945800672,0.0952554117392853,0.112667971255039,111.000064754614,111.07428422714,111.535720069921,109.062610107358,17.8548704325077,17.8265043694115,17.6105235893487,18.1229930199467,15.5724229050243,15.9945726981909,16.2133736854719,15.5085347426482,0.663574635721592,0.664965433172694,0.663128877317135,0.649543680934005,0.399343201659232,0.404215238905583,0.394480884413356,0.430690638742041,0.175401525394336,0.178383948945854,0.180102482606896,0.173477067929488,0.178289537622249,0.185366318975266,0.180158376326476,0.189531842223636,0.013147495898723,-1.88538057378825e-05,0.00662735962997437,0.000899188739210523,-0.906757663540716,-0.898608198415728,-0.889853766445974,-0.912666436918476,-0.335470676173368,-0.344029917614566,-0.34448708708409,-0.337571088790119,4.3133255446196,4.36100625139081,4.33488685614732,4.34546738134421
0.094582675992574,0.167709899843814,0.0896971197376142,0.0886821077527217,111.517183901965,109.811230971895,110.234027782542,111.685160594339,17.7883360581739,17.7255868216646,17.9874126522269,17.5433475559185,16.4612328414104,15.8988933536865,15.6613994453527,16.2790076717872,0.66860001766383,0.644883573616352,0.656760679181595,0.661923081116847,0.406271795988754,0.415909756766316,0.420142657396431,0.403904308559756,0.176622577150701,0.173634814752344,0.174031162695876,0.182904774514572,0.192389142118504,0.181501491773059,0.174659762359958,0.189463461964963,0.00515273443524264,0.0151611619200288,0.0148120377058553,0.0193342801304826,-0.894556316265345,-0.904645377653678,-0.915364782296132,-0.907075146012697,-0.340668818985043,-0.328778330420444,-0.333131858708742,-0.336979450636,4.35051661747107,4.30314854251138,4.31053441166409,4.33079648848316
0.0723922155841028,0.0995278409898016,0.0941178138053529,0.0536907403056162,111.149839466266,109.825518668309,109.807105689491,110.980068888464,17.9520510131233,17.6900321968942,17.6390045415951,17.6201166403683,15.9105516717499,15.928214286642,15.968365654937,16.0499719285548,0.655294355834401,0.64938166584139,0.646272725640732,0.668526575215084,0.389839861102566,0.420140310071156,0.405848287026046,0.393701572850327,0.181763167934172,0.185790739695937,0.178758424256064,0.180724287582775,0.190227650071958,0.168668050981617,0.185368758115413,0.193774217954642,0.00691386932935978,-0.000594648437202412,0.0124789494223121,0.0274308831344236,-0.895081118751127,-0.927216682399468,-0.900118995058995,-0.881375891480113,-0.343911197548169,-0.337866585497714,-0.337644951525985,-0.341508416979784,4.32229714897514,4.34924697402777,4.3528639546244,4.34012712279361
0.126132990836126,0.0908361641937096,0.101593925652166,0.0985554887152122,112.431922430728,110.169381621725,110.639217576963,111.472151666047,17.5750923427775,17.8122092491243,17.8410616319617,17.647627535725,16.3657349433823,16.1247637858595,15.8595971454727,16.0765752631945,0.662713493986665,0.655022614171884,0.654090836087105,0.658408389961143,0.408351460638707,0.407815197913718,0.406771006527517,0.394430323247678,0.173288271882356,0.181110453754252,0.187897585937876,0.182433384981457,0.179745931265247,0.172082824929176,0.176511580172588,0.188133366368181,0.00711383398322213,0.00365486513296269,0.0206294811955914,0.0183067542679908,-0.914644654462287,-0.915674019944747,-0.906520788037085,-0.90703877383975,-0.335876258672758,-0.330831224704394,-0.337019502096797,-0.340200299193817,4.34282594448563,4.32434661166315,4.31291611962928,4.33715880916778
0.0740913474751582,0.0866163351778948,0.115262381563706,0.0942286309350999,110.677219503079,110.212901442739,110.19051684708,111.328166949284,17.9283745733939,17.7753970257704,17.7254413744701,17.96277298338,15.7414483737638,15.7256937203018,15.8628296186771,16.0790608615692,0.659578387502254,0.658951973829174,0.64964780574083,0.662956945574662,0.405548675363202,0.411170051205654,0.414924712770417,0.404038973051685,0.180197740409127,0.176047392315659,0.168165493511458,0.173918975245663,0.194442522556479,0.16802194200863,0.185797299370795,0.199271810907652,0.0122962671720775,0.0151817513320505,0.00476861760691564,-0.00455232494319983,-0.903470716320916,-0.923140506799634,-0.905765584975114,-0.908386484915219,-0.342868029897072,-0.332079178081449,-0.33858966069387,-0.341158702298528,4.32086332379717,4.33345511909487,4.34212689918083,4.31843493831799
0.0985438083775165,0.139606245047251,0.150999782244162,0.144607215480975,109.899338286359,110.613455484128,108.903721309539,110.256845299815,17.6408454670702,17.736595330768,18.3492780500177,17.9639747441937,15.7660165031712,16.0303439783101,15.9623158242735,15.7219578000541,0.652646523977705,0.647385375410552,0.650507249573169,0.651068989747257,0.404154785717036,0.411895587572281,0.42219176211634,0.411665292119351,0.184792621707218,0.17526008012422,0.177178392127655,0.171493751719345,0.186414240972542,0.197606479272934,0.17191261205992,0.177598959413248,0.0103302085991299,0.00610518656318993,-0.00160401752680884,0.00927981166147167,-0.894485057052268,-0.898697095037529,-0.92154635385318,-0.903033206744976,-0.344024533060786,-0.337665642893808,-0.33074384222587,-0.330388689084016,4.36872464015281,4.32266887057187,4.33480409390469,4.33259090196202
0.103020711100132,0.134559773976959,0.123823661053799,0.0692563705348562,111.242529922659,110.499058662925,108.713405722896,111.279375592741,17.9044229806506,17.6548462831803,18.4497299507676,17.3627249921696,16.0301975217284,15.7968996484387,16.1099625632479,15.6372584690824,0.658207735607906,0.657755061307216,0.646567171383368,0.652369603316585,0.403722421978298,0.409784852093251,0.424757831243281,0.399645101388688,0.170728441523629,0.180184699811208,0.179726768328777,0.180863168331453,0.177613563670239,0.181066190973049,0.175196906633119,0.192883019722395,0.00669505352083338,0.0221265402862889,-0.000209771643694037,0.00616020486015922,-0.905651165268014,-0.904886700581335,-0.925966951717023,-0.891660746286412,-0.330634458685219,-0.331731856037784,-0.329683386345035,-0.338185965951141,4.2959718878427,4.34285739578341,4.33985806716946,4.34254130822579
0.10163473112358,0.104810916091932,0.11368858890704,0.0778309669721727,109.888524616296,111.063180407082,109.346176706975,109.871510939961,17.7303435026758,17.7732706810354,17.5589844490454,17.7605258910411,15.8828722246088,15.881787341057,15.2119394142226,16.1476887514288,0.651557081364464,0.664370246695834,0.643859969309557,0.655359656556144,0.409830059523192,0.397793707684615,0.423991803295718,0.417706205615716,0.179237559601232,0.183097290248715,0.177961554119639,0.183201221141586,0.175683618575229,0.177814423570261,0.196131161608579,0.17925305622186,0.00667911422334876,0.0245189777847351,0.0206611125860695,0.00915160675811559,-0.909039339111004,-0.906799620760084,-0.901284700095653,-0.908247735109065,-0.345352713310162,-0.339263086653334,-0.337705694298725,-0.341131796401255,4.35771661282313,4.37019024435438,4.33408408328459,4.32074178086497
0.0682159530129266,0.07919389097572,0.14331581229951,0.0739549137518374,110.860887495449,109.933835062264,109.578252649426,111.663893144339,17.5344388570867,17.5377522893106,18.3061300366379,17.815037740264,15.6710744071656,15.8737415673853,16.1792248473004,15.8844434777591,0.655178559006199,0.64929139023691,0.65486529816757,0.654059525836586,0.409432864262413,0.419787432432024,0.415496626651213,0.40402844873372,0.175849762037035,0.176019406764676,0.176236207146444,0.174747970003251,0.178364374696398,0.190921252567206,0.180009618981052,0.183640480814197,0.0101240761323955,0.0106551751699463,0.0168190460953822,-0.00252032454161306,-0.90481322212378,-0.910582540573997,-0.916524532320175,-0.902186884054788,-0.33565159199341,-0.329447301758743,-0.330196796733527,-0.33876155823539,4.33160616705024,4.30066206378446,4.34923026758242,4.33822251354474
0.108011511137086,0.144183361451796,0.12695336066535,0.131474441052664,109.935516222205,111.074678527634,109.5448872511,109.125838522519,17.8505466434961,17.6528986528984,18.3559177026398,17.9530722932718,16.2127101568459,15.144375776818,15.7992295025061,15.9035298966727,0.654016843363045,0.658540119509787,0.653683369930874,0.653397913506924,0.402656479023051,0.408365133128687,0.413782450610955,0.41509656914252,0.185070098474731,0.171563806939508,0.169409710760645,0.180714512479687,0.199023479482321,0.163215309956572,0.188237057704435,0.189306977153661,0.0176024802490269,0.000695103124767143,0.0311693461759042,0.0244429739906005,-0.888768133309102,-0.922031501121051,-0.907884903932503,-0.907629514774401,-0.343961604560351,-0.337054799320632,-0.333599975336657,-0.334977451752476,4.34520854431153,4.32116678546873,4.3324453563637,4.32496036108723
0.0756410677800118,0.0532833848854523,0.0931814590219299,0.09596894449922,110.945488738876,110.186864844377,110.116660053733,109.907455956676,17.923927807446,17.8847419794275,18.0093280134883,18.1107668786001,15.9535164068092,16.5065821823831,15.8248560734816,15.9719376716813,0.661877139762843,0.655453781885945,0.646416841195897,0.649123024033158,0.404813132451555,0.399594156497438,0.407524039365983,0.412980607892113,0.173035469148343,0.179609927168117,0.177134333948179,0.175613343557511,0.203658175620161,0.200300254721812,0.191406446547963,0.164514388511437,0.0348056111486894,0.0191353081179666,0.00963175579853827,0.0142920363150004,-0.891916829876551,-0.885834692617604,-0.894191578952995,-0.91290276236407,-0.336393636470692,-0.345502114075968,-0.336659780022088,-0.329380341498964,4.34424842804348,4.34531403501315,4.32191096992531,4.3292071230612
0.123342224152804,0.12319522833331,0.109677612497384,0.105173074376101,111.622322049238,110.112979055641,110.131531358486,109.978453751643,17.5181879441112,17.6165206609768,17.7793330702651,17.5172007137117,16.1383870781689,15.6208376562683,15.8348206710508,15.6247817263157,0.655672065016662,0.659621063743291,0.652651987908203,0.653080789469226,0.398591248146324,0.40563671708247,0.415416272407918,0.423127526038795,0.188360017093763,0.178455471797314,0.182645773866475,0.174814538070468,0.192144525852931,0.177215455952464,0.191167708111652,0.195464940098868,-0.00510224218360541,0.00920444910547707,0.00692880520741674,0.00272617714227217,-0.899740095167246,-0.908858780399185,-0.907896312137923,-0.89780426230964,-0.333443665035248,-0.334481743905653,-0.344353403879721,-0.34387775151294,4.31737987257594,4.31454884018999,4.33092480321005,4.31205109290992
0.0648747210319993,0.0952196983381515,0.0912311731070928,0.0979292243788661,110.160610949476,110.048082673913,110.66109727371,110.574022530994,17.9958010194176,17.6057807446994,17.8047160539897,18.0271235824562,16.0515872969699,16.042072623377,15.9087777985929,16.3274628452032,0.651563488114773,0.645002564024554,0.647376443210202,0.670239737846998,0.411967133888389,0.410616251107541,0.414570305992027,0.40778297621926,0.180839189439756,0.176386787789768,0.177008446637163,0.174709419456493,0.209452090095352,0.195579800223139,0.177882735077208,0.167250193050566,0.0210153393962572,0.00543354842019981,0.00709653986378352,0.0173503470776838,-0.899995355562505,-0.905844359843506,-0.910826786787268,-0.917626248679055,-0.348162047805975,-0.336055423359535,-0.329819192040887,-0.339931700023504,4.34411323325227,4.34863776667228,4.33375345597216,4.36185888262213
0.073399777099162,0.0791013586076421,0.114007493181177,0.115819004503439,110.319222151351,110.840526459379,110.39966844823,111.988982422294,17.6962791315602,17.4960160419788,17.6092847900913,17.4719352851029,16.135917096285,16.0065671763996,16.2644753642923,15.851550212472,0.651231168628409,0.650351607171956,0.646090811720501,0.661980803534548,0.41180948278935,0.414949989902162,0.406799907782439,0.394112403268595,0.187345504072357,0.175435010754875,0.184851071749382,0.172905514292206,0.169775305362817,0.195567597971134,0.183599824229954,0.205049868329196,-0.000942550229535621,0.0092398488107527,0.015510232775586,-0.00587623047912948,-0.914485252158426,-0.90108455836755,-0.900765668192485,-0.882772935338108,-0.33492546387487,-0.330608760138014,-0.335743408896758,-0.342188299672568,4.3386133139284,4.35067022297014,4.33347878353458,4.30076091370551
0.146777236341995,0.114642681231242,0.07254074012583,0.0578619788193289,111.077983585368,110.308553382481,111.789946020186,111.285599442944,17.9769181726799,17.9106801495426,17.7052708713418,17.7045538930505,15.5815867983323,15.7975264887315,15.7598729830646,16.5171350443153,0.659462696522799,0.653564828341549,0.654462146463429,0.666932734560789,0.401388814694548,0.399255585497493,0.409037680203126,0.397345013488904,0.175438722409571,0.182573176718361,0.17004499214236,0.178706106257981,0.182477389693941,0.182434275050014,0.186140858557114,0.152771972911693,0.019084868639234,0.00941876014136809,0.0147424972753326,0.0123960139337929,-0.897558016502024,-0.900185231708583,-0.910658479055801,-0.920572469191674,-0.340355418337099,-0.346073634768222,-0.332900464285045,-0.337369768548664,4.30566883423526,4.31092586679276,4.33226916591805,4.36107054771498
0.104059414204298,0.0989730880943765,0.135789681040054,0.13415716092512,110.54725277763,110.793897811179,110.591839545049,111.903399470742,17.6714710300974,17.8960332004432,17.5957118361536,17.6797122440427,15.7825080605215,16.080569229255,16.045908697882,15.9463917786101,0.657433185280548,0.658603127284572,0.662434559536176,0.663607105345727,0.406862924137076,0.418028407384988,0.412607470800258,0.393925118410389,0.177125016737614,0.170285828665741,0.182429809921408,0.17190903314781,0.182632925141691,0.185469715810896,0.181590098812455,0.213222764609135,0.0213753632582651,0.0113332785273342,0.0260389620089345,0.0118561902379118,-0.910070728838285,-0.912844650529728,-0.913340428251436,-0.871311403293129,-0.331353228396507,-0.326756078189613,-0.332114332351593,-0.341251551374234,4.33879295169186,4.35173621842262,4.37101000545094,4.31999738047561
0.0941719946430437,0.0895318184054764,0.125526211460952,0.0801620675082126,110.778150862247,111.372193426718,110.050674397891,110.356307761104,17.860539981721,17.5480238349952,17.4892385059251,17.8306133063573,15.8272810747473,16.0049029264763,16.02797962565,15.8432078153464,0.657169525961082,0.661755234209382,0.656658999267535,0.662750197132798,0.405205744241549,0.390290913164982,0.410888786770762,0.412467283819556,0.176264277519517,0.18424629776479,0.180734543520136,0.18494490213111,0.182837959619786,0.185778169315682,0.179447540772396,0.149640266329277,0.000506048350732762,0.00521359281594551,0.0188608784034957,0.00490471443241227,-0.908577053659044,-0.890037757075205,-0.914145883305872,-0.926705180393952,-0.347386533327714,-0.351296775075502,-0.339825056751673,-0.339636256683682,4.32469820665585,4.29978046512674,4.34439366087715,4.32803257379183
0.0880743827859585,0.0984440228337572,0.120619581592483,0.106653829176714,110.752505075486,111.46506411851,109.97806195937,110.40791847508,17.8079950643274,17.6077242594511,17.6984003673821,17.9646979261627,16.1247647272444,16.1476617993369,15.9444265385762,15.8374537991336,0.660768848938612,0.659793461616166,0.65568472382732,0.663358416643879,0.407989484981752,0.404321749770907,0.416639039210959,0.413633398547031,0.179231641876323,0.184785578524505,0.181385499803615,0.176855835555622,0.191801516285943,0.189635322500824,0.174926540020108,0.159836067498848,0.0218370906479339,0.00928404923343933,0.00992555006515882,0.0157786051520375,-0.898492382446113,-0.898180785615752,-0.912991944769349,-0.933349354453936,-0.33318201381955,-0.33783455850219,-0.342319377568001,-0.330264007631205,4.33842719329225,4.33014591735433,4.33691934909944,4.31017916186875
0.119582661495318,0.0639904800912574,0.0905490843620427,0.107354450801866,111.360213204942,111.377271940991,111.541086992505,110.540047081757,17.8220583435587,17.5716469453915,17.8120628988121,17.5904885447208,15.7655463343539,16.0158325149212,15.9135863356016,15.9983699062289,0.653799246690038,0.661815250344306,0.659715236157536,0.659313517241908,0.41180768462759,0.403618246927675,0.413353357516282,0.410140384424104,0.173898032442802,0.183627804348188,0.167557325781608,0.182417310867362,0.180509291542364,0.191554674685733,0.167068608521459,0.209234845395975,0.000152064177569075,0.00481255181948304,0.010228189257552,0.0040403190465474,-0.915895537144198,-0.900479454906957,-0.914365316291764,-0.880781586686323,-0.348560315355091,-0.336103063300023,-0.327191142834044,-0.338930975562629,4.3454328170037,4.3379777710552,4.3182895801747,4.32413772611061
0.0837110635509577,0.0551094792294718,0.0996040399099319,0.0668297125719585,110.721624102668,111.260496440828,111.196806138585,110.71029468873,17.846858839744,17.5124667430415,18.0593516384633,17.653073783143,15.9733576622569,16.0051329896995,15.9284737131781,16.1197389187819,0.667736684007307,0.661409187261597,0.661134793529766,0.642641811907617,0.407754723458658,0.403492140140621,0.402167222364976,0.411358222170158,0.171586595391572,0.180464279652088,0.183534364345009,0.177722918927674,0.17944663188259,0.192806837520929,0.212142679921755,0.18887825330459,0.00879912604907262,-0.00172115237019369,0.0139706675561573,0.0105018893369915,-0.904940350341185,-0.898072985279372,-0.882269399218435,-0.906866613753482,-0.343340897419135,-0.339606172370646,-0.345605715818539,-0.347384843483967,4.33435276773969,4.36140165326845,4.34932976601468,4.32366571871778
0.108373246545634,0.131836617961678,0.146568578805611,0.12332179007764,110.834902097266,109.846952755547,111.804165237086,111.773586519032,17.8140761838512,18.1289074090392,17.4708365802659,18.0013605944187,15.9165692812343,15.8357899079996,16.1639749835327,15.9611522950354,0.657738592067712,0.656083265776502,0.653045913576289,0.655978949245296,0.416020894207453,0.412737050375459,0.402344222419984,0.398893344010152,0.175643291202647,0.177108271894704,0.173210190893082,0.170996224477921,0.199177207624692,0.187932550569455,0.177883134546823,0.175806910355207,0.0015017172540468,0.0374733088378298,-0.00202643165768153,0.00613005159241411,-0.905075138074264,-0.90454461533299,-0.904860494123846,-0.900172359836707,-0.333215750977339,-0.338530885911558,-0.333559531339484,-0.33727559104533,4.30890033557269,4.31324176989716,4.31466001827792,4.34102188519269
0.121058135395059,0.0828810414853175,-0.00231927594359468,0.100642777017771,109.81792341397,110.378634885079,110.597646012372,111.662693368758,17.8395986135278,17.9674541344299,17.9666593001707,18.1517867059333,15.9101315951393,16.2505037904295,15.7890184793639,16.083532727229,0.659104774631392,0.664774990483791,0.661820590940586,0.657945332786699,0.411748312742412,0.404196718543415,0.402739265586219,0.399288433559016,0.18415110315309,0.179146202096981,0.183786200019604,0.165958167958014,0.197768964457232,0.183834522202219,0.188501118697633,0.188364499097402,0.0183585178611442,0.0223164364893207,0.0217660120528202,0.00387111884894101,-0.892346074549126,-0.907782725286727,-0.901523111571016,-0.911129429922731,-0.338806297958879,-0.332578065590442,-0.346495057759722,-0.335021918012764,4.31514279619195,4.28995992974011,4.3394940232354,4.31741421982883
0.0907491033640534,0.060831041534764,0.00184053001818806,0.137290440159657,112.097681544486,110.22436399023,110.760169257508,110.933728719202,17.7518808316815,17.8700883268392,17.8627121085867,17.8168415658132,16.0128566418694,16.3842198979286,15.6850710956171,15.982007140385,0.661555226611943,0.654123262978349,0.664475008150722,0.658919538517397,0.4011919431024,0.411931211537726,0.398216459052532,0.400718007365768,0.175089795416765,0.174313906457023,0.186453742167958,0.170959347282748,0.170311738828857,0.177440620105948,0.186831581310748,0.184882825113458,0.000942408797056071,0.0201372859311102,0.0248324081077781,0.0122646139941312,-0.912623984310625,-0.918209947653777,-0.897438156722191,-0.899240173241239,-0.335862383713936,-0.342715618893971,-0.345574141056796,-0.335376588917786,4.34264593801167,4.39084294385443,4.35299881150839,4.36090080322322
0.0789168054521997,0.10738278793431,0.0121516063896211,0.0674437692889773,109.875457036506,111.791238806896,111.017606119868,110.766938484732,17.7924481728868,17.7302865492109,18.0498599313841,17.6619308629321,16.0127905834399,15.6032576617756,15.6295498925946,15.708812877537,0.656108659359134,0.657448611715688,0.663572575896719,0.654957434949483,0.404978094227688,0.396612258973653,0.390933610566901,0.412031813696695,0.186791462789614,0.18032814409349,0.186121476817432,0.185868102927625,0.180992707565716,0.190560907427875,0.188309761903644,0.173278819892107,0.0158327947608032,-0.000763177303980632,0.03001087930913,0.00562054962146211,-0.904002776315603,-0.89516859113796,-0.885596692696234,-0.910490258136579,-0.348090224211593,-0.334464845198175,-0.347125056481853,-0.342024398384446,4.33677021685747,4.26542427865087,4.33011578522672,4.30012660010051
0.0830517665503758,0.0790069263747795,0.111492204285169,0.051571740890312,110.524108528624,110.48486664052,111.074116200828,111.352507994486,17.6867807116782,17.6871430914088,17.9689690590269,17.6746914898447,15.6217843341449,15.6008847007786,16.0517856893796,16.1161884624144,0.650916556497056,0.663702601092791,0.662197822393757,0.660126123929131,0.41315794095672,0.407558619516019,0.394716579550744,0.410753908031215,0.173494165569884,0.176401073212243,0.185178460865616,0.174084312396886,0.201563036734049,0.193199799772311,0.181119243789037,0.182413634867146,0.0108253100025896,0.0141595104677771,0.0224784796335395,0.0147737920640683,-0.903986687439968,-0.899945268898411,-0.898387218731833,-0.904894473340239,-0.32967598349934,-0.345159266956901,-0.344823248365221,-0.33539779935735,4.33660841865464,4.32563593352228,4.31793375144071,4.34965912832279
0.119642206801987,0.112725611258859,0.0795154451711462,0.0599659384649818,110.841237035903,110.310496582884,111.636549800474,110.676149406963,17.8296588237637,17.9664176152049,17.8687817567607,17.6983059461924,16.2957253601587,16.2688500201877,16.2174807104272,16.1134660135528,0.661783205103233,0.653599906532486,0.663614978995607,0.664470377052043,0.399980303618026,0.415987959738952,0.405604015371043,0.406200966730725,0.176449129582185,0.177559279714556,0.168719222808947,0.17380442869665,0.174414067186463,0.165931675218629,0.176968552826751,0.175794894885645,0.00740078072338046,0.00586934163281323,0.00502703288660509,0.0146623127844044,-0.907807329195417,-0.917373295986094,-0.909320554802981,-0.9019168603628,-0.345171223675128,-0.328660256441483,-0.336269059935735,-0.334988310117635,4.31428976025782,4.33926341062057,4.35931924312353,4.35079342065282
0.13385018138629,0.0766826909043306,0.137829358644054,0.141557674808771,110.521883890777,111.181695299258,110.689820708905,111.62098752764,17.9237033319483,17.775106621857,17.9300703444388,17.7253653161014,16.2231342971879,15.7151328713658,15.7676696259093,16.1377650151651,0.661549500891092,0.656094639456597,0.655975510131027,0.66260250872943,0.408304180842601,0.399584287377739,0.401197501724762,0.402321824575849,0.181398836893904,0.170855812418671,0.176344869139379,0.175558210611446,0.175897553055536,0.180385738040374,0.182328059706902,0.195072481793049,0.0201359148149897,0.0151234803191786,0.0138958266177461,-0.00226483429574321,-0.918234228772999,-0.902390290757203,-0.895949779785344,-0.89203299463833,-0.343444976732669,-0.346051555924902,-0.338497050498265,-0.340708616123389,4.34162989048559,4.3217859998945,4.31520249492578,4.32550173546677
0.121961057622803,0.0746544219732682,0.0736964390371956,0.0837785098876058,110.736997041336,111.42697951233,109.878985527333,110.980778020202,17.4875424048514,17.7769304535848,17.7184749492889,17.5345185913378,15.8363842166243,15.8054069510826,16.1181409506307,15.9748302243817,0.646818374734031,0.658869259666068,0.653475242913087,0.656340123892822,0.414086125850212,0.400167001101705,0.42357733826816,0.400395732330627,0.18016248611817,0.177861749225949,0.177309474921486,0.176751133570924,0.180560235792633,0.183744918006511,0.179220036189547,0.168129344703096,-0.00131867880640716,0.0174879715542319,0.0074205057778061,0.00782896494205898,-0.914144519973851,-0.906086449802409,-0.922909918167279,-0.915879539020566,-0.327185898493194,-0.344448683524137,-0.329349896271329,-0.336364915922779,4.31381544150776,4.32861629572777,4.35176644393773,4.33019907533922
0.131225952142304,0.147011847158324,0.126605525958759,0.0811088420243395,110.51143353914,109.726442335305,111.717964186402,111.248513913612,17.2198870739014,17.5896694743592,17.8235069166651,17.566873724966,15.9657459115222,15.8767237765786,15.8078114048539,15.9307146479043,0.652972254542071,0.648563836526396,0.665637044042522,0.657197973984591,0.412838316946948,0.409598516313102,0.395387732510177,0.401763160118195,0.179935183484523,0.18014357428749,0.177476126313202,0.175894639100701,0.183073603788934,0.177371794757909,0.193681666673211,0.169870855839263,-0.00012396902209951,0.0064505213349059,0.0129891570304315,0.00623535985573468,-0.909861729760717,-0.907109995888544,-0.898799322463968,-0.902125734717839,-0.325878330786797,-0.339531164629652,-0.347953574779949,-0.338873001840794,4.36488102385163,4.35004948726337,4.3027676915436,4.33320147547114
0.0496775150391149,0.117886232775796,0.0792007143357316,0.116563748384287,112.316134112265,111.050440493047,108.899551240897,111.267513964679,18.146876581038,17.5936553662955,17.6755858884677,17.9240426387779,15.8143856936492,15.8122209728058,15.8578997843735,16.1672079979559,0.667421395971672,0.656869600852062,0.637775392374564,0.662041704765571,0.394638478070615,0.411306213636752,0.433322297197207,0.397494786767284,0.164581525412613,0.180991998797337,0.176585235998118,0.178267512418376,0.201639304338677,0.176782349877508,0.190373363674041,0.202801173811283,0.0149501170266728,-0.00329617650030395,0.0109864417837486,0.00699218612860931,-0.892147318667114,-0.908533778022516,-0.91198784289007,-0.899987661027733,-0.351416198103488,-0.340250731720814,-0.333220092611273,-0.336097562231886,4.30729276332678,4.37839879273058,4.3710063151044,4.33064936716606
0.107390954296364,0.119268936258454,0.137050728180145,0.112989425210087,111.122392120383,110.257620567924,111.721562145601,111.70176777625,17.6600556070222,17.7598962018278,17.9436759513925,17.5709098668601,16.3289800270919,15.8193832968019,15.9418393827469,15.8063910266874,0.654067513029754,0.643991651827686,0.664103037746656,0.659620023260449,0.399295292028691,0.420882420285007,0.387542975171127,0.409472362016537,0.181672144710082,0.172344810450736,0.179201076799983,0.174033247935724,0.178204989648703,0.174132099301827,0.181966291126456,0.168563276981127,0.0152354677024256,-0.000366493010969198,0.00583781382312507,0.00443882575457488,-0.899870515386736,-0.921017828756833,-0.890911200592246,-0.921303507802027,-0.3393456520777,-0.334615176852439,-0.340749746664114,-0.335527992168069,4.32139062573554,4.30721564249495,4.29323497466383,4.33502201199319
0.0962498550721194,0.0919031492378827,0.0865929196063608,0.107127867634941,111.502362278823,110.249894737592,109.989269013807,111.319976535213,17.5606828030116,17.7749954047818,17.64976445855,17.5666227167904,15.9601712771399,15.560191952899,15.8534211548603,15.8162189460792,0.661532348387467,0.6576298995706,0.646608626550443,0.660903046933962,0.399669874355673,0.413985793895203,0.429855093881487,0.406882681889347,0.181942994600064,0.176176154201761,0.17091732529312,0.17481057375489,0.190450637421444,0.183724280661889,0.191046464185537,0.167186594122027,0.0109793890964523,0.0195359213732222,0.00889274905082032,0.00117528742035076,-0.911367536445612,-0.908923048906423,-0.912149368725275,-0.926779184155528,-0.345941339231194,-0.330967232644452,-0.33474978793349,-0.331661947584581,4.31639330235102,4.34312164316362,4.37131951654104,4.34052640058509
0.0550728271297921,0.128173073484409,0.12137282297652,0.0493500657077481,110.866121237537,110.799205110968,110.555822396071,112.044564674556,17.9539628208737,17.277745277424,17.9761185849372,17.6976604584817,15.9558672654967,16.0357456053486,15.9867967410145,16.2527994365835,0.655002813771394,0.645854949025583,0.661778688187425,0.662564130155522,0.40996874130105,0.410863762824159,0.393735229132534,0.396782668780825,0.180334526104924,0.178058482022839,0.180522143127719,0.169803507752463,0.181485978282212,0.178005245381782,0.177288294076263,0.185567886331195,0.00988203234714207,-0.00440107658703409,0.0143729200663661,0.0031464834770303,-0.92033098377217,-0.912545522770914,-0.9010222240431,-0.90089977607249,-0.331230484108187,-0.336744604605425,-0.341762378284972,-0.335784614323766,4.34803796637886,4.30943653792579,4.29251854112875,4.26406510210035
0.12459405349844,0.133850743114312,0.148104905429755,0.173049576339689,110.90395460257,109.878864487035,109.714345780011,108.629606248272,18.1790554052281,17.8089915179044,17.8971838297314,17.6914339583791,15.9028791015225,15.8341527778549,15.8300171681724,15.7688802429382,0.661986682147449,0.6446768789602,0.651850241328112,0.650299834343738,0.40272363849776,0.417814970707699,0.413396039159331,0.41504395401286,0.169175747846964,0.168719888492968,0.190634612267374,0.188686951898587,0.199761642980731,0.18730804049414,0.183421453166071,0.179927603430256,0.0337095772293216,0.0105386653532382,0.0182425070883681,0.00916397658919689,-0.902773437886073,-0.911615160426426,-0.908123419258036,-0.907758310415139,-0.342722441627292,-0.335003957718139,-0.339805295653884,-0.340512595154519,4.32007562324722,4.29203715898479,4.3126301389864,4.4066343834983
0.0747004038477397,0.0570106060103581,0.128805188284345,0.180421694974103,111.542433633042,109.20853871484,110.9739720418,110.006965128994,17.5608437243853,17.9128079108409,17.2789652969763,17.8197380301103,16.2768921723473,15.8683322339253,15.592837471767,15.5758027534077,0.659026610796254,0.655414113639832,0.655812961937365,0.646828093272915,0.39621196575756,0.416032188832615,0.407561338732237,0.415636781496685,0.182977524236199,0.184024072901754,0.176586499873349,0.183846889903321,0.180013938968897,0.163997536681346,0.18568707058519,0.196513091461528,0.000962597545539786,0.00758172699450881,0.0121907258389246,0.0106669880557653,-0.899694040947389,-0.920803448993763,-0.900816798761457,-0.896576105724332,-0.33285529368805,-0.341602183607003,-0.333948193335692,-0.336751844530068,4.32564784841313,4.35070460452128,4.33641150455054,4.33858600378675
0.112796912693905,0.124910005479164,0.117427915978398,0.114472668426648,111.003114562443,110.254313914497,110.962952836347,110.584268908376,18.0739774029642,18.1653549137305,17.4817265349104,17.7834066203636,15.8723267048014,15.9622622213039,15.6612631683249,16.0941365751746,0.656715530705907,0.651339498964805,0.658957303792899,0.645075139459069,0.399137583265115,0.41244065107571,0.402403535763842,0.406945651591709,0.168192150343219,0.169856757584656,0.183092257091375,0.165817059757672,0.185857433612302,0.197902813266811,0.197169828660459,0.195073399718289,0.0188106649920044,0.0224937581743856,0.0203236442390981,0.0116808175962292,-0.896620167228955,-0.902023814126527,-0.893749625267257,-0.899323190562687,-0.343183685141399,-0.33288143933205,-0.337433603092697,-0.344977344337369,4.34806602339792,4.32312497344617,4.34360414311382,4.32643931730208
0.10712288249551,0.0710057177622453,0.0929883774728788,0.111984093967898,112.202218050616,110.514385087838,110.300170701418,109.887543238509,17.8812460497958,17.4800987588268,17.8025439727679,17.7876371907449,15.9218921287381,16.1735210360491,15.9043658408715,16.2168174564344,0.664405558979763,0.64732102962707,0.649712839816329,0.65193836708048,0.405020574494398,0.411945965964028,0.418432611016916,0.413768005328814,0.163624027078122,0.188510031015152,0.171695059084907,0.178654862856105,0.196071709836495,0.167313040886088,0.177942707137936,0.202747436526357,0.0219303279034707,-0.0093235092688855,0.00218434868316255,-0.00202535124631345,-0.902756056393521,-0.914994205112006,-0.920181937474238,-0.903416107674478,-0.342393586407988,-0.339310964355867,-0.332438826985635,-0.348299427434107,4.30834013246727,4.37497660669127,4.34018845094917,4.33015960844088
0.0813712180634955,0.116829196701875,0.123380533903972,0.104842582463652,111.940286901327,111.905424708836,110.576456085744,110.282595875911,17.7458117967378,17.914096070271,17.7072899723097,17.7881606752031,16.2474905943361,15.8754690659,15.6826217649063,16.1986910153195,0.668538326689459,0.670742469901819,0.656240948086184,0.655377484610177,0.384750876566023,0.398709593856673,0.409720616644714,0.409458947959129,0.18734022222189,0.164633918147889,0.179795182789411,0.17853857258693,0.178706227548517,0.195838020222466,0.188080148166467,0.208437689579512,0.0164277133299377,0.0240324510405678,0.029089713456913,-0.00312272119094673,-0.887963019998585,-0.901836058652435,-0.900255429050107,-0.89453614682299,-0.335692937469959,-0.342033355275663,-0.334790879053932,-0.349739126616478,4.33417638165752,4.29006718964836,4.34200234375797,4.33612752123639
0.120922361319727,0.0687934163920178,0.128516460750397,0.100597365627594,110.39760527181,110.713839663571,110.426162058281,110.442330785578,17.8345923708247,18.1427402903963,17.594407461,17.6627608488542,15.8803576749799,15.912473706925,15.7405702979217,15.7104899177111,0.652326172636555,0.654630886896738,0.659233385889686,0.665865424166957,0.417122474544075,0.405753078275154,0.40920572317144,0.416003233401909,0.166198031862233,0.174090518292401,0.180189369922052,0.180901523278475,0.196023438680163,0.184420004727183,0.187437093398202,0.183297729385007,0.00239723832888242,0.00123337253727181,0.0289127648748919,0.0145319664019876,-0.902898770528476,-0.902033270036271,-0.898832414820218,-0.921719977006245,-0.346373231019406,-0.334069523111601,-0.335510406993073,-0.325532800267889,4.32943131551983,4.3411423314606,4.32865210060875,4.32081167005072
0.0891005799198428,0.163787817853902,0.0827679570627892,0.161972413723017,111.770246988719,110.183049947002,109.675116807915,110.29669141304,17.735954773512,17.6483782021198,18.1299053103404,17.6331686132351,16.1222542778194,15.7256017944392,15.9664901306638,16.0095846654389,0.665308611666689,0.654744840114043,0.64448283710665,0.666527840194609,0.391961708102214,0.413450754917713,0.420784674764664,0.40638335257397,0.180812944486676,0.173604533789811,0.175371874154881,0.18483447762022,0.167135268291609,0.179241366892012,0.186377152268885,0.180303114638892,0.0149640685322669,0.024582430278413,-0.00264039508042123,0.017934599883608,-0.898771455598174,-0.924658894030468,-0.899475572061747,-0.903897373482363,-0.329967956998085,-0.337487360795195,-0.338474060413586,-0.329144627103845,4.33479380017049,4.33724856587431,4.32912242428405,4.33325809818626
0.0984397056732106,0.0641433166694027,0.118870187697879,0.145598955336313,109.154851566747,111.604216471279,111.002111596216,110.94655885931,17.920500390077,17.9626480095714,17.3709162056004,17.6437950128142,15.9291372563258,16.322030896907,15.7902914257728,16.4061352681429,0.649710247251675,0.661670060908964,0.660733523509177,0.65661114189803,0.421214102123581,0.401709708379471,0.399915786334766,0.406821896204234,0.172601354785928,0.179687715121362,0.175319307466833,0.176470866750454,0.205392133168743,0.194650620096747,0.164192818238679,0.188223829357067,0.00701352632093283,0.00010607560243489,0.0172965937380368,0.00548060017170079,-0.904419939921441,-0.901595435269972,-0.903579448804853,-0.906270023665116,-0.341491259741827,-0.334109832181083,-0.332413035902907,-0.331809631247157,4.35297113041025,4.31989295752813,4.34010660999446,4.33309821248584
0.146396987263279,0.0285247250443319,0.0806676484516858,0.0667904450497256,111.441080023905,110.296647031113,110.262355723923,109.631674967369,17.5132906577471,17.7886732725127,18.1783193482762,17.861053585393,15.6639213018186,15.8535586971485,16.2306190761589,15.3609549638659,0.66608922683378,0.657605169108813,0.660159568060885,0.654903215627313,0.403330965649413,0.411744364073158,0.412597969708462,0.414484048522432,0.183905209183613,0.179187461242878,0.16844815476159,0.177336930889742,0.178667077778773,0.190875754572782,0.177470408325543,0.181343953534664,0.0150663815212756,0.00406717376064711,0.00611420321436678,0.0200454843433597,-0.908766882447806,-0.898528522227983,-0.910051757310961,-0.9087960617136,-0.33947040525975,-0.34019009480099,-0.340099497393284,-0.343459940553477,4.31890917607694,4.35095359258875,4.33253978575319,4.29615275587378
0.0873050677673332,0.0732175630764247,0.105684213699419,0.142529890682552,109.659306223617,110.781977396777,109.315407232601,109.585166317397,17.9801940794627,17.6684486133808,17.8732663541979,17.7267444839805,15.8737716956421,15.8882401417669,15.6387601449952,16.1085878596042,0.662360328730765,0.651062227148027,0.644619423264897,0.64525131099087,0.410969918244141,0.397907392988137,0.416416309485353,0.413511019716703,0.180342033498931,0.185760223171539,0.181689708485389,0.18063255886088,0.156864977233204,0.18996016488674,0.182218941549747,0.199329531560536,0.0100867855777966,0.0113225813120534,0.0168276062281599,0.00268136962623004,-0.91165673195899,-0.896201792793107,-0.920217483838684,-0.898137462634079,-0.335244889493844,-0.347431403794244,-0.338485198481052,-0.330562432033342,4.33520091336601,4.35421729764564,4.33183629572458,4.34819949762986
0.100000624196138,0.0718249595090494,0.0654596722612532,0.0477043049098113,110.589805860476,109.923719291887,109.529123295247,111.107416150389,17.603637325386,17.9012045854145,17.673169096833,17.6751780074959,15.7208278866806,16.059402906182,15.5393599094878,15.8775191644762,0.652872746096181,0.655178589059233,0.649258763325153,0.667809961562149,0.410217775092091,0.406904868143844,0.421270971967643,0.410873068768521,0.176683839096195,0.181577147239679,0.178201747449135,0.176108807024532,0.195702142803631,0.178877589199072,0.194646561555764,0.182664152955903,0.00966021039616637,0.0204190301581672,0.00494431619399201,0.0159527870549118,-0.895087641806071,-0.895040653462166,-0.906246354203724,-0.909078319262461,-0.331679460113944,-0.34182550376805,-0.339989034447664,-0.346064034673172,4.30834095564123,4.33049028840042,4.3457716729767,4.30915274284504
0.0844465063999178,0.151536957067065,0.101332092183166,0.0384090902404155,110.633586653502,110.760709259537,111.091996706304,110.757156625634,17.9780222647944,17.8693950350759,18.0279284724721,17.6265154350315,16.1403713853583,15.93087070798,16.2075052507508,15.9071949566916,0.660087614549687,0.656576040553964,0.652434588594395,0.671384192337231,0.406070464006283,0.417994368579394,0.40173657773188,0.413877669271592,0.178927033051051,0.166422879415345,0.17674130487392,0.179201085156856,0.166397872781054,0.178953735444084,0.166042422553665,0.180363461102504,0.00862368811777211,-0.00814107375482887,0.0278826628936084,0.0181345218955333,-0.914494502497118,-0.914389056313561,-0.908731676294777,-0.908480007458798,-0.342806734489853,-0.332065992766451,-0.333156713782759,-0.344935773249956,4.3548219149246,4.33454827143118,4.31844572813136,4.3150191455164
0.131351488382969,0.0288208079285814,0.0791680026459313,0.0896482830003432,111.233327103586,110.059622576671,110.763902094767,111.380446098282,17.5502637821919,17.7437258705975,18.049706944862,17.7247500064585,15.8586863208345,15.8979232547879,15.5894216168432,16.0444556778774,0.66012954784434,0.661523792178138,0.663640435266089,0.653762536800798,0.412354566224144,0.410106845488712,0.405842216445562,0.39638869057242,0.166738420439655,0.186213249976084,0.175652178548926,0.170352576399553,0.198676484853208,0.190515256115556,0.185105343262741,0.181316357161659,0.0113254869641404,0.0190286172005094,0.022341982252981,0.0142087016426126,-0.900986919914929,-0.904446447981046,-0.908464021348791,-0.914162535145802,-0.333252299356777,-0.338110257765015,-0.337770874988041,-0.333423598050987,4.30802355269365,4.29810691346758,4.36813124844235,4.31275407605627
0.138103927821688,0.0402738419863617,0.124894309664491,0.0577739497930755,111.026118423759,110.055743239678,110.046569778452,109.226507223728,18.0434644799034,17.7743754227567,17.6899112916825,17.9217755722016,16.2120648352885,15.8098169348462,15.9670081262826,15.8052887238824,0.660190894278397,0.651589200947533,0.644678047153011,0.640677060681839,0.399066634315463,0.413587929475979,0.420313914956548,0.411417132301393,0.183921778342469,0.180588669312737,0.179425444389677,0.180149405002362,0.176306918057656,0.183024411076137,0.191054885869972,0.181814032496279,0.00452071119234008,0.0219901330480698,0.00613046966812225,0.00256693394115562,-0.901024690537984,-0.907373204617687,-0.905739028083091,-0.907131603935309,-0.340327830524669,-0.338149839648765,-0.337273054734889,-0.341348702982286,4.3513654237843,4.30501257685231,4.29590821718863,4.34450426702397
0.0755945378495945,0.158642900504477,0.128782440025104,0.12356371566964,111.050104241338,110.848571807677,110.153979306162,112.062798406491,17.6767992792889,17.813826382764,17.7466245858095,17.8798722453071,15.9273302574808,16.0562788503953,15.9960686776973,16.1801200898369,0.663928673259606,0.660779799775727,0.647297625416343,0.654235331446473,0.401795289517243,0.41573032061582,0.423799007092911,0.39703332747859,0.171298977140852,0.172301560695343,0.174664851598202,0.171887601659075,0.206353193961469,0.186052748418154,0.187134859598942,0.181419247770747,0.0124035949324071,-0.00260341025428891,0.00664337608767292,0.000848805235364869,-0.893293086295631,-0.902185981788017,-0.900930722621502,-0.90031105403281,-0.345472403510293,-0.338307943980747,-0.336902500593391,-0.335543814277348,4.32333365040924,4.34431374405517,4.30386683778058,4.32192326152185
0.121529761187702,0.159368441431884,0.115716559654441,0.068547634407829,109.503146142112,110.68970490274,110.160675395511,108.949121629824,17.8423037524776,17.6792480183669,17.6999922892125,17.6974332847889,15.9074826554391,15.836448544501,15.9849755857269,15.5641217478885,0.64434978742138,0.652842583319531,0.649558898763317,0.638194359581533,0.420125065446067,0.40778511289423,0.415462250850414,0.428338367231695,0.180493740851326,0.172714381478088,0.172007849137613,0.179294108749094,0.162268385822893,0.187662498568181,0.179936759249633,0.183813381714525,0.00505081876326085,0.000325998307564418,0.0071300469839171,0.0297547747314139,-0.920933644161035,-0.902877363256329,-0.897143601151681,-0.914086731132428,-0.328757278940042,-0.335870396753543,-0.337388738089608,-0.334695083619295,4.34224953102356,4.3355606668285,4.32438644587304,4.34435686841243
0.0786268965984507,0.159497308612217,0.0998174749591836,0.111969150600436,111.082758666179,111.874993350135,111.096369048786,112.90851900961,17.7945640188165,17.5687370236961,17.9014455876526,17.9707893251437,15.8034397511237,15.7012857147435,15.845776178266,16.1895194251994,0.659569849521342,0.666006960562379,0.665272060878646,0.665139085362055,0.405612724903685,0.409481391183713,0.406717914767178,0.385675740210946,0.170045203179463,0.173317313371543,0.172564705640186,0.172334777221704,0.191407665562934,0.185553041386931,0.177310715456816,0.181341642038082,0.0144735912798217,0.00389733709920208,0.00958125136557365,-0.0156483908585006,-0.899863415855217,-0.909438850850087,-0.902326663971259,-0.89034910563374,-0.342859475221024,-0.329141016144108,-0.334699603941056,-0.338844833763951,4.32075492105938,4.36355055569407,4.34419427513721,4.37156325772821
0.188095401802089,0.0402271675128586,0.100499795418452,0.0656946990431959,110.216268369493,109.664995323733,109.422873064114,110.958263153099,18.0386252345907,17.9929402374067,17.7072944209844,17.6530924159817,16.4148280286391,16.2343158295497,15.8440916318388,16.1298264155503,0.649831451155943,0.655553299510549,0.642996765233036,0.660345380105609,0.407491589632045,0.407858144000548,0.414033756136947,0.398186632216675,0.181959255772899,0.182838187715018,0.178675441669068,0.176391082400283,0.191027380339373,0.194335696193733,0.187750523773923,0.190421780417453,-0.00876139022053898,0.0158897801402285,0.011401433989905,0.0346040801091353,-0.889935784134575,-0.9040981675199,-0.895938145627315,-0.891696413077675,-0.338068994819104,-0.351938499173947,-0.338072620224995,-0.346156032746174,4.34754544909921,4.30548933584462,4.31862680075292,4.29453531526863
0.0166858492468229,0.155405000826735,0.0752830771599659,0.129036146669248,113.287800276375,110.764523251068,112.192145772953,110.585515530071,17.5155906582723,17.8009906864036,17.6710193251552,17.9559258591234,15.780047023778,15.4754914071231,15.6777721046171,16.1332911645712,0.672035568836969,0.649121901270787,0.662780025237197,0.66194285066775,0.386264641762473,0.413978324578832,0.390925070988302,0.404725638091252,0.167269262199855,0.173970952036213,0.172273636051994,0.178545022425213,0.177266392213173,0.182304147212599,0.181979686671615,0.199019593934066,0.0214175417981001,0.01580323068783,0.00833833571906212,0.0174450191893281,-0.908043504826369,-0.902460312805562,-0.913430867415248,-0.893300988512774,-0.338980779296982,-0.322353496624222,-0.335179924155907,-0.334542866987283,4.31837858598154,4.34429958599962,4.30931320235314,4.35538259617205
0.0737994341209584,0.0777596726212162,0.102928259585404,0.147355223440314,112.496023914348,109.701799608558,111.670922162807,110.345686658304,17.6367657482336,17.7602125901774,17.6285541582385,17.9547028269937,15.8584807435923,16.1200440711829,16.1374245688235,15.9950487373914,0.663681451260157,0.64716334429067,0.662389800245274,0.657521055661691,0.402920098391383,0.411709501591371,0.407516089809713,0.399072106977306,0.166337894009731,0.175204995785817,0.166372524230174,0.18462588461611,0.176586678966926,0.179096389071328,0.179721668811163,0.192369004951791,0.0177355180220576,0.000915030063227601,0.01446105181584,0.0240295836242853,-0.906110919155865,-0.913646421343784,-0.902549252229763,-0.898165428477587,-0.336381988085387,-0.345523896191125,-0.334989144745315,-0.337380402097255,4.3151587317598,4.31821676508468,4.32389666691548,4.34623497680979
0.142736574122956,0.109629088720988,0.096157218528303,0.0653928508048926,109.577470887503,111.243795752226,111.771050953612,111.432880105692,18.1674631824169,17.8554107589075,17.6423174871259,17.5743692893602,15.8387840684737,15.8137869751065,15.8127103690264,16.0223333909791,0.645813187689892,0.664060938452304,0.661549545139901,0.663056895841446,0.405158854154285,0.397345653822458,0.397214601828869,0.406877252088141,0.177325972699104,0.175649566510044,0.172822381783279,0.168079942424365,0.190023172655925,0.188912414263475,0.187418966270804,0.163109799628045,0.0111917353287022,0.018604767551083,0.0136832626214837,0.000600501273802166,-0.900814061108946,-0.894928480448211,-0.904828066235945,-0.92359064805128,-0.34491739166422,-0.327874633514077,-0.342804405454022,-0.33675058229694,4.3398484956947,4.34177457125448,4.31914375292165,4.36279740355009
0.0632009275864341,0.0881820951180673,0.140310800438899,0.0929065925728875,110.712810208369,112.727440192398,112.14362131014,111.876485358486,17.2990737566373,17.7457153977327,17.5617312256052,17.5340385159607,15.8093635115857,16.2699704864644,15.7454256571869,16.310910995881,0.65332077670097,0.661486577101297,0.658159367981699,0.667115962030266,0.416283375634803,0.384940785231591,0.400320147839114,0.405526583848599,0.173925536176479,0.173469161857829,0.177755771334546,0.174564032729854,0.175250670011804,0.174751496664391,0.186181631725195,0.161285739351593,0.0204595597943592,-0.000286814952097745,0.00712674428219187,0.0102525530061941,-0.925081875977695,-0.902414671629497,-0.890197808856501,-0.919391356523711,-0.335094032448958,-0.34789956687884,-0.337341885982989,-0.339023499762818,4.3225465638953,4.30618396737281,4.32771373270434,4.36722888818204
0.0741048645874471,0.124153045050976,0.0842131449149221,0.076859881714636,110.622392349695,112.090899157598,110.879527745724,111.437509821473,17.9633350586311,17.9262097094832,17.7691232740557,17.6644590564235,15.6821253772054,16.1562949480844,16.3225250445729,16.3025620654958,0.657025183877387,0.675999520509028,0.659177123650464,0.661977963504638,0.412631364351699,0.39078516810996,0.405123184367926,0.402522933639843,0.176529765010452,0.171161531189641,0.174877958380728,0.177793737102151,0.184069021465965,0.1839319034027,0.189171556325894,0.168053673118701,0.0103994036530474,0.0237397518451848,-0.0024644044750484,0.0161235435031233,-0.910451819808358,-0.905607537705293,-0.89752533950919,-0.913333057064843,-0.335990771981268,-0.337748974934882,-0.340230108613335,-0.336480837835704,4.30945123134244,4.32603231093777,4.33202506930383,4.35108574652318
0.100542915745986,0.104328612943521,0.100309040446411,0.114488121523139,110.424251965255,110.182305647069,110.747316845612,110.674131279828,17.7042406096207,17.7498111459238,17.786720080589,17.9887429723299,16.0960347208956,15.6591717438478,16.3089652674273,15.846135298145,0.647230200715028,0.645232108458111,0.654457284572925,0.653449702073024,0.41431973816998,0.408640849013799,0.411825351307414,0.406013846312343,0.177270980246749,0.183587781519993,0.170879196442187,0.181530677764722,0.190758313760382,0.18688678666826,0.195569615390893,0.200894510971422,0.00378090572685438,-0.00579899422155068,0.00770195006068809,-0.00530449265065978,-0.909329170654754,-0.896678799030446,-0.899708758108136,-0.890449196073586,-0.329691381721794,-0.34149582623841,-0.341065743673008,-0.338335946656131,4.31827988595802,4.35642648155655,4.3346805749404,4.35495720578623
0.109437305447506,0.0654728395059774,0.107090744505812,0.0768021837957464,110.369985346412,111.214798884225,109.904692179558,111.306308337782,17.7022201589032,17.6203045831569,17.874030943388,17.3109821775902,15.9072885560752,16.0724318797711,15.5208867885905,16.0529284938841,0.650902236593343,0.661351541395863,0.654127737916247,0.664260338567056,0.411214411079044,0.409523337843291,0.412139266850325,0.415822963898045,0.176008839585208,0.177482750298572,0.180586074581477,0.17341280049939,0.190185444351243,0.202564593214807,0.17105419944417,0.162424748377339,0.00892258616221022,0.0109075527966533,0.0128976960874184,0.0182675846672567,-0.913869775248622,-0.902647293625636,-0.911615212627799,-0.929365428067324,-0.334305802402226,-0.336160751104249,-0.330853413125205,-0.338115123338892,4.32571562993716,4.29546783439485,4.32403934634022,4.30841826190396
0.117423671171253,0.0265409606219166,0.0912378876848998,0.102537566349579,110.574665924786,111.177853995162,111.654848561847,110.740720220624,17.4135317436517,17.8070830660367,17.8600183320697,17.8790976312795,15.8957063224626,16.2765190271993,16.3385305120993,15.753549087665,0.646659851210118,0.655848835717353,0.661553745774924,0.653336051391958,0.40445981557601,0.403585318649284,0.391946501729988,0.402835398841043,0.1797398890216,0.167041961094346,0.17953051737292,0.184993725337879,0.187426428290101,0.192287923082212,0.191746999246417,0.178037360865655,0.00515844413512882,0.00890726422783445,0.00238425896517878,0.016852427069327,-0.890947162588658,-0.897737140074478,-0.895419033270402,-0.906903169061303,-0.339598217508854,-0.340369564531446,-0.332797392868006,-0.332566785190358,4.29950469419957,4.30548069461743,4.3522419164595,4.31268600497141
0.107188963136351,0.0927261330229706,0.135970680695093,0.12641442831016,111.899996632795,109.539714843778,112.549516647475,110.643868423134,17.6246285829049,17.7178712783417,17.8554327710389,18.1774418012499,16.0409380493669,15.680679487745,16.4182376457066,16.0295734685151,0.659905055695919,0.65849546306902,0.659763365010845,0.655179008498631,0.403298831171109,0.400052418806672,0.39470929191704,0.421944408267807,0.168481036006796,0.191682796214457,0.169572594721297,0.162966444656877,0.182798941023747,0.210425564618218,0.181755282377383,0.197828174300627,0.0074749449822328,0.0187354129496641,-0.0114309659161561,0.00419525992617377,-0.904856923867614,-0.888277805330205,-0.900376366056319,-0.920826543573401,-0.323609535531744,-0.344691246843788,-0.32979885706761,-0.336855021242342,4.29421980938182,4.36688264972713,4.34357776411964,4.35603917403367
0.115111769599412,0.13894561944943,0.0959818185111358,0.145687538966775,110.526576593719,109.756796003579,110.218298595464,110.026438707473,17.9981090815273,17.7279188533034,17.8507452641476,17.9495218257962,15.9122960070639,16.0126706148402,15.8378628338587,15.7325972706754,0.658333558272653,0.652752548599593,0.659335132209165,0.652897275075283,0.412445912418661,0.407389828213105,0.411971486527157,0.412550904406182,0.180565170311296,0.181397639557924,0.182390654098837,0.167832177736148,0.171331091977137,0.208291503517767,0.200300713457392,0.178174627603733,0.0098910787406902,0.0278877396535175,0.0353910683790236,0.0200973604133703,-0.917307478968519,-0.87984572640173,-0.895738338944058,-0.905092632201491,-0.350730491250568,-0.332152945937117,-0.344831248763039,-0.33761494894785,4.35992813131313,4.34134845143891,4.31508804379336,4.38533997049053
0.0870050710302501,0.0655379124880161,0.0805336591368138,0.0788084259081273,110.259823820634,110.599238527792,110.75309160657,111.238381522775,17.7178809656527,17.7946105710875,17.9924729794045,17.2860848641564,15.9762340172786,15.8988746150202,15.7546808099801,15.8581458547619,0.652302202719126,0.654873855733103,0.650349688046631,0.650467944993091,0.412306279286259,0.407402521615147,0.411766613063405,0.403715298097859,0.174394827029296,0.176046184290455,0.177999752383387,0.17877117759012,0.176980743503915,0.212110794696173,0.173857935197885,0.175856924380193,0.0229352010503207,0.0128409321249157,0.00332244702721689,0.0108884336121591,-0.913363211365671,-0.891872612730649,-0.919132713445103,-0.912093565487187,-0.345803979965138,-0.343198873404802,-0.332872259923217,-0.34821613418207,4.34866008141107,4.36246970197488,4.34230791845817,4.34743759610099
0.0618630305123236,0.0371460473426293,0.106803879911567,0.123936652129744,109.348247242217,109.916679770448,109.640231881697,110.723346337808,17.9293093557841,18.0330943028339,17.6276062481368,17.8620501544543,15.7749701523606,15.608412136757,15.4087566047239,15.9611851930672,0.654942274525647,0.654734125264862,0.6464847285592,0.662908653056703,0.415697589246391,0.40407989151359,0.42698707257284,0.402022457213744,0.187990080754432,0.183569366031618,0.169941895552965,0.176115876030386,0.186769525825743,0.192463436091415,0.190652564686334,0.213209417658681,0.00216329977384547,0.00742194550662599,-0.00083317291884833,0.0200749638084342,-0.903137731218473,-0.894399467592182,-0.91041880571585,-0.890672059657403,-0.333974710681446,-0.345217714625562,-0.33799196561705,-0.333486248527418,4.33092989723272,4.3254718858768,4.34592827135839,4.33106440655023
0.0388247740004211,0.069299751009097,0.0968949288776445,0.119873377380506,110.411192021965,111.207933388811,109.239504397769,109.916382073242,17.8323643400101,18.075022725635,18.0770005516925,17.8410865511682,15.7583136202024,15.8464173401392,16.1359075185807,15.9492687066796,0.659336730983843,0.660097274698903,0.653608131267538,0.652345266306513,0.413907358902116,0.401205447986007,0.417437423301576,0.408843819523878,0.188510197431211,0.175634398501664,0.182206907418449,0.178256999590982,0.184238719233338,0.194365671188557,0.178992130210933,0.169151735549724,-0.0058445616421304,0.0205273985949106,0.0189734156118521,0.0218021957797613,-0.915468402469402,-0.898529783887068,-0.924999363930383,-0.916729203622327,-0.332817509155074,-0.345837704603574,-0.338830887816929,-0.336788797042191,4.34745516108335,4.35040013364433,4.31274088690808,4.34710434836079
0.123965618051509,0.0976756610485266,0.106065690274355,0.141828427494581,110.341651793049,111.115110479759,109.706666472477,111.491716531763,17.6277449209911,17.6458443092757,18.0443528135321,17.8040099048009,15.8126856794364,15.8543542404453,15.5142825703676,15.8826747237312,0.648310599087364,0.655324189446648,0.651929501405636,0.663302902227746,0.417297070776705,0.407774701479298,0.419723044241758,0.39800772812573,0.170403205837972,0.178421351419777,0.170984867083946,0.165376475567297,0.167016491913728,0.195458120995983,0.161848471930365,0.182583299696392,0.017355406430453,0.00648578219586983,0.0150238203921745,-0.0116639385752536,-0.915518822187191,-0.898792339119275,-0.930588716176129,-0.908900789024776,-0.329436021101377,-0.336293342003395,-0.332807914355069,-0.332564208720905,4.32285751394378,4.29966822398433,4.36361347812817,4.31200025953087
0.124771425853936,0.0863399990323188,0.116200279398195,0.0917839584828251,109.683325515756,110.686747204709,109.21947320964,110.557812843505,18.1600681452398,17.6008628966816,17.9258994968856,17.8093970447278,16.0262506553518,15.853723271224,15.6612356349204,16.1563767430055,0.660967204426618,0.650958316671531,0.646420930281372,0.656685062903995,0.414924258460573,0.414641736853005,0.414567708643956,0.398886436327695,0.179382348767164,0.177858242335698,0.175397936726674,0.178784475879853,0.1925140262455,0.179837534549195,0.159807359849342,0.194584283136117,0.00797589831074702,0.00449075220195019,0.0193972058746506,0.0235767533713666,-0.895084077755195,-0.906101083156192,-0.926200482429995,-0.894033342310939,-0.338665334310484,-0.344734905012285,-0.339499324691192,-0.34320006592417,4.33222333146897,4.36275167138851,4.34384094831259,4.33841847101205
0.0792108768991756,0.101098132019148,0.147278002077755,0.0887549493103379,109.924709086442,109.464497675763,108.872242248824,112.105925755283,17.8824749390124,17.8463565209789,17.8768793605502,17.6819537890135,15.9056745416021,15.7984202239596,15.4459972483077,15.9124786159644,0.649218870758249,0.653171360236702,0.641743398820045,0.665919750511034,0.418895777146685,0.412525955424507,0.427642881814656,0.403061657840386,0.178692485216989,0.181207326710152,0.181403370378594,0.177187689952433,0.207601830735907,0.184758251579641,0.178391831158893,0.173846266285523,-0.00507708381958447,0.0170984414692066,0.0153069898753867,-0.00700565291634657,-0.90962176898929,-0.902915266456262,-0.922580645254753,-0.90783915232876,-0.332830128584275,-0.325444590252819,-0.344827665334313,-0.333512290303328,4.36776808664673,4.29838746379645,4.31637428130145,4.32478909995377
0.117615799062663,0.0990530962106665,0.0925262887377689,0.112555350977056,110.041730927863,110.294419868199,108.834477374221,109.394782382891,17.7710256958012,17.7455071431548,17.9448170570521,18.1467071256851,15.9656765014534,15.7621094000646,15.4466696187743,15.9379724527713,0.652524921901392,0.647259231996332,0.642043787969979,0.659000889838037,0.402942330124145,0.416397799955266,0.419245087938795,0.412638425469335,0.185184856894398,0.174734599764926,0.180314802967966,0.184016260813357,0.173708281688413,0.187253547572507,0.174778341439898,0.185344918438003,0.0207386346642087,0.00470740724056699,0.0130903370503573,0.0227157019157128,-0.895861896724395,-0.902476568256158,-0.913556942420845,-0.893099082212721,-0.336078548488848,-0.345812856964821,-0.349041950000732,-0.336538791113885,4.32548279405662,4.37026530827322,4.30777522331126,4.3463958858546
0.0989383773216292,0.0965892290270886,0.108535589173392,0.064852371989433,111.329832616963,111.151612994977,110.186575185496,109.739809658843,18.1412857844731,17.5479471447553,17.6336198930776,17.6759892001092,15.7431294907456,16.0417207505548,16.0831949059575,15.7866987665288,0.660439768750528,0.662000802433503,0.655045070458269,0.651587903297392,0.398011843107879,0.407172033172331,0.423459124450149,0.41983484060904,0.173001192753108,0.175415991706237,0.17137273422465,0.17167766931889,0.184954112135125,0.182948760918382,0.183787401684779,0.18051153374959,0.0121477022589945,0.00747861582478102,0.00713541651441312,0.00574511441494736,-0.911897375854733,-0.906214810059276,-0.912471846414955,-0.911215599552108,-0.333469926497748,-0.324504469812252,-0.325574517472528,-0.339992123737683,4.31205943026577,4.30749428610576,4.35811120709381,4.31942072117476
0.114682479121301,0.064572889119581,0.0568346544266076,0.10289501270839,111.513450901103,111.382286323137,110.885728012127,108.801627237863,17.4339729952012,17.3559381948983,17.8022065323778,17.9219066668176,16.2492769786557,15.8579081584424,15.7210747775598,15.7771448485965,0.658026839669293,0.657101278783266,0.655618296809775,0.651669057606109,0.405477831884485,0.398912759805693,0.40255811112442,0.41463093151965,0.18092335146088,0.178545884204058,0.183263075305942,0.186799727896295,0.192916343063528,0.177679947350295,0.181688089453231,0.187814935878879,0.00670465705522967,0.0123264209490828,0.0145952490786011,0.0145599181084641,-0.90450113492553,-0.905304838950772,-0.894212734506616,-0.89473923067692,-0.340977895277789,-0.349520117684888,-0.348053274559059,-0.3379912249393,4.35322267007685,4.3554767089017,4.30178269953008,4.3459380370675
0.0921229408701364,0.134295917780772,0.0570993333536155,0.0857907463813275,110.533478348181,111.183822488708,111.030790006365,110.151837195974,17.6886531713264,18.1040843472568,17.8981720448153,17.7971066114886,16.1088567322945,16.1421792424514,15.7207042696111,15.892577576556,0.655784793272012,0.657488338274802,0.659435289895029,0.651535018197855,0.410321173838688,0.405765591452333,0.400845580378043,0.415752126924406,0.172528468424537,0.177725948594598,0.185227108304226,0.170813703259106,0.169484151772709,0.185833510414402,0.179034794256619,0.167684567139379,0.00297485515323768,0.00532851192914418,0.017607031771259,0.00771471308204578,-0.9099663420573,-0.898862230726451,-0.902382320526,-0.915522983436144,-0.33848469507399,-0.325995588975964,-0.34889341853872,-0.33490202343499,4.35216347804754,4.31065356706122,4.29293448801726,4.31285474019734
0.0659558498499082,0.160394298062539,0.0678459880502768,0.123868684562021,110.242295421625,111.659659429737,110.752046741864,108.728837798577,18.1743214100799,17.9227523910272,18.0062926192723,17.8880525588875,15.9940525485653,15.8378628061383,15.6889297729886,15.6174667029578,0.658274664055426,0.658717088280494,0.668495179413804,0.647671957094441,0.402550418151342,0.409647304324344,0.399423155612625,0.42255302008612,0.18117383621371,0.164382320510347,0.177635984973132,0.183955338594981,0.19801896745461,0.19157631284548,0.181040494322203,0.173285581048192,0.0140501012454341,0.0262558205994417,0.0279307427158164,0.0184483000639473,-0.897819030250824,-0.906110753352407,-0.902464675370405,-0.920943434738829,-0.342866898850579,-0.336211067517319,-0.351213353656978,-0.339306034840229,4.33157910620377,4.32314766680785,4.3241419902331,4.35968823068644
0.0893679678320805,0.0606707988930594,0.140000083503694,0.0894885771163348,110.577695759921,110.143175936605,110.650542611721,111.38607524131,17.6441542321752,17.5549559889395,17.5896203654397,17.8220588552284,16.0850563402984,15.8402068264221,16.1702816969862,16.0589174141244,0.659166018070846,0.652200651318735,0.652076901225623,0.660733704878926,0.406216865070616,0.418641570714752,0.403633500354407,0.400042863927482,0.180643849401506,0.184499372961906,0.181747834102163,0.177196976873866,0.188779791322123,0.177787328506304,0.179600755917599,0.18662976277003,0.0191072746157881,2.65226556064408e-05,-0.0123482879493905,-0.0060302191505783,-0.900156404633892,-0.926167633940777,-0.903444050632644,-0.904147893303576,-0.34027894921881,-0.330715469617872,-0.325251862528641,-0.338140058727045,4.31859384229496,4.32696109937015,4.35201606990136,4.32516473710957
0.127002909816555,0.15928949561306,0.150137341546444,0.0563208534414725,110.890587255239,110.69921752057,110.673577858755,112.083371078244,17.7269357773732,18.0118440080843,17.6196266117493,17.8249326999631,15.7587493933255,15.8748468209235,16.097976686652,16.1176948655944,0.657163071279912,0.651301035998369,0.645609067590262,0.654219172760206,0.406482596624038,0.40317383205988,0.406647908258807,0.395965900862935,0.170949383197051,0.171464312457516,0.187678186339819,0.174376140516057,0.194089382319302,0.188390921873085,0.178168552969884,0.187747444687435,0.0128137775940179,0.013345212923625,-0.00845019485765086,0.0142088716156078,-0.890694715839313,-0.904005217778235,-0.903938623512132,-0.898267205358792,-0.331913512692668,-0.341979324452797,-0.323878770431491,-0.339764872217,4.33639538196457,4.32596066863757,4.34397965827121,4.34226836033336
0.0664123729556867,0.141682892759818,0.0507822431679347,0.132382463814418,111.817161819648,109.423475913021,110.00927061996,110.057368372469,17.7350496696131,18.0731459702837,17.6164074835278,17.7861594941737,16.3922407389953,16.0379843925693,15.9470231032237,15.4780157954062,0.659007483373443,0.650920310162854,0.651560263999853,0.638724358014075,0.389998561461844,0.401777449854969,0.423141022491681,0.41849634952858,0.179451527341758,0.188618209168313,0.176645465264395,0.170371313527068,0.174474100532241,0.184096787595031,0.181415013538632,0.200402242345915,0.00537330070278104,-0.0029487249539021,0.00439016448575638,0.00684982044217311,-0.890064247135945,-0.897044579750843,-0.921440476755488,-0.898411774571503,-0.349294250080127,-0.350948176087526,-0.352664774228429,-0.326144713631715,4.32927331611045,4.33642152957011,4.32897912570841,4.33301233249817
0.116828414132064,0.0656909982912949,0.0930990841390953,0.129355385820651,110.86644480154,112.971849182977,109.873721463676,110.058011516223,17.413671682734,17.3766562591701,17.741109392522,17.7952401990807,15.6743762744788,16.0295483571437,15.5351216127873,15.5078960454161,0.662162549385509,0.668735345073652,0.652321340130373,0.643134116018466,0.409876965122033,0.397851080532159,0.410015345372729,0.41434308447779,0.177041402585408,0.162693929938809,0.183011307989268,0.175920783340938,0.207206541286647,0.179852051935643,0.182805901774469,0.194988310266794,0.0122379561487051,0.022386908298152,0.0143150410458006,0.00354952736255895,-0.891144687649889,-0.911161075816066,-0.892724465416559,-0.898131398652231,-0.331195584405871,-0.329588430315868,-0.330373607080707,-0.33651991813042,4.33017460957728,4.32851752846511,4.33553001641208,4.3438771462484
0.109259958629156,0.0774150919453638,0.108266789386959,0.0693809750398383,110.991401217494,112.771200696823,110.540375961658,109.324219948841,18.2114977575802,17.5973021774363,17.8141216067274,17.7947547104137,16.1566823407441,16.2100187043941,16.3544963222013,16.0217358748977,0.654896603900744,0.661316426919969,0.65801061064684,0.658030758273958,0.402477142005075,0.389468253458378,0.406868653816142,0.418496286381132,0.171451554032918,0.163718608962238,0.16924797076252,0.185321923382079,0.170484953200209,0.175065869782709,0.184587280618206,0.17416964376732,-0.000743004479788675,0.0259729931553121,0.00558716640849677,0.0184870874233374,-0.905189072176463,-0.906265278361197,-0.899455936765353,-0.919145316566907,-0.339890108228677,-0.329022758684266,-0.346437571676439,-0.336696517100326,4.34856874711892,4.3243783498471,4.3278199819819,4.31409209050339
0.0914794756814901,0.0790532799914588,0.0859426214420676,0.148290716117768,111.070050700333,112.819647354514,111.473091639824,110.769554161155,17.4020391070823,17.5482657460527,17.7161742969949,17.5138301040233,15.8994784723625,16.1469620294711,15.8093379612753,15.6593136241858,0.656839950687987,0.663932457768722,0.659390577499703,0.648885430041322,0.395927908535737,0.391613608084616,0.394656974126765,0.397867395111167,0.187093505120251,0.164514184047705,0.181071373457425,0.177305228737865,0.1917621035915,0.171522776441533,0.195596926982956,0.174693167914824,0.0284007663131131,0.0256347718744596,0.00849529931589258,0.0192536976025243,-0.895829805720976,-0.90680238839583,-0.895254467102095,-0.903885079935724,-0.328495668281563,-0.32919340928965,-0.335104336643376,-0.341623165930749,4.31834669620337,4.33527404813512,4.33432078017481,4.32033669450461
0.10149064798085,0.113162440549219,0.126826846139793,0.116681142666426,111.178555478408,111.058195476722,110.056208637649,111.976250862379,17.4032859018034,17.8546828580975,17.6697812928909,17.6745713886446,15.9249531492116,15.9996895627988,16.0555809821983,15.6459590516742,0.652411852795923,0.663629205392094,0.656830806253605,0.659947559107807,0.394594976540243,0.408971789703292,0.405873029788007,0.408840206560255,0.183684860354338,0.171758955202577,0.186472260573266,0.168779395632384,0.189010011297099,0.194602277430756,0.174757612183285,0.196913669630702,0.0195161271207938,0.0132042679940076,0.0118910474615454,0.00530191688498744,-0.884648040002064,-0.904269506742274,-0.901246855256078,-0.900351276110972,-0.329400547791648,-0.333286069312597,-0.347727322901294,-0.335249167770079,4.31257773023793,4.34957885580937,4.30319067443503,4.30809526972523
0.100702165049348,0.103055152330839,0.0669375144912942,0.0998350201728418,110.008452613548,110.559713316016,112.172795523909,110.4436408758,18.1133340033978,17.668246197818,18.112228301136,17.7530557371468,16.2970335073513,15.907713316532,15.7158798653332,16.3563801207712,0.645043299165041,0.649496997664645,0.664681586536932,0.657224551843912,0.415450582153024,0.410950008039777,0.401926221416621,0.40405043381519,0.162601588690423,0.180378632089332,0.158307995067434,0.185756150612927,0.166851623487055,0.185285560679424,0.185767647951397,0.180520504941553,0.00577578423113855,0.0080675688134226,0.0159153219783776,0.0083420808724584,-0.920924799851804,-0.898279504446706,-0.910378738171919,-0.914731605335748,-0.345222362501989,-0.33338705948083,-0.326407155256457,-0.342097801654087,4.36600925326044,4.3498651345944,4.36565289887585,4.36319623610165
0.0733403954590125,0.0833340257148005,0.175327629025698,0.0851438279477248,109.029544274127,110.031641633399,109.678287023201,110.51108779652,17.6773849307282,17.726526015976,17.5886434814252,18.0422279896805,15.3349769163712,15.6934595048691,15.8902068078137,16.5384456688024,0.660289650237452,0.642922863467172,0.651096429345981,0.654721486034038,0.421547408520472,0.403713770672706,0.415597073175891,0.40663237978282,0.188147964640115,0.181020043313204,0.182912123040229,0.177884150487457,0.175883319431084,0.184820592444614,0.179137322370599,0.158362425327096,0.0200869970448413,0.0103523364933453,0.0138887580928359,0.00562386299940195,-0.904106524640998,-0.904236259449787,-0.909937731644216,-0.914626628685105,-0.330978804287322,-0.339846808532872,-0.340696560623935,-0.345361345271272,4.30973477584098,4.33565582953147,4.30491146193775,4.33674765204478
0.11917463439143,0.0645825015390057,0.202641318987978,0.0989239645458029,110.896072858256,109.157515260831,109.141143503097,111.293090485651,18.0417654145906,18.2805335155502,17.5919120779654,17.9866720398186,15.8935196410657,15.9173611536177,15.9947645428234,16.1691396593264,0.665786496167504,0.653803922846645,0.64440432383162,0.66339671603253,0.394778196669935,0.417750662974343,0.417570138103788,0.402936195028941,0.183342231171412,0.177860230080086,0.180547615914455,0.170891479748752,0.185708763555452,0.178613097382289,0.195561624628909,0.185067691670287,-0.000437097369501984,0.0208933529540228,0.0159755521436751,0.00997077234789477,-0.907945457279277,-0.914487939181507,-0.905098842591938,-0.906252776440107,-0.337390404533455,-0.337763684314126,-0.342000709837337,-0.34086292526615,4.31653697239866,4.32507066472635,4.32092764400274,4.36863459889531
0.117091458591134,0.126678109673109,0.150193729662082,0.0836131124992244,109.490819450167,109.257321735504,108.441870248774,110.461083097333,17.9305066181698,17.7744336347442,17.4836365154388,17.6304665931248,15.5535718119591,15.7833030875059,15.8935447871737,15.5974437464064,0.647646977997259,0.646744369459332,0.635678908251368,0.65335162390258,0.415259530969138,0.415881199849216,0.418786378444994,0.420832480273602,0.173025888889638,0.180153326346698,0.180004041462503,0.176945109754144,0.186329035301726,0.204435433249081,0.198870382375364,0.185944624451395,0.025119126363893,0.00504940471063679,0.0333099105004988,0.00983078446088381,-0.907132389449734,-0.894138614739774,-0.898568784370201,-0.904488850906943,-0.341497752528662,-0.330674212251738,-0.337606939003341,-0.342568772564328,4.30877678622748,4.33374915377189,4.32306910500075,4.35733315909695
0.0516305263841614,0.0941593246663492,0.165365017973921,0.0887016414551021,110.840066686818,111.789843205638,108.441886596819,109.994601294625,17.5396100732053,17.7719860404211,17.5487910665441,18.2267574415848,16.2205549170379,15.9471937937944,15.7743909256716,15.9702878384451,0.655550672999127,0.665218181917319,0.638077098333262,0.654714185196679,0.406970726590541,0.403865805509329,0.423943655027174,0.405242995543922,0.187555417443221,0.173477667433978,0.175970690274922,0.181731491186405,0.179509266066706,0.170575897380539,0.194128086309111,0.189279729301261,-0.00195773062521495,0.0127402688751226,0.0254127752614923,0.0232729077882066,-0.902120602077769,-0.91003757310833,-0.900182946383494,-0.89266309881443,-0.334788995339534,-0.340131762795165,-0.339131448637449,-0.336417464498346,4.35593999956474,4.330292136606,4.32428291260214,4.32792911230568
0.149901302365845,0.126412182790997,0.105244721905046,0.0984928627217946,108.957957788971,111.178755192306,109.974406411237,109.921931387928,18.0459232155818,17.8330373880262,18.2608939247068,17.9796411993531,15.4485905029328,15.8892492235717,16.0840552916927,15.7346997823685,0.649455818870431,0.662348777650107,0.659025277479379,0.659934402367652,0.420830913421421,0.392645345843022,0.415118319609883,0.405350946556482,0.170125757404015,0.169537305639209,0.17806096070988,0.182370257925182,0.196442959756318,0.159309561554402,0.201547021057375,0.179630675557524,0.0242973542341498,0.0124736717770559,0.0131045717552337,0.0206905997652481,-0.906310343022492,-0.911970148938492,-0.908009104962864,-0.906977377497477,-0.341221954681467,-0.339973605985355,-0.332645098260145,-0.336311678476747,4.30337239847845,4.33966955980988,4.31045918507283,4.33532668399855
0.140962363637113,0.14740311005005,0.0859939678729318,0.080479788771761,110.779415100188,112.109315214118,109.667751322845,110.0449054701,17.5813566358302,17.7822563013628,18.1927013738962,18.0475324146186,16.1108497652354,15.9313137330673,16.1010605613426,16.0146821592572,0.653753536786523,0.666456883531622,0.661344700858681,0.65838810110952,0.406401077993057,0.397192023905381,0.414519223178441,0.417948212846947,0.175466139860354,0.173930411408683,0.178607214454226,0.17947337252102,0.180308721510987,0.162594321327289,0.203829658981134,0.192180500138424,0.00779515919460825,0.0116567863434184,0.0148394610010746,0.0159614258405491,-0.911226561889471,-0.909230017864447,-0.912902067123322,-0.910761756901105,-0.33333262404193,-0.338270629406572,-0.33477719971363,-0.336894505541951,4.30910725559937,4.33314997820972,4.30937829941661,4.33359255425861
0.130493766494105,0.118695597925012,0.14234715563621,0.122187705266008,112.140067565397,110.853625367673,110.174965324817,112.267289005238,17.9596592638325,17.8128595342777,17.5308611788293,17.5557600196442,16.2991608037264,16.0652410375177,15.3863748126879,15.9033644680406,0.667504980680547,0.662949918401562,0.641468664084269,0.661527736760403,0.389103285594506,0.400616075914246,0.417609768335487,0.398515235052498,0.173770085919911,0.179456297606711,0.185329461984944,0.17748004809485,0.180027695769936,0.172623797539798,0.179777045028153,0.179494522852866,0.0046799811666685,0.0129349101506094,0.00878023599593823,-0.0006543291555623,-0.902619647750454,-0.916269678915072,-0.913356940192886,-0.894232668266261,-0.34346063277953,-0.343053131372608,-0.333340992474823,-0.335771183360225,4.32552352463371,4.3555130082467,4.36051772416524,4.34398271368922
0.0751201620623488,0.046617037940847,0.0751685161584416,0.0803428079479101,111.632910278489,110.660189540866,110.263762005344,111.96629125482,17.6312181701568,17.6342946984419,18.0789480119578,17.4037239925059,15.8330030076605,15.9797224520828,16.1639545301257,16.0928524273073,0.662404711465832,0.654843600003748,0.652313468107774,0.663917794287098,0.419021237872547,0.405523669130684,0.401455149486876,0.385010805018036,0.174509815581344,0.175011536849691,0.174480481820119,0.186971908323878,0.186705142263822,0.191175800181875,0.185245368749711,0.180049270541531,0.0139825244944673,0.0183853704479815,0.0173042951647497,0.00633674129749758,-0.914630498522172,-0.897721948748893,-0.915945978431923,-0.901701772692857,-0.331283423950231,-0.33677763419855,-0.338851481194107,-0.335145413137922,4.32951027646315,4.29879556960656,4.31860904028381,4.32014724564302
0.131338871409914,0.138198861416761,0.116876889165992,0.141641477261713,110.231212157522,109.472622255358,111.0915370625,111.640958595814,17.9145779090353,18.1630655092254,17.6011423396325,17.7757736771172,16.1687655992112,15.8553945444791,15.6572089348949,16.22796762755,0.653485994903847,0.650906660576715,0.654080370664577,0.656091682740919,0.419866334354993,0.411642614275282,0.407912744200704,0.405743123924395,0.180039550168159,0.180396415488531,0.174962732296519,0.169893161717707,0.191619422048867,0.177083839937389,0.18000763484247,0.18780473579355,-0.000270659539867372,0.00961705303467921,-0.000714996398856637,-0.00857944919702683,-0.897271166750846,-0.917235682541875,-0.899685810471517,-0.913398787777326,-0.344636101751175,-0.333868659327635,-0.340638244802567,-0.34694038052655,4.32447937218393,4.35135343633899,4.33507182537549,4.34460514879322
0.10745784672618,0.0708584184815128,0.0749418383816068,0.113365089653971,110.617671794722,111.812190158923,110.746650814921,111.712778938103,17.7480931677212,17.4632323783416,17.9032306210942,17.7249976601948,16.5000255817123,15.8551521038422,16.2184081043314,16.424806191668,0.648299058566113,0.655831052622897,0.66236326878786,0.648561309877213,0.394805056914039,0.408259640718728,0.407336204923375,0.404651383283521,0.183313313978601,0.170218306111996,0.179183467146934,0.167259834928652,0.176075962474406,0.187393741918682,0.186145447498029,0.178880205239307,0.0025953984032221,0.0183205368510133,0.019530154679312,-0.0192867093148027,-0.90799407353821,-0.909322001192974,-0.899473634714906,-0.896881073418008,-0.33913937467281,-0.33460318741885,-0.333476674676167,-0.341865663421388,4.31067598079577,4.31425557834035,4.31162416813564,4.34943964198283
0.0783286545069255,0.0981682609720947,0.133010708689629,0.137257017133779,112.042962215991,110.606666277833,111.018995737462,111.849756973478,17.8331906843277,17.8347944058887,17.6520034904365,17.5758055026147,15.5869994972159,15.6107604953467,15.7226716489124,16.3150721925648,0.665608904214654,0.655848742725973,0.656168413583216,0.656252797927768,0.407774392595485,0.422239044182556,0.413785854692786,0.397207648458221,0.171134969791018,0.177877748670219,0.176119741494664,0.177189979110537,0.188667104163733,0.174704218791423,0.182708145069883,0.176300113650882,0.016448119669617,-0.00652820913527592,-0.00524250426607758,0.000887932130318802,-0.907733678641857,-0.914854928289597,-0.908463636629358,-0.913526781359126,-0.337510410173927,-0.338277982514082,-0.343967519184584,-0.338576831148304,4.35419675629943,4.37202202552774,4.34496977801042,4.36545821318778
0.12284863354499,0.0949204151651866,0.126294197926728,0.115781236100955,111.174225027575,110.130427623003,111.300302845373,109.723617527205,18.02259809551,17.84818199266,17.4769817203396,17.8008184603584,16.2770756862887,15.8621515040938,15.6888620919699,15.713899862424,0.655240549919377,0.646305080510557,0.653028476339164,0.649314237940634,0.405314648520486,0.412940531049576,0.415082388315022,0.41700769745804,0.175664221350022,0.174832889791746,0.168349230854415,0.173825756868459,0.173217633123581,0.185714656723403,0.181000992405771,0.190245078279466,0.0122547155894463,0.000228729601408562,-0.000949781566347931,0.00179276112360625,-0.902676600908814,-0.915627152322846,-0.911581560438347,-0.897298308438555,-0.346762297835284,-0.339577689983983,-0.348836312965335,-0.33755246359787,4.32629643887409,4.33587983267066,4.37844597800705,4.3112644756395
0.0784993437887534,0.0938552850982648,0.137531516951583,0.0948216556950598,111.146675303551,109.620467822767,110.101084167388,111.25065625652,17.6570299762429,17.9483957602405,17.5924763402258,17.7607456672607,15.9355613168199,15.9386302326644,15.7315057286545,15.9228795831845,0.654494288810684,0.648849569481588,0.647098403773095,0.655157238240439,0.408144266974853,0.41169269832577,0.416485598730114,0.409915677114105,0.181260045359583,0.175092376743686,0.177904581076952,0.171374944513232,0.191383190663546,0.184273822830537,0.183191926416431,0.196468335323951,0.0112724329876309,0.0022858548732992,0.00814178353833265,0.00387649218144146,-0.902806485076135,-0.919267961577855,-0.914422426121725,-0.913636143488943,-0.330920745974078,-0.336133358148185,-0.339539103126789,-0.345193676145444,4.35624103308241,4.32954904754769,4.34561236828345,4.33753577905728
0.0273502332066772,0.112792905268429,0.10591527244403,0.0948808649158382,110.293127676684,110.119262553888,109.44962232003,110.910045908298,17.4636366505931,17.6729666588034,17.831034636565,17.8263221549232,16.1038342593185,15.5815928379715,15.6292976326719,16.1181026498004,0.669977491103116,0.65253739298662,0.652444540233887,0.653998336028372,0.40779563556152,0.419539425228998,0.418006797824857,0.400990421819636,0.177952046084966,0.185654417118716,0.176198262812823,0.176072950354281,0.193014321702815,0.196749227793918,0.196060939170338,0.172268442553651,0.0346022964159681,0.0241298400988062,0.0219403528237227,0.00297611704342654,-0.902586586184151,-0.901774487345984,-0.90633300514882,-0.899572931229949,-0.32605424920682,-0.332733699696159,-0.339388792049747,-0.341621361710617,4.33300876246879,4.33383778054511,4.36963621473428,4.34616128299086
0.0741570362532821,0.124396752089838,0.111427380270415,0.0887366412472413,110.61112938005,111.98729791366,110.062880127164,110.564326970897,17.8095228850976,17.804534723866,17.8090234973485,17.6467005687087,16.0496893384866,16.2591116973105,15.5683944010099,16.2125738732477,0.646394568568947,0.660486665713799,0.651393995375061,0.656643583286794,0.412917258755382,0.399840965858097,0.412963139644054,0.405959715954294,0.16315929470623,0.172395847943621,0.179363173766065,0.184103247937326,0.18892758432214,0.181045244948592,0.182245297013723,0.210049485390874,0.013818572946817,-0.00334467239344263,0.0191430745310054,0.00723247915152578,-0.914826681710737,-0.901204537373847,-0.912965174819782,-0.895532445162506,-0.335317625254226,-0.34128556882046,-0.334533678791903,-0.34243279416158,4.35120951080794,4.34026686879903,4.30238083898367,4.33389387560262
0.081883413890018,0.112386417102246,0.119338818862708,0.145292245563736,111.364503678032,111.198108477964,110.314643869854,110.608329234129,17.8294007857395,17.430447455835,17.7935791805354,17.7046906945097,15.5720234295823,15.7605700302573,15.6099157745739,16.0238527615772,0.669466141102317,0.660642837592978,0.654429140102704,0.650971739778374,0.393169279743762,0.402457139934025,0.411987820628649,0.394110196264841,0.181976975763817,0.182009761056654,0.180969267786839,0.184452062351134,0.196242148725237,0.198392623366192,0.180611397264981,0.197594184708982,0.00666661353392103,0.0141463742208114,0.0161280904093293,0.0081522477629105,-0.893223983063148,-0.880411984898796,-0.91074882409031,-0.884485832118429,-0.345109526854069,-0.336751835095858,-0.335755771437759,-0.339288928252516,4.32483229189388,4.31399068671333,4.29724571776619,4.33069108838986
0.135876785687961,0.0972128180176974,0.0714511594907682,0.0853986048675999,109.327843068734,109.681279179706,109.974619046308,110.934838407116,17.9674518104349,18.0259067058635,17.9461613872138,17.4236091798318,15.7784042360692,16.1272179867587,16.0661837064693,16.4226372508601,0.656001402708784,0.650152158588654,0.648506093014431,0.657166281285431,0.422448905309799,0.416755410519449,0.42431965008939,0.40247405657606,0.179083266261491,0.173299802970572,0.176101753029572,0.185824815575377,0.169465538207454,0.168105459167197,0.172016193927956,0.180205768835425,0.0171209020545304,0.000359378293200915,0.0061639446421324,0.01562551506991,-0.923043565896605,-0.91898462890691,-0.929395773162853,-0.904607435654513,-0.328228427624506,-0.337692667576603,-0.332188448737196,-0.34703496067955,4.30833182834398,4.35045126280114,4.3487605173506,4.34113623918362
0.110103392885293,0.115109013397106,0.104963152354454,0.10976189682455,109.465480258797,109.994120801392,109.480374975549,109.780141119468,17.7595753592331,17.783645239176,17.7919945324781,18.1291135780876,16.059850343496,15.7767934131196,15.3752003294675,15.279821134667,0.651696973762657,0.655269417009534,0.644704809296779,0.652791570591109,0.424265407917483,0.418806542687417,0.432962222658823,0.423696938093721,0.173781915276283,0.168106434024198,0.180988834349131,0.168690221404627,0.174115192944064,0.188266620100756,0.166097849857638,0.181168079323687,0.0224619007411043,0.00841857856638594,0.0165918713498578,0.00541671497240563,-0.928266951219662,-0.926470132418439,-0.932905955745282,-0.922960816140577,-0.334965872559404,-0.339798193919986,-0.334502285036024,-0.329996833902462,4.31359531894599,4.33106744471656,4.31935894050385,4.31954835655348
0.132047106363879,0.12396584375344,0.127563963720749,0.104250324491306,110.108668866917,110.27234462172,111.070793452368,110.128835152474,17.5443696736781,17.7862563847542,18.0407808968789,17.9862643260949,16.3347993374494,15.8721231666502,16.4349806137715,15.3901548189578,0.658340035604161,0.648354542626165,0.668169881043873,0.649380992526321,0.413523898336171,0.414489275196782,0.384211473246474,0.425633813373724,0.177538136034414,0.177843391285672,0.176903425701276,0.166268372496095,0.194620839514214,0.18177022409643,0.190256002474649,0.171527746295132,0.016992495459185,0.00111676680545006,0.0138971848858229,0.00343850180435651,-0.89339578289607,-0.901350665021274,-0.894931151937808,-0.923220940321904,-0.341881604162861,-0.329907004879694,-0.342504071372734,-0.323394514179282,4.34621124110918,4.33650009488063,4.3158565582983,4.32120382583402
0.0462414608551073,0.147529135320859,0.0803027450379032,0.103184879894356,111.259112970342,110.382159102618,111.05214169136,110.764727877537,17.9041715339155,17.6305373816598,17.5237259510138,17.5950232898474,15.834303438732,15.7191071187092,16.2235822745227,16.3679965144996,0.662549292501013,0.655298386371254,0.662522653695503,0.662160295384866,0.394870611495633,0.409524292017263,0.392908417352405,0.393949132873936,0.1774886574654,0.184974239759078,0.178388176169604,0.178843823644391,0.165964459485745,0.184055708671024,0.183014577020876,0.176701620642031,0.0116111054549968,0.00684936154113718,0.0109303742182728,0.0159488494088806,-0.905480004676136,-0.906498179245965,-0.899604355679037,-0.904364053470742,-0.338345605754397,-0.343901378568208,-0.344221939868554,-0.345054212559729,4.33221604168705,4.32470709794504,4.36476476977311,4.33837251615047
0.1506018004099,0.125675797306397,0.092363147092307,0.087153967999593,111.036898707349,109.620774425405,109.653892548149,110.915516045377,17.5797824282502,17.6444971902046,17.8565261359099,17.4159028909574,16.1839025974148,15.8037326068214,15.7847716642634,16.3708676133896,0.657521002672494,0.645423003661426,0.652378693667384,0.661911874121139,0.405530448438171,0.413736438255926,0.413067831985976,0.409413279506429,0.174534382403023,0.185422463779854,0.172314683272463,0.191713465987478,0.191594606929544,0.190804316048249,0.190770341091407,0.177383905532819,0.00554799694685984,0.00774338488232161,0.0021824019205396,0.0177681563675667,-0.893721501309782,-0.89618373718296,-0.908755468259719,-0.910529714459276,-0.336912239192217,-0.339113645152013,-0.331885225729658,-0.34068176651041,4.33514355941845,4.34408592316963,4.30789344252528,4.34073435679908
0.0791962662561404,0.0494062056900267,0.0922069601108738,0.120130369938271,110.158127147876,112.022919301218,110.2366735387,111.650296786158,17.9356798657371,17.8851853044026,17.4741657105337,18.0994300135903,15.983112781166,16.1916504728561,16.0065379993679,15.8059129140748,0.657050201475021,0.672309846700504,0.655128703148212,0.649222915842683,0.400557586221037,0.399579651213803,0.409742255693813,0.401161294987515,0.183544737787566,0.170007339095328,0.17492933652427,0.172760439105007,0.194463402331008,0.173921288188433,0.186773436083151,0.211235390919673,0.011407957864435,0.0133074691817445,0.0154332145830947,0.00837864172667823,-0.885585640170315,-0.910597837570258,-0.91477360333452,-0.891201361961665,-0.346196666537706,-0.337962611766751,-0.330580137184715,-0.338290845550775,4.29963742524961,4.3173846597554,4.2938559939786,4.31275832304903
0.103512765138643,0.120266443946821,0.0968824960466789,0.107268301571791,110.386143709275,110.92872947994,110.36881893811,111.253754271565,17.7746501476657,17.681490809783,18.0359670185996,17.8842648927362,16.1044195406012,15.8908927349074,15.8673273737234,16.1276563774682,0.646035640877814,0.656645157266567,0.656297167941663,0.661964185785016,0.403833166507194,0.400372525561711,0.412871549882295,0.40386725311127,0.184357248942475,0.179908953747399,0.176304359040835,0.178767159588681,0.196757969549734,0.177153077642385,0.18405720348078,0.177458416194866,0.0121946944416202,0.00858718102782569,0.00437789246506173,0.0142031197624406,-0.88900085346672,-0.89735630150181,-0.903507048390394,-0.920487524484665,-0.342879440803464,-0.342301935424664,-0.339961371217006,-0.337892790086994,4.30723827921734,4.34321893937175,4.36460048255427,4.35477055175518
0.106467729389133,0.0850399172651285,0.128539386764157,0.0956009479417917,111.986839461327,111.239516642734,110.726448382774,109.754632302094,17.6792571493977,17.6512221126362,17.5993785364605,17.6578757846393,15.911234672723,16.0389307461092,15.9298158353342,15.4830733180998,0.6689380881538,0.662991691882049,0.649755324500018,0.651681083360447,0.398499493518136,0.405362293607672,0.410137414507358,0.422468356180054,0.171040769693513,0.179963402815726,0.172338872980433,0.177158226467994,0.184352992720818,0.168528952493631,0.179147272200555,0.199656869320168,0.00428647452582642,0.0126687913767881,0.0201468026921942,0.00810700389873677,-0.905844656248998,-0.915238808176915,-0.905066187613315,-0.899787656747878,-0.337254539348078,-0.344550172059949,-0.331596804106943,-0.334462222490845,4.35787981609553,4.35180700741568,4.29911225209008,4.31047283578607
0.0906077825760582,0.124682774521171,0.102875685338292,0.12579197019086,110.843964067157,111.835950574658,110.851947883592,110.596627748066,17.8438892411724,17.5520151002403,17.886883482512,17.5527175820959,16.1773098259039,15.7763931768016,15.84565982811,15.7412964510368,0.657393438629396,0.656754596548853,0.661795379467914,0.649434941620684,0.407803835399176,0.404296158456306,0.408946578163677,0.41422751153529,0.178241779512501,0.174447751148188,0.178818007660477,0.176435128788187,0.187679530115312,0.168385680867062,0.195672039488667,0.186508907924165,0.0151883304231547,0.00243685256020815,-0.00171138841425814,-0.0155679330804048,-0.902814219852379,-0.912664125387374,-0.899021209951101,-0.900307926913419,-0.339743280626275,-0.325906322034262,-0.340230385715847,-0.338146301742701,4.30617913688644,4.36314852874755,4.35805440379006,4.39794890968548
0.172285709465816,0.138564770319482,0.115172897900473,0.110302954654569,112.374857025277,111.487485347722,111.492183452093,109.530000480479,17.7951466104241,17.6010216362428,17.6254813039345,17.8133659507787,15.6891366252045,15.9896437575568,16.1552894974713,15.6630777813923,0.66056671789866,0.661089945064992,0.661924989965194,0.6476155773144,0.399614205845843,0.407371631048597,0.405339803037614,0.42097977227312,0.163569084230321,0.171156570292967,0.175147899483704,0.175732610387376,0.198058578959078,0.184749161066056,0.174288272755696,0.171941992963264,0.0108687821908497,0.0125280945198376,0.0209733558120315,0.0067227605880048,-0.894968653056635,-0.907404916970177,-0.907925551325468,-0.926271093044572,-0.339586746667667,-0.337371200576979,-0.343231652897118,-0.334368873516607,4.35966586092846,4.3431472445617,4.3207155514952,4.33013653235791
0.193787670793919,0.0524031597315523,0.0872533038413904,0.0898961059775412,112.09098608705,111.362949209067,110.749079136091,109.477258157967,17.8242224679454,17.9116876223027,18.0817829806207,17.6891460076934,15.6725465630345,16.1267579503864,15.8820857040231,15.910550159618,0.662579100588478,0.657408970918462,0.65649467715324,0.648833560776725,0.398599349463947,0.40418938048726,0.399431194246625,0.41816128937108,0.162094362172141,0.180025385508353,0.171813285598262,0.177144370495272,0.207140783828024,0.187440395239253,0.188870854647483,0.168834051217121,0.00942841072409562,-0.00463831375457344,0.0097365301306296,0.00797702508000904,-0.888102579411583,-0.899223612704963,-0.899170761024184,-0.929827353557659,-0.334814671880644,-0.339395470569534,-0.329429947178474,-0.327593782825585,4.32897510905822,4.33309721671043,4.34355797693066,4.34401926363061
0.084905395485704,0.108916735932287,0.119266144525377,0.155552045015617,111.725710009468,110.882772932027,111.538932941415,108.747286893933,17.9037800287991,17.6470791683967,17.4653805870712,17.8687589856954,16.0240364818448,15.9517512489861,16.2493463186379,15.4958979090326,0.662508375350769,0.651928598871262,0.667833320227982,0.651008816128519,0.392407136055441,0.41274471588483,0.399761994107012,0.417216804364048,0.179718876282163,0.179841888327073,0.175791631520698,0.18237450842708,0.18756702587869,0.187354303428919,0.16726675982573,0.1925967538827,0.00366497577765885,0.0144904910209478,0.00851888838082349,0.0265236062281192,-0.891724830745402,-0.914610073096925,-0.915937276774907,-0.919236228465244,-0.339526950293043,-0.341350226627658,-0.3465601847586,-0.331583966460692,4.34686626428554,4.33671475173344,4.34967392559445,4.3224736412086
0.092114281449376,0.100503562410372,0.10727897052129,0.14394337905292,111.65300586856,111.561488605723,110.324467924711,108.699882615385,17.8973474659824,17.6647636737292,18.0074805007234,18.0098462129299,16.0661283086392,15.993746356899,15.7587188055968,15.4818051797291,0.66271682893457,0.657666898699178,0.652327497375323,0.656479423303893,0.394991476816554,0.410891506763725,0.41213441992626,0.422332915273183,0.182174456955848,0.171785582315489,0.177204887364131,0.185638819166477,0.186705953737531,0.173467201788454,0.201208575232138,0.188639070231505,0.00452740676364381,0.00919499164913902,0.0110000839289032,0.0236448982721608,-0.893647707095234,-0.913234271430117,-0.890161088253715,-0.915049652620687,-0.335578190151253,-0.329264017952069,-0.340960650808344,-0.328239711903886,4.34313924869133,4.3321745425927,4.28573222914506,4.33621695356064
0.125244222999173,0.114821796367238,0.0860538211593622,0.0849055566648089,110.949764114286,110.373571100538,110.173139622433,111.416404104121,17.8136750483661,17.106334224015,17.7239380467284,17.5368368248193,16.1033279039388,15.8689921222267,15.5807471207248,16.2358042019007,0.655116657129498,0.642745651606325,0.645618863997446,0.663350305547087,0.405611619597926,0.413887859362578,0.428949375968442,0.402924780846082,0.172844590682984,0.184540597629716,0.177714524229331,0.175439797676752,0.198808830142778,0.165631489749519,0.181024521059527,0.175898930799394,0.0138353174517003,0.0084241381661913,-0.0131537663719623,0.000259983292006161,-0.891733619462994,-0.918947749499339,-0.923907637764692,-0.906358078018426,-0.33711024742536,-0.337879192541827,-0.331900603971607,-0.344745400686219,4.32045219916024,4.3319788242712,4.36469683414573,4.35873313584757
0.133731480952363,0.13663431643862,0.0874406910468947,0.0840126227928705,110.705829618292,110.060286300114,111.514901236338,112.609812966953,17.6041738046828,17.6058496074724,17.9060010393335,17.8096561582787,15.8256092720698,15.6263676432146,16.3038573005501,16.4127258902937,0.653983230362226,0.648177014652789,0.668808772140024,0.665626245425274,0.398314233428831,0.420129472895365,0.398335295810839,0.389994301724033,0.176116156850589,0.17594618698766,0.175808040641988,0.183526023822974,0.206578951682419,0.177075318905869,0.196673701155142,0.16864120338941,0.015335200405584,0.00887511142871589,0.0278432645384873,-0.0102448894494494,-0.888875590386933,-0.91557430275045,-0.893820945380651,-0.908132434569134,-0.34031037703601,-0.331295466703814,-0.337051276907484,-0.33906651294442,4.30844117610701,4.380281377293,4.32284800274703,4.33814945203358
0.0475546042439953,0.0799113994127166,0.0788896106207707,0.100059397258637,110.491361933311,109.985616069771,111.891464968415,112.713576450525,18.1229587595116,17.7686219686313,18.0469240935213,17.8989056760726,15.9212709209948,15.9416877907588,15.9551550462177,16.3742723468795,0.657331846065003,0.652848094413918,0.665063885244624,0.661452186662719,0.411447915462687,0.414177358890576,0.393028495109467,0.389058100701185,0.172154678578494,0.17488278265982,0.180001595914369,0.180359409491301,0.169754536042304,0.164644765448107,0.181255628723991,0.176629704062084,0.00703874485709703,0.0137267515833372,0.0154912594843149,-0.0106082441771775,-0.920414247749775,-0.919779512295833,-0.906593742468251,-0.898670768217386,-0.332108423393823,-0.334083558546514,-0.3474783651751,-0.339859852884137,4.34490175068477,4.28228556582683,4.31921132682452,4.34025387834485
0.128472361608818,0.129975373531727,0.114062742665699,0.0621855817817928,109.751335259916,110.72243885466,111.386073003331,111.290601619171,17.4822413618672,17.7599991466924,17.9957408282297,17.5916712936379,15.704658228643,16.0007735545431,16.2877161336499,16.053539523653,0.651261646087128,0.657157046589122,0.664630062568943,0.664698181520307,0.419929385727809,0.402827591767176,0.394274068232477,0.406068083199085,0.181031802867835,0.179659683114784,0.176842861360639,0.179299118253494,0.18368714411659,0.207520072117271,0.186357775205209,0.181131770348705,0.00256278861453408,0.00820256576025368,0.00488385845677885,0.0181430879787118,-0.913220046808178,-0.899618597220366,-0.893246307881509,-0.909709837469691,-0.336088797744936,-0.335235103396943,-0.352152446728561,-0.346072453591534,4.31244132784547,4.36605192743308,4.33711982685919,4.33196952602469
0.0741722269033948,0.136726210822697,0.0828514424345386,0.0638950966201557,110.657751728902,110.725635094885,110.296262045173,110.267415551096,17.9559042671839,17.7577481008755,17.5266927853593,17.9507225580056,16.0566810331974,15.9363069749203,15.6461730669431,15.9658896257607,0.669049109670748,0.656221173828384,0.647609960947685,0.653649416613663,0.405904201311408,0.396218485121033,0.421062486567383,0.407546647269665,0.170622084527939,0.183027399432054,0.17117776046352,0.177704728056584,0.182552085974957,0.208098843956539,0.174425944530735,0.181349963028526,0.0220734175660656,0.0152441695703556,0.0172241439605097,0.0129544626802188,-0.898905388005818,-0.901876602040699,-0.924043586248835,-0.903593402801258,-0.336548447778935,-0.33533763991333,-0.327054003432057,-0.334155137400162,4.34692966386338,4.35360823061626,4.32925183437339,4.32664598275145
0.0898469644778343,0.110226377615189,0.0465787831882476,0.0972429540361594,110.826136380898,110.758088768486,110.199815482427,109.78506779551,17.8313603057099,17.7305448019996,17.9468071766865,17.7128484057176,16.013560441882,15.8692184466759,15.9124831398366,15.7956631279457,0.65555319293699,0.664055310691865,0.653852180830716,0.652219860880035,0.398866815615439,0.409145064656089,0.423656586794624,0.413085097193764,0.177103743583957,0.1828222691281,0.17497136617738,0.182008236723142,0.190617014496263,0.189887184209443,0.177058697522065,0.184921883271992,0.0239613948414561,0.013990263954595,0.000786108119822614,0.0123088541732963,-0.910879233125273,-0.892661845551588,-0.922678685711398,-0.913955004761694,-0.326048984528696,-0.336315357791557,-0.338338657449591,-0.334098228968178,4.34127059542609,4.34877291604153,4.35850350871968,4.32480589300185
0.104785300595972,0.105143253823149,0.101885676118655,0.107258439367077,109.863609120343,110.563798180248,111.135522288608,111.450348430345,17.8211252512145,17.7930523747682,17.6463838289454,17.840338028165,15.8321661786369,15.9825692206699,15.8716494074938,15.9769738709689,0.639200839263615,0.64915362173381,0.653883041115995,0.658569805436755,0.423676540623519,0.418789592009653,0.407707429860909,0.409689902026044,0.17771867886174,0.167252457948251,0.177208456555412,0.170452553628848,0.179565976369637,0.174718574441785,0.176531775395304,0.178653689876792,-0.00460411008939487,0.00429604375335209,0.0150623549720706,0.00966097675555321,-0.917047192533529,-0.910765569709166,-0.911450118539836,-0.912616792254156,-0.343893009252716,-0.340956040679157,-0.337634270358564,-0.341227995361159,4.32467098505155,4.31317745118345,4.28491312627022,4.34447005873147
0.109164516141583,0.112094602017265,0.0547611294472096,0.0688520548082411,110.155095084527,110.975372957635,110.693491504423,110.976878887378,17.4474292465308,17.6837882708003,17.7138486438783,17.7884607563704,15.3026014843193,15.9710838076111,16.0351132184989,15.6843534700484,0.651591513473156,0.667016399562929,0.658689446973722,0.658703623983833,0.424146776449015,0.400251551988893,0.406299006101877,0.401228406718611,0.179044989427367,0.180178273322521,0.18116240733165,0.176426139631476,0.181839377684191,0.192449285192276,0.166973247553043,0.191237348000507,0.00703849062112822,0.0114303219919389,0.0107581173627821,0.0160718244922284,-0.914782163527186,-0.891151868806818,-0.912622169800837,-0.895912044846824,-0.328804707716789,-0.338233105845663,-0.347040044015599,-0.342204139930702,4.36101074406242,4.34930029691859,4.31052458623951,4.3409823198171
0.118354655661562,0.0880875564510275,0.0620540068333237,0.140566756137378,109.206070331907,110.884690739526,111.13917286709,109.797287164804,17.7160300766621,17.8402070942063,17.7013604283806,17.7664558042971,15.7614819238174,15.9127153461093,16.1315398033021,15.7806470169765,0.646147417081426,0.648221968909317,0.654797067835642,0.647623510097333,0.426867543122198,0.410570118680318,0.408378008280437,0.415834187983315,0.177095900804244,0.173772402827385,0.173689456106754,0.176996331169903,0.162135794605729,0.177303077950084,0.193087355890418,0.172227479569936,0.0160354571225394,0.0112657455239624,-0.00740338071867693,0.00865356867533486,-0.9270031394753,-0.90696506294513,-0.909644760808344,-0.921819814932629,-0.334762163659781,-0.33899781466424,-0.338874909277027,-0.339320390375213,4.31783868617107,4.31452930720083,4.3540230002564,4.358741046248
0.0840602217977368,0.129673537214965,0.13821151721599,0.126119583802458,110.633553827201,110.686271778834,110.794885285699,110.709182437102,17.818834834355,17.6448111019481,17.8043394240951,17.688105543288,15.9839673354368,15.8954636560083,15.7392155540837,15.9744011733588,0.656055660185972,0.663117788074141,0.662472928402491,0.652293009009052,0.403186263095949,0.407500378850171,0.407028868897187,0.414289858829921,0.17744592471385,0.175889775672577,0.180751958426668,0.170048336226001,0.204487664830948,0.18849602053741,0.181235058104419,0.186809034293677,0.00862872225411932,0.00634282809150835,0.0276667093452347,0.00334484883245131,-0.882472665025516,-0.903327862307502,-0.915951796899014,-0.908786137802935,-0.339282126472118,-0.333681164736343,-0.334616411387175,-0.334517794063035,4.35852416769057,4.34473103045335,4.28831698412492,4.29416807995729
0.0836524557588815,0.0886069853667564,0.0654827728101856,0.129766941731678,110.546093244207,110.310785973445,110.753812081797,111.522313503031,17.7893602466908,17.8983717829329,17.9774485835092,17.5868118411319,16.2701684588259,15.9690502815522,15.8230258765932,15.8509264664223,0.647806112027537,0.654653134034335,0.655041364752554,0.656254689186049,0.414034340672522,0.413203017469771,0.420944467536907,0.413634295628311,0.177884834231586,0.176383911555322,0.172288676316944,0.17079614611456,0.16330552286669,0.185659259474493,0.181036402201338,0.194174164866048,-0.00504422536740884,0.0155823621069802,0.00659942820937912,-0.00422631093058684,-0.923341416673627,-0.904753900564346,-0.906460433811532,-0.903478276366517,-0.335705773706319,-0.341603969757582,-0.334117405565417,-0.338504290248077,4.32751909758825,4.31926862684075,4.35648586310576,4.3330482154221
0.0896919833138129,0.0900653853019743,0.130548317012099,0.0935430703238725,108.736524493648,110.274322199428,110.274693720256,110.699613701902,17.5429894212012,17.9913988364574,17.582459928568,17.3615730292328,15.3434260578932,15.8352426610936,15.8904774653121,15.6355154275411,0.64508518160859,0.653364539068763,0.649648760674572,0.651833193697852,0.429187103850119,0.414730208330547,0.405779533670886,0.411933224386042,0.187839321690546,0.180804620887332,0.177424265760493,0.180725979905129,0.19838917350836,0.186608196520854,0.183985199835343,0.177926439667643,0.0288307460363264,0.00796092946208162,0.0108595375543318,0.00609590880254092,-0.906010910665005,-0.904781938719318,-0.900194751200197,-0.911295689318656,-0.335146835917768,-0.335153233427019,-0.340214741531908,-0.328776323730184,4.33434483064261,4.34253065446494,4.33232515791461,4.37859896401006
0.112274906761291,0.102951286304273,0.164036270023942,0.0889591050971178,109.850229518351,110.562139858898,110.362151277236,110.729750394955,18.1243289467516,17.4329363479448,17.9517305357131,17.6363820298376,15.6331903729042,16.0625189750896,15.9882453023899,15.7680386015852,0.644410387338787,0.65977095754524,0.654671760671974,0.643726243744534,0.425607727466301,0.40661046401175,0.410096528133144,0.407330967371749,0.175513451486623,0.178336954407935,0.182784148925273,0.182589200595525,0.156042673741771,0.185174413472164,0.180996544641399,0.175917997433166,0.000610674409353677,0.0121646650430159,0.0143997104397253,0.00386150804508826,-0.93083362157734,-0.908111315541329,-0.909408748622546,-0.914790809126796,-0.335615139075883,-0.342300619005134,-0.337825827817069,-0.327819382714097,4.33733091545309,4.32224354893371,4.3356125663688,4.38646260150516
0.0781529508602914,0.0965994913105634,0.169546200062846,0.0775626525790128,110.355864968268,111.905886214331,110.304773528634,110.348539202352,17.5372425415815,18.1597265860224,18.0661809470208,17.6006036061011,16.0447301024106,16.0677076876484,15.956424674495,15.826700619454,0.655248985453338,0.663067416534371,0.653511133208352,0.653232843209699,0.408218177186236,0.40584279959183,0.409154794130131,0.413579445629116,0.17589787467255,0.172649011886505,0.184135001685376,0.183587313453956,0.203436099865946,0.193135163970298,0.178477999021265,0.180300558764693,0.0250498352085618,0.00910613860748658,0.0113361826935902,0.00271132405648409,-0.89433147764559,-0.899713478849834,-0.911749374319511,-0.912138495760534,-0.337042569838873,-0.340301048153083,-0.337327540660828,-0.333057292521314,4.32977742647565,4.34687124231809,4.32995012530929,4.37146217656699
0.0863218376118626,0.113676986701841,0.0581511815044438,0.132387095923445,110.188054312705,110.843257190216,111.295343504782,110.644606977364,17.9102143635422,17.6965782715277,17.4351241391375,17.8979906492588,15.6386442304302,16.306036379474,15.7706483458592,15.9405651586682,0.654015275212534,0.662695512228882,0.656478850342975,0.654134320302651,0.410322186754399,0.39982974791036,0.414962532072979,0.403111589897487,0.181131477646303,0.169884205033105,0.167333474388501,0.170898349947186,0.185524599542961,0.190501452477486,0.183545926106662,0.187240337763936,0.00432885969648864,0.0230165115992433,0.00510455396872495,0.0123643253269547,-0.904682726571747,-0.900549364933424,-0.924882767902195,-0.907750397756407,-0.33343256580353,-0.346868945407724,-0.331676480541202,-0.341144767690635,4.34474942290393,4.3318377382601,4.33403335204409,4.30922518092126
0.146324209925118,0.124190063002418,0.111302278195911,0.11785746137447,110.817239483116,111.105708934457,110.08823922425,112.3219766063,17.9442396757153,17.82344964042,17.8206981695598,17.6282357496071,16.0156032606025,15.6775774865397,15.8004809756445,16.1007980956532,0.653409793600824,0.655072952193478,0.651329896608352,0.675005729013833,0.415963271432826,0.403578613877201,0.411874302283968,0.385697621553833,0.176612920804024,0.179088390395291,0.181802055994073,0.177693242208328,0.186012356681626,0.174961020558778,0.16100627272292,0.17374072745435,0.00034015626530227,-0.00507630254366518,0.0146057254450929,0.0103125886646833,-0.908089133807393,-0.906735031233914,-0.912419667270193,-0.90734125795784,-0.341373850065866,-0.326961407886889,-0.341138265371816,-0.338245856939998,4.29464105300533,4.28761840814524,4.32867863739565,4.32739322330949
0.162438879774297,0.110220425962031,0.135084851929523,0.140540044874266,111.17597324378,108.974293613721,109.876618536766,111.958264957006,18.0051718212419,17.3884340185092,17.6434898849019,17.7865221396976,16.0509119665354,15.8290457746932,15.7629219369432,16.210065315501,0.651255652782516,0.643395341457701,0.643268316078687,0.656249288305425,0.410502474327208,0.43160432820259,0.421669774031844,0.393323169601272,0.174640217046264,0.175995559021624,0.177551838930598,0.170651731515066,0.186102767081366,0.18795527345773,0.192674465318845,0.207863124781161,0.00145847633502894,0.0127762959603875,0.00187601357399484,-0.000358821692118165,-0.903247759734628,-0.915750236952346,-0.908478831623447,-0.886265723706964,-0.338140189905694,-0.343338924388322,-0.334970607717652,-0.342782316319768,4.28913184210575,4.36793015106615,4.35061109534236,4.33986998961924
0.155473494068034,0.0793318548982373,0.128772050547329,0.0762191297783275,110.307640740975,108.396513045217,109.387548341476,110.432250769632,17.794079742229,18.0405447462658,17.6927619949496,18.0229441687052,15.7341040185794,15.4827357733835,15.5239378701579,16.334108672655,0.660086641416954,0.648589494089509,0.642266581350571,0.664970880566144,0.409046864237613,0.424385239002552,0.424052125113326,0.399526007960978,0.166236081264108,0.185423382656269,0.17691518460784,0.185887335143511,0.181635696675505,0.193640364794321,0.191703236096891,0.172777353537007,0.00462192144489837,0.00750021835065028,0.00131511111180476,0.0170645265665783,-0.905561722701596,-0.914049097891158,-0.912641043709652,-0.909066891888436,-0.332217729603562,-0.322085704935257,-0.333592685019645,-0.33899090119917,4.31856032537931,4.36063387368432,4.33356799631221,4.35201265361525
0.064188139203538,0.0902115199180175,0.070022205093794,0.157725141303308,109.283676397321,108.728460944042,110.584190419353,111.110800964598,18.0555480520269,17.8169004644918,17.8308989178098,17.8321907315074,15.739918023381,15.5504575993201,15.9749296678426,15.716688917593,0.647628240525086,0.63873418250719,0.654792291938187,0.656599242430072,0.414436981895235,0.426737142928448,0.41112915166441,0.403296804587957,0.183231725235127,0.173633107886168,0.176961931442973,0.180546986881369,0.220061615003861,0.187104461805816,0.166180205464342,0.188403671113573,0.0181876335481541,0.0268778477078431,0.0140237242236996,-0.005919915136712,-0.891341030419711,-0.911439517476524,-0.924519128647436,-0.901125381510817,-0.337192128788584,-0.347542064906616,-0.337322646279971,-0.339283003518099,4.35249286140062,4.32147185003214,4.32976744528308,4.33711207313555
0.117093806374695,0.0984942389132154,0.0964802241284082,0.0368870547123883,110.199773127596,108.353769852375,111.274089995994,109.312537003241,17.9546147283988,17.7960431888737,17.8201329894493,17.6879564982661,16.0654494083889,15.5531544108004,16.2090781720758,16.016257642036,0.651945380822012,0.638732136322456,0.669516310021244,0.651592607364832,0.414973591842856,0.427021043590401,0.406381887110749,0.424437731830593,0.172314491777199,0.173486633416617,0.172278888208666,0.183283484422041,0.176650717124354,0.185692943171782,0.152183264175098,0.197013049331928,0.0153506234267986,0.0286584433374289,0.0298902162731659,0.0278049136855716,-0.921176242821338,-0.908332457968537,-0.924796556741865,-0.917536184304189,-0.341531329713144,-0.348091661846763,-0.333099280793252,-0.335619096460374,4.32111652499242,4.31672971061951,4.32680872039445,4.33427803056993
0.0974094257309746,0.0776752648038609,0.100803356952505,0.150183426617069,109.973680742051,109.200842259082,110.479094505685,111.850349072918,17.8259943595165,18.2036731128985,17.753081016272,17.8431087432499,15.9406409626881,15.7270982002193,15.601899402538,15.8133642446232,0.650808353451587,0.653389842140132,0.650065652587182,0.655600338156842,0.419850808113685,0.424383424450606,0.41307167742064,0.398316099453374,0.175315327589411,0.175836130739731,0.177665639349624,0.180714877635234,0.178298879473185,0.188534844044846,0.216154371905369,0.195526104107927,0.00704276222278341,0.010577087193406,-0.0102302417951315,-0.0017864301567123,-0.920898603685783,-0.92730971075665,-0.887856649708181,-0.910189901496187,-0.340328705672609,-0.3211588642615,-0.341483929557763,-0.341111629026722,4.32504106325539,4.34713249662662,4.3281758764292,4.33326684820095
0.101349096256347,0.11370784468298,0.104183834844249,0.133506079742725,110.072713377263,110.747391878729,111.246329126512,111.677521745831,17.8021391268298,17.4451234541008,17.599231930304,17.906254609429,15.6382206525224,15.7785828296367,16.1944210580651,15.975496033589,0.657749128915091,0.651573136147299,0.661982018805804,0.65331807672885,0.415720338882373,0.407292165954505,0.399923113987293,0.399548221867661,0.179113490210263,0.186839478549387,0.181549836786728,0.177215054691349,0.189896711532175,0.18412949698972,0.189716515892065,0.191325890281099,0.0108688947300783,0.0100070488619243,0.0220865350774002,-0.000854334566381713,-0.910769254511974,-0.907256213307624,-0.892304841196573,-0.901100607591657,-0.331045961323288,-0.34049925182825,-0.333112914453916,-0.344919639595131,4.34582569415084,4.32624443320579,4.34188625980015,4.33497714665504
0.098246876644028,0.0898693983478579,0.123919655648944,0.0779471345257576,110.863530252783,111.132049054694,111.323701144232,110.638296126363,17.532142120589,17.656426366475,17.8586557311391,18.071837191829,16.0480486786412,16.4112813236258,16.16412835804,15.657275919509,0.651987034546882,0.658269230699544,0.657013917393988,0.654624788919122,0.409590005630221,0.409932773634056,0.401903342324819,0.409390408652192,0.175110794662898,0.177856198988902,0.180031423574071,0.171537853946797,0.168599094654667,0.176378688591324,0.182343276256256,0.177822403387682,0.0163605104644961,0.00542685838073925,0.00777072850028397,0.0150460439930614,-0.917402266223588,-0.900451028497085,-0.898604920100733,-0.9057821138395,-0.340078585222551,-0.336136401634644,-0.333013484175077,-0.340362518824539,4.29236215993281,4.33196030282647,4.33644358358776,4.33655390287102
0.111132964945255,0.109288569563444,0.0722544823711551,0.15183322989204,111.222792566296,110.745118000855,110.62536452616,110.318153551536,17.9028277785659,17.7199922182347,17.8896279157876,17.8525703433961,16.1928658353821,16.1583552784585,15.5827530398502,16.2732578051999,0.654995958737774,0.652887658353369,0.652988899750716,0.659910218488922,0.392353054159603,0.40127489888051,0.413384183308911,0.401922819974501,0.172195590543443,0.179039458192812,0.175758886675531,0.175684208195581,0.20313721189454,0.170356775790715,0.18387719430424,0.184636829696437,0.0116716573255947,0.014531612356524,0.0123929601671844,0.00925240216416899,-0.891474333758461,-0.922614919099611,-0.910087440334754,-0.90059438154258,-0.338696853024516,-0.339698992111154,-0.337561101501373,-0.332159244870079,4.35305028568713,4.26720805465625,4.33156857185945,4.32837822162649
0.0955161411642363,0.0793425629055609,0.0546933136475385,0.0499381871008823,110.236111436756,111.092558260243,109.568805478531,112.390468412993,17.8465024370109,17.859304004428,17.7661243022499,17.6558545946144,16.2696816927297,16.2128517869943,15.8581378160369,15.7495404493608,0.653813279018398,0.651457073345339,0.644791737509167,0.670485264926862,0.403295141133869,0.410091927911287,0.418324945669364,0.392526934829408,0.181030391292786,0.176990506242095,0.177669552774572,0.178029314902418,0.192304250349471,0.177664642861989,0.191777901614833,0.186131178923991,0.0305885553407624,0.0117775056417383,-0.000807788503675239,0.00501616768913534,-0.892141542382828,-0.910498975286878,-0.906845857942267,-0.896157194144121,-0.328555329923911,-0.335796540664453,-0.336802104323882,-0.342131875504195,4.3638048615954,4.29528021780051,4.35614938432468,4.3488588985412
0.0944412310281245,0.120532104746864,0.12248822423306,0.127741593285901,110.695158166348,110.89703777083,110.139658349814,110.361391335435,17.4534439786895,17.7019317278998,17.6442660070884,17.8347424641154,15.9829367493874,15.8889026228137,15.9694078227739,16.4143849013106,0.643547788596218,0.66441757004914,0.654258678470638,0.650530510356781,0.40803271581513,0.404006412687826,0.400334594001082,0.404047535124837,0.175741715260358,0.179684668167486,0.188049597818839,0.181966912688176,0.165909535188418,0.195687966515125,0.195182174777635,0.197114447423748,0.00310865045058792,0.00898237206583363,0.0084338475580931,0.0132130794732947,-0.912850478966913,-0.901104288192132,-0.89874814250305,-0.895582713474177,-0.324085718411506,-0.34146672832829,-0.348454890662132,-0.339667323478714,4.35930693622097,4.37626570233913,4.31086167505319,4.31494572321261
0.0961626679910931,0.0911789490996309,0.134367228766894,0.0893925122519603,111.202273954016,110.501490855313,110.786371450472,112.348251433643,17.7947960266412,17.7803795211624,17.8038951969723,17.6651023071689,15.9617411708819,16.1218426814007,15.791823275325,15.6074319446073,0.652803621415687,0.659303625712885,0.658590613254973,0.664843578252342,0.40178660288931,0.415241100341033,0.412030200481257,0.400337713411129,0.181135957615026,0.172063911227045,0.168454056014431,0.173131608836807,0.189355076612742,0.175855446554577,0.171760894385488,0.173166780891477,0.000539872133789812,0.00859632132172797,0.00370471258689651,0.00474995390495639,-0.898535145026153,-0.909973328946903,-0.916000510594728,-0.8996470221138,-0.334257245970336,-0.336639800350736,-0.337239803052589,-0.335773077950817,4.29507948852194,4.27695677052206,4.33911778560379,4.35287658625737
0.0931900688000292,0.0887025739382108,0.111715280400947,0.116795345166941,111.503878702887,112.519354572998,110.908004363511,110.224711364053,17.7394108376902,17.6454616797405,17.9167560699338,17.5799528696509,16.1824034368543,16.1631961695275,15.6099288167134,16.4702714940978,0.665202351047348,0.662948407142144,0.65034525335021,0.654337043303135,0.411686671218148,0.394368403455179,0.416547796112382,0.410776785822276,0.169978232480056,0.171145077302108,0.165302776107965,0.177784799542731,0.195257648956744,0.193669945560444,0.191685866817465,0.179461793618245,-0.000399185812762738,0.0135338575199756,-0.0032172028793966,0.017547272401056,-0.898000035224232,-0.900961100288797,-0.914836562607539,-0.907172832541099,-0.342311013123789,-0.331244036247177,-0.335698051018728,-0.338683334805571,4.32506037338451,4.36132025732631,4.37238881993129,4.32326460286994
0.124758783300544,0.0984592235115852,0.0732914259599863,0.0968141372764631,111.494594988296,110.658395033307,109.523097235687,111.068950659125,17.9583180688072,17.8639011428587,17.475458798501,17.7803891614742,15.9608469693215,16.0449465987413,15.9050903859863,15.3947093061482,0.653554975516884,0.658948467428888,0.652804765631205,0.660122076601,0.400568591264733,0.406068867691872,0.416652842892966,0.403937766510102,0.173460267724014,0.182746606724587,0.178959777201296,0.178612916317779,0.168533630562158,0.17494821880965,0.179960125578412,0.191570373575671,0.0203646777873702,0.00733110760237557,0.0209110203594056,-0.00463833524679985,-0.914641264316497,-0.91781547009358,-0.906817254980067,-0.891483547404658,-0.332635120920887,-0.349378805330962,-0.341487749371515,-0.339874147819532,4.31038790003673,4.30321827915586,4.30503494921428,4.34361122112377
0.0771004368652515,0.116884901607063,0.0661519864804762,0.0924554607984222,111.152069051687,110.319840981033,111.183980049716,111.283823282597,17.8930017097111,17.4961343928971,17.9903788054497,17.6482067157849,15.8657771125411,16.2582617991214,15.7876925760888,16.2857743036813,0.672623760400456,0.646856531673472,0.658967434232572,0.664035542573381,0.41743626951741,0.410647795573691,0.405228639064748,0.393618557395062,0.167012669859674,0.172632381301687,0.174106889403325,0.183320835507566,0.180325371506918,0.195313636274906,0.187632847948233,0.186436853711957,0.00539919433698653,0.0087470731472298,0.011450946925174,0.0066199264304014,-0.915877673060599,-0.899279547569155,-0.910654000095579,-0.897743173579478,-0.332769442498275,-0.324353018888427,-0.331145011477133,-0.333105600970846,4.32839598023036,4.36226716402146,4.32208899371922,4.32380586910533
0.118970700302721,0.159590482696791,0.121053094345736,0.127772945456911,111.983579388503,110.430705627331,110.972436271682,110.309610132539,17.7936639893084,17.9603023658893,17.5199353145843,17.931709836258,15.920025343127,15.443013215957,15.7313819053903,15.6379763544971,0.650109918429554,0.657787458294961,0.656691577877167,0.657574618933647,0.402294859180033,0.408886052525239,0.412405757819077,0.40985462753415,0.169754954797192,0.17582989996444,0.172529387960005,0.170725625160816,0.152483115432292,0.200032978194735,0.180815404224521,0.181769391142427,0.00876612570683813,0.00377307809719373,0.00964692199143164,0.00963034378940288,-0.929351090743477,-0.904422643409697,-0.911406497402114,-0.910320988307639,-0.332122977215986,-0.346419417218897,-0.336115097015904,-0.344059342551288,4.34888460048305,4.31382479513612,4.35829727316245,4.34616741822535
0.0625062442161742,0.0499344856412028,0.140087442466834,0.135646507988937,110.918275331913,109.249937351961,111.140143753449,110.713142628199,17.7295780792379,17.7022167214362,17.6468937787458,17.9733865819617,16.0924474903255,16.0704517492336,15.5963621934405,16.0801533931827,0.668190709131013,0.639552876425241,0.654051130896071,0.65245729497649,0.400517684349244,0.428095795767667,0.408754786018594,0.397939989597244,0.184430714037963,0.18133461062213,0.169045942504795,0.174111328237614,0.209871898148179,0.170401722765146,0.180531854842282,0.192012795936338,0.00928959552855336,0.0197701462219567,0.0172026249053675,0.0138407914987133,-0.888984454150909,-0.931071410981267,-0.905046009747484,-0.891237729000142,-0.343206395941603,-0.325262776369932,-0.340061010460888,-0.330528661351023,4.31441066530641,4.34487266588798,4.35172351466233,4.34004028055928
0.139697591601892,0.131284205185784,0.0797343904353019,0.0423073311410605,109.980602173548,110.767117098476,110.59264391472,109.369066665774,17.7865965634614,18.0085624247657,17.9107369105808,18.064640259664,15.8415243841085,15.4158591071538,15.5555364249075,15.6084878110839,0.658531714725312,0.653448751318723,0.651796727093546,0.657140737429776,0.42832502555531,0.401423556132388,0.414005858494404,0.426302778605356,0.166698992421158,0.177623966424398,0.171528519246716,0.173493129938486,0.178324825066033,0.201189695783492,0.195343706496974,0.166421391247649,0.00601057242521152,-0.000715804983755747,0.00466717949219382,0.0106901196618016,-0.933703903941074,-0.89373998577924,-0.904276615574809,-0.923038831488636,-0.333497904334525,-0.339093969779107,-0.332698345845794,-0.344685688259372,4.33349458462017,4.32850670333875,4.36284454186771,4.32921978709485
0.0926333547526841,0.118126852148965,0.111944300270567,0.16015624890301,110.860657757389,110.220018078761,109.133571665309,109.747048526519,17.6921376350586,18.0291928384346,18.0629508561625,17.5426753853422,16.0918527142838,15.5409204801191,15.3897829930746,15.7590501917477,0.668734698899313,0.653630705377032,0.652745702856988,0.648419243838372,0.40700444096655,0.413808394035864,0.418844367305923,0.419932404610393,0.186001439701778,0.175735588591376,0.183854649447665,0.17919309471906,0.198358125926035,0.20690477824132,0.181690536512418,0.199819391761581,0.0127070234668022,0.00424626937009957,0.00700050266227569,0.00968685764539799,-0.889296861609338,-0.89541599583733,-0.91362398929432,-0.906380655360018,-0.34935484033275,-0.337899067135649,-0.338320249976278,-0.332212872088761,4.31723758137276,4.34006464566212,4.33462775124194,4.33550019774032
0.0964424949633255,0.113491088691769,0.129171868706351,0.190633367348834,112.207837754012,110.686330318711,109.469884204107,109.785751107721,17.8202066040741,18.0036861693244,18.2782627488294,17.3944607745405,16.168828159832,15.9528938005947,15.4179056783426,15.7051998914413,0.654816266882655,0.652403180533533,0.65277309364177,0.646136094605047,0.391868646446759,0.409937397305459,0.422304841358012,0.415365595005631,0.168794763553663,0.173095253397458,0.183378208166142,0.178911323320551,0.178317856863609,0.191656365871088,0.191509070646865,0.178825759552113,0.0113228894573574,0.0190490931962858,0.00712329008018914,0.0170464473738569,-0.909243101281518,-0.905977098320247,-0.904807721490968,-0.908381138454125,-0.331806203323808,-0.335204261139121,-0.338335343624662,-0.323025285133667,4.34408784422746,4.300732781318,4.32072539101982,4.30268367246422
0.0934278432003438,0.0950565499620414,0.0793525908587928,0.0600616228159703,107.757849260408,110.588040880015,110.608201306374,110.851207772339,17.965600055568,17.9619225664726,17.4641187646147,18.085285898061,15.5080168015946,15.9269848035964,16.1070664545514,16.2055737897691,0.633224829677171,0.649320996427652,0.657501925238681,0.662021245704728,0.433708611009799,0.409825192081414,0.420618691120966,0.392023872467935,0.191315680181579,0.173017754655928,0.17951644046196,0.180972974370467,0.172754870122948,0.18561098821794,0.173127757377702,0.178859306215835,0.00732832940375211,0.0139183704359387,0.0128255690296353,0.0181671451224546,-0.910435703775169,-0.909442830223507,-0.913746259288071,-0.900577120845227,-0.325359190600874,-0.331928869286123,-0.332412529509624,-0.341727515838051,4.31092973928856,4.2930286883012,4.33563910924781,4.32251526278473
0.0648669319352209,0.0950711800266744,0.140071672183447,0.115325961068207,108.234937966778,110.671077924406,110.045807956203,110.753887317817,17.5959761115245,17.7916467366484,18.0682325859596,17.4967294096842,15.6204912959703,15.9850541029302,15.9363945075684,15.9321028021736,0.641050342353339,0.660844353586765,0.649967606603964,0.644479279582813,0.427746544966242,0.404492657679355,0.417989546948984,0.410429889420776,0.186344999492983,0.192688756703213,0.175297436521958,0.172453279472236,0.181551968674153,0.175592258374249,0.187749683691067,0.18664208670856,0.0120801149191856,0.0165448821336018,0.0107787639502144,-0.00581021645343242,-0.925474904087189,-0.917741238750479,-0.896401773353836,-0.912067535970427,-0.330206674620109,-0.346825094898913,-0.341314282661175,-0.331988310436644,4.32353735312288,4.32180865827388,4.32151815178227,4.33327714932808
0.123037293922461,0.119978278144165,0.123832926521353,0.0995997524733617,112.688576160119,111.935229946784,109.794147502102,109.005122796098,18.0298686969698,17.6756704461277,18.109952767192,17.7529744637612,16.4187795260111,16.1474705422177,15.8485767316836,16.0920409031444,0.66594048414318,0.65682603390518,0.659146251312728,0.657091944111805,0.390587459379714,0.396938168274988,0.410849916052692,0.41361161951775,0.170128576096205,0.164006464762741,0.178992899178294,0.190568203340142,0.186796591636185,0.205983758246183,0.199284710481346,0.159340163005874,-0.0034685001766597,0.00302855882457891,0.0133461441450539,0.0122751433205787,-0.890100350377572,-0.898268856427875,-0.912482538662907,-0.922975772795497,-0.336381760924349,-0.331844057502938,-0.338465633474502,-0.342453093204534,4.3378935942177,4.32145423197053,4.32118649026575,4.31354860291806
0.129585008120602,0.11261417969674,0.10232950066605,0.0900249403554737,112.425824042671,111.765323508548,110.891708252603,111.338578401474,17.8749425910982,17.6201423633091,17.5524896305768,17.7278983634495,16.468154891069,16.1607479439688,16.1439534814428,15.5396206623675,0.661184576726321,0.656006857238326,0.671610979098662,0.650282372479822,0.386008508622408,0.399570096070185,0.40248943303435,0.408237465185421,0.169598135062317,0.175506797307015,0.178832522724706,0.166351909921939,0.191851452477542,0.197915237573524,0.176222855357437,0.210223936994705,0.00618115419649906,0.00593477484348416,0.00780112764834458,0.0111226864235685,-0.896850303997722,-0.887525611233749,-0.903109320573153,-0.895602385708518,-0.339635833782184,-0.334153035505365,-0.341933398677108,-0.328754297289489,4.33274364698182,4.34229834365211,4.3334999066988,4.35521191532625
0.177290204882977,0.0881590109529288,0.0923881722575001,0.102580973109722,111.8704485196,110.677049386688,109.349704326016,110.494379377074,17.8270859748203,17.969591943842,17.9228185134187,17.5888714280229,16.1196522938178,16.0003933251592,15.6607621370584,15.8978270221654,0.663204805320032,0.664238574366658,0.644306353817612,0.646795454395157,0.397145103031599,0.3982521545944,0.431707688597849,0.413055955816011,0.172859683065364,0.180567657553532,0.168302875787803,0.167791090631283,0.18587617445504,0.193451657781977,0.173564924120669,0.190555949667318,0.00967005046525875,0.0106666781685264,0.0104426836898362,0.0244130856822879,-0.893057390789724,-0.892682462146929,-0.915522939607176,-0.903157002118358,-0.338809691581149,-0.349184423597738,-0.333862769220914,-0.336602285169185,4.32155602857241,4.32111896065115,4.32859846770501,4.34376086738956
0.0471262732910399,0.113606172724818,0.143093850189505,0.103800856296777,109.138463662795,111.396493342746,110.943386430976,110.870104873188,17.6167559321374,17.7350960657231,17.6453854645857,17.9070255388379,15.716799173481,16.1619078414118,16.1167747001738,15.9213684312882,0.647817767573261,0.654100115489266,0.658803119601524,0.66138789803292,0.425557876397656,0.396996539475832,0.403601983596736,0.407786935795002,0.179702204361604,0.175093263144323,0.18339912270561,0.185311662255738,0.181550198036665,0.188780332364071,0.180028721440734,0.17509367366115,0.00582623972133553,-0.00372531649255475,0.00297055050240104,0.00322605772126757,-0.918377626485779,-0.896818576814522,-0.904272819625953,-0.912655236322654,-0.333952286863785,-0.33918724711433,-0.332993662209867,-0.334702120212871,4.34144248728137,4.36525447213053,4.32385074518868,4.31253757136447
0.14141550632005,0.0927423908750445,0.0899048666636366,0.0960637095010597,109.707738911717,110.726631997525,111.427407091635,110.6171387597,17.7369179703892,17.8534075786975,18.1075965650774,17.6962213842814,15.6776909059807,15.7793589053194,16.0874486070608,16.0418477180195,0.640231612754498,0.657599376836554,0.660865031211242,0.664920238170485,0.421835592685436,0.411143325256356,0.406199273309102,0.404289335504707,0.176583934466531,0.176423458472542,0.16050499390866,0.189239423189794,0.175031746416407,0.176838864879985,0.191550615259231,0.187831828083195,-0.00842919158578048,0.0175165397376459,0.0101050718414316,0.0161961049672478,-0.930738821554526,-0.911282175385229,-0.904350476305238,-0.894667559991298,-0.333418897196721,-0.336565950286016,-0.345951934566425,-0.330472203432543,4.34283757346305,4.2961048250443,4.37231531927862,4.3162516895616
0.0584507669118767,0.135310301145613,0.0851898395431039,0.122076652010355,110.43044026208,109.905596023613,112.096624376878,110.036246244167,17.2557505202172,17.8095267594627,18.1303503474078,17.8613196951799,16.1151945187153,15.9862291434015,15.9632680916428,15.94456727596,0.651016883795379,0.646342989363836,0.658819042820525,0.653230181012091,0.415563987485656,0.426300102669398,0.398417611391155,0.418509975557319,0.179715579940594,0.173684240172149,0.162562602674593,0.166687352452551,0.185653421030994,0.170427046863557,0.187948972190145,0.185939725046043,0.0135291064083995,0.000880955848395939,0.0153605237200622,0.00214920900330826,-0.904366535873181,-0.921008820282655,-0.905097991605071,-0.918455725254081,-0.332934219242663,-0.331737968374741,-0.34217934037294,-0.345798009797249,4.29891287844829,4.34352035188488,4.3760695567937,4.34105005741328
0.137438874177526,0.0974348249039822,0.0882352099254526,0.0977977498021458,110.498098066667,111.193764239843,111.772188480844,110.753642195482,18.3831933125543,17.9679445401455,18.0475937398181,17.9669378055715,15.7392489308796,15.816197018229,15.9680519113592,15.6337859351967,0.650097805866082,0.658214486666528,0.661799225400981,0.659144319196196,0.40614292811816,0.387996586502075,0.396341318618116,0.41764624641946,0.169767025234748,0.176340401996723,0.162257657825559,0.172782476564725,0.172883174022081,0.202654310263407,0.185735684825288,0.188409987859238,0.00667375846761646,0.0164591634665154,0.0126813438357499,0.00557898934391105,-0.897740502943374,-0.875219864108077,-0.905809847779755,-0.903918854776981,-0.341450336113752,-0.339080743944738,-0.340060964409778,-0.340192207514155,4.36608588441927,4.32459857737026,4.38022438902668,4.35034354041162
0.117586608981918,0.107770967880038,0.0893264736185388,0.0903143271925982,110.839942122275,110.386807388095,112.233410793617,110.615126413714,17.9067668462731,17.6234109267079,17.8404616578309,17.7980366015484,15.6775561756359,15.9719008713563,16.1417929687203,15.9400033634939,0.655615832144697,0.652224070729862,0.661349950153124,0.651749281020254,0.424668992893539,0.418614018544725,0.400000907242305,0.401089283353001,0.168904875870203,0.176061630744515,0.166839017432166,0.17531649532741,0.184136520167249,0.180573871205534,0.190126995106868,0.189446565294552,-0.0055253439918228,0.00321817223928992,0.0131885160602064,0.0087596779625443,-0.93548765886394,-0.913733015733153,-0.904199479579121,-0.906912754569013,-0.336125496115862,-0.338188109810627,-0.341287592051788,-0.339086287026446,4.2584577978233,4.35083408573056,4.35455450546454,4.33597432264863
0.078951381801963,0.0593735650991056,0.148082213126957,0.0794779496355913,109.696848563461,111.623308712293,110.917251067088,110.75013265068,17.9414756636221,17.6316244514314,17.9319204574874,17.5915865069011,15.9413173108229,15.9258644530476,15.8220846420566,15.9565489800185,0.646639465730785,0.664738736372162,0.658600492685018,0.659581925729967,0.40747450340293,0.402197270583322,0.404804329988977,0.410977327207845,0.185340309478758,0.178035345957445,0.181212396805504,0.176045449316568,0.180009444941006,0.177399440978609,0.197070920157816,0.185431156779349,0.0247910058068425,0.0218594001516154,0.0101819829966901,0.00591222101274303,-0.902299559666744,-0.904910993927386,-0.885390202821865,-0.91107376683181,-0.33667464385451,-0.333756885286608,-0.330548331679342,-0.33283052874133,4.36086639669973,4.30416360790349,4.31441870895976,4.30689363038559
0.0667216696182344,0.139169674244338,0.119036366265782,0.115936909320775,110.173636475858,111.79957712308,109.517313546062,110.201820051459,17.9842683992848,17.8558397476218,17.7704134247012,17.95048162496,15.8002624424822,16.3357258437793,15.7966440417774,15.9465006632063,0.65888109730772,0.656637882379093,0.65648909206374,0.660782912998658,0.414731392628707,0.391309306183257,0.411036291502405,0.409150711698565,0.175349727496233,0.173514121294685,0.182189052117884,0.178224116977821,0.203640786168723,0.190764054108767,0.20763939336276,0.188647023087407,0.0271943191761664,-0.00671457163906752,0.0254789928051038,0.011376239526097,-0.900873540811253,-0.890616616332176,-0.900180868178347,-0.905075120095488,-0.339698027305163,-0.343579775144041,-0.340834589801205,-0.33836000439733,4.33326917890365,4.35648546249733,4.33783097312749,4.32810380277074
0.150690677312513,0.090743881770553,0.0780718524640308,0.124286067048669,112.760116923012,108.743143387068,111.612283742026,109.894466144246,17.6273508433988,17.5758735000741,17.8460688567779,17.7747325081139,16.2227308734145,15.6156261573748,16.0123938926258,15.8613278298343,0.662158894267576,0.643850009769103,0.654873858183108,0.650128381305686,0.386414887503963,0.422532608701512,0.403094122240496,0.408189900486924,0.172817921259596,0.179295570214069,0.176794440278798,0.181042951122609,0.182160751333577,0.180459565339876,0.166213142291975,0.174452032946758,-0.00524394113915399,0.0403170305140714,-0.00291781297235508,0.00783113941435583,-0.895437098446038,-0.921166126570745,-0.917634695118514,-0.9132407913572,-0.334412220041995,-0.330497747417092,-0.332948462217229,-0.325703442903283,4.30505429525721,4.32731374241536,4.31988760866841,4.34054341351839
0.132210768960225,0.122947498041337,0.142685105006639,0.0748211070111681,110.393942937483,111.452663984623,111.33741091241,111.812379340746,17.5799110967446,17.9565889757151,17.5904527140653,17.9486863529303,15.928210449051,16.1795434477118,16.0800058346244,15.8985212803399,0.658415936755449,0.656735134791567,0.662174111373338,0.663587693010834,0.412171872633527,0.394499280337801,0.404132015220488,0.408569090587266,0.173055894059308,0.176870794335503,0.178066388192538,0.16499648649965,0.195700197885937,0.191160877413793,0.190020145090163,0.180078133198419,0.0121481873324937,-0.0136910695022828,0.00956059241344602,0.0114654913503728,-0.896283537794748,-0.896645599333032,-0.915443883331897,-0.913916654387767,-0.335787634052691,-0.33821625155549,-0.339895004093051,-0.343361863685666,4.34114851721869,4.30432695215538,4.34793362733446,4.31711215455103
0.135163851608967,0.141359014864231,0.0816254859099753,0.105317539513093,110.553899764891,109.677412773059,108.885766659676,111.288217515241,17.6012532786719,17.5859627496911,18.0426494633581,17.818244636609,15.5243175930215,15.9558670322202,15.5034897405314,15.9695571875102,0.646672726164517,0.656452756532829,0.649339604314625,0.658740675740939,0.404523496061955,0.413213195371148,0.425534077557258,0.405984627294372,0.17955996061924,0.173440845964064,0.184129500136606,0.177066367978547,0.171864514214762,0.194018392991187,0.188805158893986,0.18234986169921,0.0145427438595116,0.0305517168852762,0.0122727332518815,0.00382899555170217,-0.918692294632464,-0.897927227228982,-0.917168652071342,-0.903632449989957,-0.341192373251529,-0.333682775837084,-0.340245501467188,-0.335369983683841,4.30767276682098,4.34062331262318,4.29601832544267,4.30987552446436
0.0892489768848816,0.142853500111049,0.0825214205310193,0.07986161918115,109.82565464316,109.820189647891,109.190200878846,111.658162664324,17.7143244615027,17.6458448169425,17.728727271624,18.0955098135533,16.5748260449161,15.8407509109208,15.4344879840199,16.2483153893772,0.658009550626272,0.649512573492307,0.636625906311298,0.665810554336521,0.413424136080119,0.412433147252937,0.427076782066832,0.398096763461353,0.181115726544111,0.170435230411279,0.175765123364534,0.173794539271766,0.18720322006631,0.1934430757109,0.178197438424121,0.174626176684013,-0.00777556347410069,0.0298846987464477,0.00722589956373547,0.0206874476176694,-0.900757756580141,-0.895798595800442,-0.911685907229103,-0.905741718461869,-0.338097626601547,-0.330237814799105,-0.338165624890022,-0.346291978061956,4.31244136474777,4.34082159237842,4.32355355057223,4.352485937965
0.0992752999299523,0.0637663248964543,0.103877870286438,0.110379895419326,109.888519557081,110.262592928499,109.90199673113,110.896457046587,17.7935283485407,17.8442122585767,18.1098291395559,18.1353842066017,15.2998996725251,16.1378042955652,15.9481117261754,15.5059230253562,0.655912920864753,0.650962219737645,0.658832841252804,0.663708071423649,0.411987183006887,0.403766713157618,0.419088718873675,0.399117368686661,0.169620572890027,0.181886038462577,0.180202981958188,0.179152368164004,0.159105812043536,0.169171785419579,0.164268126277201,0.181392885874534,0.0268356049887697,0.00104955888691106,0.00406032023474623,0.0161509436981352,-0.915819995857784,-0.92328404377412,-0.933548848020008,-0.913561632165519,-0.334453604623983,-0.335577269875537,-0.333006597253836,-0.334501205463903,4.33601862445461,4.31325371950375,4.32615166735141,4.32504895186745
0.104292108173919,0.0829710532163789,0.100384007159605,0.0984955383661149,110.119582571509,109.533305913997,111.011060887307,110.871967324306,17.6966885362458,17.8602759147089,17.646612151235,18.1550558481245,16.5343576176562,16.2456717091247,15.7325966970821,15.4932110586124,0.653477489933681,0.654753925866413,0.664611058756726,0.664681726449973,0.408624952652457,0.423056464641895,0.418479491755163,0.400625289119586,0.182015635115717,0.185477038109768,0.169249525081282,0.17953839542353,0.196880838267608,0.170221917664666,0.164322597874657,0.17310760934309,-0.00725961832073287,-0.00419848119705894,-0.0015453276572784,0.0192925883140063,-0.891318671413351,-0.915012316656148,-0.923608042620632,-0.906853881848346,-0.33834849047548,-0.3377694046424,-0.333414975366041,-0.334431032045711,4.33741248087307,4.2972276084844,4.35499820789931,4.32314194959838
0.137864254545997,0.0808732966082123,0.0662486322533619,0.112503186935477,110.610230670096,111.372388401753,109.839568827028,109.481093613387,17.8952655774782,17.7354414261283,17.9798613959572,17.9045260666761,16.1598099147747,15.891446296642,15.9330257537431,16.104796640406,0.654709377513948,0.658214174495505,0.648843738484051,0.642822479428912,0.406524166851775,0.397263308109892,0.403139239977858,0.422713893198647,0.178849155122262,0.176905291549953,0.182909891087516,0.170974241079906,0.175373424805477,0.174118641332295,0.18634183973842,0.199009915320719,0.00882152326474205,0.017116240303317,0.0264175549463867,0.00690498578202977,-0.911424695650263,-0.89759531553801,-0.900317970139055,-0.909681455179528,-0.339839873813012,-0.343538485441027,-0.342112122984878,-0.340421768584133,4.33403625942949,4.36233992191768,4.31412592038502,4.34134572051373
0.144610513237209,0.0753130643312667,0.12568441892759,0.132110599987576,110.761292879741,111.551141143529,109.486358144976,111.459266944672,17.7296668572004,17.9743418959803,17.8559252760776,17.7266914118552,16.582688225898,15.9038025556999,15.8876577809882,15.8235587546757,0.658368388205903,0.664662321609347,0.665337206632412,0.65787140515387,0.396478636578322,0.406345690013699,0.418775990909042,0.400221228603282,0.185789939741409,0.171257089940614,0.189403200057273,0.181174044387098,0.173098256351307,0.183816155015261,0.19319370687837,0.197305904766689,0.00198746649372318,0.0219179785874298,0.0249786567340125,-0.00652596179431965,-0.902455940078325,-0.916248245963066,-0.89539008137071,-0.902776992450443,-0.340085560004007,-0.336691295916763,-0.342544565414741,-0.330362430065201,4.34373075809388,4.35146001408862,4.33024810257712,4.33014914449286
0.0527865781855858,0.0975637147003528,0.0893616413459915,0.071350246989812,111.585441907164,110.186120250004,111.381236595594,110.684556029496,17.8502477282261,17.7709238652101,17.8670580416092,17.8550838070744,15.4642001662663,16.0308819420247,15.9971570203543,16.0934333532435,0.657984493109938,0.65882689457853,0.64125121116952,0.655259882575267,0.403400955794985,0.416597473068813,0.405232968333597,0.413265591689495,0.165218433224261,0.174959169089938,0.172798700250011,0.176546398940494,0.193980529599786,0.17947585929722,0.179500349701642,0.180331299530523,0.0163450060330906,0.00571208620053383,0.0226643294791966,0.0238016313202448,-0.90102220991819,-0.908882977432842,-0.908576538759991,-0.920698505508667,-0.334828846813863,-0.341579871640318,-0.34411131884611,-0.344619426431103,4.33189728342819,4.35497262474054,4.33020915876862,4.33541298799762
0.0846958212135274,0.0692513976462355,0.118011135184287,0.0441528016730383,110.795688929957,110.675993907077,111.891270099967,109.655587281802,17.9628084825471,17.6186168005599,17.6208987388846,18.0559580051505,15.7950654751421,15.8773438747526,16.0221647994501,15.8570583441175,0.65988008733415,0.649066269525065,0.660866831929107,0.659519443497038,0.409749211650493,0.410675618588756,0.389150712878493,0.416217912850901,0.175267603114394,0.179661451135282,0.182064671203653,0.175570582843611,0.200471366457172,0.169678442077981,0.19703677567287,0.165871264580004,0.0111591642842769,0.0182563550752907,-0.00567879479622865,0.0226337248643184,-0.894524572612464,-0.921711795489935,-0.894210458789407,-0.921116016515492,-0.345393222836559,-0.347521716748795,-0.335636018687393,-0.343317283986678,4.3113861856878,4.3551415809717,4.34725870702439,4.32858546391303
