,PLAYER_ID,PLAYER_NAME,NICKNAME,TEAM_ID,TEAM_ABBREVIATION,AGE,GP,W,L,W_PCT,MIN,FGM,FGA,FG_PCT,FG3M,FG3A,FG3_PCT,FTM,FTA,FT_PCT,OREB,DREB,REB,AST,TOV,STL,BLK,BLKA,PF,PFD,PTS,PLUS_MINUS,NBA_FANTASY_PTS,DD2,TD3,WNBA_FANTASY_PTS,GP_RANK,W_RANK,L_RANK,W_PCT_RANK,MIN_RANK,FGM_RANK,FGA_RANK,FG_PCT_RANK,FG3M_RANK,FG3A_RANK,FG3_PCT_RANK,FTM_RANK,FTA_RANK,FT_PCT_RANK,OREB_RANK,DREB_RANK,REB_RANK,AST_RANK,TOV_RANK,STL_RANK,BLK_RANK,BLKA_RANK,PF_RANK,PFD_RANK,PTS_RANK,PLUS_MINUS_RANK,NBA_FANTASY_PTS_RANK,DD2_RANK,TD3_RANK,WNBA_FANTASY_PTS_RANK,TEAM_COUNT
0,1631260,AJ Green,AJ,1610612749,MIL,26.0,10,6,4,0.6,27.7,3.5,6.9,0.507,3.0,6.4,0.469,0.7,1.1,0.636,0.1,2.2,2.3,1.8,1.0,0.4,0.1,0.0,3.5,1.2,10.7,3.2,16.7,0,0,18.8,22,41,150,157,123,178,196,131,18,44,56,281,268,313,396,220,274,200,207,301,315,343,20,234,160,104,229,106,8,189,1
1,1642358,AJ Johnson,AJ,1610612764,WAS,20.0,7,0,7,0.0,5.0,0.3,1.4,0.2,0.0,0.3,0.0,0.4,0.6,0.75,0.3,0.3,0.6,0.6,0.1,0.0,0.0,0.6,0.4,0.4,1.0,-1.9,2.4,0,0,2.1,265,419,26,419,409,429,404,429,356,392,356,326,341,220,351,417,414,356,406,382,327,113,415,358,420,284,433,106,8,435,1
2,203932,Aaron Gordon,Aaron,1610612743,DEN,30.0,8,6,2,0.75,29.5,6.6,12.1,0.546,2.4,5.1,0.463,4.5,4.9,0.923,0.9,4.5,5.4,1.6,1.6,0.9,0.1,0.3,1.5,3.8,20.1,8.0,30.4,0,0,31.5,223,41,298,75,98,52,87,98,49,84,59,43,51,56,197,64,94,218,127,149,289,252,278,55,43,33,86,106,8,70,1
3,1628988,Aaron Holiday,Aaron,1610612745,HOU,29.0,4,4,0,1.0,6.6,1.0,1.8,0.571,0.5,1.0,0.5,0.8,0.8,1.0,0.0,0.8,0.8,1.0,1.0,0.0,0.0,0.0,0.8,0.8,3.3,-0.3,4.7,0,0,5.5,362,176,426,1,384,337,386,78,274,316,23,271,312,1,402,376,399,289,207,382,327,343,372,305,333,218,393,106,8,368,1
4,1630174,Aaron Nesmith,Aaron,1610612754,IND,26.0,9,1,8,0.111,31.4,5.1,13.8,0.371,2.9,7.9,0.366,2.8,3.7,0.758,1.8,2.9,4.7,1.0,0.9,0.8,0.2,1.0,2.4,3.3,15.9,-3.2,25.1,0,0,26.4,122,348,19,395,68,106,59,350,24,22,160,81,80,215,68,168,129,289,237,178,220,23,111,70,82,331,130,106,8,107,1
5,1630598,Aaron Wiggins,Aaron,1610612760,OKC,26.0,9,8,1,0.889,27.6,5.7,12.3,0.459,2.8,6.7,0.417,0.7,1.0,0.667,1.0,2.7,3.7,2.2,1.0,0.4,0.8,0.4,2.2,0.7,14.8,10.0,25.2,0,0,25.9,122,7,371,35,124,82,80,230,27,38,95,284,270,281,145,187,183,165,207,281,68,157,148,315,98,16,127,106,8,111,1
6,1642846,Ace Bailey,Ace,1610612762,UTA,19.0,9,3,6,0.333,18.4,2.2,6.6,0.339,0.4,2.1,0.211,1.0,1.1,0.9,1.7,1.7,3.3,1.6,1.3,0.3,0.1,0.3,1.8,1.1,5.9,-10.9,12.2,0,0,12.1,122,232,55,308,239,259,206,373,282,247,321,228,266,79,78,268,204,223,164,321,302,201,233,247,269,442,286,106,8,284,1
7,1641737,Adem Bona,Adem,1610612755,PHI,22.0,10,6,4,0.6,15.3,0.7,1.7,0.412,0.0,0.1,0.0,0.8,1.4,0.571,1.3,1.9,3.2,0.3,0.7,0.5,1.7,0.2,1.6,1.2,2.2,-1.4,12.4,0,0,10.1,22,41,150,157,284,383,391,304,356,403,356,263,232,337,114,245,213,394,272,253,11,272,262,234,374,268,284,106,8,302,1
8,1642349,Ajay Mitchell,Ajay,1610612760,OKC,23.0,11,10,1,0.909,28.0,6.1,13.2,0.462,1.3,3.6,0.35,3.7,4.0,0.932,0.9,3.1,4.0,4.1,1.6,1.8,0.2,0.6,2.5,3.6,17.2,9.9,32.5,1,0,30.5,1,1,371,30,118,68,70,223,156,163,182,58,69,55,188,151,154,59,126,15,259,97,110,59,71,17,72,59,8,81,1
9,201143,Al Horford,Al,1610612744,GSW,39.0,7,4,3,0.571,21.4,2.1,6.1,0.349,1.3,4.3,0.3,0.0,0.0,0.0,1.0,3.4,4.4,1.3,1.6,0.6,0.9,0.3,1.9,0.4,5.6,-4.0,15.5,0,0,15.4,265,176,222,192,204,263,217,368,153,127,251,384,393,384,145,124,138,268,131,236,62,243,223,358,276,355,246,106,8,239,1
10,1627936,Alex Caruso,Alex,1610612760,OKC,31.0,7,7,0,1.0,21.3,1.9,5.6,0.333,1.3,4.1,0.31,0.7,0.9,0.833,0.3,1.9,2.1,2.6,0.7,1.7,0.4,0.3,0.9,1.4,5.7,8.1,17.9,0,0,16.0,265,15,426,1,205,288,238,376,153,133,241,276,302,135,351,253,286,134,265,20,144,243,357,210,270,32,207,106,8,229,1
11,1642259,Alex Sarr,Alex,1610612764,WAS,20.0,10,1,9,0.1,28.4,7.7,14.6,0.527,1.0,2.9,0.345,2.5,3.3,0.758,2.4,5.3,7.7,4.0,2.6,0.8,2.5,1.2,1.4,3.3,18.9,-8.9,41.4,2,0,38.2,22,348,1,402,112,32,46,110,190,203,191,90,87,215,37,40,35,60,46,167,3,10,296,74,52,428,23,32,8,33,1
12,1630578,Alperen Sengun,Alperen,1610612745,HOU,23.0,9,6,3,0.667,37.0,7.9,16.1,0.49,1.2,3.1,0.393,5.8,7.8,0.743,2.4,7.4,9.9,7.3,3.7,1.3,0.8,1.4,3.3,6.1,22.8,12.6,48.3,5,0,45.4,122,41,222,99,5,29,29,178,162,191,131,21,15,240,35,12,14,13,8,50,68,3,27,12,29,6,9,11,8,11,1
13,1642873,Amari Williams,Amari,1610612738,BOS,23.0,2,0,2,0.0,3.4,0.5,1.0,0.5,0.0,0.0,0.0,0.0,0.0,0.0,0.5,0.5,1.0,0.5,0.0,0.5,0.0,0.5,0.5,0.0,1.0,4.5,4.5,0,0,3.5,416,419,298,419,437,401,419,139,356,406,356,384,393,384,265,395,369,361,412,253,327,126,400,414,420,79,396,106,8,406,1
14,1641708,Amen Thompson,Amen,1610612745,HOU,22.0,9,6,3,0.667,35.6,6.9,14.3,0.481,0.6,2.4,0.227,3.2,4.6,0.707,2.6,4.1,6.7,5.3,2.7,1.2,0.4,1.2,2.7,3.4,17.6,8.8,35.9,1,0,33.4,122,41,222,99,12,48,50,190,273,225,311,70,55,260,32,83,53,31,42,62,130,6,78,64,65,25,50,59,8,56,1
15,1629599,Amir Coffey,Amir,1610612749,MIL,28.0,10,6,4,0.6,10.3,0.6,1.3,0.462,0.1,0.6,0.167,0.3,0.3,1.0,0.4,0.8,1.2,0.7,0.1,0.0,0.1,0.1,0.4,0.1,1.6,-1.7,4.3,0,0,3.8,22,41,150,157,333,393,412,224,354,360,343,360,378,1,300,371,361,334,411,382,315,333,417,413,402,280,400,106,8,404,1
16,203083,Andre Drummond,Andre,1610612755,PHI,32.0,9,6,3,0.667,18.6,2.7,4.7,0.571,0.4,1.1,0.4,1.1,1.9,0.588,2.8,5.3,8.1,0.8,0.3,0.8,1.0,0.2,2.0,1.6,6.9,3.0,22.8,2,0,19.8,122,41,222,99,237,226,272,78,282,314,110,218,177,333,28,39,28,325,360,178,38,263,186,192,240,106,155,32,8,181,1
17,1641748,Andre Jackson Jr.,Andre,1610612749,MIL,23.0,3,1,2,0.333,4.2,0.0,0.3,0.0,0.0,0.0,0.0,0.0,0.0,0.0,0.3,0.0,0.3,0.7,0.0,0.7,0.0,0.0,0.0,0.3,0.0,-2.0,3.4,0,0,2.3,381,348,298,308,421,437,446,437,356,406,356,384,393,384,322,428,425,336,412,206,327,343,439,373,441,286,418,106,8,430,1
18,1629614,Andrew Nembhard,Andrew,1610612754,IND,25.0,3,0,3,0.0,26.5,4.0,13.7,0.293,1.3,7.0,0.19,4.0,4.0,1.0,0.0,1.0,1.0,6.3,2.3,0.7,0.0,0.0,2.0,3.3,13.3,-9.7,23.7,0,0,23.3,381,419,222,419,136,149,60,400,143,34,335,50,69,1,402,335,369,19,59,206,327,343,186,70,118,435,144,106,8,140,1
19,203952,Andrew Wiggins,Andrew,1610612748,MIA,30.0,10,6,4,0.6,32.2,6.9,13.3,0.519,2.0,5.0,0.4,1.5,2.5,0.6,1.3,3.3,4.6,2.3,1.9,1.4,0.9,0.5,2.5,2.2,17.3,-0.7,31.3,0,0,30.8,22,41,150,157,54,47,64,121,69,91,110,162,120,324,114,130,131,159,94,44,53,126,95,128,68,239,80,106,8,77,1
20,1629014,Anfernee Simons,Anfernee,1610612738,BOS,26.0,11,5,6,0.455,25.7,5.4,12.3,0.437,3.0,7.3,0.413,1.3,1.5,0.875,0.4,1.5,1.9,1.7,1.1,0.5,0.3,0.6,2.5,1.3,15.0,-0.8,21.2,0,0,23.3,1,117,55,263,144,93,84,268,18,30,100,200,226,94,318,290,311,205,203,250,205,97,94,228,92,247,177,106,8,143,1
21,1641710,Anthony Black,Anthony,1610612753,ORL,21.0,10,4,6,0.4,26.2,4.0,8.6,0.465,1.0,3.5,0.286,2.0,2.9,0.69,0.6,2.6,3.2,2.3,2.3,1.2,0.8,1.0,2.2,2.3,11.0,-3.5,22.0,0,0,21.5,22,176,55,280,140,149,143,218,190,166,259,116,102,274,241,195,213,159,62,68,65,23,154,116,155,338,167,106,8,165,1
22,203076,Anthony Davis,Anthony,1610612742,DAL,32.0,5,2,3,0.4,29.9,7.8,15.0,0.52,0.6,2.2,0.273,4.6,6.2,0.742,3.4,6.8,10.2,2.2,2.2,1.6,1.2,0.6,2.6,5.8,20.8,-5.4,42.5,4,0,39.4,330,289,222,280,91,30,41,119,264,239,270,41,29,241,12,19,11,169,65,28,29,104,83,18,37,396,20,14,8,28,1
23,1630162,Anthony Edwards,Anthony,1610612750,MIN,24.0,6,4,2,0.667,26.9,8.5,17.0,0.5,4.0,8.2,0.49,4.8,5.8,0.829,1.0,2.8,3.8,2.8,2.5,0.8,0.5,0.3,1.3,3.7,25.8,5.3,36.2,0,0,39.2,298,176,298,99,130,21,21,139,4,18,47,36,37,148,145,171,170,124,49,161,108,201,305,58,13,68,47,106,8,30,1
24,1630264,Anthony Gill,Anthony,1610612764,WAS,33.0,5,0,5,0.0,2.7,0.6,0.8,0.75,0.2,0.2,1.0,0.4,0.4,1.0,0.2,0.6,0.8,0.0,0.4,0.0,0.0,0.2,0.2,0.2,1.8,-1.6,2.4,0,0,2.8,330,419,103,419,447,393,434,14,331,395,1,329,359,1,373,389,396,422,344,382,327,272,436,395,393,277,436,106,8,424,1
25,1630574,Ariel Hukporti,Ariel,1610612752,NYK,23.0,6,4,2,0.667,9.0,0.7,1.3,0.5,0.0,0.0,0.0,0.0,0.0,0.0,1.2,1.7,2.8,0.8,0.8,0.2,0.3,0.3,1.5,0.2,1.3,-2.8,6.7,0,0,6.0,298,176,298,99,354,384,407,139,356,406,356,384,393,384,130,268,236,316,245,364,163,201,278,400,413,323,351,106,8,357,1
26,1642854,Asa Newell,Asa,1610612737,ATL,20.0,5,4,1,0.8,11.6,2.6,5.0,0.52,1.2,2.4,0.5,0.4,0.6,0.667,1.6,1.4,3.0,0.2,0.6,0.8,0.2,0.6,1.8,0.6,6.8,2.0,13.1,1,0,13.2,330,176,371,48,322,232,254,119,167,228,23,329,333,281,83,305,223,404,297,167,235,104,226,326,243,139,274,59,8,268,1
27,1641709,Ausar Thompson,Ausar,1610612765,DET,22.0,10,8,2,0.8,29.1,5.8,11.5,0.504,0.4,1.3,0.308,1.9,3.9,0.487,2.0,4.6,6.6,3.4,1.4,1.8,0.7,0.5,2.9,3.2,13.9,4.4,33.0,2,0,29.3,22,7,298,48,106,76,98,137,289,304,242,126,74,371,52,60,58,83,154,16,76,126,59,79,112,82,66,32,8,86,1
28,1630559,Austin Reaves,Austin,1610612747,LAL,27.0,7,5,2,0.714,37.8,9.4,19.3,0.489,3.0,8.7,0.344,9.3,10.3,0.903,0.6,4.6,5.1,9.3,3.4,1.4,0.0,0.7,2.1,7.0,31.1,6.6,52.1,4,0,51.4,265,117,298,87,2,11,12,180,18,11,193,3,5,77,253,61,107,6,13,42,327,69,167,7,5,49,7,14,8,5,1
29,1630245,Ayo Dosunmu,Ayo,1610612741,CHI,25.0,7,5,2,0.714,24.8,5.4,9.9,0.551,1.7,3.7,0.462,2.0,2.3,0.875,0.4,2.1,2.6,2.9,0.7,0.4,0.0,0.4,1.7,1.7,14.6,3.0,22.5,0,0,22.6,265,117,298,87,160,91,122,92,101,155,60,116,139,94,292,224,258,122,265,296,327,172,247,173,100,106,159,106,8,151,1
30,1628389,Bam Adebayo,Bam,1610612748,MIA,28.0,8,4,4,0.5,30.4,7.0,15.5,0.452,2.0,5.9,0.34,3.9,4.5,0.861,1.0,7.1,8.1,2.9,2.0,1.0,0.3,0.6,1.6,4.4,19.9,7.8,35.7,4,0,35.4,223,176,150,214,83,43,36,244,69,54,194,55,56,114,145,14,27,121,81,97,210,101,257,43,47,38,52,14,8,49,1
31,1631248,Baylor Scheierman,Baylor,1610612738,BOS,25.0,8,4,4,0.5,8.7,0.9,1.5,0.583,0.6,1.3,0.5,0.1,0.1,1.0,0.4,1.9,2.3,0.3,0.1,0.4,0.0,0.0,0.8,0.5,2.5,1.0,6.6,0,0,6.4,223,176,150,214,361,371,399,69,259,305,23,379,389,1,312,252,278,399,409,316,327,343,372,338,362,170,353,106,8,351,1
32,1642879,Ben Saraf,Ben,1610612751,BKN,19.0,6,0,6,0.0,15.7,1.0,4.3,0.231,0.5,2.2,0.231,1.0,1.3,0.75,0.3,1.7,2.0,2.7,1.5,0.3,0.0,0.7,2.2,1.0,3.5,-4.5,9.4,0,0,9.3,298,419,55,419,281,337,280,421,274,242,307,228,236,220,322,268,293,131,138,321,327,81,164,252,326,376,316,106,8,311,1
33,1641767,Ben Sheppard,Ben,1610612754,IND,24.0,10,1,9,0.1,26.7,2.6,8.1,0.321,1.0,4.5,0.222,1.0,1.3,0.769,0.9,3.9,4.8,1.9,0.7,0.4,0.2,0.5,2.5,1.3,7.2,-9.5,16.9,0,0,16.1,22,348,1,402,134,232,159,392,190,118,314,228,249,204,189,99,119,190,272,301,235,126,95,226,232,432,225,106,8,227,1
34,1631097,Bennedict Mathurin,Bennedict,1610612754,IND,23.0,2,0,2,0.0,36.4,8.5,15.5,0.548,2.5,5.0,0.5,11.5,13.0,0.885,1.5,5.5,7.0,2.5,2.5,0.0,0.0,1.0,3.0,10.0,31.0,-4.5,40.7,1,0,43.0,416,419,298,419,8,21,36,96,43,91,23,1,1,90,95,37,44,138,49,382,327,23,45,1,6,376,29,59,8,16,1
35,1641731,Bilal Coulibaly,Bilal,1610612764,WAS,21.0,4,0,4,0.0,23.8,3.5,9.5,0.368,1.3,4.3,0.294,2.3,3.3,0.692,1.0,3.8,4.8,3.3,2.5,1.0,1.0,0.5,2.5,2.3,10.5,-12.8,24.6,0,0,23.8,362,419,150,419,177,178,130,352,159,128,256,102,90,269,145,106,123,94,49,97,38,126,95,123,164,450,135,106,8,137,1
36,202687,Bismack Biyombo,Bismack,1610612759,SAS,33.0,5,4,1,0.8,8.8,0.2,0.4,0.5,0.0,0.0,0.0,0.0,0.0,0.0,0.4,0.6,1.0,0.4,0.4,0.6,0.0,0.0,1.8,0.2,0.4,-5.0,3.6,0,0,3.0,330,176,371,48,359,432,445,139,356,406,356,384,393,384,300,389,369,377,344,231,327,343,226,395,439,386,413,106,8,418,1
37,1631104,Blake Wesley,Blake,1610612757,POR,22.0,6,4,2,0.667,16.3,2.3,5.7,0.412,0.3,1.7,0.2,1.0,1.7,0.6,0.3,2.0,2.3,3.2,1.2,1.7,0.2,0.5,2.3,2.2,6.0,-1.3,17.9,0,0,15.5,298,176,298,99,270,254,230,304,300,272,322,228,202,324,322,230,270,100,192,21,260,126,126,132,263,265,206,106,8,238,1
38,1626171,Bobby Portis,Bobby,1610612749,MIL,30.0,10,6,4,0.6,19.8,3.6,8.2,0.439,1.2,3.2,0.375,0.4,0.6,0.667,0.9,4.3,5.2,1.5,1.3,0.4,0.1,0.4,1.6,0.6,8.8,-0.8,17.5,0,0,17.7,22,41,150,157,227,172,157,264,167,185,148,329,333,281,189,75,103,232,175,301,315,176,262,326,196,244,216,106,8,201,1
39,1641752,Bobi Klintman,Bobi,1610612765,DET,22.0,3,2,1,0.667,9.1,1.0,3.0,0.333,0.0,1.0,0.0,0.0,1.0,0.0,1.0,1.7,2.7,0.3,0.7,0.7,0.0,0.3,1.0,1.3,2.0,3.0,7.0,0,0,6.3,381,289,371,99,353,337,318,376,356,316,356,384,270,384,145,268,244,383,276,206,327,201,329,220,378,106,349,106,8,352,1
40,203992,Bogdan Bogdanović,Bogdan,1610612746,LAC,33.0,4,1,3,0.25,22.7,1.8,6.3,0.28,1.0,4.3,0.235,1.8,2.0,0.875,0.5,3.5,4.0,2.5,1.8,0.5,0.3,0.0,1.8,1.8,6.3,-1.3,15.3,0,0,15.3,362,348,222,359,191,290,214,408,190,128,301,139,155,94,265,120,154,138,110,253,210,343,241,171,257,261,251,106,8,240,1
41,1630538,Bones Hyland,Bones,1610612750,MIN,25.0,10,6,4,0.6,10.0,1.8,3.5,0.514,0.8,2.2,0.364,0.3,0.4,0.75,0.1,0.9,1.0,1.5,0.8,0.5,0.0,0.2,1.3,0.4,4.7,-0.7,8.9,0,0,9.0,22,41,150,157,338,289,306,125,235,239,164,360,359,220,396,362,369,232,249,253,327,272,311,362,294,239,326,106,8,317,1
42,203078,Bradley Beal,Bradley,1610612746,LAC,32.0,6,2,4,0.333,20.2,3.0,8.0,0.375,1.2,3.2,0.368,1.0,1.3,0.75,0.3,0.5,0.8,1.7,1.5,0.5,0.0,0.2,2.3,1.8,8.2,-3.8,11.7,0,0,12.8,298,289,150,308,219,203,161,340,176,187,159,228,236,220,322,395,394,210,138,253,327,298,126,166,212,352,293,106,8,272,1
43,1642382,Branden Carlson,Branden,1610612760,OKC,26.0,7,6,1,0.857,6.0,1.1,2.3,0.5,0.3,1.0,0.286,0.0,0.0,0.0,0.1,1.3,1.4,0.3,0.3,0.0,0.1,0.3,0.9,0.0,2.6,0.7,4.9,0,0,4.9,265,41,371,38,392,336,355,139,314,316,259,384,393,384,388,319,347,397,374,382,272,243,357,414,360,189,388,106,8,384,1
44,1641764,Brandin Podziemski,Brandin,1610612744,GSW,22.0,11,6,5,0.545,29.1,4.5,9.9,0.45,1.6,4.8,0.34,1.6,2.2,0.75,0.5,4.2,4.7,3.3,1.5,1.2,0.3,0.1,2.2,2.5,12.2,4.1,25.7,0,0,24.7,1,41,103,210,104,133,121,246,109,97,195,151,144,220,262,79,125,92,149,78,205,340,161,106,133,89,119,106,8,124,1
45,1627742,Brandon Ingram,Brandon,1610612761,TOR,28.0,10,5,5,0.5,33.3,8.0,15.7,0.51,1.3,4.1,0.317,3.7,4.1,0.902,0.7,5.6,6.3,4.0,2.7,0.8,0.6,1.2,3.0,3.1,21.0,-1.4,36.1,0,0,35.4,22,117,103,214,39,27,32,130,149,137,235,59,67,78,226,34,65,60,39,167,96,10,45,84,36,268,48,106,8,48,1
46,1641706,Brandon Miller,Brandon,1610612766,CHA,22.0,2,1,1,0.5,19.9,5.0,12.5,0.4,1.0,5.5,0.182,3.5,5.0,0.7,0.0,0.0,0.0,4.0,1.5,0.5,0.5,0.0,2.5,3.0,14.5,1.0,22.0,0,0,21.5,416,348,371,214,225,107,78,315,190,66,337,63,46,265,402,428,437,60,138,253,108,343,95,86,101,170,166,106,8,165,1
47,1630314,Brandon Williams,Brandon,1610612742,DAL,25.0,8,2,6,0.25,16.5,3.5,7.4,0.475,0.4,2.0,0.188,1.3,2.1,0.588,0.1,1.5,1.6,2.1,1.6,1.8,0.1,0.5,1.9,2.4,8.6,2.3,17.8,0,0,16.5,223,289,55,359,264,178,184,201,298,248,336,201,148,333,391,291,339,171,127,18,289,126,220,111,202,131,212,106,8,222,1
48,1641729,Brice Sensabaugh,Brice,1610612762,UTA,22.0,8,2,6,0.25,13.4,2.4,6.1,0.388,1.1,4.1,0.273,1.4,1.5,0.917,0.0,2.0,2.0,1.0,0.6,0.4,0.1,0.5,1.6,1.1,7.3,-5.6,12.0,0,0,12.4,223,289,55,359,299,250,218,331,177,134,270,181,218,63,402,230,293,289,294,316,289,126,257,245,230,400,288,106,8,281,1
49,1642355,Bronny James,Bronny,1610612747,LAL,21.0,7,5,2,0.714,12.7,1.0,2.9,0.35,0.3,0.9,0.333,0.3,0.3,1.0,0.4,0.6,1.0,1.9,0.7,0.9,0.1,0.3,1.6,0.1,2.6,0.3,8.8,0,0,7.7,265,117,298,87,307,337,330,367,314,341,200,363,380,1,292,393,369,196,265,160,272,243,266,405,360,203,327,106,8,335,1
50,201572,Brook Lopez,Brook,1610612746,LAC,37.0,9,3,6,0.333,15.8,2.7,6.4,0.414,1.4,4.4,0.325,0.2,0.4,0.5,0.4,2.2,2.7,0.2,0.9,0.4,0.9,0.1,1.4,1.2,7.0,-2.8,13.6,0,0,14.0,122,232,55,308,277,226,209,302,127,119,227,368,354,343,286,218,244,402,237,281,56,320,291,232,237,321,266,106,8,256,1
51,1642964,Brooks Barnhizer,Brooks,1610612760,OKC,23.0,9,8,1,0.889,6.7,0.4,1.0,0.444,0.0,0.1,0.0,0.0,0.0,0.0,0.3,1.3,1.7,0.2,0.1,0.1,0.1,0.3,0.9,0.0,0.9,-1.1,3.8,0,0,3.2,122,7,371,35,383,416,419,252,356,401,356,384,393,384,322,310,332,402,410,378,302,201,353,414,429,259,411,106,8,416,1
52,1628971,Bruce Brown,Bruce,1610612743,DEN,29.0,9,7,2,0.778,20.5,2.4,5.4,0.449,0.7,1.7,0.4,0.8,1.0,0.778,1.1,3.0,4.1,1.6,1.1,0.8,0.2,0.7,2.7,0.9,6.3,4.6,15.5,0,0,14.7,122,15,298,59,216,243,242,247,245,272,110,268,270,196,136,152,151,223,195,178,220,81,78,283,253,78,248,106,8,250,1
53,1631121,Bryce McGowens,Bryce,1610612740,NOP,23.0,3,0,3,0.0,4.2,0.0,0.7,0.0,0.0,0.3,0.0,1.3,1.3,1.0,0.0,0.0,0.0,1.0,0.0,0.0,0.0,0.0,0.0,1.0,1.3,-0.7,2.8,0,0,2.3,381,419,222,419,423,437,438,437,356,383,356,184,236,1,402,428,437,289,412,382,327,343,439,252,413,237,427,106,8,430,1
54,1642267,Bub Carrington,Bub,1610612764,WAS,20.0,10,1,9,0.1,27.5,1.9,6.6,0.288,1.2,3.0,0.4,1.0,1.3,0.769,0.2,3.8,4.0,4.7,2.7,0.7,0.2,0.4,2.5,1.4,6.0,-12.5,17.9,0,0,17.7,22,348,1,402,125,281,204,403,167,196,110,228,249,204,373,103,154,47,39,197,235,176,95,211,263,448,208,106,8,201,1
55,1627741,Buddy Hield,Buddy,1610612744,GSW,32.0,11,6,5,0.545,17.4,2.8,6.5,0.437,1.4,4.2,0.326,0.7,0.7,1.0,0.4,1.2,1.5,1.5,0.9,0.6,0.0,0.1,1.4,0.4,7.7,-3.0,12.9,0,0,13.5,1,41,103,210,254,221,208,270,139,131,223,275,319,1,318,328,344,229,233,224,327,340,303,371,222,324,276,106,8,262,1
56,203468,CJ McCollum,CJ,1610612764,WAS,34.0,10,1,9,0.1,27.9,4.9,13.2,0.371,2.4,6.8,0.353,2.1,2.6,0.808,0.7,2.5,3.2,3.3,1.4,0.7,0.2,0.6,2.3,1.6,14.3,-9.5,24.4,0,0,25.0,22,348,1,402,119,115,69,349,47,36,178,110,115,170,226,199,213,89,154,197,235,104,139,184,105,432,137,106,8,121,1
57,1630595,Cade Cunningham,Cade,1610612765,DET,24.0,10,8,2,0.8,36.2,9.2,19.8,0.465,1.9,6.2,0.306,5.3,6.8,0.779,0.7,4.0,4.7,9.8,3.8,1.0,0.7,0.7,3.7,5.6,25.6,6.9,47.2,6,0,45.4,22,7,298,48,9,12,10,219,87,47,248,27,25,194,226,87,126,3,6,97,76,74,11,22,14,47,11,5,8,12,1
58,1631216,Caleb Houstan,Caleb,1610612737,ATL,22.0,4,3,1,0.75,5.9,0.5,0.8,0.667,0.3,0.5,0.5,0.8,0.8,1.0,0.5,0.0,0.5,0.3,0.3,0.0,0.3,0.0,0.3,0.3,2.0,0.8,3.5,0,0,3.5,362,232,371,75,394,401,437,29,319,364,23,271,312,1,265,428,416,399,378,382,210,343,430,390,378,187,416,106,8,406,1
59,1631126,Caleb Love,Caleb,1610612757,POR,24.0,3,2,1,0.667,8.7,1.3,5.0,0.267,0.7,3.0,0.222,0.0,0.0,0.0,0.3,2.3,2.7,2.0,0.3,0.0,0.0,0.0,0.0,0.0,3.3,0.7,9.2,0,0,8.7,381,289,371,99,362,322,254,411,245,196,314,384,393,384,322,215,244,174,360,382,327,343,439,414,332,191,323,106,8,321,1
60,1628997,Caleb Martin,Caleb,1610612742,DAL,30.0,8,2,6,0.25,9.0,0.5,1.8,0.286,0.1,0.6,0.2,0.4,0.5,0.75,0.5,0.9,1.4,0.5,0.4,0.4,0.1,0.3,1.6,0.3,1.5,-3.3,5.0,0,0,4.5,223,289,55,359,356,401,386,404,348,359,322,340,346,220,265,365,349,361,355,316,289,252,257,390,404,335,384,106,8,390,1
61,1642353,Cam Christie,Cam,1610612746,LAC,20.0,6,1,5,0.167,11.3,2.0,3.8,0.522,1.0,2.0,0.5,1.5,2.2,0.692,0.5,1.3,1.8,0.7,0.2,0.2,0.2,0.3,0.3,1.2,6.5,4.5,10.5,0,0,10.7,298,348,103,383,324,270,297,116,190,248,23,162,145,269,265,310,319,336,397,364,260,201,423,243,248,79,306,106,8,297,1
62,1642285,Cam Spencer,Cam,1610612763,MEM,25.0,11,4,7,0.364,17.6,2.7,6.3,0.435,2.2,4.7,0.462,1.7,1.9,0.905,0.1,2.0,2.1,2.9,1.1,0.7,0.0,0.2,1.5,1.4,9.4,-0.2,17.3,0,0,18.0,1,176,26,301,249,224,213,272,62,103,60,143,174,75,401,230,292,117,203,189,327,296,289,219,184,216,220,106,8,196,1
63,1630560,Cam Thomas,Cam,1610612751,BKN,24.0,8,1,7,0.125,28.3,6.6,16.5,0.402,2.0,5.6,0.356,6.1,7.0,0.875,0.4,1.0,1.4,2.6,2.0,0.5,0.1,0.8,1.9,5.8,21.4,-8.3,26.8,0,0,28.6,223,348,26,391,113,52,24,314,69,59,175,18,21,94,312,335,349,133,81,253,289,64,220,21,35,424,110,106,8,91,1
64,1641715,Cam Whitmore,Cam,1610612764,WAS,21.0,10,1,9,0.1,15.3,3.2,7.4,0.432,0.9,2.5,0.36,0.6,0.9,0.667,0.5,1.8,2.3,0.5,1.0,0.8,0.1,1.0,0.9,0.6,7.9,-5.1,13.1,0,0,13.4,22,348,1,402,286,196,181,278,222,222,168,295,294,281,265,256,274,361,207,167,315,23,352,326,216,389,273,106,8,264,1
65,1629661,Cameron Johnson,Cameron,1610612743,DEN,29.0,9,7,2,0.778,26.6,2.9,7.7,0.377,0.9,3.8,0.235,1.3,1.6,0.857,0.4,2.2,2.7,2.0,0.6,0.7,0.1,0.6,2.6,1.6,8.0,7.2,16.0,0,0,15.1,122,15,298,59,135,216,170,339,227,151,301,184,213,115,286,218,244,174,308,206,302,115,88,192,214,43,240,106,8,243,1
66,1627747,Caris LeVert,Caris,1610612765,DET,31.0,7,6,1,0.857,19.4,2.6,6.0,0.429,1.3,3.1,0.409,1.4,2.1,0.667,0.1,1.1,1.3,2.3,1.4,0.7,0.1,0.3,1.1,1.3,7.9,1.9,14.0,0,0,14.4,265,41,371,38,230,235,221,285,153,188,104,175,147,281,388,329,356,164,152,191,272,243,321,227,218,154,262,106,8,253,1
67,1642868,Carter Bryant,Carter,1610612759,SAS,19.0,6,5,1,0.833,7.3,0.8,2.5,0.333,0.3,1.0,0.333,0.5,0.5,1.0,0.0,0.8,0.8,0.0,0.5,0.3,0.2,0.0,0.7,0.3,2.5,1.0,4.5,0,0,4.7,298,117,371,42,376,375,345,376,300,316,200,307,346,1,402,368,394,422,319,321,260,343,379,373,362,170,395,106,8,387,1
68,1641717,Cason Wallace,Cason,1610612760,OKC,22.0,10,9,1,0.9,30.3,3.3,7.8,0.423,1.8,4.7,0.383,0.8,0.9,0.889,1.0,2.8,3.8,2.9,1.0,2.5,0.3,0.3,2.2,1.0,9.2,8.3,25.5,0,0,23.3,22,6,371,34,85,193,165,293,94,106,141,263,294,83,145,176,172,119,207,1,186,233,154,252,187,31,123,106,8,142,1
69,1642907,Cedric Coward,Cedric,1610612763,MEM,22.0,11,4,7,0.364,26.7,5.0,9.5,0.529,1.8,4.1,0.444,3.0,3.3,0.917,1.6,4.5,6.2,2.9,1.0,0.9,0.3,0.6,2.2,2.0,14.8,1.0,29.1,2,0,28.1,1,176,26,301,133,107,132,109,93,140,71,72,89,63,82,63,71,117,207,129,205,97,161,140,97,170,95,32,8,96,1
70,1629646,Charles Bassey,Charles,1610612763,MEM,25.0,2,0,2,0.0,15.3,1.5,4.0,0.375,0.0,0.0,0.0,0.5,1.5,0.333,3.5,4.0,7.5,1.0,0.5,0.5,0.5,0.5,2.5,1.0,3.5,-4.0,16.5,0,0,14.0,416,419,298,419,287,308,291,340,356,406,356,307,218,379,11,87,38,289,319,253,108,126,95,252,326,355,233,106,8,256,1
71,1642404,Chaz Lanier,Chaz,1610612765,DET,23.0,6,5,1,0.833,5.8,0.7,2.2,0.308,0.5,1.8,0.273,0.0,0.0,0.0,0.2,0.2,0.3,0.3,0.2,0.2,0.0,0.0,0.0,0.2,1.8,-0.5,3.1,0,0,3.3,298,117,371,42,397,384,361,398,274,263,270,384,393,384,383,424,425,383,397,364,327,343,439,400,392,233,422,106,8,414,1
72,1631096,Chet Holmgren,Chet,1610612760,OKC,23.0,7,7,0,1.0,31.2,6.4,11.7,0.549,1.6,4.7,0.333,4.7,5.4,0.868,1.6,7.0,8.6,1.9,2.4,1.0,1.3,0.7,4.1,4.7,19.1,12.3,36.6,3,0,35.7,265,15,426,1,70,61,94,95,115,104,200,38,43,110,90,16,22,196,56,97,27,69,5,39,51,8,41,24,8,47,1
73,1628449,Chris Boucher,Chris,1610612738,BOS,32.0,6,1,5,0.167,10.6,1.0,3.2,0.316,0.2,1.7,0.1,0.3,0.3,1.0,0.2,1.5,1.7,0.3,0.2,0.7,0.8,0.2,2.0,0.3,2.5,-2.7,9.3,0,0,7.7,298,348,103,383,332,337,316,395,344,272,354,348,372,1,383,291,332,383,397,206,63,298,186,373,362,315,320,106,8,336,1
74,1643024,Chris Mañon,Chris,1610612747,LAL,23.0,2,1,1,0.5,3.5,0.0,0.5,0.0,0.0,0.5,0.0,0.0,0.0,0.0,0.0,1.0,1.0,0.0,0.0,0.0,0.5,0.0,1.0,0.0,0.0,1.0,2.7,0,0,2.0,416,348,371,214,434,437,441,437,356,364,356,384,393,384,402,335,369,422,412,382,108,343,329,414,441,170,428,106,8,436,1
75,101108,Chris Paul,Chris,1610612746,LAC,40.0,8,3,5,0.375,12.9,0.8,3.1,0.24,0.6,2.4,0.263,0.1,0.1,1.0,0.6,1.1,1.8,3.6,0.9,1.1,0.0,0.1,1.6,0.5,2.3,-4.3,12.3,0,0,10.5,223,232,103,296,305,379,317,420,259,231,281,379,389,1,239,330,322,74,242,80,327,311,257,338,372,366,285,106,8,298,1
76,1642959,Chris Youngblood,Chris,1610612760,OKC,23.0,10,10,0,1.0,4.9,0.3,1.2,0.25,0.3,1.1,0.273,0.6,0.6,1.0,0.1,0.4,0.5,0.1,0.0,0.0,0.0,0.0,0.8,0.3,1.5,-0.2,2.3,0,0,2.4,22,1,426,1,410,428,417,412,311,315,270,295,333,1,396,403,416,421,412,382,327,343,360,386,404,217,438,106,8,428,1
77,1631128,Christian Braun,Christian,1610612743,DEN,24.0,9,7,2,0.778,31.1,4.7,9.8,0.477,0.4,2.6,0.174,2.1,2.8,0.76,1.8,3.0,4.8,3.1,1.4,0.9,0.3,0.7,2.6,2.0,11.9,10.4,24.5,0,0,22.7,122,15,298,59,72,123,123,195,282,220,342,107,110,212,68,152,120,101,150,136,163,81,88,140,139,15,136,106,8,150,1
78,1631132,Christian Koloko,Christian,1610612747,LAL,25.0,2,1,1,0.5,3.2,0.0,0.0,0.0,0.0,0.0,0.0,0.0,0.0,0.0,0.0,0.5,0.5,0.0,0.0,0.0,0.0,0.0,0.5,0.0,0.0,-6.0,0.6,0,0,0.5,416,348,371,214,441,437,450,437,356,406,356,384,393,384,402,395,416,422,412,382,327,343,400,414,441,406,449,106,8,449,1
79,203991,Clint Capela,Clint,1610612745,HOU,31.0,9,6,3,0.667,9.9,1.6,2.3,0.667,0.0,0.0,0.0,0.9,1.1,0.8,2.7,2.1,4.8,0.4,0.4,0.3,0.7,0.0,1.0,0.8,4.0,1.8,13.0,0,0,11.2,122,41,222,99,341,305,351,29,356,406,356,258,266,173,29,226,120,372,338,321,79,343,329,301,308,155,275,106,8,291,1
80,1628998,Cody Martin,Cody,1610612754,IND,30.0,3,0,3,0.0,16.6,0.7,3.3,0.2,0.0,1.7,0.0,0.7,1.3,0.5,0.3,4.0,4.3,0.7,1.3,1.3,0.7,0.3,1.7,1.3,2.0,-9.7,12.9,0,0,11.0,381,419,222,419,262,384,312,429,356,272,356,284,236,343,322,87,143,336,164,50,79,201,251,220,378,435,278,106,8,294,1
81,1642262,Cody Williams,Cody,1610612762,UTA,20.0,5,1,4,0.2,9.6,1.4,2.8,0.5,0.4,1.2,0.333,0.2,0.4,0.5,0.2,0.8,1.0,0.4,0.6,0.2,0.2,0.2,1.4,0.4,3.4,1.0,5.8,0,0,6.0,330,348,150,374,344,318,333,139,289,308,200,370,359,343,373,371,369,377,297,354,235,272,296,362,330,170,370,106,8,357,1
82,1641732,Colby Jones,Colby,1610612765,DET,23.0,1,0,1,0.0,6.8,1.0,3.0,0.333,0.0,2.0,0.0,0.0,0.0,0.0,0.0,4.0,4.0,2.0,0.0,0.0,0.0,0.0,1.0,0.0,2.0,12.0,9.8,0,0,8.0,438,419,371,419,382,337,318,376,356,248,356,384,393,384,402,87,154,174,412,382,327,343,329,414,378,9,313,106,8,329,1
83,1630175,Cole Anthony,Cole,1610612749,MIL,25.0,9,6,3,0.667,20.5,4.7,9.4,0.494,1.1,3.4,0.323,0.8,1.4,0.538,0.6,2.8,3.3,5.2,1.9,0.7,0.6,0.3,3.3,2.3,11.2,1.9,24.8,0,0,23.3,122,41,222,99,217,123,133,170,179,169,229,268,227,340,254,181,204,35,100,206,104,201,27,112,148,152,131,106,8,140,1
84,1631221,Collin Gillespie,Collin,1610612756,PHX,26.0,10,5,5,0.5,24.9,3.6,9.2,0.391,2.6,6.8,0.382,0.6,0.9,0.667,1.0,2.9,3.9,5.3,1.4,1.1,0.6,0.3,1.1,1.9,10.4,-0.1,26.7,1,0,25.6,22,117,103,214,156,172,136,327,36,36,142,295,294,281,145,166,165,33,154,88,96,233,325,153,167,213,112,59,8,117,1
85,1642867,Collin Murray-Boyles,Collin,1610612761,TOR,20.0,8,4,4,0.5,20.9,3.4,7.1,0.474,1.0,2.1,0.471,1.0,1.6,0.615,2.1,1.8,3.9,1.3,1.3,0.9,0.6,0.1,2.4,0.9,8.8,-4.1,18.5,0,0,17.9,223,176,150,214,213,188,190,202,190,245,55,228,203,321,48,260,168,273,180,149,91,311,124,289,199,364,198,106,8,199,1
86,1629012,Collin Sexton,Collin,1610612766,CHA,26.0,8,3,5,0.375,26.4,5.3,10.3,0.512,1.5,3.4,0.444,4.1,5.0,0.825,0.3,2.0,2.3,5.3,3.1,0.6,0.0,0.5,2.5,4.6,16.1,0.8,25.5,1,0,26.4,223,232,103,296,137,98,117,127,124,171,71,49,46,152,355,230,278,34,21,227,327,126,95,40,79,187,125,59,8,109,1
87,1642843,Cooper Flagg,Cooper,1610612742,DAL,18.0,10,3,7,0.3,32.5,5.2,12.9,0.403,1.0,3.7,0.27,2.5,2.6,0.962,1.0,5.6,6.6,3.0,2.3,1.2,0.6,1.0,2.5,2.9,13.9,-10.2,29.4,2,0,28.1,22,232,26,346,51,102,71,312,190,156,277,90,115,49,145,34,58,107,62,68,96,23,95,89,112,439,94,32,8,95,1
88,1630557,Corey Kispert,Corey,1610612764,WAS,26.0,10,1,9,0.1,19.1,2.9,5.8,0.5,1.4,3.7,0.378,1.2,1.7,0.706,0.2,2.1,2.3,1.9,0.8,0.2,0.2,0.3,1.3,1.4,8.4,-2.6,14.4,0,0,14.8,22,348,1,402,234,214,227,139,130,156,146,209,193,261,373,228,274,190,249,354,235,233,311,211,208,311,258,106,8,248,1
89,1641854,Craig Porter Jr.,Craig,1610612739,CLE,25.0,10,7,3,0.7,16.4,1.7,3.6,0.472,0.6,1.7,0.353,0.3,0.7,0.429,1.6,1.6,3.2,2.2,0.9,0.9,0.2,0.0,1.1,1.0,4.3,0.1,13.8,0,0,12.5,22,15,222,93,269,293,303,207,264,271,178,360,321,375,83,284,213,169,234,131,235,343,325,252,302,210,263,106,8,277,1
90,1626156,D'Angelo Russell,D'Angelo,1610612742,DAL,29.0,10,3,7,0.3,21.6,3.9,10.4,0.375,1.4,5.1,0.275,2.7,3.9,0.692,0.5,2.4,2.9,5.1,2.0,0.4,0.2,0.2,1.4,3.1,11.9,-2.6,22.8,1,0,22.5,22,232,26,346,202,159,115,340,130,86,268,85,74,269,265,208,230,38,81,301,235,272,296,84,138,311,153,59,8,152,1
91,1641747,DaRon Holmes II,DaRon,1610612743,DEN,23.0,2,2,0,1.0,2.2,0.5,0.5,1.0,0.5,0.5,1.0,0.0,0.0,0.0,0.0,0.0,0.0,0.0,0.0,0.0,0.0,0.0,0.5,0.0,1.5,-1.0,1.5,0,0,2.0,416,289,426,1,449,401,441,1,274,364,1,384,393,384,402,428,437,422,412,382,327,343,400,414,404,251,445,106,8,436,1
92,1631207,Dalen Terry,Dalen,1610612741,CHI,23.0,5,3,2,0.6,5.7,0.6,1.6,0.375,0.2,0.4,0.5,0.0,0.0,0.0,0.0,0.4,0.4,0.6,0.0,0.0,0.4,0.2,0.8,0.0,1.4,-2.2,4.0,0,0,3.4,330,232,298,157,398,393,396,340,331,378,23,384,393,384,402,403,422,352,412,382,146,272,360,414,411,293,404,106,8,412,1
93,1642261,Dalton Knecht,Dalton,1610612747,LAL,24.0,9,7,2,0.778,19.0,2.9,6.7,0.433,0.9,3.7,0.242,0.7,0.8,0.857,0.3,1.6,1.9,0.7,0.8,0.4,0.4,0.3,1.7,0.4,7.3,-4.4,12.5,0,0,12.6,122,15,298,59,235,216,201,275,227,160,299,284,309,115,322,287,315,336,258,281,130,201,251,354,229,374,282,106,8,276,1
94,1629655,Daniel Gafford,Daniel,1610612742,DAL,27.0,5,1,4,0.2,19.6,3.8,5.2,0.731,0.0,0.0,0.0,1.2,1.2,1.0,1.6,2.8,4.4,0.8,0.8,0.8,1.4,0.2,2.2,1.6,8.8,-3.6,21.1,0,0,18.4,330,348,150,374,228,162,249,20,356,406,356,209,259,1,83,176,139,320,249,167,19,272,154,184,196,341,178,106,8,193,1
95,1642450,Daniss Jenkins,Daniss,1610612765,DET,24.0,5,4,1,0.8,9.3,1.2,2.6,0.462,0.4,0.8,0.5,0.6,1.2,0.5,0.0,0.2,0.2,1.2,0.8,1.0,0.0,0.2,0.8,0.8,3.4,-0.8,7.6,0,0,7.2,330,176,371,48,346,334,338,224,289,342,23,295,259,343,402,418,433,281,249,97,327,272,360,294,330,244,340,106,8,341,1
96,1642874,Danny Wolf,Danny,1610612751,BKN,21.0,1,0,1,0.0,3.6,0.0,1.0,0.0,0.0,0.0,0.0,0.0,0.0,0.0,0.0,1.0,1.0,2.0,0.0,0.0,0.0,0.0,0.0,0.0,0.0,1.0,4.2,0,0,3.0,438,419,371,419,433,437,419,437,356,406,356,384,393,384,402,335,369,174,412,382,327,343,439,414,441,170,401,106,8,418,1
97,203967,Dario Šarić,Dario,1610612758,SAC,31.0,3,1,2,0.333,9.2,0.3,1.7,0.2,0.3,0.7,0.5,0.7,0.7,1.0,0.3,1.3,1.7,0.7,0.3,0.0,0.0,0.3,0.0,0.3,1.7,2.7,4.3,0,0,4.3,381,348,298,308,351,423,392,429,300,355,23,284,322,1,322,310,332,336,360,382,327,201,439,373,398,120,399,106,8,392,1
98,1629636,Darius Garland,Darius,1610612739,CLE,25.0,2,2,0,1.0,27.2,5.0,13.5,0.37,3.0,8.0,0.375,1.0,1.0,1.0,1.0,1.0,2.0,6.5,2.5,0.5,0.0,1.0,1.5,2.5,14.0,14.5,25.2,0,0,26.5,416,289,426,1,128,107,62,351,18,19,148,228,270,1,145,335,293,17,49,253,327,23,278,101,108,3,128,106,8,106,1
99,1642357,David Jones Garcia,David,1610612759,SAS,23.0,3,2,1,0.667,3.6,1.3,2.3,0.571,0.0,0.0,0.0,0.3,1.0,0.333,0.7,0.3,1.0,1.3,0.0,0.0,0.0,0.0,0.7,1.0,3.0,4.3,6.2,0,0,5.3,381,289,371,99,430,322,351,78,356,406,356,348,270,379,233,409,369,258,412,382,327,343,379,252,340,83,361,106,8,372,1
100,1630558,Davion Mitchell,Davion,1610612748,MIA,27.0,10,6,4,0.6,29.3,3.8,7.7,0.494,1.0,2.7,0.37,0.6,1.3,0.462,0.6,2.2,2.8,7.5,1.5,1.6,0.1,0.4,3.0,1.8,9.2,-0.4,27.4,1,0,23.9,22,41,150,157,102,162,167,172,190,214,155,295,249,372,241,220,238,12,138,28,315,176,45,167,187,230,105,59,8,134,1
101,1630549,Day'Ron Sharpe,Day'Ron,1610612751,BKN,24.0,10,1,9,0.1,15.9,2.4,3.7,0.649,0.3,0.9,0.333,1.6,2.5,0.64,2.5,2.8,5.3,1.7,2.2,0.9,0.6,0.2,2.4,2.0,6.7,-5.8,17.9,1,0,17.0,22,348,1,402,275,247,299,40,311,338,200,152,120,312,34,176,97,206,65,131,96,272,116,140,246,403,205,59,8,209,1
102,1628368,De'Aaron Fox,De'Aaron,1610612759,SAS,27.0,1,1,0,1.0,30.5,9.0,14.0,0.643,2.0,5.0,0.4,4.0,5.0,0.8,2.0,1.0,3.0,3.0,2.0,1.0,0.0,0.0,3.0,6.0,24.0,9.0,33.1,0,0,34.0,438,348,426,1,80,13,55,43,69,91,110,50,46,173,52,335,223,107,81,97,327,343,45,15,23,22,64,106,8,54,1
103,1629631,De'Andre Hunter,De'Andre,1610612739,CLE,27.0,7,5,2,0.714,28.2,5.7,14.0,0.408,2.3,7.7,0.296,4.7,5.6,0.846,0.9,4.4,5.3,2.7,2.0,0.7,0.3,0.7,2.1,5.0,18.4,4.9,29.8,0,0,30.7,265,117,298,87,116,80,55,308,57,25,255,38,40,127,198,70,99,128,81,191,201,69,167,31,59,76,91,106,8,79,1
104,201599,DeAndre Jordan,DeAndre,1610612740,NOP,37.0,2,0,2,0.0,11.7,2.0,2.5,0.8,0.0,0.0,0.0,0.5,1.0,0.5,2.0,3.0,5.0,0.0,0.5,0.0,0.0,0.5,0.5,1.5,4.5,-13.0,10.0,0,0,9.5,416,419,298,419,320,270,345,11,356,406,356,307,270,343,52,152,110,422,319,382,327,126,400,200,299,451,312,106,8,309,1
105,201942,DeMar DeRozan,DeMar,1610612758,SAC,36.0,10,3,7,0.3,35.2,7.6,15.2,0.5,1.0,2.3,0.435,4.6,5.5,0.836,0.4,3.4,3.8,3.6,1.1,1.0,0.1,0.6,1.8,4.6,20.8,-5.5,33.0,0,0,31.4,22,232,26,346,16,35,39,139,190,236,80,41,42,134,300,125,172,75,198,97,315,104,226,41,37,397,68,106,8,73,1
106,1629731,Dean Wade,Dean,1610612739,CLE,28.0,9,6,3,0.667,21.2,1.7,4.9,0.341,1.1,3.9,0.286,1.0,1.3,0.75,1.0,2.4,3.4,1.3,0.2,0.9,0.4,0.1,2.1,1.2,5.4,-2.6,15.4,0,0,14.0,122,41,222,99,209,296,267,370,179,148,259,228,236,220,145,204,198,258,388,136,130,320,174,232,280,310,250,106,8,256,1
107,1629028,Deandre Ayton,Deandre,1610612747,LAL,27.0,9,6,3,0.667,30.2,7.8,11.6,0.673,0.0,0.0,0.0,1.2,2.0,0.611,2.9,5.1,8.0,1.0,2.3,0.4,1.1,0.3,2.8,1.7,16.8,-3.8,30.2,4,0,28.9,122,41,222,99,86,31,97,28,356,406,356,202,155,322,25,45,29,289,59,281,32,201,69,176,75,348,88,14,8,89,1
108,1630166,Deni Avdija,Deni,1610612757,POR,24.0,9,5,4,0.556,33.8,8.0,16.7,0.48,2.3,6.6,0.356,7.0,8.2,0.851,1.3,5.7,7.0,4.9,3.8,0.7,0.9,1.0,3.1,5.6,25.3,6.3,42.0,2,0,42.7,122,117,150,200,31,27,22,191,53,41,174,9,11,123,109,31,44,45,7,206,56,23,40,24,15,52,22,32,8,18,1
109,203471,Dennis Schröder,Dennis,1610612758,SAC,32.0,10,3,7,0.3,31.6,4.9,12.5,0.392,1.3,4.6,0.283,1.6,1.8,0.889,0.3,3.3,3.6,6.5,2.2,1.2,0.3,1.0,2.1,1.9,12.7,-10.0,29.1,1,0,27.1,22,232,26,346,63,115,78,325,149,111,265,152,181,83,346,130,188,17,65,68,186,23,180,153,126,438,96,59,8,101,1
110,1641726,Dereck Lively II,Dereck,1610612742,DAL,21.0,3,1,2,0.333,16.9,2.3,3.0,0.778,0.0,0.0,0.0,0.7,1.3,0.5,1.3,3.7,5.0,3.0,1.7,0.7,1.3,0.3,3.0,1.0,5.3,5.0,20.2,0,0,17.3,381,348,298,308,260,254,318,12,356,406,356,284,236,343,109,108,110,107,118,206,21,201,45,252,281,72,185,106,8,205,1
111,1642852,Derik Queen,Derik,1610612740,NOP,20.0,9,2,7,0.222,19.3,3.1,7.0,0.444,0.1,0.8,0.143,2.6,3.3,0.767,1.6,3.9,5.4,2.0,1.8,1.1,0.7,0.6,3.0,2.3,8.9,-0.6,22.0,0,0,20.0,122,289,26,367,232,200,194,252,351,349,349,89,86,208,91,101,93,174,107,83,79,115,45,112,193,236,169,106,8,178,1
112,1627884,Derrick Jones Jr.,Derrick,1610612746,LAC,28.0,9,3,6,0.333,24.5,4.0,6.8,0.59,1.7,4.0,0.417,1.1,1.6,0.714,0.8,1.4,2.2,0.9,0.6,0.6,0.9,0.3,2.2,1.6,10.8,-4.3,18.6,0,0,18.4,122,232,55,308,166,149,200,66,103,141,95,218,213,249,208,301,282,312,308,240,56,201,148,192,159,368,197,106,8,192,1
113,1628401,Derrick White,Derrick,1610612738,BOS,31.0,11,5,6,0.455,32.8,5.2,15.3,0.339,2.4,8.7,0.271,2.2,2.7,0.8,0.7,2.7,3.5,5.1,1.1,2.0,1.1,1.2,1.8,3.4,14.9,0.9,34.9,1,0,32.0,1,117,55,263,47,105,38,372,51,10,276,106,112,173,220,183,197,40,203,7,36,13,225,68,95,182,54,59,8,64,1
114,1630217,Desmond Bane,Desmond,1610612753,ORL,27.0,10,4,6,0.4,30.4,5.3,12.3,0.431,1.2,4.1,0.293,2.4,2.8,0.857,1.1,3.1,4.2,4.1,2.1,0.5,0.4,1.1,3.6,1.8,14.2,-0.9,26.0,0,0,25.5,22,176,55,280,82,97,82,282,167,137,258,97,108,115,141,149,148,58,78,253,146,19,15,167,107,250,118,106,8,118,1
115,1626164,Devin Booker,Devin,1610612756,PHX,29.0,10,5,5,0.5,36.9,10.0,20.0,0.5,2.5,6.1,0.41,6.8,7.8,0.872,1.4,3.3,4.7,7.2,4.2,0.7,0.3,1.1,3.0,6.3,29.3,3.6,44.5,3,0,45.7,22,117,103,214,6,7,9,139,43,49,103,11,13,107,105,130,126,16,2,197,186,19,45,11,8,98,14,24,8,10,1
116,1642269,Devin Carter,Devin,1610612758,SAC,23.0,7,1,6,0.143,6.1,0.1,1.3,0.111,0.0,0.7,0.0,0.6,0.6,1.0,0.3,0.6,0.9,0.9,0.6,0.7,0.1,0.1,0.6,0.6,0.9,-0.3,5.2,0,0,4.3,265,348,55,387,389,436,413,435,356,354,356,302,341,1,351,393,393,314,305,191,272,306,398,333,430,221,379,106,8,394,1
117,1630170,Devin Vassell,Devin,1610612759,SAS,25.0,9,7,2,0.778,34.3,5.3,13.2,0.403,3.0,8.2,0.365,1.2,1.8,0.688,0.6,3.2,3.8,2.3,1.3,1.1,0.2,0.1,2.2,1.6,14.9,11.1,25.6,0,0,26.7,122,15,298,59,25,95,68,311,18,16,163,202,188,275,254,136,178,154,164,83,220,320,148,192,96,14,120,106,8,104,1
118,1628415,Dillon Brooks,Dillon,1610612756,PHX,29.0,4,2,2,0.5,29.8,6.5,16.3,0.4,2.8,8.5,0.324,2.8,3.0,0.917,1.0,2.0,3.0,2.5,2.0,2.5,0.5,0.8,3.8,3.0,18.5,-6.8,32.9,0,0,32.8,362,289,298,214,93,55,27,315,29,13,228,83,92,63,145,230,223,138,81,1,108,64,10,86,56,411,71,106,8,59,1
119,1627734,Domantas Sabonis,Domantas,1610612758,SAC,29.0,7,2,5,0.286,33.9,5.9,12.3,0.477,0.3,1.9,0.154,3.3,4.4,0.742,4.0,10.0,14.0,3.9,2.7,1.1,0.1,1.6,4.0,3.1,15.3,-11.3,39.0,7,0,36.0,265,289,103,356,29,75,83,196,314,261,347,68,63,241,7,3,1,67,38,79,272,2,6,80,87,446,34,3,8,43,1
120,1631230,Dominick Barlow,Dominick,1610612755,PHI,22.0,2,2,0,1.0,25.1,2.5,5.0,0.5,0.0,2.0,0.0,2.5,3.0,0.833,3.0,3.0,6.0,2.5,1.5,0.0,0.5,0.5,2.0,2.0,7.5,4.0,18.5,0,0,17.0,416,289,426,1,155,238,254,139,356,248,356,90,92,135,20,152,73,138,138,382,108,126,186,140,226,90,200,106,8,209,1
121,1642270,Donovan Clingan,Donovan,1610612757,POR,21.0,9,5,4,0.556,24.2,3.4,6.9,0.5,0.7,2.8,0.24,1.2,1.3,0.917,4.4,4.3,8.8,1.4,0.6,1.0,1.4,0.7,2.8,1.6,8.8,1.4,28.3,1,0,24.6,122,117,150,200,171,185,198,139,245,210,300,202,236,63,5,73,19,246,308,97,18,81,69,192,198,160,98,59,8,127,1
122,1628378,Donovan Mitchell,Donovan,1610612739,CLE,29.0,9,7,2,0.778,33.1,10.4,19.6,0.534,4.3,9.8,0.443,5.4,6.4,0.845,0.2,3.0,3.2,5.1,3.1,1.6,0.4,0.3,1.8,4.9,30.7,11.6,45.1,0,0,47.3,122,15,298,59,44,6,11,107,2,4,76,25,27,129,363,152,211,37,22,33,130,201,233,34,7,11,12,106,8,9,1
123,1628978,Donte DiVincenzo,Donte,1610612750,MIN,28.0,10,6,4,0.6,29.7,4.3,10.1,0.426,3.1,7.7,0.403,2.1,2.5,0.84,1.0,2.8,3.8,3.8,1.4,1.2,0.5,0.1,2.5,2.3,13.8,4.1,27.8,0,0,27.9,22,41,150,157,95,137,119,291,17,26,109,110,120,132,145,176,172,69,154,68,108,333,95,116,114,88,100,106,8,97,1
124,1642962,Drake Powell,Drake,1610612751,BKN,20.0,4,0,4,0.0,15.3,2.5,4.3,0.588,0.8,1.5,0.5,0.5,0.5,1.0,0.5,1.5,2.0,1.5,1.8,0.5,0.3,0.3,2.3,0.5,6.3,-9.0,11.4,0,0,12.0,362,419,150,419,285,238,284,67,241,287,23,307,346,1,265,291,293,232,110,253,210,252,145,338,257,429,294,106,8,285,1
125,203110,Draymond Green,Draymond,1610612744,GSW,35.0,10,6,4,0.6,28.7,3.0,6.3,0.476,1.8,4.0,0.45,0.6,1.3,0.462,0.5,5.1,5.6,5.8,2.9,0.7,0.6,0.3,3.3,1.7,8.4,7.3,24.8,0,0,24.2,22,41,150,157,109,203,211,197,94,141,69,295,249,372,265,47,87,25,27,197,96,233,30,174,208,42,132,106,8,130,1
126,1629234,Drew Eubanks,Drew,1610612758,SAC,28.0,10,3,7,0.3,15.8,2.7,4.3,0.628,0.0,0.1,0.0,0.9,2.1,0.429,0.6,2.0,2.6,0.3,1.2,0.7,1.2,0.1,1.3,1.9,6.3,0.2,14.4,0,0,13.0,22,232,26,346,279,225,282,48,356,403,356,254,153,375,241,230,255,394,186,197,29,333,311,153,256,205,259,106,8,269,1
127,1630696,Dru Smith,Dru,1610612748,MIA,27.0,10,6,4,0.6,17.3,2.4,4.9,0.49,0.8,2.3,0.348,0.5,0.6,0.833,0.7,1.0,1.7,3.8,1.0,1.8,0.2,0.2,1.6,0.9,6.1,7.4,18.8,0,0,16.4,22,41,150,157,255,247,265,177,235,236,186,307,333,135,226,335,331,69,207,16,235,272,262,281,262,40,195,106,8,224,1
128,1629130,Duncan Robinson,Duncan,1610612765,DET,31.0,10,8,2,0.8,32.0,3.6,8.3,0.434,2.6,6.5,0.4,1.4,1.8,0.778,0.4,2.2,2.6,1.7,0.6,0.6,0.4,0.2,2.8,1.5,11.2,5.4,19.3,0,0,20.1,22,7,298,48,57,172,154,274,36,42,110,176,181,196,300,220,255,206,297,231,146,272,66,200,150,65,192,106,8,176,1
129,1641871,Duop Reath,Duop,1610612757,POR,29.0,6,5,1,0.833,9.3,1.7,3.0,0.556,1.7,2.8,0.588,0.0,0.0,0.0,0.2,0.5,0.7,0.7,0.2,0.0,0.2,0.0,0.5,0.0,5.0,2.0,7.1,0,0,8.3,298,117,371,42,347,296,318,88,103,208,17,384,393,384,383,395,404,336,397,382,260,343,400,414,287,139,347,106,8,325,1
130,203939,Dwight Powell,Dwight,1610612742,DAL,34.0,9,3,6,0.333,10.2,0.7,1.2,0.545,0.0,0.0,0.0,1.7,1.9,0.882,1.0,1.2,2.2,0.8,0.6,0.4,0.2,0.2,2.1,1.7,3.0,-0.7,8.3,0,0,7.3,122,232,55,308,334,384,416,100,356,406,356,146,177,92,145,325,282,325,308,281,220,263,174,176,340,237,332,106,8,339,1
131,1642928,Dylan Cardwell,Dylan,1610612758,SAC,23.0,3,1,2,0.333,10.8,0.7,2.0,0.333,0.0,0.3,0.0,0.3,0.7,0.5,0.7,1.0,1.7,0.0,0.7,0.7,1.0,0.7,3.3,0.7,1.7,-2.7,8.0,0,0,6.7,381,348,298,308,329,384,363,376,356,383,356,348,322,343,233,335,332,422,276,206,38,81,27,315,398,315,337,106,8,347,1
132,1642844,Dylan Harper,Dylan,1610612759,SAS,19.0,6,5,1,0.833,23.4,5.3,10.7,0.5,0.8,2.3,0.357,2.5,3.0,0.833,0.8,3.2,4.0,3.8,1.8,0.7,0.0,0.7,3.0,2.0,14.0,8.0,24.7,0,0,24.0,298,117,371,42,180,95,112,139,234,233,173,90,92,135,199,144,154,68,103,206,327,81,45,140,108,33,133,106,8,132,1
133,1630700,Dyson Daniels,Dyson,1610612737,ATL,22.0,10,5,5,0.5,33.0,4.2,8.7,0.483,0.3,0.8,0.375,1.1,1.8,0.611,1.5,4.7,6.2,5.1,1.9,2.3,0.5,0.5,2.5,2.0,9.8,1.9,31.4,1,0,27.0,22,117,103,214,45,138,141,188,311,342,148,224,181,322,95,58,69,38,94,5,108,126,95,140,177,149,79,59,8,102,1
134,1630604,E.J. Liddell,E.J.,1610612751,BKN,24.0,4,0,4,0.0,5.6,1.0,2.3,0.444,0.5,1.5,0.333,0.5,0.8,0.667,0.3,1.5,1.8,0.0,0.0,0.0,0.0,0.3,0.8,0.8,3.0,2.3,5.1,0,0,5.3,362,419,150,419,403,337,356,252,274,287,200,307,312,281,355,291,322,422,412,382,327,252,372,305,340,131,381,106,8,374,1
135,1642856,Egor Dëmin,Egor,1610612751,BKN,19.0,9,1,8,0.111,20.1,2.1,5.6,0.38,1.6,4.4,0.35,0.3,0.4,0.75,0.4,2.7,3.1,3.1,1.7,0.9,0.2,0.1,1.8,1.0,6.1,-8.4,16.2,0,0,16.1,122,348,19,395,223,265,239,336,117,119,182,348,354,220,286,187,219,101,118,136,220,320,233,252,261,426,237,106,8,225,1
136,1641989,Elijah Harkless,Elijah,1610612762,UTA,25.0,5,1,4,0.2,12.4,0.8,2.2,0.364,0.4,1.4,0.286,0.6,1.0,0.6,0.4,0.8,1.2,0.8,0.6,0.6,0.0,0.0,2.0,1.4,2.6,2.4,6.4,0,0,6.2,330,348,150,374,309,376,359,355,289,296,259,295,270,324,300,371,361,320,297,231,327,343,186,211,359,127,355,106,8,354,1
137,201569,Eric Gordon,Eric,1610612755,PHI,36.0,3,2,1,0.667,7.1,1.0,1.7,0.6,0.7,1.3,0.5,0.0,0.0,0.0,0.0,0.0,0.0,0.3,0.7,0.3,0.0,0.0,0.7,0.0,2.7,0.0,3.5,0,0,4.3,381,289,371,99,378,337,392,57,245,299,23,384,393,384,402,428,437,383,276,321,327,343,379,414,355,211,414,106,8,392,1
138,1630596,Evan Mobley,Evan,1610612739,CLE,24.0,10,7,3,0.7,33.4,7.2,15.2,0.474,1.6,5.1,0.314,4.0,5.9,0.678,2.2,6.3,8.5,4.2,2.5,1.6,1.6,0.6,2.1,4.3,20.0,5.4,43.6,3,0,40.7,22,15,222,93,35,39,39,202,113,86,240,50,34,278,44,26,23,57,49,28,12,104,180,46,44,65,17,24,8,25,1
139,1630532,Franz Wagner,Franz,1610612753,ORL,24.0,10,4,6,0.4,34.8,7.6,16.0,0.475,1.6,4.4,0.364,5.5,6.6,0.833,2.3,3.6,5.9,3.5,2.2,1.1,0.3,1.0,2.6,5.4,22.3,-0.8,36.6,0,0,36.1,22,176,55,280,17,35,31,199,113,123,164,24,26,135,41,110,76,78,65,88,186,23,83,26,31,244,43,106,8,42,1
140,1641713,GG Jackson,GG,1610612763,MEM,20.0,5,2,3,0.4,4.3,0.4,1.6,0.25,0.0,0.8,0.0,0.4,0.8,0.5,0.2,0.4,0.6,0.0,0.0,0.4,0.0,0.0,0.4,0.4,1.2,-4.6,3.1,0,0,2.6,330,289,222,280,420,418,396,412,356,342,356,329,306,343,373,403,411,422,412,301,327,343,417,362,416,382,421,106,8,426,1
141,1629216,Gabe Vincent,Gabe,1610612747,LAL,29.0,3,2,1,0.667,23.9,1.0,4.3,0.231,0.7,3.3,0.2,1.0,1.0,1.0,0.3,0.7,1.0,2.3,0.7,1.0,0.0,1.0,2.3,1.3,3.7,-0.3,10.7,0,0,9.7,381,289,371,99,174,337,280,421,245,174,322,228,270,1,322,384,369,154,276,97,327,23,126,220,321,223,304,106,8,308,1
142,203914,Gary Harris,Gary,1610612749,MIL,31.0,3,2,1,0.667,4.5,0.3,1.0,0.333,0.0,0.3,0.0,0.0,0.0,0.0,0.3,0.3,0.7,0.7,0.0,0.3,0.0,0.0,0.7,0.0,0.7,-4.0,3.5,0,0,2.7,381,289,371,99,417,423,419,376,356,383,356,384,393,384,322,409,404,336,412,321,327,343,379,414,434,355,417,106,8,425,1
143,1627780,Gary Payton II,Gary,1610612744,GSW,32.0,10,5,5,0.5,8.0,1.0,2.0,0.5,0.1,0.8,0.125,0.0,0.0,0.0,0.5,1.4,1.9,0.8,0.5,0.4,0.2,0.1,1.1,0.0,2.1,-1.9,6.9,0,0,6.1,22,117,103,214,366,337,363,139,354,342,352,384,393,384,265,305,312,320,319,301,235,333,325,414,377,285,350,106,8,356,1
144,1629018,Gary Trent Jr.,Gary,1610612749,MIL,26.0,10,6,4,0.6,28.2,3.8,9.7,0.392,2.7,7.1,0.38,1.2,1.7,0.706,0.1,1.9,2.0,2.3,0.7,1.2,0.0,0.2,2.4,1.4,11.5,-3.8,20.3,0,0,20.9,22,41,150,157,115,162,126,326,30,33,144,209,193,261,396,245,293,159,272,68,327,272,116,211,143,350,184,106,8,170,1
145,203507,Giannis Antetokounmpo,Giannis,1610612749,MIL,30.0,9,5,4,0.556,32.4,13.1,20.8,0.631,0.8,1.6,0.5,6.8,10.7,0.635,4.0,8.3,12.3,6.2,2.8,0.9,1.1,0.8,2.3,8.7,33.8,6.2,61.1,6,0,57.1,122,117,150,200,52,1,5,47,238,286,23,12,4,314,7,7,5,21,36,136,32,59,126,3,2,53,3,5,8,2,1
146,1629048,Goga Bitadze,Goga,1610612753,ORL,26.0,10,4,6,0.4,16.9,2.3,3.2,0.719,0.2,0.5,0.4,0.8,1.4,0.571,1.6,3.5,5.1,1.4,0.4,0.4,1.3,0.2,2.0,1.2,5.6,0.2,18.5,0,0,15.7,22,176,55,280,259,257,315,23,331,364,110,263,232,337,83,120,109,253,344,301,23,272,186,234,275,205,199,106,8,236,1
147,1641711,Gradey Dick,Gradey,1610612761,TOR,21.0,10,5,5,0.5,15.5,2.2,5.6,0.393,1.3,3.3,0.394,2.1,2.6,0.808,0.4,1.7,2.1,0.2,0.2,0.5,0.0,0.5,0.7,1.6,7.8,6.6,11.9,0,0,12.4,22,117,103,214,282,260,236,324,149,179,128,110,115,170,300,265,291,404,390,253,327,126,377,184,219,48,292,106,8,279,1
148,1628960,Grayson Allen,Grayson,1610612756,PHX,30.0,10,5,5,0.5,34.5,5.6,13.3,0.421,3.6,8.8,0.409,1.5,1.8,0.833,0.4,2.8,3.2,4.7,2.0,1.4,0.3,0.9,2.9,2.8,16.3,1.9,30.3,0,0,31.2,22,117,103,214,22,85,64,295,8,8,104,162,181,135,300,176,213,47,81,44,186,44,59,96,77,149,87,106,8,74,1
149,1627824,Guerschon Yabusele,Guerschon,1610612752,NYK,29.0,8,6,2,0.75,9.9,0.8,3.0,0.25,0.5,2.1,0.235,0.4,0.8,0.5,1.4,1.3,2.6,0.1,0.3,0.1,0.1,0.4,1.5,0.8,2.4,-0.1,6.2,0,0,6.1,223,41,298,75,340,379,318,412,274,245,301,340,312,343,107,323,252,416,378,373,289,191,278,305,367,214,360,106,8,355,1
150,1630611,Gui Santos,Gui,1610612744,GSW,23.0,10,5,5,0.5,6.0,0.6,1.5,0.4,0.4,1.2,0.333,0.1,0.2,0.5,0.6,0.7,1.3,0.2,0.5,0.3,0.0,0.0,1.2,0.4,1.7,-0.7,4.0,0,0,4.2,22,117,103,214,393,393,399,315,289,308,200,383,386,343,241,383,355,404,319,338,327,343,317,362,397,239,405,106,8,396,1
151,203084,Harrison Barnes,Harrison,1610612759,SAS,33.0,9,7,2,0.778,30.5,4.1,7.4,0.552,2.7,5.3,0.5,1.6,1.6,1.0,0.8,2.0,2.8,2.3,1.6,0.8,0.2,0.1,2.3,1.4,12.4,2.0,20.7,0,0,22.2,122,15,298,59,81,142,178,90,31,71,23,159,213,1,208,230,240,154,134,178,220,320,126,204,128,139,179,106,8,158,1
152,1631127,Harrison Ingram,Harrison,1610612759,SAS,22.0,3,2,1,0.667,3.6,0.7,1.0,0.667,0.3,0.3,1.0,0.0,0.0,0.0,1.0,0.0,1.0,0.0,0.0,0.0,0.0,0.0,0.7,0.0,1.7,4.3,2.9,0,0,3.0,381,289,371,99,430,384,419,29,300,383,1,384,393,384,145,428,369,422,412,382,327,343,379,414,398,83,426,106,8,418,1
153,1630529,Herbert Jones,Herbert,1610612740,NOP,27.0,9,2,7,0.222,30.1,3.9,8.7,0.449,2.0,4.4,0.45,0.7,1.0,0.667,1.0,3.1,4.1,2.2,1.7,1.4,0.2,0.7,3.6,1.1,10.4,-4.0,22.0,0,0,22.1,122,289,26,367,87,161,142,249,69,119,69,284,270,281,145,147,151,165,118,40,220,81,17,247,166,355,164,106,8,159,1
154,1642864,Hugo González,Hugo,1610612738,BOS,19.0,9,4,5,0.444,13.6,1.3,3.0,0.444,0.4,1.0,0.444,0.0,0.1,0.0,0.8,1.3,2.1,0.8,0.4,0.9,0.1,0.2,1.9,1.0,3.1,2.0,9.4,0,0,8.4,122,176,103,269,297,322,318,252,282,316,71,384,391,384,208,310,288,325,338,136,302,263,217,252,338,139,317,106,8,324,1
155,1630621,Hunter Dickinson,Hunter,1610612740,NOP,24.0,1,0,1,0.0,4.7,1.0,2.0,0.5,0.0,0.0,0.0,0.0,0.0,0.0,0.0,0.0,0.0,0.0,2.0,0.0,1.0,0.0,2.0,0.0,2.0,-12.0,3.0,0,0,4.0,438,419,371,419,413,337,363,139,356,406,356,384,393,384,402,428,437,422,81,382,38,343,186,414,378,447,423,106,8,399,1
156,1642282,Hunter Sallis,Hunter,1610612755,PHI,22.0,3,2,1,0.667,2.2,0.3,0.3,1.0,0.0,0.0,0.0,0.0,0.0,0.0,0.0,0.3,0.3,0.3,0.7,0.0,0.0,0.0,0.3,0.0,0.7,-0.3,0.9,0,0,1.3,381,289,371,99,450,423,446,1,356,406,356,384,393,384,402,409,425,383,276,382,327,343,423,414,434,223,448,106,8,446,1
157,1641816,Hunter Tyson,Hunter,1610612743,DEN,25.0,4,4,0,1.0,3.5,0.0,1.3,0.0,0.0,0.8,0.0,0.0,0.0,0.0,0.3,2.0,2.3,0.0,0.0,0.0,0.0,0.5,0.5,0.0,0.0,-1.3,2.7,0,0,2.3,362,176,426,1,436,437,414,437,356,350,356,384,393,384,355,230,278,422,412,382,327,126,400,414,441,261,428,106,8,433,1
158,1630193,Immanuel Quickley,Immanuel,1610612761,TOR,26.0,10,5,5,0.5,31.4,4.7,11.6,0.405,2.0,5.9,0.339,3.0,3.9,0.769,0.6,3.8,4.4,6.3,1.7,1.4,0.0,1.2,2.2,3.4,14.4,-1.7,31.6,0,0,29.9,22,117,103,214,67,122,96,310,69,52,196,72,74,204,241,103,139,20,114,44,327,10,154,66,103,280,78,106,8,83,1
159,1642403,Isaac Jones,Isaac,1610612765,DET,25.0,3,1,2,0.333,5.6,0.3,0.7,0.5,0.0,0.3,0.0,0.3,0.7,0.5,0.7,0.0,0.7,0.3,0.0,0.0,0.0,0.0,1.3,0.3,1.0,-4.3,2.3,0,0,2.0,381,348,298,308,400,423,438,139,356,383,356,348,322,343,233,428,404,383,412,382,327,343,305,373,420,368,437,106,8,436,1
160,1630171,Isaac Okoro,Isaac,1610612741,CHI,24.0,9,6,3,0.667,24.1,3.1,6.7,0.467,1.2,3.2,0.379,1.1,1.2,0.909,1.0,1.7,2.7,1.7,1.2,0.6,0.4,0.8,3.2,1.7,8.6,-1.8,16.0,0,0,16.1,122,41,222,99,172,200,201,214,162,184,145,218,257,71,145,268,244,210,181,240,130,59,35,176,203,282,238,106,8,225,1
161,1642268,Isaiah Collier,Isaiah,1610612762,UTA,21.0,1,0,1,0.0,26.3,4.0,8.0,0.5,1.0,3.0,0.333,1.0,2.0,0.5,0.0,0.0,0.0,3.0,4.0,0.0,0.0,1.0,2.0,2.0,10.0,-36.0,10.5,0,0,14.0,438,419,371,419,138,149,161,139,190,196,200,228,155,343,402,428,437,107,4,382,327,23,186,140,172,454,307,106,8,256,1
162,1628392,Isaiah Hartenstein,Isaiah,1610612760,OKC,27.0,11,10,1,0.909,30.1,5.7,8.4,0.685,0.0,0.3,0.0,1.9,2.8,0.677,3.4,8.5,11.8,3.3,2.1,1.5,0.6,0.5,3.2,3.4,13.4,8.6,36.6,6,0,32.6,1,1,371,30,89,78,152,26,356,393,356,125,107,279,14,6,6,92,80,39,88,124,38,68,117,27,42,5,8,62,1
163,1630543,Isaiah Jackson,Isaiah,1610612754,IND,23.0,10,1,9,0.1,18.4,3.1,5.9,0.525,0.0,0.0,0.0,1.7,2.1,0.81,2.4,3.5,5.9,0.9,1.2,0.6,0.4,0.2,3.1,2.0,7.9,-2.4,18.1,1,0,16.7,22,348,1,402,240,202,224,112,356,406,356,144,153,167,37,120,76,309,186,231,146,272,42,140,216,301,204,59,8,215,1
164,1630198,Isaiah Joe,Isaiah,1610612760,OKC,26.0,6,5,1,0.833,24.6,5.0,11.0,0.455,3.7,8.7,0.423,1.5,2.0,0.75,0.8,2.8,3.7,0.8,0.8,0.5,0.2,0.5,2.0,2.8,15.2,9.3,22.0,0,0,24.7,298,117,371,42,163,107,108,234,6,12,93,162,155,220,199,171,183,316,245,253,260,126,186,94,88,21,168,106,8,126,1
165,1630587,Isaiah Livers,Isaiah,1610612756,PHX,27.0,5,1,4,0.2,8.8,0.6,1.8,0.333,0.4,1.6,0.25,0.4,0.4,1.0,0.4,0.2,0.6,0.4,0.2,0.4,0.4,0.0,0.6,0.4,2.0,0.6,5.5,0,0,5.0,330,348,150,374,360,393,380,376,289,282,286,329,359,1,300,418,411,377,390,301,146,343,394,362,378,193,376,106,8,379,1
166,1630191,Isaiah Stewart,Isaiah,1610612765,DET,24.0,9,7,2,0.778,23.0,4.0,8.2,0.486,1.2,3.1,0.393,1.4,2.2,0.65,2.2,4.4,6.7,1.6,0.9,0.2,2.1,0.3,2.9,2.0,10.7,-0.4,27.1,2,0,24.8,122,15,298,59,186,149,156,186,162,191,131,174,142,306,43,69,53,223,237,351,4,201,62,140,161,232,106,32,8,123,1
167,1627826,Ivica Zubac,Ivica,1610612746,LAC,28.0,9,3,6,0.333,29.5,6.4,10.4,0.617,0.0,0.0,0.0,2.2,2.8,0.8,3.0,7.4,10.4,2.6,2.1,0.6,0.9,1.0,2.4,3.1,15.1,-3.3,33.7,4,0,31.0,122,232,55,308,97,57,114,53,356,406,356,103,110,173,20,12,10,136,73,240,56,23,111,81,90,336,62,14,8,75,1
168,1631120,JD Davison,JD,1610612745,HOU,23.0,3,3,0,1.0,5.6,1.0,2.0,0.5,0.7,1.7,0.4,0.0,0.7,0.0,0.0,0.0,0.0,0.7,0.0,0.3,0.3,0.0,0.3,0.3,2.7,-2.7,5.7,0,0,5.3,381,232,426,1,404,337,363,139,245,272,110,384,322,384,402,428,437,336,412,321,163,343,423,373,355,315,374,106,8,372,1
169,1629630,Ja Morant,Ja,1610612763,MEM,26.0,10,4,6,0.4,30.6,6.4,17.9,0.358,0.8,5.4,0.148,5.6,5.9,0.949,0.5,3.3,3.8,7.9,3.6,1.2,0.1,1.1,2.4,4.1,19.2,-3.7,35.9,2,0,34.3,22,176,55,280,78,62,16,357,235,67,348,23,34,52,265,130,172,10,11,68,315,19,116,51,50,347,49,32,8,52,1
170,1642266,Ja'Kobe Walter,Ja'Kobe,1610612761,TOR,21.0,7,4,3,0.571,11.0,0.7,2.9,0.25,0.6,2.1,0.267,0.7,0.7,1.0,0.4,0.9,1.3,0.6,0.7,0.4,0.1,0.3,1.6,0.7,2.7,-4.0,6.1,0,0,6.3,265,176,222,192,328,382,330,412,268,244,278,276,320,1,292,367,356,356,265,296,272,243,266,311,354,355,364,106,8,353,1
171,1631095,Jabari Smith Jr.,Jabari,1610612745,HOU,22.0,8,5,3,0.625,32.9,5.0,11.4,0.44,2.0,5.4,0.372,2.0,2.4,0.842,1.0,4.9,5.9,1.5,1.1,0.9,0.9,0.9,2.1,1.9,14.0,9.5,27.4,0,0,26.9,223,117,222,149,46,107,104,263,69,70,153,116,131,130,145,51,78,232,193,149,61,47,170,164,108,20,104,106,8,103,1
172,1631133,Jabari Walker,Jabari,1610612755,PHI,23.0,10,6,4,0.6,13.4,1.6,3.4,0.471,0.2,0.9,0.222,0.2,0.3,0.667,1.6,1.7,3.3,0.2,0.5,0.2,0.3,0.7,1.9,0.6,3.6,0.3,8.9,0,0,8.3,22,41,150,157,300,303,309,208,331,338,314,370,378,281,83,265,208,404,319,354,186,74,215,326,322,202,325,106,8,327,1
173,1631210,Jacob Toppin,Jacob,1610612737,ATL,25.0,3,2,1,0.667,3.1,1.0,1.3,0.75,0.0,0.0,0.0,0.0,0.0,0.0,0.0,0.3,0.3,0.0,0.0,0.0,0.0,0.0,0.3,0.0,2.0,2.3,2.4,0,0,2.3,381,289,371,99,443,337,407,14,356,406,356,384,393,384,402,409,425,422,412,382,327,343,423,414,378,128,433,106,8,430,1
174,1630702,Jaden Hardy,Jaden,1610612742,DAL,23.0,9,3,6,0.333,11.1,1.6,4.2,0.368,1.0,2.6,0.391,0.8,1.0,0.778,0.2,1.0,1.2,0.4,0.6,0.4,0.1,0.2,1.0,0.9,4.9,2.1,8.1,0,0,8.7,122,232,55,308,326,305,286,352,190,220,133,268,270,196,363,335,359,372,308,281,302,263,329,283,291,138,335,106,8,321,1
175,1630183,Jaden McDaniels,Jaden,1610612750,MIN,25.0,10,6,4,0.6,31.4,7.1,12.7,0.559,2.0,3.7,0.541,2.4,2.9,0.828,1.2,3.3,4.5,2.1,1.9,0.8,1.5,1.0,3.6,2.8,18.6,5.1,32.2,0,0,31.8,22,41,150,157,69,40,74,86,69,156,19,97,102,150,121,130,134,173,94,167,15,23,15,96,54,70,75,106,8,69,1
176,1630256,Jae'Sean Tate,Jae'Sean,1610612745,HOU,30.0,5,4,1,0.8,5.3,0.6,1.8,0.333,0.0,0.6,0.0,0.0,0.0,0.0,0.0,0.8,0.8,0.0,0.2,0.2,0.0,0.0,0.8,0.0,1.2,-2.4,2.6,0,0,2.4,330,176,371,48,407,393,380,376,356,360,356,384,393,384,402,371,396,422,390,354,327,343,360,414,416,301,432,106,8,428,1
177,1642443,Jahmir Young,Jahmir,1610612748,MIA,25.0,2,2,0,1.0,4.8,0.5,1.5,0.333,0.0,0.5,0.0,0.0,0.0,0.0,0.0,0.5,0.5,1.0,0.5,0.0,0.0,0.5,1.0,0.0,1.0,-4.5,2.6,0,0,2.5,416,289,426,1,412,401,399,376,356,364,356,384,393,384,402,395,416,289,319,382,327,126,329,414,420,376,430,106,8,427,1
178,1643141,Jahmyl Telfort,Jahmyl,1610612746,LAC,24.0,3,0,3,0.0,5.3,0.0,0.7,0.0,0.0,0.7,0.0,0.3,1.3,0.25,0.0,0.7,0.7,0.3,0.3,0.0,0.0,0.0,0.7,0.7,0.3,4.3,1.3,0,0,1.3,381,419,222,419,406,437,438,437,356,355,356,348,236,382,402,384,404,383,360,382,327,343,379,315,440,83,447,106,8,446,1
179,1631170,Jaime Jaquez Jr.,Jaime,1610612748,MIA,24.0,10,6,4,0.6,29.5,7.0,12.2,0.574,0.4,1.8,0.222,2.7,3.5,0.771,1.2,5.8,7.0,5.0,1.8,0.8,0.2,0.7,1.9,2.9,17.1,12.9,34.2,2,0,31.5,22,41,150,157,99,43,85,76,289,265,314,85,83,202,121,29,44,42,105,167,235,74,215,89,72,5,60,32,8,70,1
180,1631222,Jake LaRavia,Jake,1610612747,LAL,24.0,10,7,3,0.7,29.7,4.5,8.1,0.556,1.4,3.4,0.412,1.8,3.0,0.6,1.6,3.6,5.2,2.7,1.4,1.5,0.2,0.2,2.6,2.4,12.2,-3.0,26.2,0,0,24.9,22,15,222,93,94,130,159,88,130,170,101,133,92,324,83,110,103,129,154,35,235,272,83,109,132,324,116,106,8,122,1
181,1627751,Jakob Poeltl,Jakob,1610612761,TOR,30.0,6,3,3,0.5,22.9,3.5,5.5,0.636,0.0,0.0,0.0,0.7,1.5,0.444,2.7,4.0,6.7,1.7,1.7,0.3,0.5,0.3,4.2,1.7,7.7,-3.7,19.0,1,0,17.7,298,232,222,214,189,178,240,45,356,406,356,284,218,374,29,87,53,210,118,321,108,201,4,176,223,343,193,59,8,203,1
182,1628973,Jalen Brunson,Jalen,1610612752,NYK,29.0,9,6,3,0.667,33.4,9.6,20.8,0.46,2.7,7.9,0.338,5.4,6.2,0.875,0.4,3.0,3.4,6.2,2.4,1.0,0.0,0.7,2.4,5.8,27.2,8.9,41.2,1,0,41.6,122,41,222,99,37,9,5,228,31,22,198,25,28,94,286,152,198,21,55,97,327,81,111,19,11,23,25,59,8,22,1
183,1631105,Jalen Duren,Jalen,1610612765,DET,21.0,10,8,2,0.8,27.9,7.1,10.9,0.651,0.0,0.0,0.0,5.2,6.2,0.839,4.3,7.5,11.8,1.5,2.2,1.0,1.3,0.8,3.5,4.8,19.4,8.0,40.5,6,0,37.3,22,7,298,48,120,40,109,39,356,406,356,29,29,133,6,11,7,232,65,97,23,52,20,36,49,33,30,5,8,38,1
184,1630224,Jalen Green,Jalen,1610612756,PHX,23.0,2,2,0,1.0,14.9,5.5,11.5,0.478,3.0,7.0,0.429,1.5,2.5,0.6,1.0,1.0,2.0,2.0,1.0,1.0,0.0,0.0,1.0,2.0,15.5,18.5,22.9,0,0,24.5,416,289,426,1,290,89,98,193,18,34,87,162,120,324,145,335,293,174,207,97,327,343,329,140,84,1,151,106,8,128,1
185,1630552,Jalen Johnson,Jalen,1610612737,ATL,23.0,8,4,4,0.5,32.0,8.3,14.3,0.579,0.6,2.5,0.25,3.5,4.3,0.824,1.4,7.0,8.4,4.9,2.9,1.4,0.3,0.5,2.6,3.4,20.6,-7.6,40.0,2,0,37.8,223,176,150,214,56,24,53,72,259,222,286,63,64,153,107,16,26,46,31,49,210,126,81,67,42,420,32,32,8,34,1
186,1629618,Jalen Pickett,Jalen,1610612743,DEN,26.0,5,5,0,1.0,7.7,1.0,2.2,0.455,0.2,1.0,0.2,0.2,0.2,1.0,0.2,0.8,1.0,1.2,0.4,0.0,0.0,0.2,0.6,0.4,2.4,-2.4,5.0,0,0,4.8,330,117,426,1,368,337,359,234,331,316,322,370,386,1,373,371,369,281,344,382,327,272,394,362,366,301,385,106,8,385,1
187,1630188,Jalen Smith,Jalen,1610612741,CHI,25.0,9,6,3,0.667,15.4,3.6,6.7,0.533,1.4,3.7,0.394,1.3,2.0,0.667,1.9,3.7,5.6,1.2,1.1,0.2,0.3,0.4,2.1,1.9,9.9,2.3,18.9,1,0,19.2,122,41,222,99,283,175,201,108,127,160,128,184,155,281,63,108,89,276,195,351,163,157,174,158,175,128,194,59,8,187,1
188,1630591,Jalen Suggs,Jalen,1610612753,ORL,24.0,8,3,5,0.375,20.7,4.1,7.1,0.579,1.9,4.1,0.455,2.0,2.3,0.889,0.8,3.0,3.8,4.4,2.9,1.9,0.1,0.3,3.3,2.5,12.1,8.0,26.3,0,0,26.1,223,232,103,296,214,141,190,72,91,134,65,116,141,83,215,152,179,55,31,13,289,252,34,101,134,33,114,106,8,110,1
189,1630592,Jalen Wilson,Jalen,1610612751,BKN,25.0,9,1,8,0.111,17.3,1.9,5.0,0.378,1.3,3.3,0.4,1.1,1.4,0.769,0.2,0.9,1.1,0.8,0.9,0.2,0.0,0.2,1.6,1.3,6.2,-6.6,8.5,0,0,9.9,122,348,19,395,256,284,254,338,143,174,110,218,227,204,363,363,367,325,237,351,327,263,271,220,259,410,330,106,8,304,1
190,1627750,Jamal Murray,Jamal,1610612743,DEN,28.0,8,6,2,0.75,33.2,8.4,17.4,0.482,2.4,6.6,0.358,3.6,3.8,0.967,0.8,4.5,5.3,5.6,2.1,1.3,0.4,0.4,1.5,2.9,22.8,9.8,40.2,1,0,39.3,223,41,298,75,43,23,19,189,49,40,171,61,79,47,215,64,100,27,72,60,159,191,278,92,30,18,31,59,8,29,1
191,1642347,Jamal Shead,Jamal,1610612761,TOR,23.0,10,5,5,0.5,17.4,2.0,4.8,0.417,1.2,2.7,0.444,1.2,1.4,0.857,0.4,1.5,1.9,5.0,1.1,0.7,0.0,0.5,2.0,2.1,6.4,3.0,17.2,0,0,15.9,22,117,103,214,251,270,269,296,167,214,71,209,232,115,300,291,312,42,198,197,327,126,186,137,251,106,221,106,8,233,1
192,201935,James Harden,James,1610612746,LAC,36.0,8,3,5,0.375,34.5,6.5,14.6,0.444,3.4,8.8,0.386,5.6,6.1,0.918,0.1,4.5,4.6,9.1,4.0,1.1,0.1,0.6,2.1,5.3,22.0,-0.3,41.0,4,0,41.6,223,232,103,296,21,55,45,252,11,9,138,22,31,62,391,64,130,7,4,80,289,101,170,28,33,218,27,14,8,21,1
193,1630164,James Wiseman,James,1610612754,IND,24.0,1,0,1,0.0,19.9,2.0,3.0,0.667,0.0,0.0,0.0,0.0,0.0,0.0,4.0,0.0,4.0,0.0,3.0,0.0,1.0,0.0,2.0,0.0,4.0,-15.0,8.8,0,0,10.0,438,419,371,419,226,270,318,29,356,406,356,384,393,384,7,428,154,422,24,382,38,343,186,414,308,453,328,106,8,303,1
194,1642364,Jamir Watkins,Jamir,1610612764,WAS,24.0,3,0,3,0.0,7.0,1.0,1.3,0.75,0.0,0.3,0.0,0.0,0.0,0.0,0.3,1.7,2.0,0.0,0.3,0.0,0.3,0.0,1.3,0.3,2.0,-2.7,5.1,0,0,4.7,381,419,222,419,379,337,407,14,356,383,356,384,393,384,322,268,293,422,360,382,163,343,305,373,378,315,382,106,8,387,1
195,1642419,Jamison Battle,Jamison,1610612761,TOR,24.0,8,5,3,0.625,6.8,1.6,2.3,0.722,1.3,1.8,0.714,0.0,0.0,0.0,0.1,0.8,0.9,0.1,0.4,0.3,0.1,0.0,0.6,0.1,4.5,7.4,6.5,0,0,7.5,223,117,222,149,381,301,356,21,159,266,11,384,393,384,391,376,392,416,355,346,289,343,392,408,299,41,354,106,8,337,1
196,1641716,Jarace Walker,Jarace,1610612754,IND,22.0,10,1,9,0.1,30.1,4.0,12.0,0.333,1.8,5.6,0.321,1.3,1.8,0.722,0.8,4.9,5.7,3.7,2.1,0.4,0.5,0.4,2.3,1.9,11.1,-5.3,24.1,0,0,24.1,22,348,1,402,88,149,88,376,94,61,231,193,181,247,206,50,82,72,78,301,108,176,139,153,154,392,139,106,8,131,1
197,1642272,Jared McCain,Jared,1610612755,PHI,21.0,2,0,2,0.0,12.0,0.0,3.5,0.0,0.0,1.0,0.0,0.0,0.0,0.0,0.0,0.5,0.5,1.5,0.0,0.5,0.0,1.0,1.5,0.0,0.0,1.0,4.4,0,0,3.0,416,419,298,419,315,437,306,437,356,316,356,384,393,384,402,395,416,232,412,253,327,23,278,414,441,170,398,106,8,418,1
198,1628991,Jaren Jackson Jr.,Jaren,1610612763,MEM,26.0,11,4,7,0.364,28.7,6.1,11.8,0.515,1.6,4.2,0.391,3.2,4.1,0.778,0.8,4.6,5.5,1.3,1.7,0.5,1.5,0.5,4.0,3.8,17.0,-5.4,30.0,0,0,29.5,1,176,26,301,108,68,92,123,109,131,133,71,68,196,205,59,92,272,112,250,14,156,6,52,73,395,90,106,8,84,1
199,1629020,Jarred Vanderbilt,Jarred,1610612747,LAL,26.0,10,7,3,0.7,20.3,1.9,4.2,0.452,0.2,1.0,0.2,1.5,1.7,0.882,1.7,4.8,6.5,1.6,1.5,1.2,0.5,0.8,2.0,1.5,5.5,2.2,19.3,1,0,17.2,22,15,222,93,218,281,287,241,331,316,322,162,193,92,76,56,63,219,138,68,108,52,186,200,277,133,190,59,8,207,1
200,1628386,Jarrett Allen,Jarrett,1610612739,CLE,27.0,8,6,2,0.75,26.9,5.6,9.8,0.577,0.0,0.4,0.0,3.9,5.3,0.738,2.6,5.1,7.8,1.9,1.4,1.6,1.0,1.1,1.8,4.8,15.1,12.5,33.7,2,0,30.0,223,41,298,75,132,84,125,74,356,381,356,55,45,243,31,44,34,195,163,27,38,15,241,38,89,7,61,32,8,82,1
201,1642859,Jase Richardson,Jase,1610612753,ORL,20.0,6,2,4,0.333,4.6,0.2,0.8,0.2,0.0,0.5,0.0,0.2,0.3,0.5,0.0,0.2,0.2,0.8,0.5,0.0,0.0,0.0,0.2,0.7,0.5,-0.3,1.5,0,0,1.5,298,289,150,308,414,434,432,429,356,364,356,376,372,343,402,424,436,316,319,382,327,343,438,315,437,223,446,106,8,444,1
202,1642914,Javon Small,Javon,1610612763,MEM,22.0,8,4,4,0.5,12.4,1.3,3.5,0.357,0.8,2.4,0.316,1.0,1.3,0.8,0.1,0.9,1.0,2.8,1.0,0.0,0.1,0.4,0.9,1.0,4.3,0.5,9.0,0,0,9.0,223,176,150,214,310,330,306,358,241,231,238,228,255,173,391,365,369,126,207,382,289,191,355,252,305,196,324,106,8,317,1
203,1629750,Javonte Green,Javonte,1610612765,DET,32.0,10,8,2,0.8,18.7,1.7,5.0,0.34,0.9,2.6,0.346,0.9,1.3,0.692,0.7,1.9,2.6,1.1,0.4,1.0,0.3,0.4,1.5,1.0,5.2,-1.0,13.5,0,0,12.4,22,7,298,48,236,293,254,371,222,218,189,254,249,269,226,245,255,288,344,97,186,176,278,252,284,251,270,106,8,279,1
204,1629637,Jaxson Hayes,Jaxson,1610612747,LAL,25.0,7,5,2,0.714,18.2,2.6,3.6,0.72,0.1,0.1,1.0,0.4,1.0,0.429,1.1,3.1,4.3,1.6,0.4,0.3,0.6,0.4,1.9,2.4,5.7,2.1,15.4,0,0,13.4,265,117,298,87,241,235,304,22,347,399,1,326,270,375,131,145,145,221,342,342,103,172,223,108,270,137,249,106,8,263,1
205,1630643,Jay Huff,Jay,1610612754,IND,28.0,10,1,9,0.1,15.2,2.0,5.2,0.385,0.9,3.5,0.257,0.8,1.0,0.8,1.1,2.3,3.4,0.9,0.6,0.1,1.9,0.0,2.1,1.0,5.7,-4.0,16.5,1,0,14.9,22,348,1,402,288,270,249,333,222,166,285,263,270,173,141,216,201,309,297,381,7,343,180,252,272,355,231,59,8,246,1
206,1627759,Jaylen Brown,Jaylen,1610612738,BOS,29.0,11,5,6,0.455,31.9,10.6,20.4,0.522,2.1,5.8,0.359,4.6,5.9,0.785,0.5,4.4,4.9,3.9,3.6,0.8,0.4,0.7,3.6,5.8,28.0,-2.5,39.7,0,0,41.3,1,117,55,263,58,5,7,115,67,56,170,40,33,192,262,72,115,63,10,165,161,67,14,17,10,309,33,106,8,24,1
207,1641740,Jaylen Clark,Jaylen,1610612750,MIN,24.0,8,6,2,0.75,16.6,2.0,4.1,0.485,0.8,1.8,0.429,0.9,1.5,0.583,1.1,1.3,2.4,1.1,0.4,0.9,0.1,0.0,2.4,0.9,5.6,2.5,12.8,0,0,11.9,223,41,298,75,263,270,288,187,241,266,87,260,218,336,134,323,269,286,355,149,289,343,124,289,274,123,279,106,8,288,1
208,1642377,Jaylen Wells,Jaylen,1610612763,MEM,22.0,11,4,7,0.364,25.1,3.4,9.5,0.352,1.4,5.3,0.259,1.2,1.8,0.65,1.3,2.5,3.7,1.5,0.8,0.4,0.0,0.8,2.0,2.3,9.3,-4.5,16.3,0,0,16.6,1,176,26,301,153,189,129,364,139,80,284,216,180,306,118,202,180,229,248,320,327,50,186,121,185,375,236,106,8,218,1
209,1631119,Jaylin Williams,Jaylin,1610612760,OKC,23.0,11,10,1,0.909,18.0,1.6,5.3,0.31,1.2,4.8,0.245,0.3,0.4,0.75,0.5,3.9,4.5,2.0,0.6,0.6,0.7,0.0,1.7,0.8,4.7,2.5,16.5,0,0,15.1,1,1,371,30,244,300,248,397,175,97,297,364,370,220,262,98,136,174,292,224,75,343,246,293,293,122,232,106,8,244,1
210,1642281,Jaylon Tyson,Jaylon,1610612739,CLE,22.0,10,7,3,0.7,25.3,4.1,8.0,0.513,2.2,4.6,0.478,0.9,1.1,0.818,1.0,2.5,3.5,1.9,1.1,1.1,0.8,0.3,3.9,1.0,11.3,2.0,23.0,0,0,22.7,22,15,222,93,148,146,161,126,60,111,53,254,268,159,145,199,193,190,198,88,65,233,8,252,147,139,150,106,8,149,1
211,201145,Jeff Green,Jeff,1610612745,HOU,39.0,3,3,0,1.0,4.5,1.0,1.3,0.75,1.0,1.3,0.75,0.0,0.0,0.0,0.3,0.0,0.3,0.0,0.0,0.0,0.3,0.0,0.3,0.0,3.0,-4.0,4.4,0,0,5.0,381,232,426,1,415,337,407,14,190,299,9,384,393,384,322,428,425,422,412,382,163,343,423,414,340,355,397,106,8,379,1
212,203924,Jerami Grant,Jerami,1610612757,POR,31.0,9,5,4,0.556,28.4,5.8,11.4,0.505,2.2,5.3,0.417,6.2,7.2,0.862,0.8,2.4,3.2,2.2,2.0,1.3,0.6,0.6,3.6,4.3,20.0,-3.2,30.9,0,0,31.4,122,117,150,200,111,77,102,135,59,71,95,17,17,113,208,204,211,165,81,50,104,115,17,44,44,331,84,106,8,72,1
213,1642847,Jeremiah Fears,Jeremiah,1610612740,NOP,19.0,9,2,7,0.222,25.9,5.6,12.6,0.442,1.0,3.7,0.273,1.7,2.1,0.789,0.8,2.1,2.9,3.2,2.1,1.4,0.0,1.0,2.2,2.3,13.8,-9.4,24.3,0,0,23.8,122,289,26,367,143,88,76,260,190,160,270,146,151,189,208,226,231,96,73,40,327,23,148,112,115,431,138,106,8,136,1
214,1630526,Jeremiah Robinson-Earl,Jeremiah,1610612754,IND,25.0,5,1,4,0.2,17.4,2.0,6.2,0.323,0.4,1.6,0.25,0.8,1.0,0.8,2.8,4.0,6.8,0.8,0.4,0.8,0.0,0.6,0.8,1.4,5.2,-9.4,16.6,0,0,14.8,330,348,150,374,252,270,215,389,289,282,286,263,270,173,27,87,51,320,344,167,327,104,360,211,284,430,230,106,8,248,1
215,1631110,Jeremy Sochan,Jeremy,1610612759,SAS,22.0,3,2,1,0.667,19.3,3.3,5.7,0.588,0.3,1.3,0.25,1.7,2.0,0.833,1.0,1.3,2.3,2.0,1.3,0.7,0.7,0.0,3.7,1.7,8.7,-5.0,17.1,0,0,16.0,381,289,371,99,231,190,230,67,300,299,286,146,155,135,145,310,270,174,164,206,79,343,12,176,200,386,222,106,8,229,1
216,1630579,Jericho Sims,Jericho,1610612749,MIL,27.0,6,3,3,0.5,4.2,0.2,0.2,1.0,0.0,0.0,0.0,0.5,0.7,0.75,0.3,0.3,0.7,0.0,0.2,0.0,0.2,0.0,0.5,0.3,0.8,-3.7,2.0,0,0,1.8,298,232,222,214,422,434,449,1,356,406,356,307,322,220,322,409,404,422,397,382,260,343,400,373,431,343,441,106,8,443,1
217,1641724,Jett Howard,Jett,1610612753,ORL,22.0,6,2,4,0.333,5.0,0.5,1.7,0.3,0.5,1.5,0.333,0.0,0.0,0.0,0.2,0.2,0.3,0.5,0.2,0.0,0.2,0.0,0.5,0.2,1.5,-0.3,3.0,0,0,3.2,298,289,150,308,408,401,392,399,274,287,200,384,393,384,383,424,425,361,397,382,260,343,400,400,404,223,425,106,8,417,1
218,1628975,Jevon Carter,Jevon,1610612741,CHI,30.0,1,0,1,0.0,12.2,0.0,1.0,0.0,0.0,1.0,0.0,0.0,0.0,0.0,0.0,0.0,0.0,2.0,0.0,0.0,0.0,0.0,1.0,0.0,0.0,1.0,3.0,0,0,2.0,438,419,371,419,312,437,419,437,356,316,356,384,393,384,402,428,437,174,412,382,327,343,329,414,441,170,423,106,8,436,1
219,202710,Jimmy Butler III,Jimmy,1610612744,GSW,36.0,10,6,4,0.6,30.9,6.0,11.9,0.504,0.9,2.2,0.409,6.0,7.0,0.857,2.2,3.3,5.5,4.6,1.4,1.2,0.4,0.6,1.2,4.8,18.9,4.9,35.8,1,0,33.1,22,41,150,157,75,70,90,138,222,239,104,19,21,115,44,130,90,49,154,68,146,104,317,36,52,75,51,59,8,57,1
220,1642866,Joan Beringer,Joan,1610612750,MIN,18.0,7,4,3,0.571,4.1,0.9,1.0,0.857,0.0,0.0,0.0,0.0,0.1,0.0,0.1,1.0,1.1,0.0,0.3,0.1,0.1,0.0,1.0,0.1,1.7,0.9,3.7,0,0,3.4,265,176,222,192,424,373,419,9,356,406,356,384,388,384,388,335,366,422,374,371,272,343,329,405,395,184,412,106,8,411,1
221,1629111,Jock Landale,Jock,1610612763,MEM,30.0,11,4,7,0.364,24.8,4.1,7.1,0.577,1.4,2.6,0.517,1.4,1.9,0.714,2.4,2.8,5.2,1.6,1.1,0.6,0.5,0.6,3.1,2.1,10.9,-2.4,21.8,0,0,21.3,1,176,26,301,161,148,193,74,139,217,21,182,174,249,40,175,105,217,203,224,129,97,44,139,158,300,171,106,8,168,1
222,204060,Joe Ingles,Joe,1610612750,MIN,38.0,4,2,2,0.5,4.0,0.0,0.5,0.0,0.0,0.5,0.0,0.0,0.0,0.0,0.0,0.0,0.0,1.3,0.0,0.0,0.0,0.0,0.5,0.0,0.0,2.8,1.9,0,0,1.3,362,289,298,214,426,437,441,437,356,364,356,384,393,384,402,428,437,273,412,382,327,343,400,414,441,118,442,106,8,448,1
223,203954,Joel Embiid,Joel,1610612755,PHI,31.0,6,4,2,0.667,23.3,6.7,14.5,0.46,1.5,4.7,0.321,4.8,5.8,0.829,1.5,4.0,5.5,3.3,2.7,0.8,1.5,0.8,2.2,4.8,19.7,1.5,35.6,0,0,34.7,298,176,298,99,181,50,49,229,124,107,231,36,37,148,95,87,90,87,42,161,15,49,164,35,48,159,53,106,8,51,1
224,1628381,John Collins,John,1610612746,LAC,28.0,9,3,6,0.333,24.6,5.2,9.2,0.566,1.1,2.4,0.455,1.8,2.4,0.727,1.7,3.2,4.9,1.0,2.3,1.0,0.4,0.3,1.4,2.2,13.3,-1.8,22.7,0,0,23.2,122,232,55,308,162,100,135,84,179,225,65,135,125,245,78,136,117,289,59,97,130,201,291,125,118,282,156,106,8,144,1
225,1629723,John Konchar,John,1610612763,MEM,29.0,9,4,5,0.444,12.7,1.2,2.0,0.611,0.7,1.3,0.5,0.1,0.1,1.0,0.2,2.4,2.7,1.1,0.4,0.8,0.4,0.0,0.6,0.1,3.2,1.8,11.3,0,0,10.1,122,176,103,269,306,333,363,55,245,299,23,381,391,1,363,204,244,287,338,178,130,343,399,411,334,155,296,106,8,301,1
226,1641780,Johni Broome,Johni,1610612755,PHI,23.0,2,1,1,0.5,2.9,1.0,2.5,0.4,0.0,0.5,0.0,0.0,0.0,0.0,1.0,0.0,1.0,0.5,0.0,0.0,0.0,0.0,0.0,0.0,2.0,-0.5,4.0,0,0,3.5,416,348,371,214,444,337,345,315,356,364,356,384,393,384,145,428,369,361,412,382,327,343,439,414,378,233,406,106,8,406,1
227,1642277,Johnny Furphy,Johnny,1610612754,IND,20.0,3,1,2,0.333,12.2,1.0,2.0,0.5,0.7,1.0,0.667,0.0,0.0,0.0,0.3,1.7,2.0,0.0,1.0,0.7,0.0,0.0,1.3,0.3,2.7,0.7,6.1,0,0,6.7,381,348,298,308,311,337,363,139,245,316,12,384,393,384,322,268,293,422,207,206,327,343,305,373,355,191,365,106,8,347,1
228,1630548,Johnny Juzang,Johnny,1610612750,MIN,24.0,5,3,2,0.6,3.4,0.4,1.4,0.286,0.2,1.0,0.2,0.2,0.4,0.5,0.2,0.4,0.6,0.2,0.2,0.0,0.0,0.0,0.4,0.2,1.2,2.0,2.0,0,0,2.2,330,232,298,157,438,418,405,404,331,316,322,370,359,343,373,403,411,404,390,382,327,343,417,395,416,139,440,106,8,434,1
229,202685,Jonas Valančiūnas,Jonas,1610612743,DEN,33.0,9,7,2,0.778,12.5,3.6,6.3,0.561,0.2,0.6,0.4,1.6,1.9,0.824,1.4,3.3,4.8,1.2,1.0,0.1,0.7,0.6,2.0,1.8,8.9,0.1,17.8,0,0,16.7,122,15,298,59,308,175,210,85,327,363,110,159,177,153,102,128,120,276,207,378,79,115,186,170,193,208,210,106,8,217,1
230,1628371,Jonathan Isaac,Jonathan,1610612753,ORL,28.0,9,4,5,0.444,7.5,0.7,1.8,0.375,0.2,1.2,0.182,0.3,0.7,0.5,0.2,1.4,1.7,0.1,0.3,0.3,0.4,0.0,0.4,0.4,1.9,-4.6,6.1,0,0,5.4,122,176,103,269,371,384,384,340,327,307,337,348,322,343,363,301,332,420,360,321,130,343,413,354,390,381,367,106,8,370,1
231,1630228,Jonathan Kuminga,Jonathan,1610612744,GSW,23.0,11,6,5,0.545,29.5,5.4,11.5,0.468,1.1,3.3,0.333,3.3,4.2,0.783,1.9,5.3,7.2,3.0,2.6,0.5,0.3,0.7,2.3,2.8,15.1,-1.0,27.8,1,0,27.8,1,41,103,210,101,93,101,213,189,183,200,69,66,193,61,42,42,107,45,279,205,67,144,95,91,251,101,59,8,98,1
232,1642367,Jonathan Mogbo,Jonathan,1610612761,TOR,24.0,6,2,4,0.333,5.6,0.5,1.0,0.5,0.0,0.0,0.0,0.0,0.0,0.0,0.5,1.0,1.5,0.7,0.2,0.2,0.3,0.2,0.7,0.0,1.0,1.3,5.1,0,0,4.2,298,289,150,308,405,401,419,139,356,406,356,384,393,384,265,335,345,336,397,364,163,298,379,414,420,164,380,106,8,398,1
233,203903,Jordan Clarkson,Jordan,1610612752,NYK,33.0,9,6,3,0.667,16.3,3.3,7.4,0.448,1.3,3.8,0.353,1.1,1.2,0.909,0.7,0.7,1.3,1.4,1.0,0.3,0.2,0.1,1.8,1.0,9.1,0.9,13.5,0,0,14.3,122,41,222,99,273,190,178,250,143,151,178,218,257,71,233,384,352,246,207,321,220,320,233,252,190,183,268,106,8,254,1
234,1630692,Jordan Goodwin,Jordan,1610612756,PHX,27.0,7,4,3,0.571,13.7,1.4,4.3,0.333,1.0,3.1,0.318,0.7,1.0,0.714,0.7,1.3,2.0,1.3,1.4,1.0,0.1,0.0,1.4,0.4,4.6,-1.4,10.9,0,0,11.1,265,176,222,192,296,315,283,376,190,188,234,276,270,249,222,319,293,268,152,97,272,343,295,358,296,272,302,106,8,292,1
235,1641722,Jordan Hawkins,Jordan,1610612740,NOP,23.0,8,2,6,0.25,14.9,1.5,5.4,0.279,0.6,2.8,0.227,0.5,0.5,1.0,0.5,1.1,1.6,0.6,0.3,0.3,0.0,0.1,0.4,0.6,4.1,-2.3,7.5,0,0,7.5,223,289,55,359,289,308,243,409,259,212,311,307,346,1,265,330,339,349,378,346,327,311,422,324,307,296,341,106,8,337,1
236,1629162,Jordan McLaughlin,Jordan,1610612759,SAS,29.0,8,6,2,0.75,9.2,1.3,3.0,0.417,0.6,1.9,0.333,0.4,0.4,1.0,0.4,0.4,0.8,1.3,0.3,0.9,0.0,0.0,0.9,0.4,3.5,-0.4,8.7,0,0,7.9,223,41,298,75,350,330,318,296,259,260,200,340,368,1,312,408,399,273,378,149,327,343,355,369,326,229,329,106,8,332,1
237,1629673,Jordan Poole,Jordan,1610612740,NOP,26.0,7,1,6,0.143,30.3,5.0,14.1,0.354,2.9,8.4,0.339,4.4,4.6,0.969,0.4,1.3,1.7,3.4,2.1,0.3,0.3,1.4,2.6,5.6,17.3,-13.0,24.1,0,0,26.4,265,348,55,387,84,107,54,361,26,14,196,46,54,46,292,319,328,82,71,342,201,4,87,23,69,451,140,106,8,108,1
238,1641775,Jordan Walsh,Jordan,1610612738,BOS,21.0,7,4,3,0.571,13.2,1.4,2.9,0.5,0.7,1.4,0.5,0.0,0.0,0.0,1.1,2.1,3.3,0.9,0.3,0.7,0.1,0.4,1.6,0.1,3.6,5.6,11.1,0,0,10.1,265,176,222,192,301,315,330,139,244,295,23,384,393,384,131,224,209,314,374,191,272,172,266,405,323,63,298,106,8,299,1
239,1630631,Jose Alvarado,Jose,1610612740,NOP,27.0,8,2,6,0.25,17.9,2.3,4.9,0.462,1.6,3.4,0.481,0.6,0.8,0.833,0.4,2.4,2.8,2.4,0.5,0.9,0.0,0.1,1.1,1.3,6.8,-2.3,15.7,0,0,15.3,223,289,55,359,245,258,268,224,111,171,50,293,312,135,312,213,243,152,319,149,327,311,323,229,244,296,243,106,8,240,1
240,1630581,Josh Giddey,Josh,1610612741,CHI,23.0,9,6,3,0.667,34.1,7.7,16.6,0.463,1.7,4.3,0.385,4.4,5.9,0.755,1.3,8.2,9.6,9.3,3.4,1.0,0.3,1.1,1.9,4.1,21.4,2.0,47.5,7,2,44.7,122,41,222,99,26,34,23,221,103,125,139,44,36,219,109,8,15,5,12,97,163,16,217,50,34,139,10,3,2,13,1
241,1628404,Josh Hart,Josh,1610612752,NYK,30.0,8,5,3,0.625,23.8,3.3,6.9,0.473,1.1,3.1,0.36,0.6,0.9,0.714,2.0,4.9,6.9,3.4,1.5,0.6,0.0,0.4,1.4,1.4,8.3,2.0,21.9,1,0,20.9,223,117,222,149,178,194,199,204,177,190,168,293,301,249,52,51,50,85,138,227,327,191,301,218,211,139,170,59,8,173,1
242,1631169,Josh Minott,Josh,1610612738,BOS,22.0,10,5,5,0.5,22.1,3.0,6.6,0.455,1.1,3.3,0.333,1.4,1.7,0.824,2.4,3.8,6.2,1.4,0.6,1.4,0.4,0.5,2.4,1.1,8.5,1.4,22.8,1,0,20.8,22,117,103,214,199,203,204,234,184,179,200,176,193,153,37,103,69,253,297,44,146,126,116,250,206,161,152,59,8,174,1
243,1629006,Josh Okogie,Josh,1610612745,HOU,27.0,9,6,3,0.667,22.5,2.6,5.1,0.5,1.6,3.1,0.5,1.9,2.2,0.85,0.8,1.1,1.9,1.3,0.7,1.3,0.2,0.4,2.3,2.2,8.6,2.8,16.8,0,0,16.4,122,41,222,99,194,237,251,139,117,191,23,129,142,124,208,333,315,258,276,50,220,157,126,125,203,117,228,106,8,223,1
244,201950,Jrue Holiday,Jrue,1610612757,POR,35.0,9,5,4,0.556,33.2,6.4,14.6,0.443,2.7,7.4,0.358,1.9,2.3,0.81,1.3,4.0,5.3,8.2,3.0,1.7,0.2,0.7,2.3,1.7,17.4,2.7,38.8,3,0,37.4,122,117,150,200,40,57,47,259,31,27,172,129,133,167,109,87,95,8,24,21,220,81,126,176,67,120,35,24,8,36,1
245,1630577,Julian Champagnie,Julian,1610612759,SAS,24.0,9,7,2,0.778,29.5,3.2,7.6,0.426,2.0,5.3,0.375,2.1,2.9,0.731,1.1,4.6,5.7,1.6,1.2,1.2,0.3,0.4,1.4,1.4,10.6,6.2,23.1,0,0,22.9,122,15,298,59,96,195,172,290,69,71,148,107,105,244,136,62,84,223,181,62,163,157,291,204,163,53,149,106,8,146,1
246,1641763,Julian Phillips,Julian,1610612741,CHI,22.0,8,5,3,0.625,5.9,0.5,1.8,0.286,0.1,0.8,0.167,0.0,0.0,0.0,0.5,0.1,0.6,0.1,0.0,0.4,0.3,0.3,0.6,0.1,1.1,1.4,3.9,0,0,3.3,223,117,222,149,395,401,386,404,348,350,343,384,393,384,265,427,410,416,412,316,210,252,392,408,419,162,407,106,8,415,1
247,1631124,Julian Strawther,Julian,1610612743,DEN,23.0,6,6,0,1.0,8.4,1.5,3.7,0.409,0.3,1.8,0.182,1.5,2.2,0.692,0.0,1.8,1.8,0.7,0.3,0.0,0.2,0.2,1.0,1.3,4.8,3.0,8.2,0,0,8.0,298,41,426,1,364,308,301,307,300,263,337,162,145,269,402,254,319,336,360,382,260,298,329,220,292,106,333,106,8,329,1
248,203944,Julius Randle,Julius,1610612750,MIN,30.0,10,6,4,0.6,33.2,8.9,16.2,0.549,2.1,5.1,0.412,5.3,6.1,0.869,1.4,5.7,7.1,6.1,2.8,1.1,0.3,0.5,2.5,4.3,25.2,5.1,44.3,2,2,43.3,22,41,150,157,41,14,28,94,64,86,101,27,32,109,105,30,43,23,34,88,186,126,95,46,18,70,15,32,2,14,1
249,1630551,Justin Champagnie,Justin,1610612764,WAS,24.0,9,0,9,0.0,9.8,0.8,2.3,0.333,0.2,1.0,0.222,1.3,1.4,0.923,1.9,1.8,3.7,0.4,0.2,0.4,0.0,0.1,1.2,0.9,3.1,-5.7,9.3,0,0,8.3,122,419,1,419,343,378,351,376,327,316,314,184,227,56,63,258,183,372,388,281,327,320,315,283,338,401,321,106,8,325,1
250,1642348,Justin Edwards,Justin,1610612755,PHI,21.0,8,6,2,0.75,11.5,1.5,3.9,0.387,1.0,2.8,0.364,0.0,0.0,0.0,0.4,1.0,1.4,0.6,0.4,0.1,0.3,0.1,2.0,0.0,4.0,-5.3,7.3,0,0,7.8,223,41,298,75,323,308,296,332,190,212,164,384,393,384,312,335,349,349,355,373,210,311,186,414,308,391,344,106,8,334,1
251,203994,Jusuf Nurkić,Jusuf,1610612762,UTA,31.0,9,3,6,0.333,21.3,2.7,7.1,0.375,0.2,2.0,0.111,1.3,2.0,0.667,2.0,6.8,8.8,3.0,2.7,1.6,0.4,0.7,2.4,2.4,6.9,-6.0,25.3,1,0,22.9,122,232,55,308,206,226,192,340,327,248,353,184,155,281,52,20,19,107,42,33,130,81,111,107,240,406,126,59,8,146,1
252,1642354,KJ Simpson,KJ,1610612766,CHA,23.0,3,1,2,0.333,14.2,1.7,4.7,0.357,0.7,1.7,0.4,1.0,1.3,0.75,1.0,1.7,2.7,2.3,1.7,0.7,0.0,0.3,1.7,1.7,5.0,-8.3,12.0,0,0,12.0,381,348,298,308,294,296,272,358,245,272,110,228,236,220,145,268,244,154,118,206,327,201,251,176,287,425,287,106,8,285,1
253,1626157,Karl-Anthony Towns,Karl-Anthony,1610612752,NYK,29.0,9,6,3,0.667,32.6,6.3,14.6,0.435,1.6,4.8,0.326,6.4,7.0,0.921,3.2,9.4,12.7,3.1,2.9,0.8,1.0,1.2,3.7,5.6,20.7,8.7,43.0,8,0,41.6,122,41,222,99,49,64,47,271,117,100,225,14,21,61,16,4,4,101,30,178,38,6,12,24,40,26,19,1,8,22,1
254,1631255,Karlo Matković,Karlo,1610612740,NOP,24.0,7,2,5,0.286,7.3,1.7,2.6,0.667,0.0,0.1,0.0,0.1,0.9,0.167,0.7,1.7,2.4,0.3,0.3,0.0,0.3,0.1,0.7,0.6,3.6,-0.4,7.5,0,0,6.9,265,289,103,356,374,291,341,29,356,399,356,378,302,383,222,263,264,397,374,382,201,306,376,333,323,231,343,106,8,346,1
255,202695,Kawhi Leonard,Kawhi,1610612746,LAC,34.0,6,3,3,0.5,33.5,8.8,17.5,0.505,2.3,5.8,0.4,4.3,4.5,0.963,0.8,4.8,5.7,3.5,1.8,2.5,0.7,0.2,1.2,3.5,24.3,-7.7,44.1,1,0,42.2,298,232,222,214,34,16,18,136,53,55,110,47,56,48,199,53,84,78,103,1,79,298,320,63,20,421,16,59,8,20,1
256,1630811,Keaton Wallace,Keaton,1610612737,ATL,26.0,9,5,4,0.556,14.9,1.9,4.1,0.459,1.2,2.3,0.524,0.2,0.4,0.5,0.1,1.7,1.8,3.1,0.8,0.6,0.2,0.2,1.3,0.7,5.2,1.3,13.6,0,0,12.9,122,117,150,200,291,284,289,230,162,233,20,368,354,343,395,268,321,101,258,240,220,263,305,315,283,164,267,106,8,271,1
257,1642276,Kel'el Ware,Kel'el,1610612748,MIA,21.0,10,6,4,0.6,21.5,3.7,7.6,0.487,1.1,3.1,0.355,1.2,1.7,0.706,2.1,5.6,7.7,0.6,1.2,1.0,1.3,0.4,1.7,1.5,9.7,-4.5,25.5,1,0,23.7,22,41,150,157,203,169,171,184,184,194,177,209,193,261,49,34,35,352,186,97,23,176,249,200,179,376,122,59,8,138,1
258,1629640,Keldon Johnson,Keldon,1610612759,SAS,26.0,9,7,2,0.778,23.9,4.6,7.6,0.603,0.8,2.0,0.389,2.3,2.9,0.808,2.6,2.7,5.2,1.8,0.7,0.8,0.0,1.0,2.0,1.9,12.2,1.2,22.8,0,0,21.6,122,15,298,59,173,128,172,56,238,248,135,100,105,170,32,187,101,202,276,178,327,23,186,158,131,168,154,106,8,164,1
259,203482,Kelly Olynyk,Kelly,1610612759,SAS,34.0,2,1,1,0.5,7.5,1.5,1.5,1.0,0.0,0.0,0.0,0.0,0.0,0.0,1.5,1.0,2.5,1.5,0.5,0.0,0.0,0.0,1.5,0.5,3.0,-4.5,7.8,0,0,7.0,416,348,371,214,372,308,399,1,356,406,356,384,393,384,95,335,263,232,319,382,327,343,278,338,340,376,339,106,8,342,1
260,1626162,Kelly Oubre Jr.,Kelly,1610612755,PHI,29.0,10,6,4,0.6,37.2,6.8,13.3,0.511,2.3,6.0,0.383,2.7,3.4,0.794,1.2,4.1,5.3,1.5,1.5,1.1,1.0,0.8,2.6,3.7,18.6,2.2,32.0,2,0,31.9,22,41,150,157,4,49,64,128,55,50,140,85,84,187,121,85,97,232,138,88,38,52,83,56,54,133,77,32,8,68,1
261,203484,Kentavious Caldwell-Pope,Kentavious,1610612763,MEM,32.0,11,4,7,0.364,24.6,2.9,8.3,0.352,1.3,3.9,0.326,2.1,2.4,0.885,0.4,2.5,2.8,3.4,1.3,0.7,0.4,0.4,1.5,2.3,9.2,-3.5,19.6,0,0,18.8,1,176,26,301,164,213,155,366,156,146,225,114,132,90,318,202,237,86,179,189,161,199,289,121,189,337,186,106,8,188,1
262,1631165,Keon Ellis,Keon,1610612758,SAC,25.0,10,3,7,0.3,18.0,2.2,4.9,0.449,1.4,3.3,0.424,0.7,1.0,0.7,0.3,1.6,1.9,0.8,0.4,1.3,0.1,0.0,2.3,0.8,6.5,-2.3,13.8,0,0,13.4,22,232,26,346,243,260,265,247,130,179,92,281,270,265,346,284,312,320,344,57,315,343,139,294,248,299,264,106,8,264,1
263,1642352,Keshad Johnson,Keshad,1610612748,MIA,24.0,3,2,1,0.667,6.6,1.0,3.7,0.273,0.3,2.0,0.167,0.0,0.0,0.0,0.0,1.7,1.7,0.0,0.3,0.7,0.0,0.3,0.7,0.0,2.3,-3.7,6.0,0,0,5.7,381,289,371,99,385,337,301,410,300,248,343,384,393,384,402,268,332,422,360,206,327,201,379,414,368,343,369,106,8,365,1
264,201142,Kevin Durant,Kevin,1610612745,HOU,37.0,9,6,3,0.667,35.7,8.1,16.3,0.497,1.7,4.0,0.417,6.9,7.9,0.873,0.3,4.2,4.6,3.1,3.0,1.0,0.8,0.4,3.0,6.3,24.8,7.0,37.2,0,0,37.7,122,41,222,99,11,26,26,167,103,141,95,10,12,106,322,76,133,101,24,97,68,157,45,10,19,45,40,106,8,35,1
265,1628989,Kevin Huerter,Kevin,1610612741,CHI,27.0,9,6,3,0.667,25.1,4.8,9.8,0.489,1.4,4.6,0.317,2.1,2.4,0.864,0.6,3.4,4.0,2.9,1.8,1.0,1.1,0.3,2.3,2.1,13.1,3.6,26.8,0,0,25.7,122,41,222,99,152,119,123,181,127,115,235,107,125,112,254,123,154,120,107,97,32,201,126,135,120,100,111,106,8,114,1
266,201567,Kevin Love,Kevin,1610612762,UTA,37.0,4,1,3,0.25,12.1,0.5,2.0,0.25,0.3,1.8,0.143,1.5,2.0,0.75,1.0,3.0,4.0,2.8,1.0,0.0,0.0,0.0,1.0,1.3,2.8,-5.0,10.7,0,0,9.8,362,348,222,359,314,401,363,412,319,266,349,162,155,220,145,152,154,126,207,382,327,343,329,229,353,386,305,106,8,306,1
267,1629645,Kevin Porter Jr.,Kevin,1610612749,MIL,25.0,1,1,0,1.0,9.4,3.0,5.0,0.6,2.0,3.0,0.667,2.0,2.0,1.0,0.0,0.0,0.0,2.0,0.0,1.0,0.0,0.0,0.0,1.0,10.0,15.0,16.0,0,0,16.0,438,348,426,1,345,203,254,57,69,196,12,116,155,1,402,428,437,174,412,97,327,343,439,252,172,2,239,106,8,229,1
268,1626172,Kevon Looney,Kevon,1610612740,NOP,29.0,4,2,2,0.5,15.8,1.5,4.3,0.353,0.3,1.3,0.2,0.8,1.5,0.5,1.8,3.0,4.8,1.5,1.0,0.0,0.8,0.8,2.3,0.8,4.0,-11.0,13.2,0,0,12.0,362,289,298,214,278,308,284,362,319,305,322,271,218,343,73,152,123,232,207,382,74,64,145,305,308,443,272,106,8,285,1
269,1641718,Keyonte George,Keyonte,1610612762,UTA,22.0,9,3,6,0.333,33.7,6.4,15.0,0.43,1.6,5.7,0.275,7.7,8.4,0.908,0.3,3.2,3.6,7.2,3.3,0.9,0.3,1.0,2.1,6.1,22.1,-3.6,37.5,2,0,36.9,122,232,55,308,33,57,41,284,117,57,268,6,8,74,322,136,192,15,15,136,163,23,174,12,32,339,38,32,8,39,1
270,1642863,Khaman Maluach,Khaman,1610612756,PHX,19.0,5,3,2,0.6,4.8,0.4,0.8,0.5,0.0,0.2,0.0,1.4,1.6,0.875,0.2,0.2,0.4,0.2,0.4,0.0,0.4,0.2,1.0,1.2,2.2,-2.2,3.8,0,0,3.6,330,232,298,157,411,418,434,139,356,395,356,176,206,94,373,418,422,404,344,382,146,272,329,234,374,293,410,106,8,405,1
271,203114,Khris Middleton,Khris,1610612764,WAS,34.0,7,1,6,0.143,24.4,4.0,8.1,0.491,1.0,2.6,0.389,1.3,2.0,0.643,1.4,2.7,4.1,2.4,1.6,0.6,0.1,0.7,3.3,1.6,10.3,-11.0,19.5,1,0,19.3,265,348,55,387,167,149,158,175,190,219,135,197,155,310,104,184,150,148,131,236,272,69,32,190,170,443,188,59,8,186,1
272,202691,Klay Thompson,Klay,1610612742,DAL,35.0,9,2,7,0.222,20.0,2.8,8.8,0.316,1.6,5.9,0.264,0.4,0.4,1.0,0.2,2.7,2.9,1.9,1.2,0.3,0.3,0.3,0.7,0.2,7.6,-6.8,14.6,0,0,15.2,122,289,26,367,224,222,140,394,117,53,280,322,354,1,363,187,231,194,181,321,163,201,379,394,224,412,256,106,8,242,1
273,1641738,Kobe Brown,Kobe,1610612746,LAC,25.0,5,1,4,0.2,7.3,0.2,1.2,0.167,0.0,0.8,0.0,0.4,0.4,1.0,0.6,1.6,2.2,1.2,0.4,0.0,0.0,0.2,0.2,0.4,0.8,3.4,4.8,0,0,4.2,330,348,150,374,375,432,417,434,356,342,356,329,359,1,241,284,284,281,344,382,327,272,436,362,432,103,390,106,8,396,1
274,1642920,Kobe Sanders,Kobe,1610612746,LAC,23.0,2,1,1,0.5,4.3,0.5,2.0,0.25,0.0,0.5,0.0,0.0,0.0,0.0,0.0,0.5,0.5,0.5,0.5,1.0,0.0,0.0,0.0,0.0,1.0,3.5,4.9,0,0,4.0,416,348,371,214,419,401,363,412,356,364,356,384,393,384,402,395,416,361,319,97,327,343,439,414,420,101,389,106,8,399,1
275,1642886,Koby Brea,Koby,1610612756,PHX,23.0,1,1,0,1.0,4.1,1.0,2.0,0.5,0.0,1.0,0.0,2.0,2.0,1.0,0.0,0.0,0.0,1.0,0.0,0.0,0.0,0.0,0.0,1.0,4.0,-11.0,5.5,0,0,5.0,438,348,426,1,425,337,363,139,356,316,356,116,155,1,402,428,437,289,412,382,327,343,439,252,308,443,377,106,8,379,1
276,1642851,Kon Knueppel,Kon,1610612766,CHA,20.0,9,3,6,0.333,31.5,5.7,12.8,0.443,3.3,8.2,0.405,1.8,2.0,0.889,0.6,5.4,6.0,2.3,2.1,0.6,0.1,0.6,2.6,1.9,16.4,0.4,27.0,1,0,29.4,122,232,55,308,64,82,73,258,12,16,108,135,155,83,254,38,73,154,73,240,302,115,88,158,76,198,108,59,8,85,1
277,1627739,Kris Dunn,Kris,1610612746,LAC,31.0,9,3,6,0.333,24.9,2.9,5.3,0.542,0.9,2.0,0.444,0.6,0.9,0.625,1.1,1.7,2.8,2.1,1.6,1.7,0.1,0.6,2.3,0.7,7.2,-7.8,17.5,0,0,16.6,122,232,55,308,157,216,244,103,227,248,71,304,298,315,136,268,240,172,134,21,302,115,126,315,231,423,215,106,8,220,1
278,1631200,Kris Murray,Kris,1610612757,POR,25.0,8,4,4,0.5,22.2,2.4,5.0,0.475,0.4,1.6,0.231,0.4,0.5,0.75,1.1,1.5,2.6,1.0,0.8,1.1,0.3,0.4,2.1,0.5,5.5,-0.9,13.5,0,0,12.3,223,176,150,214,196,250,254,199,298,281,307,340,346,220,134,291,252,289,262,80,210,191,170,338,277,249,269,106,8,282,1
279,204001,Kristaps Porziņģis,Kristaps,1610612737,ATL,30.0,7,3,4,0.429,26.1,5.6,12.9,0.433,1.6,5.0,0.314,4.9,5.7,0.85,2.1,4.1,6.3,3.3,1.3,0.7,1.3,0.4,2.9,5.1,17.6,-1.3,34.8,1,0,32.7,265,232,150,276,141,87,72,275,115,91,239,35,39,124,47,80,66,91,178,191,27,172,65,29,64,264,56,59,8,60,1
280,203937,Kyle Anderson,Kyle,1610612762,UTA,32.0,3,0,3,0.0,16.3,2.7,5.7,0.471,0.0,0.0,0.0,1.7,2.3,0.714,1.0,1.3,2.3,3.0,1.0,0.3,0.0,0.7,2.0,2.0,7.0,-1.3,14.3,0,0,13.0,381,419,222,419,272,226,230,208,356,406,356,146,133,249,145,310,270,107,207,321,327,81,186,140,237,265,260,106,8,269,1
281,1642271,Kyle Filipowski,Kyle,1610612762,UTA,22.0,9,3,6,0.333,19.2,2.4,6.6,0.373,0.9,2.9,0.308,1.1,1.8,0.625,1.8,3.2,5.0,2.2,1.2,0.4,0.3,0.6,3.1,1.4,6.9,-0.8,17.3,0,0,16.6,122,232,55,308,233,243,206,347,227,205,242,218,188,315,68,136,110,165,181,281,163,115,40,204,240,243,218,106,8,220,1
282,1628398,Kyle Kuzma,Kyle,1610612749,MIL,30.0,9,6,3,0.667,24.3,4.7,8.6,0.545,0.9,2.9,0.308,2.2,2.7,0.833,0.7,3.6,4.2,1.2,1.3,0.4,0.7,0.4,2.0,1.9,12.4,1.0,21.3,0,0,21.0,122,41,222,99,170,123,145,100,227,205,242,103,113,135,233,116,146,276,164,281,79,157,186,158,128,170,174,106,8,169,1
283,200768,Kyle Lowry,Kyle,1610612755,PHI,39.0,1,1,0,1.0,3.2,1.0,1.0,1.0,1.0,1.0,1.0,0.0,0.0,0.0,0.0,0.0,0.0,1.0,0.0,1.0,0.0,0.0,0.0,0.0,3.0,-2.0,7.5,0,0,7.0,438,348,426,1,440,337,419,1,190,316,1,384,393,384,402,428,437,289,412,97,327,343,439,414,340,286,342,106,8,342,1
284,1642273,Kyshawn George,Kyshawn,1610612764,WAS,21.0,9,1,8,0.111,30.5,5.9,11.4,0.515,2.6,5.3,0.479,1.7,2.6,0.652,0.6,5.7,6.2,3.9,3.2,1.0,1.0,0.7,4.7,3.3,16.0,-10.6,32.1,1,0,32.7,122,348,19,395,79,72,102,124,40,71,51,146,118,305,254,31,67,65,16,97,38,81,1,70,80,441,76,59,8,61,1
285,1630163,LaMelo Ball,LaMelo,1610612766,CHA,24.0,6,2,4,0.333,33.3,8.2,19.0,0.43,3.3,10.0,0.333,3.7,4.5,0.815,1.5,6.3,7.8,9.8,3.7,1.7,0.2,0.5,3.5,4.3,23.3,3.8,49.3,3,1,48.0,298,289,150,308,38,25,13,283,12,3,200,60,56,164,95,23,33,2,8,21,260,126,20,44,24,95,8,24,4,8,1
286,1629013,Landry Shamet,Landry,1610612752,NYK,28.0,9,6,3,0.667,18.1,2.0,5.1,0.391,1.8,4.1,0.432,1.2,1.6,0.786,0.4,1.6,2.0,0.8,0.6,0.3,0.1,0.3,0.8,0.9,7.0,-0.3,11.3,0,0,12.4,122,41,222,99,242,270,251,327,97,136,84,202,213,191,286,287,293,325,308,321,302,201,370,283,237,223,295,106,8,278,1
287,1626204,Larry Nance Jr.,Larry,1610612739,CLE,32.0,9,6,3,0.667,16.6,1.9,5.3,0.354,0.7,2.4,0.273,0.1,0.3,0.333,1.0,2.7,3.7,1.4,0.6,0.4,0.2,0.3,2.9,0.7,4.6,-2.1,12.6,0,0,11.7,122,41,222,99,261,284,244,360,245,225,270,381,372,379,145,187,183,246,308,281,220,201,62,315,297,291,281,106,8,289,1
288,1628374,Lauri Markkanen,Lauri,1610612762,UTA,28.0,9,3,6,0.333,35.4,9.4,20.9,0.452,3.1,9.2,0.337,6.3,7.1,0.891,1.9,4.2,6.1,2.0,1.3,0.9,0.4,1.2,1.2,6.1,28.3,-2.0,41.3,1,0,42.2,122,232,55,308,14,10,4,243,15,6,199,16,20,82,63,76,72,174,164,136,130,6,315,12,9,286,24,59,8,19,1
289,1631159,Leonard Miller,Leonard,1610612750,MIN,21.0,6,3,3,0.5,4.5,1.0,1.5,0.667,0.0,0.3,0.0,0.3,0.5,0.667,0.2,1.0,1.2,0.2,0.5,0.2,0.0,0.0,0.5,0.5,2.3,1.0,4.0,0,0,4.0,298,232,222,214,418,337,399,29,356,383,356,348,346,281,383,335,365,412,319,364,327,343,400,338,368,170,403,106,8,399,1
290,1642862,Liam McNeeley,Liam,1610612766,CHA,20.0,7,2,5,0.286,11.8,0.9,2.6,0.333,0.6,1.7,0.333,1.3,1.6,0.818,0.4,1.4,1.9,1.3,0.6,0.3,0.0,0.1,1.3,1.1,3.6,-2.4,8.0,0,0,7.9,265,289,103,356,317,373,341,376,268,269,200,197,211,159,292,303,318,268,305,342,327,306,314,244,323,304,336,106,8,333,1
291,1630322,Lindy Waters III,Lindy,1610612759,SAS,28.0,3,2,1,0.667,10.0,1.3,2.0,0.667,1.3,2.0,0.667,0.0,0.0,0.0,0.0,1.0,1.0,0.7,0.0,0.0,0.0,0.0,0.7,0.3,4.0,1.3,6.2,0,0,7.0,381,289,371,99,339,322,363,29,143,248,12,384,393,384,402,335,369,336,412,382,327,343,379,373,308,164,361,106,8,342,1
292,1628366,Lonzo Ball,Lonzo,1610612739,CLE,28.0,8,5,3,0.625,23.9,1.6,5.6,0.289,1.0,4.3,0.235,0.4,0.6,0.6,1.0,2.9,3.9,5.5,2.3,0.9,0.1,0.1,1.8,1.0,4.6,-0.1,18.3,0,0,17.0,223,117,222,149,175,301,233,402,190,128,301,340,332,324,145,169,168,28,64,149,289,311,241,252,295,214,202,106,8,209,1
293,1629652,Luguentz Dort,Luguentz,1610612760,OKC,26.0,7,7,0,1.0,31.8,2.4,7.7,0.315,1.0,5.1,0.194,1.3,1.4,0.9,1.9,3.1,5.0,1.6,0.7,1.0,0.0,0.3,2.7,2.3,7.1,7.0,17.8,0,0,16.7,265,15,426,1,60,246,166,396,190,83,333,197,231,79,67,145,110,221,265,97,327,243,72,119,234,45,211,106,8,214,1
294,1629029,Luka Dončić,Luka,1610612747,LAL,26.0,6,4,2,0.667,36.9,11.7,23.8,0.49,3.7,11.5,0.319,10.0,12.8,0.779,0.8,9.2,10.0,9.5,4.2,1.8,0.5,0.2,2.7,9.0,37.0,0.8,66.1,6,1,64.8,298,176,298,99,7,2,1,179,6,1,233,2,2,195,199,5,12,4,3,14,108,298,78,2,1,185,1,5,4,1,1
295,1630568,Luka Garza,Luka,1610612738,BOS,26.0,10,5,5,0.5,13.4,2.1,4.0,0.525,0.4,1.5,0.267,1.3,1.7,0.765,2.0,1.5,3.5,1.0,0.5,0.4,0.6,0.5,3.0,1.4,5.9,-3.1,14.1,0,0,12.8,22,117,103,214,298,268,291,113,289,287,278,193,193,209,52,291,193,289,319,301,96,126,45,211,268,329,261,106,8,273,1
296,1628379,Luke Kennard,Luke,1610612737,ATL,29.0,8,4,4,0.5,25.2,2.9,5.6,0.511,1.3,3.0,0.417,1.5,1.6,0.923,0.5,1.6,2.1,2.0,1.5,0.9,0.1,0.5,1.8,1.0,8.5,3.8,15.6,0,0,15.9,223,176,150,214,150,219,233,129,159,196,95,162,203,56,265,280,287,174,138,149,289,126,241,252,206,96,245,106,8,234,1
297,1628436,Luke Kornet,Luke,1610612759,SAS,30.0,2,2,0,1.0,25.2,3.5,6.0,0.583,0.0,0.0,0.0,1.0,2.0,0.5,5.0,3.0,8.0,3.5,0.5,0.0,1.5,0.5,2.0,2.5,8.0,8.0,26.9,1,0,22.5,416,289,426,1,151,178,221,69,356,406,356,228,155,343,2,152,29,78,319,382,15,126,186,101,214,33,109,59,8,152,1
298,1631247,Luke Travers,Luke,1610612739,CLE,24.0,4,2,2,0.5,8.2,0.3,2.8,0.091,0.0,0.8,0.0,1.0,1.0,1.0,0.8,1.0,1.8,1.0,0.3,0.3,0.5,0.5,0.3,0.5,1.5,-7.3,7.1,0,0,5.8,362,289,298,214,365,430,336,436,356,350,356,228,270,1,215,335,322,289,378,346,108,126,430,338,404,417,348,106,8,363,1
299,1630644,Mac McClung,Mac,1610612754,IND,26.0,3,0,3,0.0,11.3,2.3,6.0,0.389,0.7,3.3,0.2,1.0,1.3,0.75,0.0,1.3,1.3,0.3,0.7,1.7,0.3,0.3,2.0,1.0,6.3,-4.3,13.8,0,0,12.7,381,419,222,419,325,254,221,330,245,174,322,228,236,220,402,310,352,383,276,21,163,201,186,252,253,368,265,106,8,275,1
300,1631103,Malaki Branham,Malaki,1610612764,WAS,22.0,3,0,3,0.0,10.2,2.0,3.3,0.6,0.3,1.7,0.2,1.3,2.0,0.667,1.0,1.7,2.7,0.7,0.3,0.0,0.0,0.0,0.7,1.0,5.7,-1.7,9.5,0,0,9.3,381,419,222,419,335,270,312,57,300,272,322,184,155,281,145,268,244,336,360,382,327,343,379,252,273,279,315,106,8,311,1
301,1628370,Malik Monk,Malik,1610612758,SAC,27.0,8,2,6,0.25,24.4,5.3,10.1,0.519,2.3,4.6,0.486,1.8,2.0,0.875,0.3,1.4,1.6,2.5,1.0,0.9,0.6,0.4,2.1,2.3,14.5,1.4,23.7,0,0,23.9,223,289,55,359,169,98,118,122,58,110,49,139,155,94,355,307,339,138,207,149,91,191,170,123,101,162,144,106,8,135,1
302,203935,Marcus Smart,Marcus,1610612747,LAL,31.0,8,6,2,0.75,27.8,3.0,7.3,0.414,0.9,3.9,0.226,2.8,3.0,0.917,0.4,1.6,2.0,3.3,2.4,1.8,0.3,0.3,3.1,3.3,9.6,5.8,20.5,0,0,19.8,223,41,298,75,122,203,187,302,233,150,313,83,92,63,312,280,293,94,58,18,210,252,39,78,181,60,180,106,8,182,1
303,1641813,Mark Sears,Mark,1610612749,MIL,23.0,2,0,2,0.0,6.0,0.5,2.0,0.25,0.5,1.0,0.5,2.5,3.0,0.833,0.0,0.0,0.0,0.0,0.5,0.0,0.0,0.0,1.0,2.0,4.0,-2.5,3.5,0,0,4.5,416,419,298,419,391,401,363,412,274,316,23,90,92,135,402,428,437,422,319,382,327,343,329,140,308,306,414,106,8,390,1
304,1631109,Mark Williams,Mark,1610612756,PHX,23.0,9,5,4,0.556,25.6,5.0,8.4,0.592,0.0,0.0,0.0,3.0,3.9,0.771,3.2,6.3,9.6,0.8,0.8,1.3,0.8,0.8,2.9,3.1,13.0,8.9,31.2,4,0,27.6,122,117,150,200,145,107,148,64,356,406,356,72,78,202,16,23,15,325,258,50,68,59,62,81,122,23,81,14,8,99,1
305,1628963,Marvin Bagley III,Marvin,1610612764,WAS,26.0,10,1,9,0.1,14.5,2.9,4.5,0.644,0.2,0.5,0.4,1.2,1.7,0.706,2.1,2.4,4.5,1.3,0.8,0.3,0.4,0.5,2.4,1.2,7.2,-7.2,15.9,0,0,14.6,22,348,1,402,292,214,275,41,331,364,110,209,193,261,49,208,134,262,249,338,146,126,116,234,232,415,241,106,8,252,1
306,203486,Mason Plumlee,Mason,1610612766,CHA,35.0,3,2,1,0.667,3.8,0.3,0.3,1.0,0.0,0.0,0.0,0.0,0.0,0.0,0.0,1.0,1.0,0.3,0.3,0.0,0.0,0.0,0.3,0.3,0.7,1.0,2.0,0,0,2.0,381,289,371,99,429,423,446,1,356,406,356,384,393,384,402,335,369,383,360,382,327,343,423,373,434,170,439,106,8,436,1
307,1641824,Matas Buzelis,Matas,1610612741,CHI,21.0,9,6,3,0.667,28.5,5.2,11.1,0.47,1.8,4.7,0.381,2.0,2.3,0.857,1.0,3.9,4.9,1.2,2.1,0.9,0.9,0.7,3.2,1.9,14.2,1.9,25.1,0,0,25.7,122,41,222,99,110,100,107,210,97,107,143,116,133,115,145,101,117,276,73,136,56,81,35,158,106,152,129,106,8,114,1
308,1629680,Matisse Thybulle,Matisse,1610612757,POR,28.0,4,2,2,0.5,12.2,1.5,2.5,0.6,1.0,1.5,0.667,1.0,1.0,1.0,0.0,1.0,1.0,0.8,0.3,2.5,0.0,0.3,1.8,1.3,5.0,5.8,14.6,0,0,12.8,362,289,298,214,313,308,345,57,190,287,12,228,270,1,402,335,369,332,378,1,327,252,241,229,287,60,257,106,8,274,1
309,1631108,Max Christie,Max,1610612742,DAL,22.0,10,3,7,0.3,29.9,4.6,9.3,0.495,2.6,5.6,0.464,1.3,1.6,0.813,0.1,2.7,2.8,2.4,1.0,0.5,0.3,0.4,1.6,1.4,13.1,-1.4,21.5,0,0,22.5,22,232,26,346,92,127,134,169,36,61,58,193,206,165,396,185,238,150,207,253,186,176,262,211,121,268,173,106,8,152,1
310,1628467,Maxi Kleber,Maxi,1610612747,LAL,33.0,1,0,1,0.0,14.5,0.0,1.0,0.0,0.0,1.0,0.0,1.0,2.0,0.5,0.0,2.0,2.0,1.0,0.0,0.0,2.0,0.0,0.0,1.0,1.0,3.0,10.9,0,0,8.0,438,419,371,419,293,437,419,437,356,316,356,228,155,343,402,230,293,289,412,382,6,343,439,252,420,106,302,106,8,329,1
311,1642875,Maxime Raynaud,Maxime,1610612758,SAC,22.0,5,2,3,0.4,11.8,1.2,3.4,0.353,0.0,0.4,0.0,1.4,1.6,0.875,1.2,2.4,3.6,0.6,0.6,0.4,0.2,0.4,0.8,1.2,3.8,-2.8,10.2,0,0,9.2,330,289,222,280,318,334,309,362,356,378,356,176,206,94,121,208,188,352,297,301,235,176,360,234,317,322,309,106,8,314,1
312,1642877,Micah Peavy,Micah,1610612740,NOP,24.0,5,1,4,0.2,10.8,0.6,2.8,0.214,0.2,1.0,0.2,0.2,0.4,0.5,1.2,1.2,2.4,0.6,0.2,0.2,0.0,0.0,1.2,0.2,1.6,-1.6,5.8,0,0,5.2,330,348,150,374,330,393,333,426,331,316,322,370,359,343,121,326,267,352,390,354,327,343,317,395,402,277,372,106,8,376,1
313,1629008,Michael Porter Jr.,Michael,1610612751,BKN,27.0,9,1,8,0.111,31.6,8.6,18.1,0.472,3.3,9.0,0.37,2.9,3.7,0.788,1.2,6.3,7.6,2.6,2.6,0.8,0.1,0.8,2.3,2.6,23.3,-8.8,36.3,2,0,38.6,122,348,19,395,62,20,15,206,12,7,155,78,80,190,119,23,37,136,47,178,302,59,126,100,24,427,46,32,8,32,1
314,1628969,Mikal Bridges,Mikal,1610612752,NYK,29.0,9,6,3,0.667,34.3,5.9,10.8,0.546,2.7,5.3,0.5,1.6,1.8,0.875,1.1,3.3,4.4,5.2,1.0,1.2,1.0,0.1,2.6,1.9,16.0,6.2,34.8,1,0,32.8,122,41,222,99,24,72,111,98,31,71,23,159,188,94,136,128,137,35,207,62,38,320,88,158,80,53,55,59,8,58,1
315,201144,Mike Conley,Mike,1610612750,MIN,38.0,10,6,4,0.6,20.6,1.9,4.4,0.432,1.4,2.8,0.5,1.3,1.3,1.0,0.4,1.8,2.2,3.9,1.1,0.7,0.3,0.0,1.8,1.0,6.5,3.5,16.9,0,0,16.0,22,41,150,157,215,281,278,280,130,209,23,193,249,1,300,256,284,64,198,197,186,343,226,252,248,101,226,106,8,229,1
316,1628970,Miles Bridges,Miles,1610612766,CHA,27.0,9,3,6,0.333,34.4,6.4,16.1,0.4,2.8,8.0,0.347,5.0,5.6,0.9,1.0,6.2,7.2,3.9,1.4,0.6,0.3,0.7,1.8,3.4,20.7,-2.7,36.4,2,0,36.3,122,232,55,308,23,57,29,315,27,19,187,32,41,79,145,27,41,65,150,240,163,81,233,64,40,315,44,32,8,40,1
317,1642939,Miles Kelly,Miles,1610612742,DAL,22.0,1,1,0,1.0,2.2,0.0,0.0,0.0,0.0,0.0,0.0,0.0,0.0,0.0,0.0,0.0,0.0,0.0,1.0,0.0,0.0,0.0,1.0,0.0,0.0,-6.0,-1.0,0,0,0.0,438,348,426,1,451,437,450,437,356,406,356,384,393,384,402,428,437,422,207,382,327,343,329,414,441,406,454,106,8,450,1
318,1630540,Miles McBride,Miles,1610612752,NYK,25.0,7,6,1,0.857,23.1,2.9,7.4,0.385,1.9,4.7,0.394,0.7,0.9,0.833,1.1,1.7,2.9,2.9,0.7,1.0,0.1,0.3,1.7,0.7,8.3,6.1,18.7,0,0,18.1,265,41,371,38,185,220,180,333,92,104,128,276,302,135,131,263,235,122,265,97,272,243,247,311,210,56,196,106,8,195,1
319,1629011,Mitchell Robinson,Mitchell,1610612752,NYK,27.0,4,3,1,0.75,16.4,2.5,3.8,0.667,0.0,0.0,0.0,0.0,0.3,0.0,5.5,3.0,8.5,1.0,0.5,0.8,1.8,0.3,2.0,0.8,5.0,11.5,23.7,0,0,19.5,362,232,371,75,267,238,298,29,356,406,356,384,381,384,1,152,23,289,319,187,10,252,186,305,287,12,144,106,8,185,1
320,1642885,Mohamed Diawara,Mohamed,1610612752,NYK,20.0,5,4,1,0.8,2.6,0.6,0.8,0.75,0.2,0.2,1.0,0.0,0.4,0.0,0.0,0.2,0.2,0.2,0.2,0.0,0.0,0.0,0.4,0.2,1.4,-1.0,1.7,0,0,2.0,330,176,371,48,448,393,434,14,331,395,1,384,359,384,402,418,433,404,390,382,327,343,417,395,411,251,444,106,8,436,1
321,1628420,Monté Morris,Monté,1610612754,IND,30.0,2,0,2,0.0,17.6,2.0,5.0,0.4,1.0,2.5,0.4,0.5,1.0,0.5,0.0,2.0,2.0,2.0,0.0,0.5,0.0,0.0,1.5,0.5,5.5,-7.5,12.4,0,0,11.5,416,419,298,419,248,270,254,315,190,222,110,307,270,343,402,230,293,174,412,253,327,343,278,338,277,419,283,106,8,290,1
322,1630541,Moses Moody,Moses,1610612744,GSW,23.0,9,4,5,0.444,22.9,3.6,8.6,0.416,2.7,6.2,0.429,2.0,2.4,0.818,0.3,2.6,2.9,1.7,1.2,0.9,1.0,0.4,2.0,1.4,11.8,5.0,22.2,0,0,22.8,122,176,103,269,187,175,145,301,31,46,87,116,125,159,322,197,231,210,181,136,38,157,186,204,142,72,162,106,8,148,1
323,1631243,Mouhamed Gueye,Mouhamed,1610612737,ATL,23.0,10,5,5,0.5,17.7,3.0,5.6,0.536,1.0,2.7,0.37,0.5,1.0,0.5,1.2,3.2,4.4,1.5,0.8,0.3,0.8,0.0,1.8,0.8,7.5,4.5,17.5,0,0,16.6,22,117,103,214,247,203,236,106,190,214,155,307,270,343,121,141,139,232,249,338,65,343,226,294,226,79,214,106,8,219,1
324,1630619,Moussa Cisse,Moussa,1610612742,DAL,23.0,6,1,5,0.167,9.2,1.3,2.0,0.667,0.0,0.0,0.0,0.5,1.3,0.375,1.7,1.5,3.2,0.2,1.0,0.2,0.8,0.2,1.5,1.3,3.2,2.2,9.2,0,0,8.5,298,348,103,383,352,322,363,29,356,406,356,307,236,378,78,291,218,412,207,364,63,298,278,220,336,135,322,106,8,323,1
325,1631217,Moussa Diabaté,Moussa,1610612766,CHA,23.0,9,3,6,0.333,20.1,3.8,5.9,0.642,0.0,0.0,0.0,2.8,4.2,0.658,3.8,3.6,7.3,0.6,0.7,0.4,1.3,0.3,2.3,3.3,10.3,-3.6,24.6,3,0,21.8,122,232,55,308,222,167,226,44,356,406,356,81,65,304,10,116,40,359,276,281,21,201,126,70,168,339,134,24,8,162,1
326,1626167,Myles Turner,Myles,1610612749,MIL,29.0,10,6,4,0.6,29.2,4.2,9.5,0.442,2.1,5.3,0.396,0.9,1.7,0.529,1.3,5.3,6.6,2.0,1.6,1.3,2.1,0.4,2.9,1.6,11.4,3.6,30.9,0,0,28.9,22,41,150,157,103,138,130,261,64,78,126,254,193,342,114,40,58,174,129,57,5,176,59,184,146,98,83,106,8,88,1
327,1642066,Myron Gardner,Myron,1610612748,MIA,24.0,1,1,0,1.0,2.7,1.0,1.0,1.0,1.0,1.0,1.0,0.0,0.0,0.0,0.0,1.0,1.0,1.0,0.0,0.0,0.0,0.0,2.0,0.0,3.0,0.0,5.7,0,0,6.0,438,348,426,1,446,337,419,1,190,316,1,384,393,384,402,335,369,289,412,382,327,343,186,414,340,211,373,106,8,357,1
328,1642368,N'Faly Dante,N'Faly,1610612737,ATL,24.0,4,3,1,0.75,3.9,0.3,1.0,0.25,0.0,0.0,0.0,0.3,0.3,1.0,0.8,1.0,1.8,0.0,0.3,0.5,0.0,0.0,0.3,0.5,0.8,2.5,4.1,0,0,3.5,362,232,371,75,428,430,419,412,356,406,356,366,381,1,215,335,322,422,378,253,327,343,430,338,433,123,402,106,8,406,1
329,1641772,Nae'Qwan Tomlin,Nae'Qwan,1610612739,CLE,24.0,2,2,0,1.0,3.5,1.0,2.0,0.5,0.0,0.5,0.0,1.0,1.0,1.0,0.5,0.5,1.0,0.0,0.0,0.5,0.5,0.0,1.0,0.5,3.0,2.5,7.2,0,0,6.0,416,289,426,1,434,337,363,139,356,364,356,228,270,1,265,395,369,422,412,253,108,343,329,338,340,123,346,106,8,357,1
330,1630230,Naji Marshall,Naji,1610612742,DAL,27.0,10,3,7,0.3,24.5,3.2,6.9,0.464,0.6,2.4,0.25,3.3,3.9,0.846,0.7,3.6,4.3,2.3,0.8,1.3,0.0,0.6,2.2,2.2,10.3,-4.3,22.0,0,0,20.1,22,232,26,346,165,196,196,220,264,228,286,67,74,127,226,110,144,159,249,57,327,104,154,128,169,367,165,106,8,176,1
331,1629675,Naz Reid,Naz,1610612750,MIN,26.0,10,6,4,0.6,23.1,4.2,9.7,0.433,1.7,4.9,0.347,1.1,1.7,0.647,1.1,3.9,5.0,1.7,1.4,0.9,0.9,0.8,2.5,1.6,11.2,-0.7,23.8,1,0,23.2,22,41,150,157,184,138,126,277,102,95,188,224,193,308,141,99,110,206,154,131,53,52,95,184,150,239,143,59,8,145,1
332,1629674,Neemias Queta,Neemias,1610612738,BOS,26.0,11,5,6,0.455,23.8,3.6,5.7,0.635,0.0,0.2,0.0,1.4,2.3,0.6,2.9,5.0,7.9,1.5,1.0,0.8,1.4,0.1,3.5,2.6,8.6,7.5,26.0,2,0,22.5,1,117,55,263,176,171,229,46,356,398,356,182,140,324,24,49,31,229,207,165,20,340,25,99,201,39,117,32,8,155,1
333,1629651,Nic Claxton,Nic,1610612751,BKN,26.0,10,1,9,0.1,28.2,5.6,9.0,0.622,0.0,0.4,0.0,3.4,4.8,0.708,3.0,4.0,7.0,3.7,1.3,0.9,1.0,0.7,3.0,4.9,14.6,-10.2,33.0,2,0,29.1,22,348,1,402,114,85,137,51,356,378,356,65,52,258,20,87,44,72,175,131,38,74,45,33,99,439,69,32,8,87,1
334,1630208,Nick Richards,Nick,1610612756,PHX,27.0,10,5,5,0.5,9.8,1.6,2.9,0.552,0.0,0.0,0.0,1.1,1.2,0.917,1.2,1.9,3.1,0.3,1.0,0.2,0.5,0.4,1.4,1.1,4.3,-2.6,9.6,0,0,9.1,22,117,103,214,342,303,329,91,356,406,356,224,259,63,121,245,220,394,207,354,108,176,296,250,302,311,314,106,8,316,1
335,1641733,Nick Smith Jr.,Nick,1610612747,LAL,21.0,5,3,2,0.6,17.4,3.0,7.0,0.429,1.4,3.2,0.438,0.4,0.6,0.667,0.0,1.2,1.2,2.4,2.0,0.4,0.2,0.2,0.8,1.0,7.8,2.8,12.6,0,0,14.0,330,232,298,157,253,203,194,285,130,185,78,329,333,281,402,326,361,150,81,301,235,272,360,252,219,115,280,106,8,256,1
336,1629638,Nickeil Alexander-Walker,Nickeil,1610612737,ATL,27.0,9,4,5,0.444,30.9,5.9,13.4,0.438,2.0,6.1,0.327,3.8,4.4,0.85,0.6,2.0,2.6,3.2,2.6,1.0,0.8,0.3,1.9,3.8,17.6,-4.3,28.2,0,0,28.9,122,176,103,269,76,72,63,266,69,48,222,57,61,124,254,230,259,96,47,97,68,201,217,54,65,368,99,106,8,89,1
337,201587,Nicolas Batum,Nicolas,1610612746,LAC,36.0,9,3,6,0.333,15.9,1.0,3.6,0.281,1.0,3.3,0.3,0.0,0.0,0.0,0.6,2.0,2.6,0.8,0.6,0.7,0.6,0.0,1.7,0.1,3.0,-3.2,10.3,0,0,9.8,122,232,55,308,276,337,305,407,190,174,251,384,393,384,254,230,259,325,308,206,104,343,251,411,340,331,308,106,8,305,1
338,1628502,Nigel Hayes-Davis,Nigel,1610612756,PHX,30.0,9,4,5,0.444,8.9,0.9,1.8,0.5,0.1,0.7,0.167,0.0,0.0,0.0,0.6,0.7,1.2,0.4,0.4,0.4,0.0,0.0,0.9,0.0,1.9,-5.9,4.9,0,0,4.6,122,176,103,269,358,370,384,139,351,355,343,384,393,384,254,384,359,372,338,281,327,343,353,414,390,404,387,106,8,389,1
339,203999,Nikola Jokić,Nikola,1610612743,DEN,30.0,9,7,2,0.778,34.0,9.7,15.0,0.644,1.6,4.4,0.35,4.3,5.0,0.867,2.9,10.1,13.0,11.9,3.1,1.9,0.8,0.4,2.8,5.1,25.2,14.3,63.5,8,6,57.0,122,15,298,59,27,8,41,41,117,119,182,47,46,111,25,2,2,1,22,11,68,157,69,30,16,4,2,1,1,3,1
340,1631107,Nikola Jović,Nikola,1610612748,MIA,22.0,10,6,4,0.6,22.2,3.4,7.5,0.453,1.3,3.7,0.351,2.4,3.0,0.8,0.8,3.6,4.4,3.1,1.9,0.7,0.3,0.4,2.3,2.3,10.5,5.6,21.5,0,0,21.3,22,41,150,157,197,187,174,240,149,156,181,97,92,173,206,110,139,106,94,197,186,176,139,116,164,62,172,106,8,167,1
341,202696,Nikola Vučević,Nikola,1610612741,CHI,35.0,9,6,3,0.667,31.6,7.0,12.6,0.558,1.9,4.0,0.472,1.9,2.3,0.81,2.4,8.1,10.6,3.4,1.9,0.9,0.3,0.4,2.6,2.1,17.8,-1.0,37.4,5,0,36.1,122,41,222,99,61,43,76,87,90,141,54,129,133,167,35,9,9,81,100,136,163,157,88,135,62,251,39,11,8,41,1
342,1642363,Nique Clifford,Nique,1610612758,SAC,23.0,6,2,4,0.333,21.7,2.2,5.3,0.406,0.7,2.2,0.308,0.3,0.7,0.5,1.0,2.8,3.8,2.5,0.8,0.7,0.5,0.3,2.3,0.5,5.3,-0.8,16.4,0,0,14.7,298,289,150,308,201,262,244,309,245,242,242,348,322,343,145,171,170,138,245,206,108,201,126,338,281,248,235,106,8,250,1
343,1641730,Noah Clowney,Noah,1610612751,BKN,21.0,10,1,9,0.1,23.4,2.4,7.5,0.32,1.4,5.4,0.259,1.9,2.5,0.76,1.0,2.5,3.5,1.6,1.4,0.4,0.2,0.7,1.5,1.7,8.1,-6.4,15.1,0,0,15.8,22,348,1,402,179,247,174,393,130,67,282,126,120,212,145,199,193,219,154,301,235,74,278,174,213,409,254,106,8,235,1
344,1642869,Noah Penda,Noah,1610612753,ORL,20.0,6,2,4,0.333,7.5,1.0,1.8,0.545,0.3,0.3,1.0,0.5,0.7,0.75,0.8,0.8,1.7,0.8,0.3,0.2,0.3,0.0,1.0,0.5,2.8,-0.3,7.3,0,0,6.7,298,289,150,308,373,337,379,100,300,383,1,307,322,220,199,368,332,316,360,364,163,343,329,338,352,223,345,106,8,347,1
345,1642849,Nolan Traore,Nolan,1610612751,BKN,19.0,3,0,3,0.0,11.0,0.7,3.0,0.222,0.7,2.0,0.333,0.3,0.7,0.5,0.0,0.3,0.3,1.3,0.7,0.7,0.0,0.0,1.7,0.3,2.3,-7.0,6.1,0,0,6.0,381,419,222,419,327,384,318,423,245,248,200,348,322,343,402,409,425,258,276,206,327,343,251,373,368,414,365,106,8,357,1
346,1626181,Norman Powell,Norman,1610612748,MIA,32.0,7,5,2,0.714,29.9,7.0,15.0,0.467,2.6,5.6,0.462,6.7,7.1,0.94,0.4,4.1,4.6,2.4,2.4,1.4,0.1,1.1,2.1,4.3,23.3,4.0,34.7,0,0,36.0,265,117,298,87,90,43,41,214,39,63,60,13,19,54,292,80,132,148,56,42,272,14,167,48,26,90,57,106,8,43,1
347,1628384,OG Anunoby,OG,1610612752,NYK,28.0,9,6,3,0.667,33.2,6.7,13.6,0.492,3.1,7.1,0.438,1.8,2.3,0.762,1.9,4.3,6.2,2.4,1.7,2.2,0.7,1.1,2.1,2.2,18.2,11.2,36.4,1,0,35.8,122,41,222,99,42,50,61,174,15,32,78,135,133,211,63,73,67,147,118,6,79,16,174,125,60,13,45,59,8,46,1
348,1630167,Obi Toppin,Obi,1610612754,IND,27.0,3,0,3,0.0,27.4,5.0,12.0,0.417,1.0,5.7,0.176,3.0,3.0,1.0,1.0,5.7,6.7,1.7,2.0,1.0,0.0,0.7,2.3,1.7,14.0,-2.7,25.5,0,0,25.3,381,419,222,419,126,107,88,296,190,57,341,72,92,1,145,31,53,210,81,97,327,81,126,176,108,315,124,106,8,119,1
349,1630534,Ochai Agbaji,Ochai,1610612761,TOR,25.0,9,4,5,0.444,13.9,1.0,2.8,0.36,0.1,1.3,0.083,0.6,0.9,0.625,0.2,1.9,2.1,0.7,0.3,0.6,0.1,0.3,1.8,0.8,2.7,1.8,7.9,0,0,6.9,122,176,103,269,295,337,335,356,351,299,355,304,298,315,363,249,288,336,360,240,302,201,233,301,355,155,338,106,8,345,1
350,1641765,Olivier-Maxence Prosper,Olivier-Maxence,1610612763,MEM,23.0,8,3,5,0.375,6.3,1.0,1.6,0.615,0.0,0.4,0.0,1.5,1.5,1.0,0.6,1.1,1.8,0.1,0.4,0.1,0.0,0.0,0.3,0.8,3.5,-2.3,5.8,0,0,5.6,223,232,103,296,387,337,395,54,356,381,356,162,218,1,239,330,322,416,355,373,327,343,430,305,326,296,371,106,8,366,1
351,1630168,Onyeka Okongwu,Onyeka,1610612737,ATL,24.0,10,5,5,0.5,29.1,4.8,10.1,0.475,1.1,3.3,0.333,2.3,3.4,0.676,2.0,6.6,8.6,2.3,1.2,0.8,1.0,0.7,3.5,2.5,13.0,-0.5,31.0,3,0,28.6,22,117,103,214,105,118,119,198,184,179,200,101,84,280,52,21,21,159,186,167,38,74,20,101,122,233,82,24,8,92,1
352,1631115,Orlando Robinson,Orlando,1610612753,ORL,25.0,1,1,0,1.0,1.9,0.0,0.0,0.0,0.0,0.0,0.0,0.0,0.0,0.0,0.0,0.0,0.0,0.0,0.0,0.0,0.0,0.0,1.0,1.0,0.0,-2.0,0.0,0,0,0.0,438,348,426,1,453,437,450,437,356,406,356,384,393,384,402,428,437,422,412,382,327,343,329,252,441,286,450,106,8,450,1
353,1642345,Oso Ighodaro,Oso,1610612756,PHX,23.0,10,5,5,0.5,15.8,1.7,3.7,0.459,0.0,0.0,0.0,0.4,0.8,0.5,0.3,2.7,3.0,1.3,1.3,0.2,0.5,0.3,3.0,1.0,3.8,-4.4,10.2,0,0,9.5,22,117,103,214,280,293,299,230,356,406,356,329,306,343,346,185,223,262,175,354,108,233,45,252,317,372,310,106,8,309,1
354,1631172,Ousmane Dieng,Ousmane,1610612760,OKC,22.0,8,7,1,0.875,10.1,0.5,2.4,0.211,0.3,1.4,0.182,0.3,0.3,1.0,0.3,1.8,2.0,0.5,0.3,0.1,0.6,0.1,1.1,0.1,1.5,-1.0,6.7,0,0,5.8,223,15,371,37,336,401,350,428,319,298,337,366,381,1,355,260,293,361,378,373,91,311,323,408,404,251,351,106,8,363,1
355,1629023,P.J. Washington,P.J.,1610612742,DAL,27.0,10,3,7,0.3,33.9,5.7,12.6,0.452,1.1,4.0,0.275,2.9,4.5,0.644,1.3,7.1,8.4,2.7,2.8,0.9,1.3,0.6,2.3,3.3,15.4,-5.7,33.3,2,0,32.0,22,232,26,346,30,81,75,241,184,141,267,77,56,309,114,15,25,129,34,131,23,104,139,74,86,402,63,32,8,64,1
356,1641790,PJ Hall,PJ,1610612763,MEM,23.0,6,2,4,0.333,3.3,0.5,0.8,0.6,0.2,0.3,0.5,0.3,0.3,1.0,0.3,0.7,1.0,0.2,0.2,0.0,0.3,0.0,0.5,0.2,1.5,1.2,3.8,0,0,3.5,298,289,150,308,439,401,432,57,344,383,23,348,372,1,322,384,369,412,397,382,163,343,400,400,404,169,409,106,8,406,1
357,1642359,Pacome Dadiet,Pacome,1610612752,NYK,20.0,4,4,0,1.0,3.1,0.0,0.5,0.0,0.0,0.0,0.0,0.5,0.5,1.0,0.0,0.8,0.8,0.3,0.0,0.0,0.0,0.0,0.3,0.3,0.5,-1.3,1.8,0,0,1.5,362,176,426,1,442,437,441,437,356,406,356,307,346,1,402,376,399,399,412,382,327,343,430,390,437,261,443,106,8,444,1
358,1631094,Paolo Banchero,Paolo,1610612753,ORL,22.0,10,4,6,0.4,34.6,7.1,15.6,0.455,0.9,4.1,0.22,7.7,9.9,0.778,1.0,8.1,9.1,4.4,2.9,0.7,1.0,1.3,2.5,6.7,22.8,2.3,42.5,5,0,40.6,22,176,55,280,19,40,34,233,222,137,320,5,6,196,145,10,17,52,27,197,38,5,95,8,27,130,21,11,8,26,1
359,1627783,Pascal Siakam,Pascal,1610612754,IND,31.0,9,1,8,0.111,35.4,8.9,20.3,0.437,1.7,5.1,0.326,4.9,8.3,0.587,1.4,6.4,7.9,5.8,2.8,1.3,0.3,0.6,3.2,6.0,24.3,-4.9,44.7,4,0,43.0,122,348,19,395,13,15,8,267,103,85,223,34,10,335,102,22,32,26,36,50,163,115,35,15,20,385,13,14,8,16,1
360,1626192,Pat Connaughton,Pat,1610612766,CHA,32.0,5,2,3,0.4,7.9,1.4,2.6,0.538,0.6,1.4,0.429,0.4,0.6,0.667,0.4,1.0,1.4,0.4,0.4,0.0,0.2,0.2,0.6,0.6,3.8,-2.6,6.3,0,0,6.6,330,289,222,280,367,318,338,105,264,296,87,329,333,281,300,335,348,377,344,382,235,272,394,326,317,311,358,106,8,350,1
361,1630311,Pat Spencer,Pat,1610612744,GSW,29.0,7,4,3,0.571,11.8,1.4,4.4,0.323,0.3,1.1,0.25,1.0,1.1,0.875,0.4,1.3,1.7,1.9,0.6,0.7,0.1,0.7,0.9,0.7,4.1,-3.9,11.0,0,0,9.7,265,176,222,192,319,315,277,389,314,310,286,228,265,94,292,319,328,196,305,191,272,69,357,311,306,353,301,106,8,307,1
362,1630172,Patrick Williams,Patrick,1610612741,CHI,24.0,9,6,3,0.667,22.7,2.8,6.1,0.455,1.8,3.9,0.457,1.2,1.8,0.688,0.4,2.6,3.0,1.8,0.7,0.9,0.4,0.2,1.7,1.6,8.6,0.4,18.2,0,0,17.8,122,41,222,99,192,222,219,234,97,148,64,202,188,275,286,197,223,202,276,136,130,263,251,192,203,198,203,106,8,200,1
363,1630194,Paul Reed,Paul,1610612765,DET,26.0,8,6,2,0.75,9.0,1.9,3.0,0.625,0.3,0.5,0.5,0.0,0.3,0.0,1.5,1.4,2.9,0.5,0.8,0.6,0.6,0.0,1.6,0.5,4.0,0.1,11.2,0,0,10.1,223,41,298,75,357,287,318,49,319,364,23,384,381,384,95,307,234,361,262,227,91,343,257,338,308,207,297,106,8,300,1
364,1630202,Payton Pritchard,Payton,1610612738,BOS,27.0,11,5,6,0.455,32.0,5.7,13.3,0.432,1.9,7.4,0.259,2.1,2.6,0.793,1.0,2.9,3.9,5.1,1.5,0.9,0.0,0.5,2.2,2.0,15.5,4.2,29.0,2,0,28.2,1,117,55,263,55,78,67,281,86,28,282,114,114,188,145,165,164,40,136,129,327,124,161,140,85,87,97,32,8,94,1
365,1641796,Pelle Larsson,Pelle,1610612748,MIA,24.0,10,6,4,0.6,20.1,3.5,6.1,0.574,1.0,2.9,0.345,1.6,2.0,0.8,0.3,2.1,2.4,2.5,0.7,0.6,0.0,0.3,1.8,2.5,9.6,-1.5,17.3,0,0,16.7,22,41,150,157,221,178,220,76,190,203,191,152,155,173,346,228,267,138,272,231,327,233,226,101,182,274,219,106,8,215,1
366,1631212,Peyton Watson,Peyton,1610612743,DEN,23.0,9,7,2,0.778,21.2,2.4,5.1,0.478,0.4,1.4,0.308,1.8,2.1,0.842,1.3,2.7,4.0,1.7,1.1,1.2,1.1,0.4,1.4,1.6,7.1,5.9,20.3,0,0,17.9,122,15,298,59,207,243,251,193,282,293,242,135,151,130,109,187,154,210,195,62,32,157,291,192,235,58,182,106,8,198,1
367,1630173,Precious Achiuwa,Precious,1610612758,SAC,26.0,3,1,2,0.333,18.5,2.7,4.7,0.571,0.0,1.0,0.0,1.3,2.0,0.667,1.7,4.0,5.7,0.0,0.7,0.3,0.7,0.0,1.0,2.3,6.7,-1.0,15.8,1,0,14.3,381,348,298,308,238,226,272,78,356,316,356,184,155,281,78,87,84,422,276,321,79,343,329,112,247,251,242,59,8,254,1
368,1629656,Quentin Grimes,Quentin,1610612755,PHI,25.0,10,6,4,0.6,31.0,5.4,11.5,0.47,2.5,6.3,0.397,3.9,4.8,0.813,0.5,3.6,4.1,4.4,3.2,1.0,0.4,0.5,2.7,3.6,17.2,3.9,29.7,1,0,31.0,22,41,150,157,73,92,98,212,43,45,125,53,52,165,265,110,153,52,19,97,146,126,74,60,70,93,92,59,8,75,1
369,1631245,Quenton Jackson,Quenton,1610612754,IND,27.0,5,1,4,0.2,20.1,4.0,7.4,0.541,1.2,2.4,0.5,2.6,3.6,0.722,1.0,2.4,3.4,3.6,1.2,1.0,0.2,0.8,2.0,3.8,11.8,6.4,23.7,1,0,22.4,330,348,150,374,220,149,181,104,167,228,23,88,82,247,145,208,201,75,186,97,235,52,186,53,140,51,147,59,8,157,1
370,1642366,Quinten Post,Quinten,1610612744,GSW,25.0,11,6,5,0.545,16.0,2.4,5.0,0.473,1.3,3.4,0.378,0.4,0.5,0.8,1.0,3.2,4.2,1.0,0.6,0.5,0.6,0.2,1.4,0.5,6.4,6.1,15.5,0,0,15.0,1,41,103,210,274,253,254,204,156,173,146,347,353,173,145,143,149,289,292,279,88,296,303,337,252,57,247,106,8,245,1
371,1629628,RJ Barrett,RJ,1610612761,TOR,25.0,10,5,5,0.5,32.6,7.6,13.9,0.547,2.1,5.3,0.396,3.4,4.5,0.756,0.6,4.1,4.7,3.8,1.8,1.0,0.4,0.9,2.8,3.3,20.7,-1.5,34.4,0,0,34.1,22,117,103,214,48,35,58,97,64,78,126,65,56,218,241,85,126,69,105,97,146,44,66,74,39,274,59,106,8,53,1
372,1642853,Rasheer Fleming,Rasheer,1610612756,PHX,21.0,5,3,2,0.6,4.0,0.4,1.8,0.222,0.2,1.0,0.2,0.0,0.0,0.0,0.6,0.4,1.0,0.4,0.0,0.2,0.0,0.0,0.8,0.0,1.0,-2.2,3.4,0,0,3.0,330,232,298,157,427,418,380,423,331,316,322,384,393,384,241,403,369,377,412,354,327,343,360,414,420,293,418,106,8,418,1
373,1642484,RayJ Dennis,RayJ,1610612754,IND,24.0,9,1,8,0.111,17.0,2.1,7.2,0.292,1.1,3.8,0.294,0.7,0.8,0.857,0.9,1.1,2.0,2.7,1.3,0.3,0.4,0.2,1.8,0.8,6.0,-7.7,13.4,0,0,13.3,122,348,19,395,258,265,188,401,179,151,256,284,309,115,194,333,293,131,164,321,130,263,233,301,263,421,271,106,8,266,1
374,1641712,Rayan Rupert,Rayan,1610612757,POR,21.0,4,4,0,1.0,6.3,0.5,1.3,0.4,0.3,0.8,0.333,0.0,0.0,0.0,0.3,1.0,1.3,0.5,0.3,0.5,0.0,0.3,0.5,0.5,1.3,0.3,4.8,0,0,4.3,362,176,426,1,388,401,414,315,319,350,200,384,393,384,355,335,358,361,378,253,327,252,400,338,415,204,392,106,8,395,1
375,1642263,Reed Sheppard,Reed,1610612745,HOU,21.0,9,6,3,0.667,21.8,4.1,8.9,0.463,2.6,5.3,0.479,0.4,0.7,0.667,0.3,1.8,2.1,3.2,1.3,1.3,0.3,0.1,1.6,0.7,11.2,3.1,22.3,0,0,22.4,122,41,222,99,200,142,138,222,40,71,51,322,322,281,322,258,288,96,164,50,163,320,271,315,148,105,161,106,8,156,1
376,1642434,Riley Minix,Riley,1610612759,SAS,25.0,3,2,1,0.667,2.8,1.3,2.0,0.667,0.3,1.0,0.333,0.0,0.0,0.0,0.3,0.3,0.7,0.3,0.0,0.3,0.0,0.0,0.3,0.0,3.0,4.3,5.3,0,0,5.0,381,289,371,99,445,322,363,29,300,316,200,384,393,384,322,409,404,383,412,321,327,343,423,414,340,83,378,106,8,379,1
377,1642265,Rob Dillingham,Rob,1610612750,MIN,20.0,8,4,4,0.5,12.9,2.4,5.6,0.422,0.3,1.1,0.222,1.0,1.4,0.727,0.0,0.8,0.8,2.5,1.5,0.6,0.0,0.6,1.4,0.9,6.0,-2.5,11.0,0,0,10.8,223,176,150,214,304,250,233,294,319,313,314,228,235,245,402,376,399,138,138,227,327,101,301,289,263,306,300,106,8,295,1
378,1629057,Robert Williams III,Robert,1610612757,POR,28.0,4,2,2,0.5,9.3,1.3,1.8,0.714,0.0,0.3,0.0,0.0,0.3,0.0,1.5,1.8,3.3,1.0,0.0,0.3,0.5,0.0,1.0,0.3,2.5,-4.0,10.2,0,0,8.3,362,289,298,214,349,330,386,24,356,394,356,384,381,384,95,260,210,289,412,346,108,343,329,390,362,355,310,106,8,328,1
379,1631199,Ron Harper Jr.,Ron,1610612738,BOS,25.0,2,1,1,0.5,5.6,0.5,2.5,0.2,0.0,2.0,0.0,0.0,0.0,0.0,0.5,1.0,1.5,1.5,0.0,0.0,0.0,0.0,0.5,0.0,1.0,2.5,5.1,0,0,4.0,416,348,371,214,402,401,345,429,356,248,356,384,393,384,265,335,345,232,412,382,327,343,400,414,420,123,383,106,8,399,1
380,1641842,Ronald Holland II,Ronald,1610612765,DET,20.0,10,8,2,0.8,23.2,3.5,8.4,0.417,1.2,3.6,0.333,1.5,1.8,0.833,0.9,2.9,3.8,2.0,1.7,1.6,0.3,0.7,3.0,1.6,9.7,1.3,21.3,0,0,20.5,22,7,298,48,182,178,150,296,167,164,200,162,181,135,189,166,172,174,114,28,186,74,45,184,179,167,176,106,8,175,1
381,1626220,Royce O'Neale,Royce,1610612756,PHX,32.0,10,5,5,0.5,31.5,4.4,9.7,0.454,3.6,8.3,0.434,0.2,0.4,0.5,1.2,4.5,5.7,3.3,1.7,1.5,0.1,0.1,2.7,0.8,12.6,-1.5,27.5,1,0,28.4,22,117,103,214,66,134,126,239,8,15,83,370,359,343,121,64,82,89,114,35,315,333,74,294,127,274,103,59,8,93,1
382,203497,Rudy Gobert,Rudy,1610612750,MIN,33.0,10,6,4,0.6,31.8,4.5,5.9,0.763,0.0,0.0,0.0,1.6,3.0,0.533,3.0,6.9,9.9,1.5,1.5,0.5,1.8,0.3,2.8,3.7,10.6,8.4,30.1,4,0,26.6,22,41,150,157,59,130,224,13,356,406,356,152,92,341,20,18,13,232,138,253,8,233,66,56,162,29,89,14,8,105,1
383,1629060,Rui Hachimura,Rui,1610612747,LAL,27.0,10,7,3,0.7,34.6,5.9,10.4,0.567,1.9,3.9,0.487,2.1,2.8,0.75,0.7,3.0,3.7,1.4,1.4,0.5,0.3,0.5,2.4,1.8,15.8,-0.3,23.3,0,0,24.4,22,15,222,93,20,71,115,83,87,147,48,110,108,220,226,152,181,253,154,253,186,126,116,167,83,222,148,106,8,129,1
384,201566,Russell Westbrook,Russell,1610612758,SAC,36.0,10,3,7,0.3,28.0,5.5,11.8,0.466,2.3,5.1,0.451,1.7,2.4,0.708,1.6,4.8,6.4,5.5,2.9,1.2,0.2,1.0,2.1,2.2,15.0,-3.6,32.2,3,1,32.0,22,232,26,346,117,89,93,217,55,86,68,144,130,258,83,56,64,28,27,68,235,23,180,128,92,341,74,24,4,64,1
385,1642346,Ryan Dunn,Ryan,1610612756,PHX,22.0,10,5,5,0.5,24.4,3.9,7.9,0.494,1.1,3.6,0.306,0.7,0.9,0.778,2.2,3.4,5.6,1.7,0.9,1.1,0.9,0.2,2.4,0.8,9.6,1.9,24.0,1,0,22.0,22,117,103,214,168,159,164,171,184,164,249,281,294,196,44,125,87,206,234,88,53,272,116,294,182,149,141,59,8,160,1
386,1641750,Ryan Kalkbrenner,Ryan,1610612766,CHA,23.0,9,3,6,0.333,27.4,4.3,5.3,0.813,0.0,0.1,0.0,0.6,0.8,0.714,3.3,3.6,6.9,0.6,1.8,1.1,2.6,0.3,2.2,0.9,9.2,0.6,27.5,2,0,24.0,122,232,55,308,127,135,244,10,356,401,356,304,309,249,15,116,49,359,107,83,2,201,148,283,186,195,102,32,8,132,1
387,1642948,Ryan Nembhard,Ryan,1610612742,DAL,22.0,5,2,3,0.4,9.0,1.4,3.0,0.467,0.0,0.8,0.0,0.4,0.6,0.667,0.2,0.0,0.2,1.8,1.2,0.0,0.0,0.2,0.6,0.6,3.2,-3.8,4.9,0,0,5.2,330,289,222,280,355,318,318,214,356,342,356,329,333,281,373,428,433,200,186,382,327,272,394,326,335,350,386,106,8,376,1
388,1631157,Ryan Rollins,Ryan,1610612749,MIL,23.0,10,6,4,0.6,30.9,6.4,12.2,0.525,2.2,5.1,0.431,1.9,2.3,0.826,0.9,2.6,3.5,5.4,2.5,1.9,0.2,0.9,2.7,2.9,16.9,0.7,33.0,0,0,32.2,22,41,150,157,74,62,85,114,60,86,85,126,138,151,189,195,193,30,49,10,235,44,74,89,74,190,67,106,8,63,1
389,1630180,Saddiq Bey,Saddiq,1610612740,NOP,26.0,9,2,7,0.222,25.3,4.0,8.9,0.45,2.0,4.8,0.419,1.0,1.6,0.643,1.1,2.8,3.9,1.4,0.6,0.7,0.0,0.8,0.8,1.1,11.0,-7.2,19.3,0,0,19.7,122,289,26,367,147,149,138,245,69,100,94,228,213,310,136,181,166,246,308,206,327,59,370,247,155,416,191,106,8,183,1
390,1630573,Sam Hauser,Sam,1610612738,BOS,27.0,11,5,6,0.455,22.7,2.5,7.3,0.338,2.4,6.5,0.366,0.3,0.4,0.75,0.7,2.4,3.1,1.5,0.7,0.5,0.3,0.0,1.1,0.4,7.5,0.5,15.2,0,0,16.1,1,117,55,263,190,242,186,375,51,43,160,364,370,220,220,214,222,245,264,250,205,343,328,371,225,197,253,106,8,228,1
391,1630241,Sam Merrill,Sam,1610612739,CLE,29.0,7,6,1,0.857,25.1,4.7,8.6,0.55,4.0,7.3,0.549,1.6,1.6,1.0,0.7,1.0,1.7,2.6,1.0,0.6,0.1,0.0,3.3,2.3,15.0,8.6,22.1,0,0,24.7,265,41,371,38,154,121,144,93,4,29,18,158,211,1,222,335,328,134,207,236,272,343,32,119,92,28,163,106,8,125,1
392,1630572,Sandro Mamukelashvili,Sandro,1610612761,TOR,26.0,10,5,5,0.5,17.8,3.2,5.5,0.582,1.0,2.3,0.435,1.6,2.0,0.8,1.1,2.3,3.4,1.9,1.0,0.5,0.4,0.3,1.7,1.2,9.0,5.4,17.6,0,0,17.1,22,117,103,214,246,196,240,71,190,236,80,152,155,173,141,216,201,190,207,253,146,233,249,234,192,65,213,106,8,208,1
393,1630583,Santi Aldama,Santi,1610612763,MEM,24.0,11,4,7,0.364,25.4,4.7,10.8,0.437,1.4,4.5,0.3,1.2,1.9,0.619,1.7,4.8,6.5,2.4,1.5,1.1,0.6,0.4,1.5,1.7,12.0,-3.2,27.0,1,0,25.7,1,176,26,301,146,120,110,269,139,117,251,216,174,320,74,54,62,153,136,95,88,199,277,172,136,330,107,59,8,113,1
394,1630567,Scottie Barnes,Scottie,1610612761,TOR,24.0,10,5,5,0.5,32.5,7.7,15.7,0.49,2.0,4.4,0.455,2.5,3.3,0.758,1.9,5.1,7.0,4.9,1.9,1.6,1.6,0.4,3.5,3.0,19.9,0.6,43.4,4,0,40.2,22,117,103,214,50,32,32,176,69,123,65,90,87,215,62,47,44,44,94,28,12,176,20,86,46,193,18,14,8,27,1
395,1631101,Shaedon Sharpe,Shaedon,1610612757,POR,22.0,9,5,4,0.556,26.9,6.6,17.1,0.383,1.8,7.2,0.246,3.6,4.0,0.889,1.8,3.6,5.3,1.4,3.2,1.7,0.2,1.0,2.0,3.6,18.4,4.0,29.5,0,0,30.8,122,117,150,200,131,54,20,335,97,31,296,62,69,83,68,116,95,246,16,21,220,23,186,61,57,90,93,106,8,78,1
396,1628983,Shai Gilgeous-Alexander,Shai,1610612760,OKC,27.0,11,10,1,0.909,34.8,11.3,21.6,0.521,2.1,6.0,0.348,8.5,9.5,0.904,0.4,4.8,5.2,6.0,1.7,1.1,1.1,0.8,1.9,6.5,33.2,9.7,53.2,1,0,50.8,1,1,371,30,18,3,3,118,67,50,185,4,7,76,318,54,105,24,112,95,36,50,214,9,4,19,6,59,8,7,1
397,1630536,Sharife Cooper,Sharife,1610612764,WAS,24.0,2,0,2,0.0,2.0,0.0,0.0,0.0,0.0,0.0,0.0,0.0,0.0,0.0,0.0,0.0,0.0,0.0,0.5,0.0,0.0,0.0,0.0,0.0,0.0,-2.5,-0.5,0,0,0.0,416,419,298,419,452,437,450,437,356,406,356,384,393,384,402,428,437,422,319,382,327,343,439,414,441,306,453,106,8,450,1
398,1631321,Sidy Cissoko,Sidy,1610612757,POR,21.0,4,2,2,0.5,10.0,0.8,1.8,0.429,0.0,0.5,0.0,0.5,0.8,0.667,1.0,0.8,1.8,0.5,0.0,0.5,0.0,0.0,2.0,0.5,2.0,-0.3,6.4,0,0,5.3,362,289,298,214,337,379,386,285,356,364,356,307,312,281,145,376,322,361,412,253,327,343,186,338,378,218,356,106,8,374,1
399,1631323,Simone Fontecchio,Simone,1610612748,MIA,29.0,10,6,4,0.6,19.6,3.7,7.3,0.507,2.4,4.8,0.5,1.4,1.6,0.875,0.6,1.7,2.3,1.3,0.9,0.5,0.2,0.4,2.2,0.8,11.2,4.7,17.1,0,0,18.6,22,41,150,157,229,169,185,132,47,99,23,176,206,94,241,265,274,262,234,253,235,176,154,294,150,77,223,106,8,190,1
400,1642883,Sion James,Sion,1610612766,CHA,22.0,9,3,6,0.333,25.2,3.0,5.0,0.6,1.7,2.8,0.6,1.2,1.3,0.917,0.3,2.7,3.0,1.4,0.9,0.6,0.3,0.4,1.6,1.4,8.9,0.1,16.4,0,0,16.8,122,232,55,308,149,203,254,57,103,210,16,202,236,63,322,187,223,246,237,240,163,157,271,204,193,208,234,106,8,213,1
401,1642461,Spencer Jones,Spencer,1610612743,DEN,24.0,6,5,1,0.833,6.5,0.7,1.3,0.5,0.2,0.7,0.25,0.2,0.3,0.5,0.3,0.0,0.3,0.3,0.7,0.5,0.2,0.0,0.7,0.2,1.7,2.2,3.9,0,0,3.8,298,117,371,42,386,384,407,139,344,355,286,376,372,343,322,428,425,383,276,253,260,343,379,400,398,135,408,106,8,403,1
402,201939,Stephen Curry,Stephen,1610612744,GSW,37.0,8,5,3,0.625,31.1,8.6,19.0,0.454,4.4,11.3,0.389,5.1,5.4,0.953,0.3,3.4,3.6,4.3,2.9,1.5,0.6,0.4,1.9,4.5,26.8,2.0,41.0,0,0,43.3,223,117,222,149,71,19,13,238,1,2,135,30,44,51,355,127,187,56,31,35,91,191,220,42,12,139,28,106,8,15,1
403,1642264,Stephon Castle,Stephon,1610612759,SAS,21.0,9,7,2,0.778,33.4,6.1,12.3,0.495,1.1,4.6,0.244,5.1,7.3,0.697,1.6,4.2,5.8,7.3,4.7,1.9,0.4,0.6,3.6,5.8,18.4,5.6,38.7,2,0,37.3,122,15,298,59,36,66,80,168,179,115,298,31,16,268,91,76,80,13,1,11,130,115,17,19,57,64,36,32,8,37,1
404,203500,Steven Adams,Steven,1610612745,HOU,32.0,8,5,3,0.625,22.2,2.5,4.0,0.625,0.0,0.0,0.0,1.8,2.1,0.824,4.8,4.1,8.9,1.5,1.1,0.9,0.5,0.0,2.3,2.1,6.8,5.1,22.7,2,0,19.9,223,117,222,149,198,238,291,49,356,406,356,139,148,153,3,82,18,232,193,149,108,343,145,134,244,69,157,32,8,180,1
405,1629004,Svi Mykhailiuk,Svi,1610612762,UTA,28.0,9,3,6,0.333,27.1,3.3,7.2,0.462,2.0,5.3,0.375,0.4,0.6,0.8,0.9,1.9,2.8,1.7,0.8,0.8,0.1,0.1,1.3,0.8,9.1,0.4,16.8,0,0,17.3,122,232,55,308,129,190,188,224,69,71,148,322,343,173,194,249,240,210,258,178,302,320,305,301,190,198,227,106,8,205,1
406,1643007,Taelon Peter,Taelon,1610612754,IND,23.0,7,1,6,0.143,9.3,0.4,2.0,0.214,0.4,1.9,0.231,0.4,0.4,1.0,0.3,0.7,1.0,1.0,0.7,0.1,0.1,0.0,0.4,0.3,1.7,-4.0,4.6,0,0,4.7,265,348,55,387,348,417,363,426,288,261,307,326,358,1,351,382,369,289,265,371,272,343,415,388,395,355,394,106,8,386,1
407,1631106,Tari Eason,Tari,1610612745,HOU,24.0,9,6,3,0.667,24.9,4.3,8.6,0.506,2.4,4.8,0.512,0.3,0.6,0.6,1.0,4.1,5.1,1.8,2.0,0.9,0.6,0.4,1.6,0.4,11.4,3.0,22.6,0,0,23.7,122,41,222,99,158,135,145,134,46,100,22,348,343,324,145,83,108,202,81,136,104,157,271,354,144,106,158,106,8,139,1
408,1627752,Taurean Prince,Taurean,1610612749,MIL,31.0,8,5,3,0.625,21.1,2.1,4.8,0.447,1.5,3.5,0.429,0.4,0.4,1.0,0.0,1.6,1.6,1.0,0.6,0.8,0.3,0.1,2.5,0.6,6.1,1.6,12.0,0,0,12.3,223,117,222,149,211,264,271,251,124,166,87,340,368,1,402,280,339,289,294,187,210,311,95,324,260,158,291,106,8,282,1
409,1641707,Taylor Hendricks,Taylor,1610612762,UTA,21.0,9,3,6,0.333,16.5,1.7,4.4,0.375,0.4,1.9,0.235,0.7,0.9,0.75,1.8,2.4,4.2,0.4,0.6,0.4,0.3,0.4,0.4,0.6,4.4,-3.8,12.0,0,0,11.1,122,232,55,308,266,296,276,340,282,259,301,284,298,220,68,204,146,372,308,281,163,157,413,335,301,348,290,106,8,293,1
410,1629611,Terance Mann,Terance,1610612751,BKN,29.0,10,1,9,0.1,26.3,3.8,7.5,0.507,1.0,3.1,0.323,1.2,1.5,0.8,1.7,1.3,3.0,3.4,0.8,1.1,0.1,0.4,3.3,1.9,9.8,-7.3,21.3,0,0,19.6,22,348,1,402,139,162,174,133,190,194,229,209,218,173,76,318,223,83,249,88,315,176,30,153,177,418,175,106,8,184,1
411,1630545,Terrence Shannon Jr.,Terrence,1610612750,MIN,25.0,7,4,3,0.571,16.5,1.3,4.0,0.321,0.6,1.6,0.364,0.7,1.0,0.714,0.4,2.0,2.4,1.1,0.9,0.6,0.0,0.9,1.6,1.6,3.9,-6.9,9.3,0,0,9.1,265,176,222,192,265,328,291,391,268,285,164,276,270,249,292,230,264,285,244,236,327,48,266,190,316,413,319,106,8,315,1
412,203648,Thanasis Antetokounmpo,Thanasis,1610612749,MIL,33.0,1,1,0,1.0,1.7,0.0,1.0,0.0,0.0,0.0,0.0,0.0,0.0,0.0,0.0,0.0,0.0,0.0,0.0,0.0,0.0,0.0,0.0,0.0,0.0,-2.0,0.0,0,0,0.0,438,348,426,1,454,437,419,437,356,406,356,384,393,384,402,428,437,422,412,382,327,343,439,414,441,286,450,106,8,450,1
413,1628418,Thomas Bryant,Thomas,1610612739,CLE,28.0,6,4,2,0.667,5.7,1.0,2.3,0.429,0.0,1.0,0.0,0.0,0.3,0.0,0.5,0.8,1.3,0.2,0.2,0.5,0.3,0.2,0.7,0.5,2.0,-3.7,6.2,0,0,5.2,298,176,298,99,399,337,351,285,356,316,356,384,372,384,265,368,352,412,397,253,163,298,379,338,378,343,363,106,8,378,1
414,1642275,Tidjane Salaün,Tidjane,1610612766,CHA,20.0,7,3,4,0.429,11.9,1.0,2.7,0.368,0.6,1.7,0.333,0.6,0.9,0.667,0.7,2.9,3.6,0.7,0.4,0.3,0.1,0.1,1.1,0.4,3.1,2.7,9.4,0,0,8.9,265,232,150,276,316,337,337,352,268,269,200,302,302,281,222,170,191,333,342,342,272,306,321,358,337,119,318,106,8,319,1
415,203501,Tim Hardaway Jr.,Tim,1610612743,DEN,33.0,9,7,2,0.778,22.9,4.0,8.3,0.48,2.6,5.6,0.46,0.9,1.0,0.889,0.3,1.6,1.9,1.6,0.3,0.4,0.0,0.1,1.6,0.9,11.4,7.2,17.0,0,0,18.3,122,15,298,59,188,149,153,191,40,64,63,258,270,83,322,287,315,223,360,281,327,320,271,283,144,43,224,106,8,194,1
416,202699,Tobias Harris,Tobias,1610612765,DET,33.0,6,4,2,0.667,32.2,4.7,11.8,0.394,1.3,4.7,0.286,2.8,3.0,0.944,0.8,5.2,6.0,2.8,1.3,0.8,0.2,0.7,3.0,2.2,13.5,-1.0,26.6,0,0,25.7,298,176,298,99,53,123,91,323,143,107,259,79,92,53,199,43,73,124,164,161,260,81,45,132,116,251,113,106,8,114,1
417,1642449,Tolu Smith,Tolu,1610612765,DET,25.0,1,0,1,0.0,6.1,3.0,4.0,0.75,0.0,0.0,0.0,5.0,7.0,0.714,2.0,2.0,4.0,0.0,1.0,1.0,0.0,0.0,0.0,5.0,11.0,12.0,17.8,0,0,17.0,438,419,371,419,390,203,291,14,356,406,356,32,21,249,52,230,154,422,207,97,327,343,439,31,155,9,209,106,8,209,1
418,1628396,Tony Bradley,Tony,1610612754,IND,27.0,10,1,9,0.1,13.1,2.1,3.4,0.618,0.0,0.1,0.0,1.0,1.5,0.667,2.3,1.5,3.8,0.7,0.3,0.2,0.3,0.4,2.1,1.2,5.2,-4.2,12.0,0,0,10.7,22,348,1,402,303,268,309,52,356,403,356,228,218,281,41,291,172,334,373,354,186,176,180,234,284,365,289,106,8,296,1
419,1641739,Toumani Camara,Toumani,1610612757,POR,25.0,9,5,4,0.556,33.7,4.6,11.3,0.402,2.1,6.7,0.317,1.2,1.8,0.688,2.0,3.2,5.2,3.0,1.7,1.1,0.4,1.2,3.4,3.6,12.4,-1.3,26.2,0,0,25.9,122,117,150,200,32,128,105,313,63,38,237,202,188,275,52,136,101,107,118,83,130,6,26,61,128,265,115,106,8,111,1
420,1629027,Trae Young,Trae,1610612737,ATL,27.0,5,2,3,0.4,27.8,5.2,14.0,0.371,1.0,5.2,0.192,6.4,7.8,0.821,0.0,2.0,2.0,7.8,2.0,0.8,0.2,0.2,1.8,7.2,17.8,-4.8,32.9,2,0,30.6,330,289,222,280,121,102,55,348,190,81,334,15,13,158,402,230,293,11,81,167,235,272,226,6,61,384,70,32,8,80,1
421,1631218,Trayce Jackson-Davis,Trayce,1610612744,GSW,25.0,7,4,3,0.571,10.6,1.7,3.3,0.522,0.0,0.0,0.0,0.9,1.0,0.857,1.0,1.0,2.0,1.3,0.1,0.4,0.4,0.3,1.6,0.7,4.3,-1.4,11.0,0,0,9.3,265,176,222,192,331,291,314,116,356,406,356,261,270,115,145,335,293,268,406,296,144,243,266,311,304,272,299,106,8,313,1
422,1642848,Tre Johnson,Tre,1610612764,WAS,19.0,10,1,9,0.1,25.9,4.5,10.6,0.425,2.0,5.4,0.37,1.1,1.2,0.917,0.6,3.1,3.7,1.3,1.7,0.3,0.6,0.1,2.1,1.2,12.1,-5.3,19.5,0,0,20.9,22,348,1,402,142,130,113,292,69,67,155,224,259,63,241,149,181,262,114,338,96,333,180,234,135,392,187,106,8,170,1
423,1630200,Tre Jones,Tre,1610612741,CHI,25.0,9,6,3,0.667,29.5,4.1,8.4,0.487,0.7,1.7,0.4,3.9,4.4,0.875,0.9,3.0,3.9,5.3,1.7,2.0,0.2,1.1,2.1,4.2,12.8,-3.2,30.4,0,0,27.1,122,41,222,99,100,142,148,184,245,272,110,54,61,94,194,152,166,31,118,7,220,16,174,49,125,331,85,106,8,100,1
424,1630544,Tre Mann,Tre,1610612766,CHA,24.0,9,3,6,0.333,22.4,4.1,11.7,0.352,1.6,5.6,0.28,1.3,1.4,0.923,0.8,2.7,3.4,3.0,2.1,0.9,0.0,0.4,2.6,1.6,11.1,-4.7,20.3,0,0,20.9,122,232,55,308,195,142,95,364,117,64,266,184,227,56,208,187,198,107,73,136,327,157,88,192,153,383,182,106,8,172,1
425,1630570,Trendon Watford,Trendon,1610612755,PHI,25.0,7,3,4,0.429,22.6,3.7,6.3,0.591,0.6,1.1,0.5,1.9,2.4,0.765,1.7,4.0,5.7,4.4,1.6,0.4,0.3,0.6,2.7,2.9,9.9,5.9,23.9,1,1,22.0,265,232,150,276,193,168,212,65,268,310,23,132,129,209,75,87,81,51,131,296,201,113,72,93,176,59,142,59,4,160,1
426,1641998,Trey Jemison III,Trey,1610612752,NYK,25.0,1,1,0,1.0,7.7,0.0,0.0,0.0,0.0,0.0,0.0,0.0,0.0,0.0,1.0,1.0,2.0,0.0,0.0,0.0,0.0,0.0,0.0,0.0,0.0,3.0,2.4,0,0,2.0,438,348,426,1,369,437,450,437,356,406,356,384,393,384,145,335,293,422,412,382,327,343,439,414,441,106,433,106,8,436,1
427,1630530,Trey Murphy III,Trey,1610612740,NOP,25.0,9,2,7,0.222,35.8,6.2,14.3,0.434,2.9,7.8,0.371,2.4,2.6,0.957,1.6,5.1,6.7,3.6,1.0,1.2,0.2,1.0,2.2,2.7,17.8,-9.7,34.4,1,0,33.8,122,289,26,367,10,65,50,273,24,24,154,96,118,50,91,45,53,77,207,62,220,23,148,98,62,435,58,59,8,55,1
428,1641774,Tristan Vukcevic,Tristan,1610612764,WAS,22.0,8,1,7,0.125,5.6,1.0,2.3,0.444,0.3,0.9,0.286,0.8,1.3,0.6,0.0,0.8,0.8,0.5,0.5,0.1,0.4,0.3,0.8,0.9,3.0,0.4,5.7,0,0,5.5,223,348,26,391,401,337,356,252,319,340,259,271,255,324,402,376,399,361,319,373,159,252,372,289,340,201,375,106,8,368,1
429,1641783,Tristan da Silva,Tristan,1610612753,ORL,24.0,10,4,6,0.4,21.2,4.1,8.4,0.488,2.0,4.6,0.435,1.6,1.8,0.889,0.9,2.2,3.1,0.9,0.8,1.0,0.1,0.3,0.7,1.0,11.8,5.0,19.4,0,0,20.0,22,176,55,280,208,146,150,182,69,111,80,152,181,83,189,220,220,309,249,97,315,233,377,252,140,72,189,106,8,178,1
430,1642278,Tyler Kolek,Tyler,1610612752,NYK,24.0,9,6,3,0.667,7.2,1.0,2.6,0.391,0.3,1.4,0.231,0.0,0.0,0.0,0.2,0.3,0.6,1.4,0.7,0.1,0.0,0.1,1.0,0.6,2.3,-1.1,4.8,0,0,4.9,122,41,222,99,377,337,344,327,300,293,307,384,393,384,363,409,415,246,276,378,327,320,329,335,368,259,391,106,8,383,1
431,1631213,Tyrese Martin,Tyrese,1610612751,BKN,26.0,10,1,9,0.1,21.1,2.6,7.7,0.338,1.4,4.6,0.304,0.5,0.8,0.625,1.2,2.4,3.6,2.5,1.1,0.4,0.1,0.1,1.0,0.9,7.1,-5.3,15.6,0,0,15.6,22,348,1,402,210,232,167,374,130,111,250,307,306,315,121,208,188,138,198,301,315,333,329,281,236,392,244,106,8,237,1
432,1630178,Tyrese Maxey,Tyrese,1610612755,PHI,25.0,10,6,4,0.6,41.1,10.9,23.2,0.47,4.1,9.3,0.441,7.3,8.4,0.869,0.4,4.5,4.9,8.2,2.7,1.2,1.0,1.1,2.7,5.3,33.2,6.5,55.3,2,0,54.8,22,41,150,157,1,4,2,211,3,5,77,8,9,108,300,64,116,9,39,68,38,19,74,27,3,50,5,32,8,4,1
433,1642878,Tyrese Proctor,Tyrese,1610612739,CLE,21.0,9,6,3,0.667,11.6,1.6,4.1,0.378,1.0,2.9,0.346,0.4,0.6,0.8,0.2,0.9,1.1,1.2,0.7,0.4,0.0,0.1,1.6,0.4,4.6,-5.9,8.4,0,0,8.8,122,41,222,99,321,305,289,337,190,205,189,322,343,173,363,363,367,276,276,281,327,320,271,354,297,404,331,106,8,320,1
434,1630623,Tyson Etienne,Tyson,1610612751,BKN,26.0,3,0,3,0.0,7.0,0.0,2.0,0.0,0.0,1.7,0.0,0.0,0.0,0.0,0.0,0.0,0.0,0.0,0.0,0.0,0.0,0.0,1.0,0.3,0.0,2.0,0.0,0,0,0.0,381,419,222,419,380,437,363,437,356,272,356,384,393,384,402,428,437,422,412,382,327,343,329,373,441,139,450,106,8,450,1
435,1626145,Tyus Jones,Tyus,1610612753,ORL,29.0,10,4,6,0.4,13.1,0.9,2.6,0.346,0.2,1.5,0.133,0.0,0.0,0.0,0.3,0.6,0.9,1.3,0.5,0.4,0.2,0.0,0.8,0.3,2.0,-5.6,6.3,0,0,5.6,22,176,55,280,302,369,338,369,331,287,351,384,393,384,346,389,391,262,319,301,235,343,360,386,378,398,357,106,8,367,1
436,1642845,VJ Edgecombe,VJ,1610612755,PHI,20.0,10,6,4,0.6,37.6,6.1,14.3,0.427,1.9,5.2,0.365,2.2,2.9,0.759,2.1,3.7,5.8,4.4,2.2,1.5,0.3,0.8,3.1,2.1,16.3,3.9,33.1,1,0,32.0,22,41,150,157,3,67,52,289,87,81,162,105,102,214,49,107,79,52,65,35,186,52,42,137,77,93,65,59,8,64,1
437,1641705,Victor Wembanyama,Victor,1610612759,SAS,21.0,9,7,2,0.778,34.0,8.8,17.7,0.497,0.9,3.8,0.235,5.9,7.2,0.815,1.6,11.3,12.9,3.2,3.2,1.2,3.8,0.2,3.8,7.7,24.3,8.3,56.4,6,0,51.3,122,15,298,59,28,17,17,166,227,151,301,20,17,163,91,1,3,96,16,62,1,263,9,4,20,30,4,5,8,6,1
438,1631246,Vince Williams Jr.,Vince,1610612763,MEM,25.0,6,1,5,0.167,16.3,2.0,5.0,0.4,1.0,3.3,0.3,1.3,1.3,1.0,0.5,2.8,3.3,1.8,1.3,0.8,0.3,0.0,2.5,1.0,6.3,-2.2,15.3,0,0,14.8,298,348,103,383,271,270,254,315,190,174,251,184,236,1,265,171,204,199,164,161,163,343,95,252,253,292,252,106,8,247,1
439,1630249,Vít Krejčí,Vít,1610612737,ATL,25.0,6,3,3,0.5,17.6,2.7,6.2,0.432,1.3,4.3,0.308,0.8,1.2,0.714,0.5,1.8,2.3,1.2,0.7,0.3,0.2,0.3,2.2,0.7,7.5,-3.0,12.9,0,0,13.3,298,232,222,214,250,226,216,278,143,125,242,262,264,249,265,254,270,284,276,321,260,201,164,315,226,324,277,106,8,266,1
440,1631117,Walker Kessler,Walker,1610612762,UTA,24.0,5,2,3,0.4,30.8,5.2,7.4,0.703,1.2,1.6,0.75,2.8,4.0,0.7,4.6,6.2,10.8,3.0,3.2,1.4,1.8,1.0,4.4,2.4,14.4,2.8,38.3,2,0,35.8,330,289,222,280,77,102,181,25,167,282,9,80,69,265,4,28,8,107,19,44,8,23,2,109,103,115,37,32,8,45,1
441,1642383,Walter Clayton Jr.,Walter,1610612762,UTA,22.0,9,3,6,0.333,16.4,2.1,4.8,0.442,0.8,2.3,0.333,1.0,1.0,1.0,0.7,1.9,2.6,3.3,1.3,0.6,0.1,0.3,2.0,1.0,6.0,-5.2,14.7,0,0,14.0,122,232,55,308,268,265,270,262,238,233,200,228,270,1,233,249,259,87,164,240,302,201,186,252,263,390,255,106,8,256,1
442,1628976,Wendell Carter Jr.,Wendell,1610612753,ORL,26.0,10,4,6,0.4,28.9,3.8,7.7,0.494,1.4,3.0,0.467,3.0,4.0,0.75,3.1,4.4,7.5,1.3,1.9,0.8,0.7,0.8,4.2,3.3,12.0,0.8,25.6,2,0,25.2,22,176,55,280,107,162,167,172,130,196,57,72,69,220,19,71,38,262,94,167,76,52,3,74,136,186,121,32,8,120,1
443,1642954,Will Richard,Will,1610612744,GSW,22.0,9,5,4,0.556,17.3,3.4,5.8,0.596,1.2,3.0,0.407,2.0,2.4,0.818,1.2,1.3,2.6,1.6,0.6,1.1,0.0,0.3,1.8,1.4,10.1,-3.9,18.3,0,0,17.7,122,117,150,200,257,185,228,63,162,196,107,116,125,159,119,310,259,223,308,83,327,201,233,204,171,354,201,106,8,203,1
444,1642860,Will Riley,Will,1610612764,WAS,19.0,8,1,7,0.125,7.6,0.9,2.1,0.412,0.1,0.5,0.25,0.4,0.8,0.5,0.3,1.4,1.6,0.9,0.3,0.3,0.0,0.1,0.3,0.4,2.3,-3.0,6.0,0,0,5.4,223,348,26,391,370,371,362,304,348,364,286,340,312,343,355,307,339,313,378,346,327,311,430,369,372,324,368,106,8,371,1
445,1630214,Xavier Tillman,Xavier,1610612738,BOS,26.0,7,3,4,0.429,8.7,1.3,2.6,0.5,0.3,1.1,0.25,0.0,0.0,0.0,1.0,1.4,2.4,0.6,0.1,0.4,0.1,0.1,1.0,0.3,2.9,-2.4,8.2,0,0,7.3,265,232,150,276,363,328,341,139,314,310,286,384,393,384,145,303,264,356,406,296,272,306,329,388,351,304,333,106,8,340,1
446,1642905,Yang Hansen,ang Hansen,1610612757,POR,20.0,5,3,2,0.6,5.8,0.4,1.8,0.222,0.0,0.6,0.0,1.0,1.2,0.833,0.6,0.2,0.8,0.0,0.6,0.0,0.4,0.2,0.8,1.0,1.8,-3.0,3.4,0,0,3.4,330,232,298,157,396,418,380,423,356,360,356,228,259,135,241,418,396,422,297,382,146,272,360,252,393,324,420,106,8,412,1
447,1642949,Yanic Konan Niederhäuser,Yanic Konan,1610612746,LAC,22.0,5,1,4,0.2,4.5,1.4,1.6,0.875,0.0,0.0,0.0,1.0,1.6,0.625,0.6,0.6,1.2,0.4,0.2,0.0,0.2,0.0,0.4,0.8,3.8,3.0,6.2,0,0,5.8,330,348,150,374,416,318,396,8,356,406,356,228,206,315,241,389,361,377,390,382,235,343,417,294,317,106,359,106,8,362,1
448,1642274,Yves Missi,Yves,1610612740,NOP,21.0,5,0,5,0.0,23.2,3.0,4.4,0.682,0.0,0.0,0.0,1.8,3.2,0.563,3.4,3.2,6.6,1.4,1.6,0.2,1.2,0.0,2.2,2.2,7.8,-4.4,20.4,0,0,18.6,330,419,103,419,183,203,278,27,356,406,356,133,91,339,12,141,58,253,129,354,29,343,154,128,219,372,181,106,8,190,1
449,1642258,Zaccharie Risacher,Zaccharie,1610612737,ATL,20.0,8,4,4,0.5,24.8,4.9,11.1,0.438,1.6,4.9,0.333,1.5,1.6,0.923,0.8,1.5,2.3,1.4,0.6,1.3,0.5,0.4,2.0,1.1,12.9,3.8,22.3,0,0,21.6,223,176,150,214,159,117,106,265,111,96,200,162,203,56,215,291,278,257,294,60,108,191,186,245,124,96,160,106,8,163,1
450,203897,Zach LaVine,Zach,1610612758,SAC,30.0,9,2,7,0.222,35.2,8.7,16.4,0.527,3.4,8.0,0.431,4.4,4.9,0.909,0.2,3.1,3.3,2.0,1.9,0.6,0.1,0.4,2.4,3.1,25.2,-12.6,32.3,0,0,35.3,122,289,26,367,15,18,25,111,10,19,86,44,50,71,363,147,204,174,100,240,302,157,111,81,16,449,73,106,8,50,1
451,1630192,Zeke Nnaji,Zeke,1610612743,DEN,24.0,5,5,0,1.0,3.6,0.8,1.4,0.571,0.2,0.8,0.25,0.4,0.6,0.667,0.2,0.2,0.4,0.2,0.4,0.0,0.0,0.0,1.4,0.6,2.2,-1.4,2.6,0,0,3.0,330,117,426,1,432,376,405,78,331,342,286,329,333,281,373,418,422,404,344,382,327,343,296,326,374,268,431,106,8,418,1
452,1630533,Ziaire Williams,Ziaire,1610612751,BKN,24.0,8,1,7,0.125,21.0,3.1,7.5,0.417,2.0,5.6,0.356,1.8,2.1,0.824,1.0,1.6,2.6,0.6,0.9,0.9,0.5,0.5,2.6,1.9,10.0,-9.6,17.3,0,0,18.0,223,348,26,391,212,199,174,296,69,59,175,139,148,153,145,280,252,349,242,149,108,126,81,164,172,434,217,106,8,196,1
453,1629627,Zion Williamson,Zion,1610612740,NOP,25.0,5,0,5,0.0,31.5,7.6,15.6,0.487,0.0,0.0,0.0,7.6,11.4,0.667,3.2,3.6,6.8,4.6,3.4,2.0,0.2,2.6,2.4,7.4,22.8,-5.6,41.1,1,0,38.6,330,419,103,419,65,35,34,183,356,406,356,7,3,281,18,110,51,49,14,7,235,1,116,5,27,398,26,59,8,31,1
