,NAME,TEAM,POS,AGE,GP,MPG,MP%,USG%,TO%,FTA,FT%,2PA,2P%,3PA,3P%,TS%,PPG,RPG,TRB%,APG,AST%,SPG,BPG,VI,Year
0,Aaron Brooks,Ind,PG,32,65,13.7,28.6,19.2,0.17,40,0.8,172,0.424,128,0.375,0.507,5,1.1,4.3,1.9,20.7,0.38,0.14,6.4,2016
1,Aaron Gordon,Orl,SF,21,80,28.7,59.8,20.1,0.085,217,0.719,598,0.528,267,0.288,0.53,12.7,5.1,9.6,1.9,10.5,0.81,0.5,6.9,2016
2,Adreian Payne,Min,PF,25,18,7.5,15.7,23,0.114,19,0.737,39,0.513,15,0.2,0.505,3.5,1.8,14.2,0.4,8,0.44,0.39,7.3,2016
3,AJ Hammons,Dal,C,24,22,7.4,15.5,17.6,0.164,20,0.45,32,0.375,10,0.5,0.472,2.2,1.7,13.2,0.2,3.8,0.05,0.59,4.9,2016
4,Al Horford,Bos,C,30,68,32.3,67.2,19.7,0.118,135,0.8,559,0.524,242,0.355,0.553,14,6.8,11.8,5,24.4,0.76,1.26,9.7,2016
5,Al Jefferson,Ind,C,32,66,14.1,29.4,26.1,0.061,85,0.765,470,0.5,1,0,0.526,8.1,4.2,16.8,0.9,11,0.29,0.24,8.9,2016
6,Alan Anderson,Lac,SF,34,30,10.3,21.4,13.7,0.074,16,0.75,36,0.444,44,0.318,0.494,2.9,0.8,4.4,0.4,4.9,0.1,0,3.8,2016
7,Alan Williams,Pho,PF,24,47,15.1,31.4,20.9,0.105,112,0.625,266,0.519,1,0,0.547,7.4,6.2,22.3,0.5,5.2,0.57,0.68,7.5,2016
8,Alec Burks,Uta,SG,25,42,15.6,32.4,22.7,0.11,78,0.769,172,0.43,76,0.329,0.501,6.7,2.9,10.6,0.7,7.5,0.43,0.12,6.1,2016
9,Alex Abrines,Okc,SG,23,68,15.5,32.3,15.9,0.083,49,0.898,94,0.426,247,0.381,0.56,6,1.3,4.5,0.6,5.5,0.54,0.13,4.3,2016
10,Alex Len,Pho,C,23,77,20.3,42.2,17.6,0.155,208,0.721,451,0.503,12,0.25,0.553,8,6.6,17.8,0.6,4.2,0.49,1.27,6.2,2016
11,Alex Poythress,Phi,SF,23,6,26.1,54.4,17,0.049,10,0.8,35,0.543,19,0.316,0.548,10.7,4.7,9.8,0.8,5.2,0.5,0.17,5.3,2016
12,Alexis Ajinca,Nor,C,28,39,15,31.2,17.2,0.137,40,0.725,174,0.511,4,0,0.529,5.3,4.5,16,0.3,3.1,0.51,0.56,5.1,2016
13,Al-Farouq Aminu,Por,SF,26,61,29.1,60.6,15.4,0.151,136,0.706,254,0.445,213,0.329,0.505,8.7,7.4,14.1,1.6,7.9,1,0.72,6.4,2016
14,Allen Crabbe,Por,SG,24,79,28.5,59.4,14.9,0.081,124,0.847,345,0.49,302,0.444,0.602,10.7,2.8,5.5,1.2,6.1,0.68,0.25,4.6,2016
15,Alonzo Gee,Den,SF,29,13,6.9,14.3,10.4,0.182,9,0.556,11,0.273,3,0,0.306,0.8,1.2,9.3,0.5,8.2,0.38,0.08,4.5,2016
16,Amir Johnson,Bos,PF,29,80,20.1,41.9,13.5,0.157,100,0.67,304,0.612,66,0.409,0.628,6.5,4.6,12.7,1.8,13,0.64,0.78,7.5,2016
17,Anderson Varejao,Gol,C,34,14,6.6,13.7,12.6,0.298,11,0.727,14,0.357,0,0,0.478,1.3,1.9,16.1,0.7,13,0.21,0.21,7.3,2016
18,Andre Drummond,Det,C,23,81,29.7,62,22.4,0.125,355,0.386,904,0.532,7,0.286,0.518,13.6,13.8,25.2,1.1,6,1.53,1.1,8,2016
19,Andre Iguodala,Gol,SF,33,76,26.3,54.8,11.2,0.112,102,0.706,238,0.651,177,0.362,0.624,7.6,4,8.4,3.4,16.7,1,0.51,7.1,2016
20,Andre Roberson,Okc,SF,25,79,30.1,62.7,10.1,0.091,111,0.423,279,0.609,184,0.245,0.51,6.6,5.1,9.4,1,4.6,1.2,1.01,4.3,2016
21,Andrew Bogut,Dal,C,32,26,22.4,46.7,10.4,0.334,11,0.273,80,0.475,1,0,0.46,3,8.4,21.7,1.9,12.3,0.5,0.96,6.5,2016
22,Andrew Harrison,Mem,SG,22,72,20.5,42.6,16.4,0.16,194,0.763,204,0.363,156,0.276,0.477,5.9,1.9,5.3,2.8,20,0.74,0.29,6.2,2016
23,Andrew Nicholson,Was,PF,27,28,8.3,17.2,17.6,0.118,12,0.583,61,0.443,16,0.188,0.425,2.5,1.2,8.3,0.3,4.2,0.39,0.21,4.7,2016
24,Andrew Nicholson,Bro,PF,27,10,11.1,23,15.8,0.147,2,1,23,0.478,11,0.182,0.43,3,2.7,12.9,0.3,4.1,0.5,0,4.8,2016
25,Andrew Wiggins,Min,SF,21,82,37.2,77.4,29,0.094,542,0.76,1280,0.473,289,0.356,0.535,23.6,4,6.3,2.3,10.6,1,0.37,6.5,2016
26,Anthony Bennett,Bro,PF,23,23,11.5,23.9,19.4,0.1,36,0.722,44,0.568,48,0.271,0.533,5,3.4,15.6,0.5,7.1,0.22,0.13,7.1,2016
27,Anthony Brown,Nor,SF,24,9,15.8,33,14.3,0.109,0,0,17,0.471,24,0.25,0.415,3.8,2.9,9.6,0.7,5.9,0.56,0.11,5,2016
28,Anthony Brown,Orl,SF,24,2,8.3,17.2,26.7,0.1,0,0,6,0.5,3,0.333,0.5,4.5,3.5,23.1,1,22,0,0,12.1,2016
29,Anthony Davis,Nor,C,23,75,36.1,75.2,32.6,0.091,647,0.802,1391,0.525,134,0.299,0.58,28,11.8,17.2,2.1,11.2,1.27,2.21,9.8,2016
30,Anthony Morrow,Okc,SG,31,40,15.7,32.6,16.3,0.025,26,0.885,104,0.49,119,0.294,0.491,5.8,0.7,2.6,0.5,4.5,0.55,0.05,3.2,2016
31,Anthony Morrow,Chi,SG,31,9,9.7,20.2,16.9,0,11,1,15,0.4,14,0.429,0.606,4.6,0.2,1.2,0.7,10.4,0.22,0,3.6,2016
32,Anthony Tolliver,Sac,PF,31,65,22.7,47.3,13.6,0.126,82,0.744,121,0.537,230,0.391,0.595,7.1,3.6,9.3,1.2,7.7,0.52,0.31,5.5,2016
33,Archie Goodwin,Bro,SG,22,12,15.4,32,20.7,0.157,32,0.719,48,0.625,13,0.308,0.633,7.9,2.3,8,1.9,20.8,0.33,0.33,8.5,2016
34,Aron Baynes,Det,C,30,75,15.5,32.3,14.1,0.135,94,0.84,279,0.513,0,0,0.57,4.9,4.4,15.6,0.4,3.9,0.23,0.52,5.3,2016
35,Arron Afflalo,Sac,SG,31,61,25.9,54,14.4,0.084,93,0.892,269,0.457,151,0.411,0.559,8.4,2,4.6,1.3,7.4,0.34,0.11,4.3,2016
36,Austin Rivers,Lac,SG,24,74,27.8,57.8,20.3,0.124,191,0.691,432,0.491,299,0.371,0.545,12,2.2,4.4,2.8,15,0.65,0.14,6,2016
37,Avery Bradley,Bos,SG,26,55,33.4,69.5,21.9,0.097,93,0.731,498,0.504,277,0.39,0.548,16.3,6.1,10.1,2.2,11,1.24,0.2,7.2,2016
38,Ben McLemore,Sac,SG,23,61,19.3,40.2,20.1,0.12,93,0.753,249,0.462,170,0.382,0.538,8.1,2.1,6.3,0.8,6.9,0.48,0.1,4.9,2016
39,Beno Udrih,Det,PG,34,39,14.4,29.9,19.6,0.145,34,0.941,165,0.491,32,0.344,0.535,5.8,1.5,5.6,3.4,35.4,0.33,0,8.6,2016
40,Bismack Biyombo,Orl,C,24,81,22.1,46.1,13.2,0.177,234,0.534,339,0.528,0,0,0.546,6,7,17.2,0.9,6,0.31,1.12,6.1,2016
41,Blake Griffin,Lac,PF,27,61,34,70.9,28,0.109,421,0.76,858,0.514,113,0.336,0.569,21.6,8.1,13.4,4.9,24.5,0.93,0.38,11.2,2016
42,Boban Marjanovic,Det,C,28,35,8.4,17.5,25.3,0.06,58,0.81,132,0.545,0,0,0.606,5.5,3.7,24.2,0.3,5.3,0.17,0.34,8.7,2016
43,Bobby Portis,Chi,PF,21,64,15.6,32.6,19.1,0.084,59,0.661,279,0.541,96,0.333,0.545,6.8,4.6,16,0.5,5.7,0.25,0.17,6.4,2016
44,Bojan Bogdanovic,Bro,SF,27,55,27,56.1,22.5,0.12,167,0.874,334,0.509,277,0.357,0.572,14.2,3.6,7,1.6,10.1,0.44,0.05,6.4,2016
45,Bojan Bogdanovic,Was,SF,27,26,23.1,48.1,22.2,0.124,76,0.934,119,0.521,115,0.391,0.617,12.7,3.1,7.5,0.8,5.2,0.38,0.15,5.5,2016
46,Boris Diaw,Uta,PF,34,73,17.6,36.6,15.6,0.203,35,0.743,246,0.512,81,0.247,0.494,4.6,2.2,7.1,2.3,20.3,0.25,0.12,6.5,2016
47,Bradley Beal,Was,SG,23,77,34.9,72.6,26.5,0.095,342,0.825,770,0.538,552,0.404,0.604,23.1,3.1,5,3.5,16.2,1.09,0.27,7.2,2016
48,Brandan Wright,Mem,PF,29,28,16,33.3,16.3,0.062,35,0.657,134,0.619,1,0,0.628,6.8,2.8,10,0.5,6,0.39,0.71,5.3,2016
49,Brandon Bass,Lac,PF,31,52,11.1,23.1,19.7,0.114,88,0.875,183,0.579,3,0.333,0.65,5.6,2.5,12.5,0.4,5.7,0.27,0.21,6.4,2016
50,Brandon Ingram,Lal,SF,19,79,28.9,60.1,16.8,0.129,214,0.621,499,0.443,187,0.294,0.474,9.4,4,7.6,2.1,10.4,0.62,0.46,5.9,2016
51,Brandon Jennings,Nyk,PG,27,58,24.6,51.3,18.1,0.178,135,0.756,229,0.415,200,0.34,0.508,8.6,2.6,5.7,4.9,28.6,0.95,0.07,7.8,2016
52,Brandon Jennings,Was,PG,27,23,16.2,33.8,15.8,0.162,17,0.706,54,0.333,52,0.212,0.357,3.5,1.9,6.6,4.7,36.9,0.65,0,7.8,2016
53,Brandon Knight,Pho,SG,25,54,21.1,44,25,0.129,154,0.857,386,0.425,139,0.324,0.502,11,2.2,5.6,2.4,17.8,0.5,0.09,7.3,2016
54,Brandon Rush,Min,SG,31,47,21.9,45.6,9.6,0.126,18,0.722,74,0.351,113,0.389,0.505,4.2,2.1,5.6,1,5.8,0.47,0.49,3.8,2016
55,Brian Roberts,Cha,PG,31,41,10.1,21.1,17.9,0.157,39,0.846,78,0.372,44,0.386,0.51,3.5,1,5.3,1.3,18.7,0.22,0.02,6.6,2016
56,Briante Weber,Gol,PG,24,7,6.6,13.7,17.2,0.164,3,0.667,11,0.455,3,0,0.392,1.7,0.6,4.8,0.7,13.9,0.43,0.14,5.4,2016
57,Briante Weber,Cha,PG,24,13,12.3,25.5,16,0.088,13,0.692,39,0.487,7,0.143,0.483,3.8,1.6,7.2,1.3,16.3,0.69,0,6.5,2016
58,Brook Lopez,Bro,C,28,75,29.6,61.7,29.2,0.121,364,0.81,787,0.535,386,0.347,0.577,20.5,5.4,9.6,2.3,14.8,0.51,1.65,8.6,2016
59,Bryn Forbes,San,SG,23,36,7.9,16.5,17.9,0.098,6,0.833,46,0.413,53,0.321,0.462,2.6,0.6,4.6,0.7,12.3,0.03,0,5.2,2016
60,Buddy Hield,Nor,SG,23,57,20.4,42.4,20.4,0.09,33,0.879,230,0.417,241,0.369,0.503,8.6,2.9,7.5,1.4,10.2,0.32,0.12,6.4,2016
61,Buddy Hield,Sac,SG,23,25,29.1,60.6,22.9,0.144,43,0.814,158,0.525,138,0.428,0.6,15.1,4.2,8.3,1.8,10.3,0.8,0.12,6.7,2016
62,C.J. Watson,Orl,PG,32,62,16.3,34,14.1,0.145,66,0.864,143,0.448,105,0.305,0.507,4.5,1.4,4.8,1.8,16.1,0.69,0.03,5.5,2016
63,C.J. Watson,Orl,PG,32,62,16.3,34,14.1,0.145,66,0.864,143,0.448,105,0.305,0.507,4.5,1.4,4.8,1.8,16.1,0.69,0.03,5.5,2016
64,Cameron Payne,Okc,PG,22,20,16,33.4,19.6,0.108,4,1,78,0.346,52,0.308,0.402,5.3,1.6,5.4,2,18.3,0.5,0.2,6.4,2016
65,Cameron Payne,Chi,PG,22,11,12.9,26.8,24,0.167,4,0.25,29,0.345,34,0.324,0.417,4.9,1.5,6.5,1.4,16.2,0.36,0,6.7,2016
66,Caris LeVert,Bro,SF,22,57,21.7,45.2,16.6,0.123,93,0.72,196,0.571,184,0.321,0.556,8.2,3.3,8,1.9,13.7,0.86,0.14,6.9,2016
67,Carmelo Anthony,Nyk,SF,32,74,34.3,71.5,29.1,0.09,365,0.833,968,0.466,421,0.359,0.535,22.4,5.9,9.3,2.9,14.5,0.82,0.45,8.5,2016
68,Chandler Parsons,Mem,SF,28,34,19.8,41.3,17.9,0.091,43,0.814,129,0.388,93,0.269,0.436,6.2,2.5,7.1,1.6,12.8,0.59,0.15,5.9,2016
69,Channing Frye,Cle,C,33,74,18.9,39.4,19.3,0.088,74,0.851,185,0.546,335,0.409,0.612,9.1,3.9,11.4,0.6,4.9,0.45,0.51,5.9,2016
70,Chasson Randle,Phi,PG,23,8,9.2,19.2,20.1,0.088,12,1,11,0.545,15,0.4,0.671,5.3,0.6,3.7,0.8,13.2,0.38,0.13,5.9,2016
71,Chasson Randle,Nyk,PG,23,18,12.5,26.1,19.6,0.157,31,0.935,40,0.45,32,0.313,0.555,5.3,1.7,7.2,1.6,18,0.33,0.06,7.8,2016
72,Cheick Diallo,Nor,PF,20,17,11.7,24.4,20.6,0.076,21,0.714,76,0.474,0,0,0.51,5.1,4.3,19.4,0.2,3.2,0.24,0.41,5.6,2016
73,Chinanu Onuaku,Hou,C,20,5,10.3,21.5,10.5,0.313,4,1,7,0.714,0,0,0.799,2.8,2,10.6,0.6,7.9,0.6,0.2,5.8,2016
74,Chris Andersen,Cle,C,38,12,9.5,19.8,13,0.151,14,0.714,19,0.474,3,0,0.497,2.3,2.6,15,0.4,5.9,0.42,0.58,5.6,2016
75,Chris McCullough,Bro,PF,21,14,5.2,10.7,20.3,0.058,3,0.667,25,0.6,6,0.167,0.541,2.5,1.2,12.5,0.1,4.9,0.07,0.14,5.1,2016
76,Chris Paul,Lac,PG,31,61,31.5,65.6,24.4,0.14,260,0.892,483,0.518,302,0.411,0.614,18.1,5,8.8,9.2,46.8,1.97,0.13,11.9,2016
77,Christian Wood,Cha,PF,21,13,8.2,17.1,15.4,0.191,15,0.733,18,0.667,5,0,0.591,2.7,2.2,14.9,0.2,2.8,0.23,0.46,5.2,2016
78,CJ McCollum,Por,SG,25,80,34.9,72.8,27.5,0.099,294,0.912,1002,0.506,439,0.421,0.585,23,3.6,5.7,3.6,18,0.9,0.53,7.7,2016
79,CJ Miles,Ind,SF,29,76,23.4,48.7,18.4,0.056,93,0.903,238,0.471,409,0.413,0.592,10.7,3,7.2,0.6,4.1,0.61,0.33,4.6,2016
80,Clint Capela,Hou,C,22,65,23.9,49.7,19.9,0.12,177,0.531,563,0.643,0,0,0.638,12.6,8.1,18.5,1,6.7,0.52,1.22,7.8,2016
81,Cody Zeller,Cha,PF,24,62,27.8,58,15.5,0.109,196,0.679,442,0.572,1,0,0.604,10.3,6.5,12.9,1.6,9.1,1,0.94,6.8,2016
82,Cole Aldrich,Min,C,28,62,8.6,17.8,9.4,0.151,22,0.682,86,0.523,0,0,0.549,1.7,2.5,17.3,0.4,6.4,0.4,0.37,5.6,2016
83,Corey Brewer,Hou,SF,30,58,15.9,33.2,12.9,0.127,44,0.727,133,0.541,94,0.234,0.491,4.2,2,6.7,1.1,9,0.64,0.21,5.3,2016
84,Corey Brewer,Lal,SF,30,24,14.9,31.1,18,0.126,24,0.75,97,0.495,24,0.208,0.49,5.4,2.2,7.9,1.5,15,0.96,0.33,7,2016
85,Cory Joseph,Tor,SG,25,80,25,52.2,18.4,0.131,122,0.77,526,0.477,135,0.356,0.518,9.3,2.9,6.6,3.3,20,0.84,0.15,7.1,2016
86,Courtney Lee,Nyk,SG,31,77,31.9,66.5,14.4,0.085,98,0.867,435,0.49,269,0.401,0.559,10.8,3.4,5.7,2.3,10.6,1.05,0.31,5.5,2016
87,Cristiano Felicio,Chi,C,24,66,15.8,32.8,12.4,0.112,93,0.645,221,0.579,0,0,0.603,4.8,4.7,16.1,0.6,5.7,0.38,0.26,6,2016
88,D.J. Augustin,Orl,PG,29,78,19.7,41.1,19.4,0.133,161,0.814,243,0.412,274,0.347,0.524,7.9,1.5,4.1,2.7,20.4,0.4,0.01,6.4,2016
89,Damian Jones,Gol,C,21,10,8.5,17.7,13.4,0.227,10,0.3,16,0.5,0,0,0.466,1.9,2.3,14.8,0,0,0.1,0.4,0,2016
90,Damian Lillard,Por,PG,26,75,35.9,74.8,31.5,0.102,545,0.895,909,0.492,579,0.37,0.586,27,4.9,7.6,5.9,28.7,0.91,0.25,10.3,2016
91,Damjan Rudez,Orl,SF,30,45,7,14.5,13.6,0.093,0,0,24,0.458,64,0.313,0.466,1.8,0.6,4.3,0.4,9.2,0.27,0.02,4.3,2016
92,D’Angelo Russell,Lal,PG,20,63,28.7,59.9,26.5,0.156,188,0.782,482,0.448,384,0.352,0.519,15.6,3.5,6.7,4.8,26.8,1.38,0.25,8.9,2016
93,Danilo Gallinari,Den,SF,28,63,33.9,70.6,20,0.082,387,0.902,426,0.491,324,0.389,0.622,18.2,5.1,8.4,2.1,9.1,0.65,0.24,6.8,2016
94,Danny Green,San,SG,29,68,26.6,55.4,13.5,0.141,32,0.844,138,0.42,311,0.379,0.537,7.3,3.3,7,1.8,9.6,1.03,0.84,5.3,2016
95,Dante Cunningham,Nor,SF,29,66,25,52,10.7,0.07,27,0.593,178,0.579,181,0.392,0.586,6.6,4.2,8.8,0.5,3.1,0.59,0.42,3.8,2016
96,Dante Exum,Uta,PG,21,66,18.6,38.8,18.1,0.168,73,0.795,214,0.519,149,0.295,0.521,6.2,2,6.2,1.7,14,0.32,0.18,5.9,2016
97,Dario Saric,Phi,PF,22,81,26.3,54.8,24.6,0.152,220,0.782,586,0.469,341,0.311,0.508,12.8,6.3,13.3,2.2,14.3,0.7,0.37,8.5,2016
98,Darrell Arthur,Den,PF,28,41,15.6,32.4,17.4,0.138,22,0.864,98,0.429,117,0.453,0.583,6.4,2.7,9.7,1,9.3,0.46,0.51,6.6,2016
99,Darren Collison,Sac,PG,29,68,30.3,63.2,19.8,0.125,171,0.86,540,0.494,174,0.42,0.57,13.2,2.2,4.3,4.6,24.5,0.99,0.13,6.7,2016
100,Darrun Hilliard,Det,SG,23,39,9.8,20.4,19.3,0.168,28,0.75,80,0.438,46,0.261,0.459,3.3,0.8,4.7,0.8,12.3,0.28,0.05,5.2,2016
101,David Lee,San,PF,33,79,18.7,38.9,16.9,0.149,113,0.708,420,0.59,0,0,0.613,7.3,5.6,16.9,1.6,12.9,0.38,0.51,8.6,2016
102,David Nwaba,Lal,SG,24,20,19.9,41.4,11.7,0.101,39,0.641,76,0.605,5,0.2,0.611,6,3.2,8.7,0.7,5,0.6,0.35,4.8,2016
103,David West,Gol,PF,36,68,12.6,26.2,18,0.222,56,0.768,244,0.541,8,0.375,0.571,4.6,3,13,2.2,24.1,0.62,0.71,9.9,2016
104,Davis Bertans,San,PF,24,67,12.1,25.1,15.7,0.114,34,0.824,61,0.557,173,0.399,0.609,4.5,1.5,6.9,0.7,8.3,0.3,0.42,5.5,2016
105,DeAndre’ Bembry,Atl,SF,22,38,9.8,20.3,14.3,0.132,16,0.375,80,0.575,18,0.056,0.481,2.7,1.6,8.7,0.8,11.9,0.21,0.13,6.2,2016
106,DeAndre Jordan,Lac,C,28,81,31.7,66.1,15.3,0.132,425,0.482,575,0.717,2,0,0.673,12.7,13.8,24.3,1.2,5.7,0.62,1.65,7.5,2016
107,DeAndre Liggins,Cle,SG,28,61,12.3,25.7,11.5,0.216,37,0.622,91,0.385,45,0.378,0.473,2.4,1.7,7.4,0.9,9.5,0.74,0.23,5,2016
108,Dejounte Murray,San,PG,20,38,8.5,17.6,23.5,0.227,30,0.7,93,0.441,23,0.391,0.503,3.4,1.1,7.4,1.3,22.7,0.21,0.16,8,2016
109,Delon Wright,Tor,PG,24,27,16.5,34.5,16.4,0.152,55,0.764,85,0.459,30,0.333,0.539,5.6,1.7,6,2.1,18.2,1,0.41,6.6,2016
110,DeMar DeRozan,Tor,SG,27,74,35.4,73.8,34.3,0.09,647,0.842,1421,0.484,124,0.266,0.552,27.3,5.2,8.3,3.9,20.6,1.05,0.18,9.3,2016
111,DeMarcus Cousins,Sac,C,26,55,34.4,71.6,37.5,0.132,549,0.77,851,0.482,267,0.356,0.562,27.8,10.6,17.8,4.8,27.4,1.36,1.35,13.1,2016
112,DeMarcus Cousins,Nor,C,26,17,33.8,70.4,33.1,0.144,121,0.777,218,0.486,96,0.375,0.564,24.4,12.4,19.4,3.9,20.6,1.47,1.24,12.5,2016
113,DeMarre Carroll,Tor,SF,30,72,26.1,54.4,15.6,0.082,117,0.761,230,0.483,320,0.341,0.53,8.9,3.8,8.3,1,5.7,1.11,0.38,5,2016
114,Dennis Schroder,Atl,PG,23,79,31.5,65.5,27.8,0.163,255,0.855,920,0.487,294,0.34,0.533,17.9,3.1,5.5,6.3,35.6,0.95,0.22,8.9,2016
115,Denzel Valentine,Chi,SG,23,57,17.1,35.7,15.4,0.142,18,0.778,80,0.363,208,0.351,0.492,5.1,2.6,8.3,1.1,9.3,0.53,0.12,5.7,2016
116,Deron Williams,Dal,PG,32,40,29.3,61,23.7,0.167,84,0.821,272,0.485,181,0.348,0.533,13.1,2.6,5.1,6.9,40.1,0.63,0.05,8.4,2016
117,Deron Williams,Cle,PG,32,24,20.3,42.2,18.1,0.202,25,0.84,94,0.489,53,0.415,0.566,7.5,1.9,5.1,3.6,25.9,0.25,0.25,7.3,2016
118,Derrick Favors,Uta,PF,25,50,23.7,49.4,20.7,0.114,109,0.615,407,0.491,10,0.3,0.512,9.5,6.1,14.9,1.1,7.9,0.9,0.8,6.7,2016
119,"Derrick Jones, Jr.",Pho,SF,19,32,17,35.5,11.7,0.086,41,0.707,110,0.591,11,0.273,0.604,5.3,2.5,7.9,0.4,3.1,0.41,0.44,4.1,2016
120,Derrick Rose,Nyk,PG,28,64,32.5,67.8,25.8,0.119,253,0.874,917,0.487,60,0.217,0.53,18,3.8,6.4,4.4,22.8,0.69,0.27,8.2,2016
121,Derrick Williams,Mia,PF,25,25,15.1,31.4,20.4,0.081,50,0.62,92,0.489,45,0.2,0.465,5.9,2.9,10.7,0.6,5.6,0.36,0.2,5.8,2016
122,Derrick Williams,Cle,PF,25,25,17.1,35.6,14.4,0.101,39,0.692,55,0.6,52,0.404,0.628,6.2,2.3,7.4,0.6,4.7,0.2,0.12,4.8,2016
123,Devin Booker,Pho,SG,20,78,35,72.9,28.6,0.129,441,0.832,1026,0.447,405,0.363,0.531,22.1,3.2,5,3.4,16.3,0.92,0.27,7.1,2016
124,Devin Harris,Dal,PG,33,65,16.7,34.8,19.7,0.125,129,0.829,164,0.476,177,0.328,0.549,6.7,2,6.8,2.1,20,0.66,0.11,7.3,2016
125,Dewayne Dedmon,San,C,27,76,17.5,36.5,12.3,0.169,93,0.699,259,0.622,0,0,0.645,5.1,6.5,21.1,0.6,4.8,0.49,0.82,6.2,2016
126,Deyonta Davis,Mem,C,20,36,6.6,13.8,12,0.127,18,0.556,47,0.511,0,0,0.528,1.6,1.7,14.4,0.1,1.3,0.08,0.47,3.9,2016
127,Dion Waiters,Mia,SG,25,46,30.1,62.7,26.3,0.125,127,0.646,448,0.438,215,0.395,0.507,15.8,3.3,6.1,4.3,23.8,0.91,0.43,8.1,2016
128,Dirk Nowitzki,Dal,PF,38,54,26.4,54.9,25.8,0.066,112,0.875,469,0.463,209,0.378,0.529,14.2,6.5,14.4,1.5,10.6,0.56,0.7,7.8,2016
129,Domantas Sabonis,Okc,PF,20,81,20.1,42,15.5,0.14,67,0.657,322,0.438,159,0.321,0.469,5.9,3.5,9.7,1,7.2,0.48,0.4,5.5,2016
130,Donatas Motiejunas,Nor,PF,26,34,14.1,29.3,17.6,0.163,49,0.51,91,0.505,47,0.234,0.47,4.4,3,11.1,0.9,9.7,0.53,0.32,6.5,2016
131,Dorian Finney-Smith,Dal,PF,23,81,20.3,42.2,11.6,0.111,61,0.754,142,0.479,191,0.293,0.486,4.3,2.7,7.9,0.8,6,0.64,0.3,4.1,2016
132,Doug McDermott,Chi,SF,25,44,24.5,51,17.6,0.074,67,0.881,223,0.493,150,0.373,0.555,10.2,3,6.5,1,6.5,0.25,0.09,5.1,2016
133,Doug McDermott,Okc,SF,25,22,19.5,40.7,13.7,0.043,17,0.706,66,0.53,59,0.356,0.547,6.6,2.2,6.3,0.6,4.4,0.09,0.05,4.2,2016
134,Dragan Bender,Pho,PF,19,43,13.3,27.8,14.4,0.162,11,0.364,60,0.483,101,0.277,0.44,3.4,2.4,9.8,0.5,5.5,0.23,0.53,4.8,2016
135,Draymond Green,Gol,PF,26,76,32.5,67.7,16.2,0.198,213,0.709,388,0.492,263,0.308,0.521,10.2,7.9,13.3,7,27.6,2.03,1.38,10.2,2016
136,Dwight Howard,Atl,C,31,74,29.7,61.9,19.2,0.175,424,0.533,611,0.635,2,0,0.627,13.5,12.7,23.5,1.4,7.8,0.86,1.24,8.4,2016
137,Dwight Powell,Dal,C,25,77,17.3,36.1,16.7,0.072,141,0.759,303,0.571,74,0.284,0.588,6.7,4,13.3,0.6,6.1,0.79,0.51,5.8,2016
138,Dwyane Wade,Chi,SG,35,60,29.9,62.2,29.6,0.113,281,0.794,810,0.456,145,0.31,0.508,18.3,4.5,8.1,3.8,22.3,1.43,0.68,9.1,2016
139,Ed Davis,Por,PF,27,46,17.2,35.7,12,0.172,81,0.617,142,0.528,0,0,0.563,4.3,5.3,17.2,0.6,4.6,0.33,0.48,5.6,2016
140,Elfrid Payton,Orl,PG,22,82,29.4,61.3,21.6,0.15,211,0.692,766,0.509,146,0.274,0.52,12.8,4.7,8.7,6.5,35.7,1.07,0.49,9.9,2016
141,Elijah Millsap,Pho,SG,29,2,11.6,24.1,17.9,0.202,2,0.5,5,0.2,2,0,0.19,1.5,3,14.1,0.5,5.5,0,0,4.5,2016
142,Emmanuel Mudiay,Den,PG,20,55,25.6,53.2,22.6,0.165,167,0.784,373,0.408,178,0.315,0.483,11,3.2,7,3.9,21.8,0.75,0.24,8.1,2016
143,Enes Kanter,Okc,C,24,72,21.3,44.4,27.3,0.125,285,0.786,699,0.568,38,0.132,0.599,14.3,6.7,17.4,0.9,7.9,0.43,0.53,8.3,2016
144,Eric Bledsoe,Pho,PG,27,66,33,68.7,28.1,0.153,458,0.847,724,0.477,310,0.335,0.563,21.1,4.8,8,6.3,31.1,1.38,0.47,10.4,2016
145,Eric Gordon,Hou,SG,28,75,31,64.5,22.1,0.1,175,0.84,355,0.468,661,0.372,0.557,16.2,2.7,4.7,2.5,12.3,0.64,0.55,6.2,2016
146,Ersan Ilyasova,Okc,PF,29,3,20.7,43.1,13.7,0.2,0,0,4,0.75,12,0.25,0.469,5,5.3,14.3,0.3,2.2,1,0.33,3.9,2016
147,Ersan Ilyasova,Phi,PF,29,53,27.3,56.9,23.6,0.099,142,0.768,350,0.509,298,0.359,0.553,14.8,5.9,12,1.8,11.5,0.62,0.26,7.9,2016
148,Ersan Ilyasova,Atl,PF,29,26,24.4,50.7,19.8,0.115,65,0.8,134,0.455,92,0.348,0.53,10.4,5.8,13.1,1.6,10.4,0.85,0.31,7.5,2016
149,E’Twaun Moore,Nor,SG,27,73,24.9,51.9,17.4,0.087,74,0.77,411,0.501,208,0.37,0.537,9.6,2.1,4.4,2.2,13.8,0.68,0.44,5.7,2016
150,Evan Fournier,Orl,SG,24,68,32.9,68.4,23.5,0.118,277,0.805,570,0.491,360,0.356,0.555,17.2,3.1,5.1,3,14.8,0.97,0.06,6.6,2016
151,Evan Turner,Por,SG,28,65,25.5,53.2,18.6,0.143,103,0.825,434,0.47,118,0.263,0.491,9,3.8,8.2,3.2,18.4,0.85,0.37,7.5,2016
152,Frank Kaminsky,Cha,C,23,75,26.1,54.3,21.8,0.08,156,0.756,448,0.455,354,0.328,0.502,11.7,4.5,9.5,2.2,13.5,0.64,0.45,7.5,2016
153,Fred VanVleet,Tor,PG,22,37,7.9,16.5,20.6,0.111,22,0.818,82,0.341,29,0.379,0.443,2.9,1.1,8.1,0.9,17.5,0.43,0.08,7.2,2016
154,Garrett Temple,Sac,SG,30,65,26.6,55.4,14.2,0.144,74,0.784,211,0.479,220,0.373,0.546,7.8,2.8,6.2,2.6,14.4,1.29,0.43,5.8,2016
155,Gary Harris,Den,SG,22,57,31.3,65.1,18.4,0.098,134,0.776,382,0.558,255,0.42,0.611,14.9,3.1,5.5,2.9,13.6,1.25,0.14,6.5,2016
156,Gary Neal,Atl,SG,32,2,9.2,19.1,20.9,0,4,1,5,0,2,0,0.228,2,0.5,3,0.5,7,0,0,3.5,2016
157,Gary Payton II,Mil,PG,24,6,16.5,34.4,15.7,0.292,5,0.6,13,0.538,9,0.111,0.413,3.3,2,7,2.2,18.1,0.5,0.67,5.9,2016
158,George Hill,Uta,PG,30,49,31.5,65.6,23.5,0.109,196,0.801,373,0.523,233,0.403,0.599,16.9,3.4,6.2,4.2,22.8,1.02,0.22,7.9,2016
159,Georgios Papagiannis,Sac,C,19,22,16.1,33.6,16.9,0.182,14,0.857,100,0.56,2,0,0.573,5.6,4,14.2,0.9,9,0.14,0.77,6.8,2016
160,Gerald Green,Bos,SG,31,47,11.4,23.8,22.7,0.091,41,0.805,121,0.463,111,0.351,0.524,5.6,1.8,8.7,0.7,9.8,0.19,0.15,6.7,2016
161,Gerald Henderson,Phi,SG,29,72,23.2,48.2,17.9,0.092,165,0.806,379,0.456,173,0.353,0.53,9.2,2.6,6.1,1.6,10.5,0.56,0.19,5.8,2016
162,Giannis Antetokounmp,Mil,SF,22,80,35.6,74.1,28.3,0.133,612,0.77,1079,0.563,180,0.272,0.599,22.9,8.8,14.3,5.4,26.6,1.64,1.89,11.6,2016
163,Glenn Robinson III,Ind,SF,23,69,20.7,43.1,12.8,0.091,76,0.711,213,0.512,125,0.392,0.564,6.1,3.6,9.6,0.7,4.7,0.59,0.29,4.8,2016
164,Goran Dragic,Mia,PG,30,73,33.7,70.2,27.1,0.141,377,0.79,835,0.499,289,0.405,0.575,20.3,3.8,6.3,5.8,29.1,1.22,0.18,9.1,2016
165,Gordon Hayward,Uta,SF,26,73,34.5,71.8,27.6,0.094,429,0.844,782,0.506,374,0.398,0.595,21.9,5.4,9.1,3.5,18.2,1,0.27,8.6,2016
166,Gorgui Dieng,Min,PF,27,82,32.4,67.4,14,0.127,167,0.814,619,0.511,42,0.381,0.555,10,7.9,14.2,1.9,8.6,1.07,1.16,6.6,2016
167,Greg Monroe,Mil,C,26,81,22.5,46.9,24.3,0.144,239,0.741,721,0.537,4,0,0.573,11.7,6.6,17,2.3,17.3,1.14,0.47,10,2016
168,Greivis Vasquez,Bro,PG,30,3,12.9,26.8,11.4,0.097,3,0.667,5,0.2,3,0.333,0.376,2.3,0.7,2.7,1.7,17.7,0.33,0.33,4.3,2016
169,Harrison Barnes,Dal,PF,24,79,35.5,73.9,25.3,0.068,281,0.861,1058,0.492,222,0.351,0.541,19.2,5,8.2,1.5,7.8,0.82,0.19,5.9,2016
170,Hassan Whiteside,Mia,C,27,77,32.6,68,22.7,0.12,358,0.628,973,0.557,0,0,0.579,17,14.1,24,0.7,3.8,0.74,2.1,6.8,2016
171,Henry Ellenson,Det,PF,20,19,7.7,16,24.7,0.172,8,0.5,30,0.433,34,0.294,0.444,3.2,2.2,15.3,0.4,7.2,0.05,0.05,7.3,2016
172,Hollis Thompson,Phi,SG,25,31,18.1,37.7,13.7,0.051,20,0.65,88,0.455,71,0.366,0.51,5.5,2.7,8.3,0.8,7,0.45,0.19,5,2016
173,Hollis Thompson,Nor,SG,25,9,21.3,44.3,10.9,0.043,9,0.667,17,0.294,24,0.25,0.378,3.8,3.1,7.7,1,6.3,0.67,0,4.3,2016
174,Ian Clark,Gol,SG,25,77,14.8,30.8,19.5,0.109,58,0.759,270,0.556,163,0.374,0.575,6.8,1.6,5.9,1.2,11.2,0.51,0.1,6.4,2016
175,Ian Mahinmi,Was,C,30,31,17.9,37.3,14,0.191,75,0.573,111,0.586,0,0,0.601,5.6,4.8,15.2,0.6,4.9,1.1,0.77,5.6,2016
176,Iman Shumpert,Cle,SG,26,76,25.5,53.1,14,0.129,90,0.789,228,0.469,261,0.36,0.536,7.5,2.9,6.2,1.4,7.8,0.82,0.36,4.9,2016
177,Isaiah Canaan,Chi,SG,25,39,15.2,31.6,15.4,0.101,33,0.909,79,0.481,94,0.266,0.483,4.6,1.3,4.6,0.9,9,0.56,0.03,4.6,2016
178,Isaiah Taylor,Hou,PG,22,4,13,27.1,6.4,0,2,0.5,5,0.2,2,0,0.19,0.8,0.8,3.1,0.8,7.1,0.25,0.25,2.5,2016
179,Isaiah Thomas,Bos,PG,27,76,33.8,70.4,34,0.107,649,0.909,827,0.528,646,0.379,0.625,28.9,2.7,4.4,5.9,32.5,0.92,0.17,9.1,2016
180,Isaiah Whitehead,Bro,PG,21,73,22.5,46.9,18.2,0.203,113,0.805,359,0.446,149,0.295,0.487,7.4,2.5,5.9,2.6,17.7,0.58,0.49,6.5,2016
181,Ish Smith,Det,PG,28,81,24.1,50.3,20.5,0.125,102,0.706,643,0.468,105,0.267,0.478,9.4,2.9,6.6,5.2,32.5,0.75,0.41,8.7,2016
182,Ivica Zubac,Lal,C,19,38,16,33.4,20.3,0.104,49,0.653,235,0.536,3,0,0.547,7.5,4.2,14.3,0.8,8.1,0.37,0.87,7.3,2016
183,J.J. Barea,Dal,PG,32,35,22,45.9,26.2,0.147,51,0.863,195,0.456,148,0.358,0.521,10.9,2.4,6.3,5.5,44.2,0.4,0.03,9.5,2016
184,Jabari Parker,Mil,PF,21,51,33.9,70.6,26.5,0.093,218,0.743,636,0.525,178,0.365,0.563,20.1,6.2,10.6,2.8,14.3,0.98,0.43,8.3,2016
185,Jae Crowder,Bos,SF,26,72,32.4,67.6,17,0.089,217,0.811,326,0.54,394,0.398,0.613,13.9,5.8,9.9,2.2,10.1,1.01,0.32,6.9,2016
186,Jahlil Okafor,Phi,C,21,50,22.7,47.3,24.2,0.144,158,0.671,471,0.514,0,0,0.546,11.8,4.8,11.7,1.2,9,0.4,0.98,7.2,2016
187,Jake Layman,Por,SF,22,35,7.1,14.8,19.1,0.102,17,0.765,38,0.342,51,0.255,0.404,2.2,0.7,5.3,0.3,6.2,0.23,0.09,4.4,2016
188,Jakob Poeltl,Tor,C,21,54,11.6,24.2,12.1,0.172,57,0.544,115,0.583,0,0,0.589,3.1,3.1,14.9,0.2,2.7,0.31,0.37,4.3,2016
189,Jamal Crawford,Lac,SG,36,82,26.3,54.8,22.7,0.123,203,0.857,548,0.443,322,0.36,0.525,12.3,1.6,3.3,2.6,15.1,0.74,0.17,5.6,2016
190,Jamal Murray,Den,SG,19,82,21.5,44.8,21.6,0.126,120,0.883,386,0.466,344,0.334,0.518,9.9,2.6,6.7,2.1,14,0.62,0.29,7,2016
191,Jameer Nelson,Den,PG,34,75,27.3,56.8,15.8,0.168,63,0.714,331,0.489,273,0.388,0.544,9.2,2.6,5.2,5.1,26,0.72,0.11,7.3,2016
192,James Ennis III,Mem,SF,26,64,23.4,48.8,13,0.138,110,0.782,184,0.516,137,0.372,0.581,6.7,4,9.9,1,6.5,0.72,0.3,5.1,2016
193,James Harden,Hou,PG,27,81,36.4,75.8,34.3,0.194,881,0.847,778,0.53,756,0.347,0.613,29.1,8.1,12.2,11.2,50.7,1.49,0.47,15.2,2016
194,James Johnson,Mia,PF,29,76,27.4,57.2,22,0.165,215,0.707,513,0.548,256,0.34,0.564,12.8,4.9,10,3.6,20.9,1,1.13,8.9,2016
195,James Jones,Cle,SF,36,48,7.9,16.5,13,0.09,20,0.65,26,0.5,66,0.47,0.655,2.8,0.8,5.5,0.3,5.2,0.13,0.21,4.4,2016
196,James Michael McAdoo,Gol,PF,24,52,8.8,18.3,14.6,0.123,42,0.5,109,0.55,8,0.25,0.543,2.8,1.7,10.8,0.3,5.2,0.35,0.56,5.1,2016
197,JaMychal Green,Mem,PF,26,77,27.3,56.8,14.4,0.141,167,0.802,355,0.549,144,0.382,0.602,8.9,7.1,14.8,1.1,6.3,0.61,0.44,6,2016
198,Jared Dudley,Pho,PF,31,64,21.3,44.4,13.8,0.163,65,0.662,143,0.559,203,0.379,0.579,6.8,3.5,9,1.9,12.5,0.67,0.25,6.7,2016
199,Jared Sullinger,Tor,PF,24,11,10.7,22.3,20.7,0.073,8,0.5,29,0.414,18,0.167,0.366,3.4,2.5,13,0.3,3.7,0.36,0.09,5.1,2016
200,Jarell Eddie,Pho,SF,25,5,12.5,26,16.1,0.042,9,0.889,3,0.667,16,0.25,0.523,4.8,1.4,6.1,0,0,0.2,0,0,2016
201,Jarell Martin,Mem,PF,22,42,13.3,27.7,16.4,0.139,50,0.8,126,0.389,25,0.36,0.477,3.9,3.9,16.6,0.2,2.2,0.4,0.21,4.4,2016
202,Jarrett Jack,Nor,PG,33,2,16.6,34.5,9.2,0.436,2,1,2,1,1,0,0.773,3,0,0,2.5,20.3,1,0,0,2016
203,Jarrod Uthoff,Dal,PF,23,9,12.8,26.6,18.1,0.068,7,0.714,29,0.448,9,0.333,0.487,4.4,2.6,11.6,1,12.8,0.22,0.44,7,2016
204,Jason Smith,Was,C,30,74,14.4,30.1,16.8,0.142,51,0.686,251,0.546,78,0.474,0.598,5.7,3.5,13.6,0.5,5,0.28,0.73,6,2016
205,Jason Terry,Mil,SG,39,74,18.4,38.4,9.8,0.123,29,0.828,72,0.444,171,0.427,0.6,4.1,1.4,4.5,1.3,9.9,0.62,0.27,4.2,2016
206,JaVale McGee,Gol,C,29,77,9.6,20,23.8,0.098,111,0.505,316,0.658,3,0,0.642,6.1,3.2,18.1,0.2,3.8,0.25,0.87,6.6,2016
207,Jaylen Brown,Bos,SF,20,78,17.2,35.8,18,0.125,124,0.685,288,0.507,135,0.341,0.539,6.6,2.8,9.1,0.8,7.2,0.45,0.23,5.7,2016
208,Jeff Green,Orl,SF,30,69,22.2,46.3,20.3,0.106,168,0.863,365,0.458,193,0.275,0.505,9.2,3.1,7.6,1.2,8.1,0.54,0.19,5.8,2016
209,Jeff Teague,Ind,PG,28,82,32.4,67.5,22.1,0.165,415,0.867,657,0.475,252,0.357,0.574,15.3,4,7,7.8,36.4,1.23,0.39,9.6,2016
210,Jeff Withey,Uta,C,26,51,8.5,17.7,14.9,0.101,48,0.75,102,0.539,1,0,0.588,2.9,2.4,16.2,0.1,2.5,0.31,0.63,4.2,2016
211,Jerami Grant,Phi,SF,22,2,20.6,42.9,24.8,0.128,8,0.5,15,0.4,2,0,0.39,8,3,8,0,0,0,2,0,2016
212,Jerami Grant,Okc,SF,22,78,19.1,39.8,11.8,0.099,139,0.619,197,0.523,114,0.377,0.566,5.4,2.6,7.4,0.6,4.3,0.42,0.96,4.3,2016
213,Jeremy Lamb,Cha,SG,24,62,18.4,38.4,23.2,0.068,129,0.853,345,0.536,146,0.281,0.55,9.7,4.3,12.7,1.2,11.1,0.44,0.37,8,2016
214,Jeremy Lin,Bro,PG,28,36,24.5,51.1,26.6,0.157,141,0.816,244,0.48,156,0.372,0.566,14.5,3.8,8.1,5.1,35.5,1.17,0.42,10.7,2016
215,Jerian Grant,Chi,PG,24,63,16.3,34,16,0.117,73,0.89,167,0.473,134,0.366,0.555,5.9,1.8,5.8,1.9,17.4,0.75,0.13,6.7,2016
216,Jerryd Bayless,Phi,PG,28,3,23.8,49.7,27.5,0.198,10,0.9,27,0.333,5,0.4,0.453,11,4,9.3,4.3,29.1,0,0,9.6,2016
217,Jimmy Butler,Chi,SF,27,76,37,77,26.5,0.093,676,0.865,1004,0.477,248,0.367,0.586,23.9,6.2,9,5.5,24.8,1.89,0.41,10.1,2016
218,JJ Redick,Lac,SG,32,78,28.2,58.7,21.9,0.091,202,0.891,422,0.462,468,0.429,0.599,15,2.2,4.4,1.4,7.8,0.69,0.17,5.1,2016
219,Joakim Noah,Nyk,C,31,46,22.1,46,12.6,0.197,78,0.436,201,0.493,1,0,0.491,5,8.8,21.4,2.2,14.1,0.65,0.8,8.3,2016
220,Jodie Meeks,Orl,SG,29,36,20.5,42.7,19.4,0.111,74,0.878,119,0.395,137,0.409,0.567,9.1,2.1,5.7,1.3,9.3,0.94,0.11,5.7,2016
221,Joe Harris,Bro,SG,25,52,21.9,45.6,16.5,0.125,49,0.714,141,0.489,221,0.385,0.558,8.2,2.8,6.8,1,7.3,0.58,0.15,5.2,2016
222,Joe Ingles,Uta,SF,29,82,24.1,50.1,13.9,0.182,68,0.735,172,0.471,279,0.441,0.604,7.1,3.2,7.6,2.7,17.2,1.16,0.1,6.5,2016
223,Joe Johnson,Uta,SF,35,78,23.6,49.2,18.5,0.096,77,0.818,366,0.456,259,0.409,0.543,9.2,3.1,7.6,1.8,12.6,0.46,0.23,6.3,2016
224,Joel Anthony,San,C,34,19,6.4,13.4,8.7,0.17,8,0.625,16,0.625,0,0,0.64,1.3,1.6,14.4,0.2,3.4,0.11,0.32,4.7,2016
225,Joel Embiid,Phi,C,22,31,25.4,52.8,36,0.179,244,0.783,331,0.495,98,0.367,0.584,20.2,7.8,17,2.1,16,0.87,2.45,10.9,2016
226,Joffrey Lauvergne,Okc,C,25,50,14.8,30.8,17.8,0.129,58,0.638,166,0.506,78,0.346,0.531,5.7,3.7,13.7,1,10.3,0.36,0.12,7.5,2016
227,Joffrey Lauvergne,Chi,C,25,20,12.1,25.1,20.7,0.14,15,0.6,72,0.431,20,0.3,0.451,4.5,3.4,15.2,1,12.2,0.35,0,8.2,2016
228,John Henson,Mil,C,26,58,19.4,40.3,16.6,0.127,107,0.692,308,0.516,1,0,0.55,6.8,5.1,15.3,1,7.7,0.5,1.34,6.7,2016
229,John Wall,Was,PG,26,78,36.4,75.7,30.6,0.162,527,0.801,1162,0.48,272,0.327,0.542,23.1,4.2,6.5,10.7,46.9,2.01,0.63,11.1,2016
230,Johnny O’Bryant III,Den,PF,23,7,6.6,13.8,18.1,0.152,4,1,12,0.417,3,0.667,0.597,2.9,1.6,13.1,0.3,6.1,0,0.14,6.8,2016
231,Johnny O’Bryant III,Cha,PF,23,4,8.6,17.9,24.8,0.159,2,0.5,12,0.583,3,0.333,0.567,4.5,2,12.8,1,21.3,0,0,9.7,2016
232,Jon Leuer,Det,PF,27,75,25.9,54,17.3,0.087,113,0.867,479,0.545,167,0.293,0.551,10.2,5.4,11.3,1.5,8.6,0.41,0.35,6.7,2016
233,Jonas Jerebko,Bos,PF,29,78,15.8,32.9,11.4,0.123,37,0.703,132,0.523,130,0.346,0.537,3.8,3.5,12.3,0.9,8.1,0.32,0.22,5.8,2016
234,Jonas Valanciunas,Tor,C,24,80,25.8,53.8,19.6,0.117,217,0.811,700,0.557,2,0.5,0.601,12,9.5,20.8,0.7,4.4,0.46,0.79,6.7,2016
235,Jonathan Gibson,Dal,PG,29,17,13.6,28.3,26.3,0.163,29,0.724,50,0.4,45,0.333,0.492,6.2,1.3,5.5,1.5,18.8,0.47,0,6.8,2016
236,Jonathon Simmons,San,SG,27,78,17.9,37.2,18,0.137,132,0.75,319,0.461,102,0.294,0.504,6.2,2.1,6.5,1.6,13.2,0.6,0.32,6.1,2016
237,Jordan Clarkson,Lal,SG,24,82,29.2,60.9,23.3,0.125,168,0.798,714,0.504,356,0.329,0.527,14.7,3,5.6,2.6,14.4,1.09,0.1,6.7,2016
238,Jordan Crawford,Nor,SG,28,19,23.3,48.5,25.5,0.098,26,0.769,123,0.553,95,0.389,0.582,14.1,1.8,4.1,3,22.7,0.58,0.11,7.3,2016
239,Jordan Farmar,Sac,PG,30,2,17.7,36.9,19.2,0.2,0,0,3,0,9,0.444,0.5,6,1.5,4.9,4.5,38.1,1,0,7.8,2016
240,Jordan Hill,Min,C,29,7,6.7,13.9,17,0.224,2,1,13,0.385,0,0,0.432,1.7,2,17.5,0,0,0.14,0,0,2016
241,Jordan McRae,Cle,SG,25,37,10.4,21.6,20.8,0.078,34,0.794,99,0.404,51,0.353,0.488,4.4,1.1,5.9,0.5,7.4,0.22,0.16,5.2,2016
242,Jordan Mickey,Bos,PF,22,25,5.6,11.8,15.5,0.183,14,0.571,33,0.455,1,0,0.473,1.5,1.4,13.4,0.3,7.1,0.12,0.24,6.1,2016
243,Jose Calderon,Lal,PG,35,24,12.2,25.3,15.3,0.248,4,1,43,0.465,34,0.353,0.508,3.3,1.8,7.9,2.1,24.7,0.29,0.04,7.6,2016
244,Jose Calderon,Atl,PG,35,17,14.5,30.3,13.3,0.199,8,0.875,27,0.556,30,0.267,0.504,3.6,1.9,7.1,2.2,21.6,0.24,0,6.8,2016
245,Josh Huestis,Okc,PF,25,2,15.5,32.2,15.7,0,1,0,7,0.571,4,0.5,0.612,7,4.5,16.1,1.5,15.6,0,1.5,9.3,2016
246,Josh McRoberts,Mia,PF,29,22,17.3,36.1,16.9,0.159,9,0.667,87,0.356,31,0.419,0.439,4.9,3.4,10.7,2.3,18.9,0.45,0.18,7.8,2016
247,Josh Richardson,Mia,SG,23,53,30.5,63.5,16.8,0.106,77,0.779,286,0.444,227,0.33,0.493,10.2,3.2,5.8,2.6,12.6,1.13,0.75,5.8,2016
248,JR Smith,Cle,SG,31,41,29,60.3,14.6,0.067,15,0.667,85,0.329,271,0.351,0.484,8.6,2.8,5.2,1.5,7.1,1,0.27,4.6,2016
249,Jrue Holiday,Nor,PG,26,67,32.7,68.1,23.5,0.167,168,0.708,612,0.498,281,0.356,0.532,15.4,4,6.4,7.3,35.9,1.49,0.67,9.4,2016
250,Juan Hernangomez,Den,PF,21,62,13.6,28.3,14.6,0.107,76,0.75,111,0.495,113,0.407,0.592,4.9,3,12.3,0.5,4.7,0.48,0.19,5.7,2016
251,Julius Randle,Lal,PF,22,74,28.8,60,21.5,0.162,282,0.723,711,0.506,63,0.27,0.543,13.2,8.6,16.3,3.6,19.3,0.66,0.5,10.3,2016
252,Justin Anderson,Dal,SF,23,51,13.9,29,23.6,0.112,88,0.795,155,0.477,122,0.303,0.521,6.5,2.9,12.2,0.6,7.6,0.55,0.31,6.5,2016
253,Justin Anderson,Phi,SF,23,24,21.6,44.9,17.2,0.127,41,0.78,89,0.607,72,0.292,0.567,8.5,4.1,10.4,1.4,10.4,0.54,0.29,6.8,2016
254,Justin Hamilton,Bro,C,26,64,18.4,38.3,16.2,0.097,52,0.75,199,0.598,180,0.306,0.55,6.9,4.1,11.8,0.9,7.3,0.45,0.67,6.4,2016
255,Justin Harper,Phi,PF,27,3,10.4,21.7,22.2,0.25,0,0,5,0.6,7,0.286,0.5,4,1.7,8.8,0.7,10.3,0,0,6.5,2016
256,Justin Holiday,Nyk,SG,27,82,20,41.6,16.9,0.103,80,0.825,265,0.513,273,0.355,0.549,7.7,2.8,7.4,1.2,9.2,0.79,0.38,5.9,2016
257,Justise Winslow,Mia,SF,20,18,34.7,72.4,19.8,0.118,47,0.617,190,0.384,35,0.2,0.399,10.9,5.2,8.3,3.7,15.5,1.44,0.33,6.8,2016
258,Jusuf Nurkic,Den,C,22,45,17.9,37.4,22.6,0.189,113,0.496,298,0.507,0,0,0.515,8,5.8,17.8,1.3,11.1,0.56,0.8,8.8,2016
259,Jusuf Nurkic,Por,C,22,20,29.2,60.8,25.8,0.182,97,0.66,235,0.511,1,0,0.545,15.2,10.4,19.7,3.2,17.8,1.25,1.9,10.9,2016
260,Karl-Anthony Towns,Min,C,21,82,37,77,27.5,0.113,428,0.832,1205,0.582,275,0.367,0.618,25.1,12.3,19.4,2.7,13.2,0.7,1.26,10.2,2016
261,Kawhi Leonard,San,SF,25,74,33.4,69.7,31.1,0.091,533,0.88,925,0.529,387,0.38,0.61,25.5,5.8,9.8,3.5,18.9,1.8,0.74,9.6,2016
262,Kay Felder,Cle,PG,21,42,9.2,19.1,24.2,0.143,49,0.714,136,0.404,22,0.318,0.462,4,1,5.9,1.4,22.7,0.43,0.17,7.7,2016
263,Kelly Olynyk,Bos,C,25,75,20.5,42.7,19,0.146,123,0.732,316,0.608,192,0.354,0.603,9,4.8,13.1,2,15.2,0.57,0.39,8.6,2016
264,Kelly Oubre Jr.,Was,SF,21,79,20.3,42.3,14.6,0.093,99,0.758,254,0.52,188,0.287,0.516,6.3,3.3,9.2,0.6,4,0.72,0.22,4.6,2016
265,Kemba Walker,Cha,PG,26,79,34.7,72.2,29.2,0.095,359,0.847,847,0.476,602,0.399,0.569,23.2,3.9,6.2,5.5,29.1,1.08,0.27,9.1,2016
266,Kenneth Faried,Den,PF,27,61,21.2,44.3,18.3,0.106,189,0.693,410,0.556,6,0,0.588,9.6,7.6,19.7,0.9,6.3,0.7,0.66,7.6,2016
267,Kent Bazemore,Atl,SF,27,73,26.9,56,20.5,0.136,168,0.708,456,0.445,266,0.346,0.503,11,3.2,6.4,2.4,14.2,1.26,0.71,6.5,2016
268,Kentavious Caldwell-,Det,SG,23,76,33.3,69.3,19.2,0.079,185,0.832,491,0.442,437,0.35,0.519,13.8,3.3,5.4,2.5,11.2,1.18,0.16,5.8,2016
269,Kevin Durant,Gol,SF,28,62,33.4,69.6,27.8,0.104,384,0.875,714,0.608,312,0.375,0.651,25.1,8.3,13.6,4.8,23.1,1.06,1.6,12,2016
270,Kevin Love,Cle,PF,28,60,31.4,65.4,26.5,0.109,295,0.871,478,0.471,389,0.373,0.573,19,11.1,19.5,1.9,9.8,0.88,0.35,9.4,2016
271,Kevin Seraphin,Ind,PF,27,49,11.4,23.8,19,0.123,22,0.636,196,0.556,2,0,0.559,4.7,2.9,14.2,0.5,6.7,0.14,0.41,6.7,2016
272,Kevon Looney,Gol,C,20,53,8.4,17.6,13.4,0.122,34,0.618,98,0.551,9,0.222,0.553,2.5,2.3,15.2,0.5,8.5,0.26,0.32,6.8,2016
273,Khris Middleton,Mil,SG,25,29,30.7,63.9,22.5,0.148,92,0.88,229,0.459,104,0.433,0.57,14.7,4.2,8.1,3.4,17.5,1.41,0.24,7.7,2016
274,KJ McDaniels,Hou,SF,23,29,7.3,15.2,16.5,0.121,10,0.9,41,0.537,27,0.333,0.552,2.8,1,7.7,0.1,2.7,0.24,0.28,3.6,2016
275,KJ McDaniels,Bro,SF,23,20,14.7,30.6,19.3,0.144,28,0.821,62,0.565,39,0.282,0.556,6.3,2.6,9.4,0.5,4.9,0.6,0.5,5.5,2016
276,Klay Thompson,Gol,SG,26,78,34,70.8,26.1,0.08,218,0.853,729,0.516,647,0.414,0.592,22.3,3.7,5.9,2.1,9.3,0.85,0.51,6.6,2016
277,Kosta Koufos,Sac,C,27,71,20,41.6,15.3,0.127,62,0.613,391,0.552,1,0,0.56,6.6,5.7,16.4,0.7,5.3,0.51,0.68,6,2016
278,Kris Dunn,Min,PG,22,78,17.1,35.6,14.2,0.208,59,0.61,240,0.404,73,0.288,0.432,3.8,2.1,7.3,2.4,19.4,1,0.46,6.3,2016
279,Kris Humphries,Atl,PF,31,56,12.3,25.6,17.6,0.101,82,0.78,160,0.425,54,0.352,0.514,4.6,3.7,16.4,0.5,6.4,0.27,0.38,6.6,2016
280,Kristaps Porzingis,Nyk,PF,21,66,32.8,68.3,24.3,0.097,252,0.786,671,0.493,314,0.357,0.546,18.1,7.2,11.8,1.5,7.3,0.71,1.95,7.1,2016
281,Kyle Anderson,San,SG,23,72,14.2,29.5,12.1,0.143,57,0.789,169,0.462,40,0.375,0.525,3.4,2.9,11.6,1.3,12.5,0.72,0.36,6.6,2016
282,Kyle Korver,Atl,SG,35,32,28,58.2,14.5,0.135,27,0.889,86,0.5,159,0.409,0.594,9.5,2.8,5.5,2.3,12.6,0.69,0.41,5.6,2016
283,Kyle Korver,Cle,SG,35,35,24.5,51.1,15.8,0.095,15,0.933,69,0.493,200,0.485,0.677,10.7,2.8,6.2,1,6.1,0.31,0.23,5.1,2016
284,Kyle Lowry,Tor,PG,30,60,37.4,77.9,24.9,0.138,365,0.819,450,0.518,468,0.412,0.623,22.4,4.8,7.2,7,29.9,1.48,0.32,9.7,2016
285,Kyle O’Quinn,Nyk,PF,26,79,15.6,32.4,18.6,0.145,83,0.771,396,0.538,17,0.118,0.552,6.3,5.5,19.2,1.5,14.8,0.46,1.32,9.6,2016
286,Kyle Singler,Okc,SF,28,32,12,25.1,11.2,0.108,17,0.765,46,0.587,37,0.189,0.486,2.8,1.5,6.9,0.3,3.2,0.22,0.16,3.6,2016
287,Kyrie Irving,Cle,PG,24,72,35.1,73.1,30.8,0.103,328,0.905,979,0.505,441,0.401,0.58,25.2,3.2,5,5.8,29.7,1.15,0.33,8.8,2016
288,Lamar Patterson,Atl,SG,25,5,8.1,16.8,22,0.197,3,0.667,9,0.222,6,0.167,0.276,1.8,1.4,9.5,1.2,20.9,0.2,0,7.1,2016
289,LaMarcus Aldridge,San,PF,31,72,32.4,67.6,24.5,0.077,271,0.812,993,0.48,56,0.411,0.532,17.3,7.3,12.7,1.9,9.9,0.64,1.22,7.7,2016
290,Lance Stephenson,Nor,SG,26,6,27.1,56.4,19,0.158,8,0.625,45,0.556,10,0.1,0.496,9.7,3,5.8,4.8,27.6,0.33,0.17,7.7,2016
291,Lance Stephenson,Min,SG,26,6,11.2,23.4,17,0.155,2,0.5,19,0.526,2,0,0.48,3.5,1.7,8.7,0.8,11.1,0,0,6,2016
292,Lance Stephenson,Ind,SG,26,6,22,45.8,19.2,0.195,3,0.667,36,0.361,8,0.625,0.474,7.2,4,10.2,4.2,28.1,0.5,0.33,9,2016
293,Lance Thomas,Nyk,PF,28,46,21,43.8,13.1,0.086,51,0.843,159,0.371,85,0.447,0.516,6,3.1,7.9,0.8,5,0.46,0.11,4.7,2016
294,Langston Galloway,Nor,PG,25,55,20.4,42.4,19.5,0.057,52,0.769,173,0.37,268,0.377,0.508,8.6,2.2,5.7,1.2,8.8,0.73,0.09,5.6,2016
295,Langston Galloway,Sac,PG,25,19,19.7,41.1,15.4,0.141,12,0.917,64,0.359,40,0.475,0.522,6,1.8,5.4,1.5,11.2,0.32,0.05,5.1,2016
296,Larry Nance Jr.,Lal,PF,24,63,22.9,47.7,13.4,0.124,80,0.738,326,0.552,36,0.278,0.565,7.1,5.9,14,1.5,9.7,1.3,0.63,6.9,2016
297,Lavoy Allen,Ind,PF,27,61,14.3,29.8,10.9,0.137,33,0.697,167,0.461,1,0,0.485,2.9,3.6,14.1,0.9,9.1,0.3,0.39,5.9,2016
298,Leandro Barbosa,Pho,SG,34,67,14.4,30,20,0.104,45,0.889,294,0.466,98,0.357,0.509,6.3,1.6,5.9,1.2,13,0.46,0.12,6.4,2016
299,LeBron James,Cle,SF,32,74,37.8,78.7,30,0.161,531,0.674,1002,0.611,342,0.363,0.619,26.4,8.7,12.6,8.7,41.3,1.23,0.59,13.3,2016
300,Lou Williams,Lal,SG,30,58,24.2,50.4,30.6,0.119,344,0.884,417,0.489,317,0.385,0.609,18.6,2.3,5.1,3.2,22.3,1.12,0.17,8.5,2016
301,Lou Williams,Hou,SG,30,23,25.7,53.5,25.4,0.113,113,0.867,134,0.448,130,0.315,0.543,14.8,3,6.5,2.4,14.3,0.65,0.39,7.4,2016
302,Luc Mbah a Moute,Lac,PF,30,80,22.3,46.5,11.6,0.1,87,0.678,268,0.552,110,0.391,0.581,6.1,2.1,5.3,0.5,3.1,1.01,0.44,3.3,2016
303,Lucas Nogueira,Tor,C,24,57,19.1,39.8,9.5,0.199,67,0.657,144,0.694,12,0.25,0.682,4.4,4.3,12.7,0.7,5.4,0.91,1.56,5,2016
304,Luis Scola,Bro,PF,36,36,12.8,26.7,18.7,0.169,37,0.676,101,0.535,50,0.34,0.55,5.1,3.9,16,1,12.7,0.39,0.11,8.5,2016
305,Luke Babbitt,Mia,SF,27,68,15.7,32.6,13,0.08,15,0.733,71,0.366,210,0.414,0.563,4.8,2.1,7.3,0.5,4.8,0.29,0.16,4.4,2016
306,Luol Deng,Lal,SF,31,56,26.5,55.3,14.3,0.087,63,0.73,260,0.435,165,0.309,0.469,7.6,5.3,10.8,1.3,7,0.86,0.36,5.6,2016
307,Malachi Richardson,Sac,SG,21,22,9,18.8,19.3,0.095,19,0.789,40,0.5,28,0.286,0.517,3.6,1,6.7,0.5,8.7,0.23,0.05,5.4,2016
308,Malcolm Brogdon,Mil,SG,24,75,26.4,55.1,18.5,0.141,126,0.865,442,0.48,193,0.404,0.555,10.2,2.8,6.3,4.2,24.3,1.12,0.16,7.5,2016
309,Malcolm Delaney,Atl,PG,27,73,17.1,35.6,18.3,0.181,93,0.806,278,0.428,110,0.236,0.456,5.4,1.7,5.4,2.6,23.1,0.53,0.01,6.7,2016
310,Malik Beasley,Den,SG,20,22,7.5,15.6,22,0.094,10,0.8,45,0.533,28,0.321,0.536,3.8,0.8,5.7,0.5,10.2,0.32,0,6.1,2016
311,Manny Harris,Dal,SG,27,4,6.2,12.9,35.7,0.107,4,0.5,13,0.231,2,0,0.239,2,2.3,21.1,0.5,12.8,0,0,8.5,2016
312,Manu Ginobili,San,SG,39,69,18.7,39,20.4,0.165,107,0.804,212,0.387,227,0.392,0.532,7.5,2.3,6.9,2.7,20.8,1.19,0.23,7.7,2016
313,Marc Gasol,Mem,C,32,74,34.2,71.3,26.4,0.113,332,0.837,892,0.48,268,0.388,0.554,19.5,6.3,10.5,4.6,24.8,0.91,1.34,9.7,2016
314,Marcelo Huertas,Lal,PG,33,23,10.3,21.4,17.1,0.201,17,0.529,49,0.429,19,0.211,0.417,2.7,1,5.5,2.3,30.9,0.43,0.09,7.1,2016
315,Marcin Gortat,Was,C,32,82,31.2,64.9,14.7,0.138,159,0.648,672,0.58,2,0,0.593,10.8,10.3,18.7,1.5,6.8,0.49,0.74,7.1,2016
316,Marco Belinelli,Cha,SG,30,74,24,50,19.2,0.092,168,0.893,332,0.488,283,0.36,0.566,10.5,2.4,5.5,2,13.1,0.59,0.12,6.2,2016
317,Marcus Georges-Hunt,Orl,SG,22,5,9.5,19.8,12.4,0.149,10,0.9,5,0.2,2,0.5,0.614,2.8,1.8,10.3,0.6,8.4,0.2,0,6.1,2016
318,Marcus Morris,Det,SF,27,79,32.5,67.6,20.3,0.074,185,0.784,650,0.466,357,0.331,0.508,14,4.6,7.8,2,9.4,0.66,0.32,6.2,2016
319,Marcus Smart,Bos,PG,22,79,30.4,63.3,18.8,0.156,250,0.812,417,0.42,332,0.283,0.486,10.6,3.9,7.1,4.6,22,1.58,0.43,7.6,2016
320,Marcus Thornton,Was,SG,29,33,17.4,36.3,18.8,0.101,27,0.852,130,0.431,80,0.35,0.494,6.6,2.3,7.5,1.2,10.1,0.58,0.09,6,2016
321,Mario Hezonja,Orl,SF,21,65,14.8,30.8,18.8,0.141,50,0.8,186,0.398,144,0.299,0.45,4.9,2.2,8.3,1,9.6,0.46,0.22,6,2016
322,Markieff Morris,Was,PF,27,76,31.2,65.1,20.5,0.116,215,0.837,693,0.483,196,0.362,0.54,14,6.5,11.7,1.7,7.8,1.08,0.58,6.9,2016
323,Marquese Chriss,Pho,PF,19,82,21.3,44.3,19.7,0.132,181,0.624,408,0.52,224,0.321,0.529,9.2,4.2,10.8,0.7,5.2,0.82,0.85,5.6,2016
324,Marreese Speights,Lac,C,29,82,15.7,32.7,23.6,0.102,137,0.876,271,0.52,277,0.372,0.584,8.7,4.5,16.2,0.8,8.1,0.28,0.5,8,2016
325,Marshall Plumlee,Nyk,C,24,21,8.1,16.9,12.6,0.243,19,0.421,29,0.552,0,0,0.535,1.9,2.4,16.2,0.5,8.1,0.19,0.19,6.5,2016
326,Marvin Williams,Cha,PF,30,76,30.2,62.9,16.3,0.072,150,0.873,349,0.496,354,0.35,0.552,11.2,6.6,12,1.4,7.1,0.76,0.7,6.2,2016
327,Mason Plumlee,Por,C,26,54,28.1,58.5,18.3,0.14,224,0.567,437,0.538,5,0,0.552,11.1,8,15.8,4,21.4,0.93,1.17,10.1,2016
328,Mason Plumlee,Den,C,26,27,23.4,48.7,17.5,0.177,76,0.618,180,0.55,1,0,0.571,9.1,6.4,15.1,2.6,15.9,0.7,1.04,9.1,2016
329,Matt Barnes,Sac,SF,36,54,25.3,52.7,16.4,0.168,66,0.758,172,0.453,211,0.327,0.501,7.6,5.4,12.4,2.8,16.3,0.67,0.31,7.7,2016
330,Matt Barnes,Gol,SF,36,20,20.5,42.7,13.1,0.193,23,0.87,38,0.526,52,0.346,0.569,5.7,4.6,12.2,2.3,13.7,0.6,0.45,7.7,2016
331,Matthew Dellavedova,Mil,PG,26,76,26.1,54.4,16.3,0.188,96,0.854,318,0.406,216,0.366,0.501,7.6,1.9,4.3,4.7,25.7,0.7,0,6.3,2016
332,Maurice Harkless,Por,SF,23,77,28.9,60.2,15.2,0.112,124,0.621,430,0.572,194,0.351,0.57,10,4.4,8.5,1.1,5.9,1.1,0.9,5,2016
333,Maurice Ndour,Nyk,PF,24,32,10.4,21.6,14.3,0.128,26,0.731,77,0.494,7,0.143,0.513,3.1,2,10.4,0.3,3.5,0.47,0.22,4.7,2016
334,Metta World Peace,Lal,SF,37,25,6.4,13.4,21.9,0.085,16,0.625,30,0.333,38,0.237,0.38,2.3,0.8,6.8,0.4,9.8,0.4,0.08,5.6,2016
335,Meyers Leonard,Por,PF,24,74,16.5,34.4,15.5,0.081,40,0.875,165,0.436,213,0.347,0.507,5.4,3.2,10.8,1,8.4,0.18,0.38,6.3,2016
336,Michael Beasley,Mil,PF,28,56,16.7,34.8,25.3,0.127,105,0.743,363,0.545,43,0.419,0.584,9.4,3.4,12,0.9,9.9,0.48,0.5,7.3,2016
337,Michael Carter-Willi,Chi,PG,25,45,18.8,39.2,20.9,0.163,77,0.753,242,0.401,64,0.234,0.437,6.6,3.4,9.7,2.5,20,0.84,0.51,8.1,2016
338,Michael Kidd-Gilchri,Cha,SF,23,81,29,60.4,14.6,0.074,194,0.784,609,0.483,9,0.111,0.528,9.2,7,13.2,1.4,7.4,0.99,0.95,6.2,2016
339,Mike Conley,Mem,PG,29,69,33.2,69.2,26.3,0.117,368,0.859,590,0.497,420,0.407,0.604,20.5,3.5,6,6.3,34.5,1.33,0.28,9.2,2016
340,Mike Dunleavy,Cle,SF,36,23,15.9,33.2,13.7,0.125,19,0.737,33,0.485,57,0.351,0.539,4.6,2,7.1,0.9,7.5,0.26,0.09,5.1,2016
341,Mike Dunleavy,Atl,SF,36,30,15.8,33,14.3,0.09,26,0.846,53,0.453,77,0.429,0.597,5.6,2.3,8,1,9.5,0.3,0.17,5.9,2016
342,Mike Miller,Den,SF,36,20,7.5,15.7,10.4,0.352,2,1,3,0.333,20,0.4,0.586,1.4,1.9,13.9,1.1,18.4,0.1,0,7.6,2016
343,Mike Muscala,Atl,C,25,70,17.7,36.8,14.9,0.133,64,0.766,227,0.546,110,0.418,0.596,6.2,3.4,10.6,1.4,11.9,0.41,0.59,7,2016
344,Mike Scott,Atl,PF,28,18,10.8,22.6,15.8,0.113,8,0.875,32,0.406,27,0.148,0.36,2.5,2.1,10.4,0.9,12.5,0.22,0.17,6.2,2016
345,Mike Tobey,Cha,C,22,2,12.6,26.3,8.9,0.2,0,0,4,0.25,0,0,0.25,1,1.5,6.5,0.5,5.4,0,0,2.9,2016
346,Miles Plumlee,Mil,C,28,32,9.7,20.2,15.5,0.209,35,0.629,68,0.441,0,0,0.492,2.6,1.7,9.9,0.6,8.2,0.34,0.28,5.7,2016
347,Miles Plumlee,Cha,C,28,13,13.4,27.9,8.7,0.237,4,0.75,24,0.583,0,0,0.602,2.4,3.2,13.3,0.2,2.5,0.54,0.31,3.4,2016
348,Mindaugas Kuzminskas,Nyk,SF,27,68,14.9,31.1,19.2,0.114,68,0.809,200,0.52,168,0.321,0.534,6.3,1.9,6.7,1,10.3,0.43,0.16,6.1,2016
349,Mirza Teletovic,Mil,PF,31,70,16.2,33.7,19.1,0.078,45,0.778,113,0.46,305,0.341,0.515,6.4,2.3,8.3,0.7,6.4,0.17,0.19,5.4,2016
350,Monta Ellis,Ind,SG,31,74,27,56.2,16.8,0.18,128,0.727,422,0.483,135,0.319,0.514,8.5,2.8,5.7,3.2,17.2,1.07,0.36,6.3,2016
351,Montrezl Harrell,Hou,PF,23,58,18.3,38.2,17.6,0.099,121,0.628,338,0.663,7,0.143,0.662,9.1,3.8,11.2,1.1,9.6,0.34,0.72,7.4,2016
352,Myles Turner,Ind,C,20,81,31.4,65.4,19.5,0.095,303,0.809,754,0.536,115,0.348,0.585,14.5,7.3,13,1.3,6.6,0.9,2.14,6.6,2016
353,Nemanja Bjelica,Min,PF,28,65,18.3,38.1,16.4,0.134,61,0.738,179,0.531,177,0.316,0.526,6.2,3.8,12,1.2,9.6,0.62,0.31,6.7,2016
354,Nene,Hou,C,34,67,17.9,37.2,19.7,0.131,197,0.589,388,0.624,9,0.333,0.63,9.1,4.2,12.8,1,8.6,0.84,0.58,7.5,2016
355,Nerlens Noel,Phi,C,22,29,19.5,40.5,17.8,0.125,63,0.683,174,0.615,1,0,0.634,8.9,5,14.1,1,9,1.48,0.9,7.3,2016
356,Nerlens Noel,Dal,C,22,22,21.9,45.7,17.3,0.124,48,0.708,134,0.575,0,0,0.606,8.5,6.8,18,0.9,7,1,1.09,6.8,2016
357,Nick Collison,Okc,PF,36,20,6.4,13.3,10.2,0.131,8,0.625,22,0.636,1,0,0.622,1.7,1.6,13.4,0.6,13.3,0.1,0.1,7.4,2016
358,Nick Young,Lal,SG,31,60,25.9,54,19.5,0.051,90,0.856,212,0.481,421,0.404,0.588,13.2,2.3,4.8,1,5.8,0.62,0.23,4.8,2016
359,Nicolas Batum,Cha,SG,28,77,34,70.8,22.3,0.15,284,0.856,570,0.453,405,0.333,0.529,15.1,6.2,10.1,5.9,27.7,1.12,0.38,9.7,2016
360,Nicolas Brussino,Dal,SF,23,54,9.7,20.1,16,0.147,22,0.773,46,0.5,95,0.305,0.498,2.8,1.7,10.5,0.9,13.9,0.31,0.15,6.7,2016
361,Nicolas Laprovittola,San,PG,27,18,9.7,20.1,18.2,0.272,9,1,20,0.5,27,0.37,0.579,3.3,0.6,3.3,1.6,23,0.22,0.06,6.1,2016
362,Nik Stauskas,Phi,SG,23,80,27.3,57,16.4,0.155,150,0.813,275,0.433,359,0.368,0.54,9.5,2.8,5.7,2.4,12.9,0.56,0.4,5.9,2016
363,Nikola Jokic,Den,C,21,73,27.9,58.2,23.5,0.152,228,0.825,715,0.628,139,0.324,0.64,16.7,9.8,19.5,4.9,28.8,0.84,0.75,13.3,2016
364,Nikola Mirotic,Chi,PF,25,70,24,50,19.8,0.106,128,0.773,247,0.522,377,0.342,0.547,10.6,5.5,12.3,1.1,6.9,0.76,0.79,6.7,2016
365,Nikola Vucevic,Orl,C,26,75,28.8,60.1,24.8,0.096,160,0.669,956,0.481,75,0.307,0.498,14.6,10.4,19.6,2.8,16.9,1.01,0.99,10.4,2016
366,Noah Vonleh,Por,PF,21,74,17.1,35.6,13.1,0.171,94,0.638,250,0.492,20,0.35,0.525,4.4,5.2,17,0.4,3.4,0.41,0.36,4.9,2016
367,Norris Cole,Okc,PG,28,13,9.6,20,21.6,0.11,10,0.8,39,0.333,13,0.231,0.381,3.3,0.8,4.9,1.1,16.3,0.62,0,5.9,2016
368,Okaro White,Mia,PF,24,35,13.5,28,10.8,0.157,22,0.909,53,0.396,34,0.353,0.507,2.8,2.3,9.6,0.6,6,0.29,0.29,4.6,2016
369,Omer Asik,Nor,C,30,31,15.6,32.4,8.8,0.146,39,0.59,65,0.477,0,0,0.517,2.7,5.3,17.8,0.5,4.2,0.16,0.32,4.9,2016
370,Omri Casspi,Sac,SF,28,22,18,37.6,16.4,0.119,21,0.571,88,0.477,29,0.379,0.511,5.9,4.1,13.1,1.2,10.1,0.45,0.05,6.8,2016
371,Omri Casspi,Nor,SF,28,1,23.7,49.4,20.6,0.182,0,0,5,0.6,4,0.5,0.667,12,2,4.5,0,0,0,0,0,2016
372,Omri Casspi,Min,SF,28,13,17.1,35.5,10.5,0.19,8,0.625,29,0.586,10,0.2,0.529,3.5,1.5,5.3,0.8,6.8,1,0.15,3.8,2016
373,Otto Porter Jr.,Was,SF,23,80,32.6,67.8,15.1,0.049,119,0.832,462,0.576,341,0.434,0.628,13.4,6.4,11.1,1.5,6.7,1.45,0.53,6.2,2016
374,Pascal Siakam,Tor,PF,22,55,15.6,32.5,13.1,0.131,32,0.688,198,0.515,7,0.143,0.523,4.2,3.4,12.2,0.3,2.9,0.47,0.82,4.2,2016
375,Pat Connaughton,Por,SG,24,39,8.1,16.9,13,0.183,9,0.778,39,0.513,33,0.515,0.645,2.5,1.3,9.1,0.7,12.7,0.15,0.05,6.5,2016
376,Patricio Garino,Orl,SG,23,5,8.6,18,10.2,0.3,0,0,2,0,5,0,0,0,1.4,8.8,0,0,0,0,0,2016
377,Patrick Beverley,Hou,SG,28,67,30.7,64,14.1,0.146,95,0.768,255,0.463,287,0.383,0.547,9.5,5.9,10.4,4.2,18.8,1.48,0.37,8,2016
378,Patrick McCaw,Gol,SG,21,71,15.1,31.5,11.9,0.121,37,0.784,122,0.533,123,0.333,0.54,4,1.4,5.1,1.1,9,0.45,0.21,4.9,2016
379,Patrick Patterson,Tor,PF,27,65,24.6,51.2,12.5,0.085,60,0.717,131,0.458,253,0.372,0.542,6.8,4.5,10.4,1.2,6.6,0.62,0.35,5.4,2016
380,Patty Mills,San,PG,28,80,21.9,45.7,19.5,0.133,80,0.825,266,0.474,355,0.414,0.578,9.5,1.8,4.5,3.5,24.2,0.81,0.04,7.1,2016
381,Pau Gasol,San,C,36,64,25.4,53,21.3,0.106,184,0.707,500,0.494,104,0.538,0.578,12.4,7.8,17.4,2.3,14.7,0.38,1.09,9.5,2016
382,Paul George,Ind,SF,26,75,35.9,74.7,28.9,0.127,374,0.898,852,0.501,496,0.393,0.587,23.7,6.6,10.3,3.3,16.1,1.57,0.36,8.9,2016
383,Paul Millsap,Atl,PF,31,69,34,70.7,24.4,0.121,405,0.768,731,0.486,241,0.311,0.542,18.1,7.7,12.5,3.7,17.9,1.3,0.9,9.4,2016
384,Paul Pierce,Lac,SF,39,25,11.1,23.1,14.8,0.174,13,0.769,27,0.481,43,0.349,0.535,3.2,1.9,9.7,0.4,5,0.16,0.2,4.8,2016
385,Paul Zipser,Chi,SF,22,44,19.2,39.9,14.4,0.144,40,0.775,122,0.451,99,0.333,0.503,5.5,2.8,8,0.8,6.1,0.34,0.36,4.8,2016
386,PJ Tucker,Pho,SF,31,57,28.5,59.5,11.3,0.118,77,0.792,218,0.463,136,0.338,0.517,7,6,11.4,1.3,6.1,1.49,0.25,5.3,2016
387,PJ Tucker,Tor,SF,31,24,25.4,52.9,10.9,0.094,16,0.688,68,0.412,60,0.4,0.515,5.8,5.3,11.9,1.1,5.9,1.29,0.21,5.1,2016
388,Quincy Acy,Dal,PF,26,6,8,16.6,20,0.098,3,0.667,10,0.4,7,0.143,0.355,2.2,1.3,9.7,0,0,0,0,0,2016
389,Quincy Acy,Bro,PF,26,32,15.9,33.2,16.5,0.096,57,0.754,70,0.414,83,0.434,0.587,6.5,3.3,11.1,0.6,5.4,0.44,0.47,5.9,2016
390,Quinn Cook,Dal,PG,23,5,15.4,32,20.8,0.236,2,0,11,0.545,14,0.357,0.522,5.4,0.6,2.3,2.4,25.7,0.2,0,5.1,2016
391,Quinn Cook,Nor,PG,23,9,12.3,25.6,19,0.106,3,0.667,29,0.552,12,0.5,0.614,5.8,0.4,1.9,1.6,20.8,0.33,0,5,2016
392,Rajon Rondo,Chi,PG,30,69,26.7,55.6,17.8,0.225,50,0.6,428,0.418,133,0.376,0.461,7.8,5.1,10.4,6.7,37,1.43,0.16,9.6,2016
393,Rakeem Christmas,Ind,PF,25,28,7.8,16.3,12.9,0.127,27,0.741,43,0.442,0,0,0.528,2.1,2,14.3,0.1,2.5,0.11,0.21,3.8,2016
394,Ramon Sessions,Cha,PG,30,50,16.2,33.8,20.1,0.127,118,0.771,201,0.393,62,0.339,0.495,6.2,1.5,5,2.6,24.2,0.52,0.06,7.1,2016
395,Randy Foye,Bro,SG,33,69,18.6,38.8,14.4,0.185,63,0.857,122,0.418,203,0.33,0.506,5.2,2.3,6.4,2,15.2,0.51,0.13,6.2,2016
396,Rashad Vaughn,Mil,SG,20,41,11.2,23.3,17.2,0.081,5,0.4,75,0.413,81,0.321,0.449,3.5,1.2,6.2,0.6,7.4,0.46,0.24,4.9,2016
397,Raul Neto,Uta,PG,24,40,8.6,18,14.9,0.136,9,0.889,60,0.517,31,0.323,0.527,2.5,0.8,5,0.9,15.1,0.53,0.13,5.7,2016
398,Raymond Felton,Lac,PG,32,80,21.2,44.3,16.5,0.131,64,0.781,370,0.473,144,0.319,0.496,6.7,2.7,7.2,2.4,16.3,0.83,0.28,6.6,2016
399,Reggie Bullock,Det,SF,25,31,15.1,31.4,13.4,0.071,7,0.714,55,0.473,73,0.384,0.538,4.5,2.1,7.5,0.9,8.8,0.58,0.1,5.4,2016
400,Reggie Jackson,Det,PG,26,52,27.4,57.1,26.4,0.134,136,0.868,493,0.442,184,0.359,0.51,14.5,2.2,4.4,5.2,30.3,0.67,0.1,8,2016
401,Reggie Williams,Nor,SF,30,6,13.3,27.6,14.5,0,7,0.857,12,0.25,11,0.455,0.518,4.5,1,4,0.7,7.1,0.5,0,4.4,2016
402,Richard Jefferson,Cle,SF,36,79,20.4,42.6,12.2,0.118,108,0.741,157,0.58,186,0.333,0.574,5.7,2.6,6.9,1,6.6,0.33,0.13,4.8,2016
403,Richaun Holmes,Phi,C,23,57,20.9,43.6,18.6,0.107,103,0.699,335,0.606,77,0.351,0.611,9.8,5.4,14.3,1,8.3,0.74,0.95,7.2,2016
404,Ricky Rubio,Min,PG,26,75,32.9,68.6,17.4,0.201,285,0.891,454,0.443,196,0.306,0.539,11.1,4.1,7.2,9.1,38.8,1.71,0.13,9.1,2016
405,Robert Covington,Phi,SF,26,67,31.6,65.9,19.2,0.139,174,0.822,320,0.484,412,0.333,0.534,12.9,6.5,11.3,1.5,7.5,1.9,1.03,6.3,2016
406,Robin Lopez,Chi,C,28,81,28,58.4,17.5,0.1,104,0.721,773,0.494,2,0,0.511,10.4,6.4,12.4,1,5.6,0.22,1.44,5.8,2016
407,Rodney Hood,Uta,SG,24,59,27,56.3,22.9,0.084,115,0.783,358,0.441,307,0.371,0.523,12.7,3.4,7.3,1.6,10.1,0.64,0.19,6.1,2016
408,Rodney McGruder,Mia,SG,25,78,25.2,52.5,12.3,0.102,71,0.62,240,0.488,220,0.332,0.506,6.4,3.3,7.2,1.6,8.8,0.59,0.23,5.1,2016
409,Rodney Stuckey,Ind,PG,30,39,17.9,37.2,22.2,0.154,107,0.748,184,0.391,60,0.317,0.483,7.2,2.2,6.8,2.2,17.7,0.41,0,7.3,2016
410,Ron Baker,Nyk,SG,23,52,16.5,34.3,14.8,0.192,43,0.651,131,0.45,86,0.267,0.456,4.1,1.9,6.2,2.1,17.3,0.67,0.13,6.2,2016
411,Rondae Hollis-Jeffer,Bro,SF,22,78,22.6,47,18.7,0.151,253,0.751,475,0.463,67,0.224,0.517,8.7,5.8,13.6,2,13.4,1.05,0.58,8.2,2016
412,Ronnie Price,Pho,PG,33,14,9.6,20,9,0.104,4,0.75,7,0.143,17,0.176,0.272,1,0.8,4.5,1.3,16.9,0.79,0.07,4.2,2016
413,Roy Hibbert,Cha,C,30,42,16,33.3,14,0.149,75,0.813,144,0.542,0,0,0.613,5.2,3.6,12.3,0.5,4.5,0.19,1.05,5.3,2016
414,Rudy Gay,Sac,SF,30,30,33.8,70.3,25.8,0.128,138,0.855,329,0.483,113,0.372,0.559,18.7,6.3,10.8,2.8,14.1,1.47,0.87,8.2,2016
415,Rudy Gobert,Uta,C,24,81,33.9,70.6,16.7,0.15,476,0.653,624,0.662,1,0,0.681,14,12.8,21.8,1.2,5.8,0.6,2.64,7.1,2016
416,Russell Westbrook,Okc,PG,28,81,34.6,72.1,41.7,0.159,840,0.845,1358,0.459,583,0.343,0.554,31.6,10.7,17.1,10.4,57.3,1.65,0.38,17.6,2016
417,Ryan Anderson,Hou,PF,28,72,29.4,61.2,17.9,0.062,150,0.86,267,0.446,506,0.403,0.583,13.6,4.6,8.5,0.9,4.7,0.43,0.19,5.2,2016
418,Ryan Kelly,Atl,PF,25,16,6.9,14.3,13.7,0.115,6,0.833,18,0.222,10,0.4,0.408,1.6,1.1,9,0.5,10.2,0.25,0.31,5.6,2016
419,Salah Mejri,Dal,C,30,73,12.4,25.8,10.6,0.196,61,0.59,134,0.649,3,0.333,0.65,2.9,4.2,19.8,0.2,2.4,0.44,0.84,4.3,2016
420,Sam Dekker,Hou,SF,22,77,18.4,38.4,14.9,0.082,68,0.559,242,0.591,187,0.321,0.549,6.5,3.7,10.9,1,7.7,0.49,0.27,6.3,2016
421,Sasha Vujacic,Nyk,SG,32,42,9.7,20.2,17.3,0.098,24,0.708,62,0.306,74,0.311,0.423,3,1.3,7.4,1.2,17.8,0.31,0.05,6.9,2016
422,Sean Kilpatrick,Bro,SG,27,70,25.1,52.2,23.8,0.138,242,0.843,427,0.468,308,0.341,0.546,13.1,4,8.5,2.2,14.6,0.64,0.09,7.8,2016
423,Semaj Christon,Okc,PG,24,64,15.2,31.7,12.2,0.154,31,0.548,160,0.406,63,0.19,0.387,2.9,1.4,5,2,18.1,0.44,0.11,5.3,2016
424,Serge Ibaka,Orl,PF,27,56,30.5,63.6,20.8,0.082,91,0.846,489,0.532,214,0.388,0.569,15.1,6.8,12.2,1.1,5.9,0.61,1.63,6.3,2016
425,Serge Ibaka,Tor,PF,27,23,31,64.5,20.9,0.117,34,0.882,176,0.494,103,0.398,0.556,14.2,6.8,12.4,0.7,3.3,0.3,1.43,5.3,2016
426,Sergio Rodriguez,Phi,PG,30,68,22.3,46.5,19.3,0.189,27,0.667,284,0.415,252,0.365,0.484,7.8,2.3,5.7,5.1,35.4,0.72,0.06,8.1,2016
427,Seth Curry,Dal,PG,26,70,29,60.4,19.5,0.11,100,0.85,381,0.528,322,0.425,0.601,12.8,2.6,5.1,2.7,15.9,1.13,0.1,6.2,2016
428,Shabazz Muhammad,Min,SF,24,78,19.4,40.5,21.5,0.076,190,0.774,452,0.529,146,0.336,0.566,9.9,2.8,8.5,0.4,3.7,0.28,0.08,4.6,2016
429,Shabazz Napier,Por,PG,25,53,9.7,20.1,21.2,0.167,49,0.776,91,0.429,92,0.37,0.533,4.1,1.1,6.5,1.3,19.5,0.6,0.04,7.4,2016
430,Shaun Livingston,Gol,PG,31,76,17.7,36.9,13,0.153,60,0.7,313,0.55,3,0.333,0.568,5.1,2,6.2,1.8,13.5,0.5,0.26,6,2016
431,Shawn Long,Phi,C,24,18,13,27,25.5,0.095,35,0.543,90,0.6,19,0.368,0.595,8.2,4.7,20.1,0.7,10.8,0.5,0.5,9.2,2016
432,Sheldon McClellan,Was,SG,24,30,9.6,19.9,14,0.054,27,0.852,45,0.511,30,0.233,0.518,3,1.1,6.7,0.5,7,0.27,0.07,4.9,2016
433,Shelvin Mack,Uta,PG,26,55,21.9,45.6,19.6,0.178,77,0.688,261,0.51,120,0.308,0.518,7.8,2.3,6,2.8,20.4,0.78,0.05,6.7,2016
434,Skal Labissiere,Sac,PF,20,33,18.5,38.6,21.3,0.132,74,0.703,209,0.545,8,0.375,0.579,8.8,4.9,15.2,0.8,7.5,0.48,0.36,7,2016
435,Solomon Hill,Nor,SF,25,80,29.7,61.8,11.5,0.133,128,0.805,208,0.428,270,0.348,0.527,7,3.8,6.8,1.8,8.1,0.9,0.4,4.9,2016
436,Spencer Dinwiddie,Bro,PG,23,59,22.6,47.1,14.1,0.151,159,0.792,201,0.478,101,0.376,0.581,7.3,2.8,6.5,3.1,20.3,0.75,0.39,7.1,2016
437,Spencer Hawes,Cha,PF,28,35,17.9,37.3,19.6,0.147,34,0.882,163,0.54,55,0.291,0.545,7.3,4.2,12.8,1.8,16.1,0.37,0.74,8.5,2016
438,Spencer Hawes,Mil,PF,28,19,9,18.7,20.3,0.119,18,0.778,33,0.636,26,0.346,0.62,4.4,2.4,15.3,1,17.7,0.11,0.21,9.8,2016
439,Stanley Johnson,Det,SF,20,77,17.8,37.1,14.8,0.155,53,0.679,211,0.398,154,0.292,0.436,4.4,2.5,7.5,1.4,10.5,0.73,0.31,5.6,2016
440,Stephen Curry,Gol,PG,28,79,33.4,69.6,30.1,0.129,362,0.898,654,0.537,790,0.41,0.623,25.3,4.5,7.4,6.6,31.2,1.81,0.22,10.9,2016
441,Stephen Zimmerman,Orl,C,20,19,5.7,11.8,14.8,0.083,5,0.6,31,0.323,0,0,0.346,1.2,1.8,17.7,0.2,5.3,0.11,0.26,5.3,2016
442,Steven Adams,Okc,C,23,80,29.9,62.2,16.3,0.16,257,0.611,654,0.572,1,0,0.589,11.3,7.7,14.2,1.1,5.4,1.11,0.98,6.1,2016
443,T.J. McConnell,Phi,PG,24,81,26.3,54.9,14.4,0.224,90,0.811,457,0.492,55,0.2,0.504,6.9,3.1,6.5,6.6,37.5,1.65,0.12,7.9,2016
444,Taj Gibson,Chi,PF,31,55,27.3,56.9,19.2,0.117,119,0.714,518,0.529,12,0.167,0.549,11.6,6.9,13.7,1.1,6.5,0.49,0.91,6.5,2016
445,Taj Gibson,Okc,PF,31,23,21.2,44.1,19.6,0.125,39,0.718,178,0.494,1,1,0.528,9,4.5,11.7,0.6,4.2,0.61,0.65,5.5,2016
446,Taurean Prince,Atl,SF,22,59,16.6,34.7,17.2,0.157,94,0.787,183,0.443,102,0.324,0.513,5.7,2.7,8.8,0.9,8.4,0.73,0.46,5.8,2016
447,Terrence Jones,Nor,PF,25,51,24.8,51.6,21.4,0.078,170,0.606,414,0.512,75,0.253,0.518,11.5,5.9,12.6,1.2,7.5,0.76,1.04,7,2016
448,Terrence Ross,Tor,SF,25,54,22.3,46.6,19.8,0.062,50,0.82,223,0.516,256,0.375,0.558,10.4,2.6,6.5,0.8,5.9,0.98,0.37,5,2016
449,Terry Rozier,Bos,PG,22,74,17.1,35.6,17.1,0.097,66,0.773,232,0.405,179,0.318,0.466,5.5,3.1,10,1.8,15.2,0.62,0.15,7.3,2016
450,Thabo Sefolosha,Atl,SF,32,62,25.7,53.6,13.3,0.119,75,0.733,275,0.484,120,0.342,0.519,7.2,4.4,9.3,1.7,9.9,1.55,0.5,5.9,2016
451,Thaddeus Young,Ind,PF,28,74,30.2,63,16.4,0.116,86,0.523,569,0.557,118,0.381,0.562,11,6,11.2,1.6,8.4,1.53,0.41,6.3,2016
452,Thomas Robinson,Lal,PF,25,48,11.7,24.3,20.7,0.17,66,0.47,195,0.538,1,0,0.535,5,4.6,21.7,0.6,8.8,0.56,0.19,8.2,2016
453,Thon Maker,Mil,PF,19,57,9.9,20.5,17.8,0.077,49,0.653,107,0.514,74,0.378,0.558,4,2,11.7,0.4,6.2,0.18,0.46,6,2016
454,Tiago Splitter,Phi,C,32,8,9.5,19.8,23.9,0.143,11,0.818,25,0.48,6,0.333,0.544,4.9,2.8,16,0.5,8.9,0.13,0.13,8,2016
455,Tim Frazier,Nor,PG,26,65,23.5,48.9,16.3,0.18,129,0.76,276,0.446,128,0.313,0.504,7.1,2.7,6,5.2,31.4,0.86,0.09,7.9,2016
456,Tim Hardaway Jr.,Atl,SG,24,79,27.3,56.8,22.5,0.095,214,0.766,495,0.537,417,0.357,0.568,14.5,2.8,5.7,2.3,14.3,0.7,0.19,6.6,2016
457,Tim Quarterman,Por,SG,22,16,5,10.4,22.8,0.266,3,0,16,0.5,13,0.385,0.511,1.9,0.9,9.7,0.7,21.1,0.13,0.19,8.5,2016
458,Timofey Mozgov,Lal,C,30,54,20.4,42.6,16.8,0.166,78,0.808,327,0.517,1,0,0.553,7.4,4.9,13.1,0.8,5.9,0.3,0.57,6,2016
459,Timothe Luwawu-Cabar,Phi,SF,21,69,17.2,35.9,17.8,0.15,123,0.854,200,0.475,161,0.311,0.536,6.4,2.2,6.9,1.1,9.6,0.46,0.14,5.8,2016
460,TJ Warren,Pho,SF,23,66,31,64.6,19.2,0.061,154,0.773,716,0.527,98,0.265,0.539,14.4,5.1,9,1.1,5.8,1.15,0.59,5.6,2016
461,Tobias Harris,Det,PF,24,82,31.3,65.2,21.7,0.076,226,0.841,749,0.537,314,0.347,0.568,16.1,5.1,8.8,1.7,8.8,0.72,0.48,6.6,2016
462,Tomas Satoransky,Was,SG,25,57,12.6,26.3,12.1,0.19,33,0.697,110,0.473,37,0.243,0.477,2.7,1.5,6.5,1.6,16.6,0.46,0.11,5.9,2016
463,Toney Douglas,Mem,PG,30,24,16.4,34.2,17.4,0.139,29,0.828,75,0.48,42,0.167,0.451,4.9,2.5,8.9,2.3,22.2,0.75,0.21,7.4,2016
464,Tony Allen,Mem,SG,35,71,27,56.2,17.9,0.133,130,0.615,541,0.479,54,0.278,0.493,9.1,5.5,11.7,1.4,8.4,1.62,0.41,6.1,2016
465,Tony Parker,San,PG,34,63,25.2,52.5,20.2,0.125,117,0.726,500,0.484,69,0.333,0.514,10.1,1.8,4,4.5,27.8,0.54,0.03,6.9,2016
466,Tony Snell,Mil,SG,25,80,29.2,60.8,12.1,0.088,58,0.81,186,0.548,355,0.406,0.603,8.5,3.1,6.2,1.2,5.9,0.69,0.18,4.3,2016
467,Treveon Graham,Cha,SG,23,27,7,14.6,11.8,0.06,15,0.667,25,0.4,15,0.6,0.612,2.1,0.8,6.4,0.2,4.7,0.22,0.04,4,2016
468,Trevor Ariza,Hou,SF,31,80,34.7,72.2,14.2,0.079,126,0.738,244,0.557,555,0.344,0.549,11.7,5.7,9,2.2,8.8,1.84,0.25,6.1,2016
469,Trevor Booker,Bro,PF,29,71,24.7,51.5,18.7,0.166,110,0.673,512,0.547,78,0.321,0.555,10,8,17.2,1.9,12.9,1.07,0.39,8.6,2016
470,Trey Burke,Was,PG,24,57,12.3,25.7,19.6,0.152,29,0.759,185,0.459,70,0.443,0.532,5,0.8,3.8,1.8,20.7,0.19,0.09,6.3,2016
471,Trey Lyles,Uta,PF,21,71,16.3,34,21.7,0.119,79,0.722,235,0.4,204,0.319,0.464,6.2,3.3,11.7,1,9.4,0.37,0.28,6.7,2016
472,Tristan Thompson,Cle,C,25,78,30,62.4,11.3,0.108,213,0.498,434,0.604,3,0,0.594,8.1,9.2,16.9,1,4.6,0.5,1.08,5.6,2016
473,Troy Daniels,Mem,SG,25,67,17.7,36.8,21.7,0.08,54,0.796,140,0.336,355,0.389,0.531,8.2,1.5,4.8,0.7,6.6,0.3,0.06,4.6,2016
474,Troy Williams,Mem,SF,22,24,17.4,36.3,17.4,0.163,25,0.6,82,0.5,41,0.244,0.474,5.3,1.9,6.2,0.8,7.2,1,0.38,4.6,2016
475,Troy Williams,Hou,SF,22,6,23.1,48.2,16.2,0.113,7,0.857,23,0.609,21,0.381,0.616,9.7,4,9.4,1,6.4,0.5,0.17,5.9,2016
476,Ty Lawson,Sac,PG,29,69,25.1,52.3,19.5,0.173,217,0.797,404,0.502,118,0.288,0.551,9.9,2.6,6,4.8,29.9,1.07,0.09,7.9,2016
477,Tyler Ennis,Hou,PG,22,31,6.3,13.2,19.3,0.269,3,0.667,48,0.396,16,0.375,0.444,1.9,0.6,5.3,1.1,24.5,0.19,0,6.8,2016
478,Tyler Ennis,Lal,PG,22,22,17.8,37.1,19,0.12,22,0.864,90,0.489,54,0.389,0.553,7.7,1.2,3.6,2.4,20.3,0.86,0.09,6.3,2016
479,Tyler Johnson,Mia,PG,24,73,29.8,62.1,20.9,0.089,254,0.768,574,0.46,249,0.373,0.536,13.7,4,7.4,3.2,16.6,1.15,0.6,7.5,2016
480,Tyler Ulis,Pho,PG,21,61,18.4,38.4,20.3,0.141,71,0.775,358,0.455,79,0.266,0.474,7.3,1.6,4.6,3.7,30.5,0.79,0.08,7.6,2016
481,Tyler Zeller,Bos,C,27,51,10.3,21.4,16.5,0.102,39,0.564,157,0.497,1,0,0.508,3.5,2.4,13.2,0.8,12.3,0.14,0.41,7.3,2016
482,Tyreke Evans,Nor,SG,27,26,18.2,37.9,27.3,0.134,58,0.776,157,0.446,70,0.3,0.491,9.5,3.3,9.6,3.5,31.3,0.88,0.15,10.5,2016
483,Tyreke Evans,Sac,SG,27,14,22.5,46.8,25.9,0.122,34,0.706,95,0.4,48,0.438,0.516,11.6,3.6,9.2,2.4,17.7,0.86,0.36,8.3,2016
484,Tyson Chandler,Pho,C,34,47,27.6,57.5,11.2,0.187,124,0.734,228,0.671,0,0,0.703,8.4,11.5,22.6,0.6,3.3,0.7,0.51,5.6,2016
485,Udonis Haslem,Mia,C,36,16,8.1,17,12.8,0.213,15,0.6,20,0.55,3,0,0.524,1.9,2.3,15.3,0.4,6.4,0.38,0.06,5.9,2016
486,Victor Oladipo,Okc,SG,24,67,33.2,69.1,21.4,0.106,154,0.753,580,0.491,352,0.361,0.534,15.9,4.3,7.2,2.6,12.5,1.13,0.31,6.8,2016
487,Vince Carter,Mem,SG,40,73,24.7,51.4,14.9,0.085,115,0.765,194,0.418,296,0.378,0.542,8,3.1,7.2,1.8,11.5,0.82,0.49,5.7,2016
488,Wade Baldwin IV,Mem,PG,20,33,12.3,25.6,19.1,0.229,37,0.838,93,0.355,22,0.136,0.404,3.2,1.4,6.5,1.8,22.8,0.55,0.21,6.5,2016
489,Wayne Ellington,Mia,SG,29,62,24.2,50.4,17.9,0.05,43,0.86,161,0.509,394,0.378,0.565,10.5,2.1,4.8,1.1,7.1,0.56,0.06,4.8,2016
490,Wayne Selden,Nor,SG,22,3,15.7,32.6,12,0.235,4,0.5,1,1,7,0.571,0.82,5.3,1.7,5.6,0.3,3,0.67,0,3.5,2016
491,Wayne Selden,Mem,SG,22,11,17.2,35.8,16.1,0.134,18,0.667,29,0.586,21,0.143,0.475,5,1,3.3,1.1,9.9,0.36,0.09,4.1,2016
492,Wesley Johnson,Lac,SF,29,68,11.9,24.8,12.5,0.08,17,0.647,82,0.537,118,0.246,0.448,2.7,2.7,12.5,0.3,3.9,0.43,0.44,4.4,2016
493,Wesley Matthews,Dal,SG,30,73,34.2,71.2,19.4,0.099,179,0.816,368,0.432,479,0.363,0.533,13.5,3.5,6,2.9,13.6,1.05,0.21,6,2016
494,Will Barton,Den,SG,26,60,28.4,59.2,21.1,0.115,190,0.753,431,0.483,235,0.37,0.547,13.7,4.3,8.4,3.4,17.7,0.8,0.47,8.2,2016
495,Willie Cauley-Stein,Sac,C,23,75,18.9,39.5,19.7,0.112,151,0.669,479,0.532,2,0,0.558,8.1,4.5,13.7,1.1,9.4,0.71,0.59,7.2,2016
496,Willie Reed,Mia,C,26,71,14.5,30.2,15.3,0.087,88,0.557,281,0.573,4,0.25,0.578,5.3,4.7,17.8,0.4,3.9,0.25,0.68,5.9,2016
497,Willy Hernangomez,Nyk,C,22,72,18.4,38.3,20.3,0.161,125,0.728,450,0.538,15,0.267,0.564,8.2,7,20.4,1.3,11.5,0.57,0.5,9.2,2016
498,Wilson Chandler,Den,SF,29,71,30.9,64.5,22,0.1,194,0.727,613,0.527,326,0.337,0.545,15.7,6.5,11.6,2,9.8,0.72,0.44,7.6,2016
499,Yogi Ferrell,Bro,PG,23,10,15.1,31.5,19.8,0.2,16,0.625,22,0.455,27,0.296,0.482,5.4,1.2,4.2,1.7,16.9,0.2,0.2,5.9,2016
500,Yogi Ferrell,Dal,PG,23,36,29.1,60.5,19.5,0.129,73,0.877,195,0.421,150,0.4,0.541,11.3,2.7,5.4,4.3,24.1,1.11,0.19,7,2016
501,Zach LaVine,Min,SG,21,47,37.2,77.5,21.7,0.099,140,0.836,400,0.515,310,0.387,0.576,18.9,3.4,5.3,3,12.6,0.87,0.21,6.2,2016
502,Zach Randolph,Mem,PF,35,73,24.5,51,29.2,0.086,193,0.731,870,0.474,94,0.223,0.49,14.1,8.2,19.1,1.7,13.5,0.52,0.14,9.5,2016
503,Zaza Pachulia,Gol,C,32,70,18.1,37.7,15.3,0.194,126,0.778,305,0.538,2,0,0.588,6.1,5.9,17.7,1.9,13.6,0.84,0.47,9,2016
504,Axel Toupane,Nor,SF,24,2,20.7,43.1,8.6,0,0,0,5,0.8,3,0.333,0.688,5.5,0.5,1.3,0,0,0.5,0.5,0,2016
505,Aaron Brooks,Ind,PG,32,1,7.3,15.2,24,0.25,0,0,1,1,2,0.5,0.833,5,1,8,1,24,0,0,9.4,2016-p
506,Al Horford,Bos,C,30,18,33.9,70.6,17.4,0.133,29,0.759,138,0.609,52,0.519,0.668,15.1,6.6,11.3,5.4,25.9,0.83,0.78,9.6,2016-p
507,Alex Abrines,Okc,SG,23,5,16,33.4,13.2,0,4,0.75,6,0.5,17,0.294,0.485,4.8,1.8,6.1,0.8,7.1,0,0,4.8,2016-p
508,Al-Farouq Aminu,Por,SF,26,4,28.2,58.8,18.7,0.177,11,0.636,20,0.5,17,0.412,0.574,12,6.5,12.2,1,6,0.75,1,6.1,2016-p
509,Allen Crabbe,Por,SG,24,4,23,47.9,11.9,0.038,3,0.333,11,0.545,13,0.231,0.434,5.5,3.3,7.5,0.5,3.4,0.25,0,3.6,2016-p
510,Amir Johnson,Bos,PF,29,14,10.2,21.2,12.6,0.152,8,0.625,27,0.519,3,0.333,0.537,2.6,2.1,12.4,0.2,3.1,0.36,0.43,4,2016-p
511,Andre Iguodala,Gol,SF,33,16,26.2,54.6,13.1,0.125,26,0.577,59,0.644,42,0.19,0.511,7.2,4,8.2,3.3,15.8,0.94,0.44,7,2016-p
512,Andre Roberson,Okc,SF,25,5,37.1,77.3,14.4,0.112,21,0.143,29,0.586,17,0.412,0.525,11.6,6,8.7,1.8,7.2,2.4,3.4,5.4,2016-p
513,Andrew Harrison,Mem,SG,22,6,19.8,41.3,15.2,0.083,9,0.889,16,0.5,13,0.385,0.592,6.5,1.8,6,2.2,18.2,0.5,0.17,6,2016-p
514,Anthony Morrow,Chi,SG,31,3,9.6,20,15.5,0,2,1,9,0.556,0,0,0.607,4,1,5.9,0.7,11.9,0,0,5.9,2016-p
515,Austin Rivers,Lac,SG,24,3,30.1,62.6,17,0.157,2,1,13,0.385,13,0.308,0.446,8,2.7,5.7,1,5,0.33,0.33,3.7,2016-p
516,Avery Bradley,Bos,SG,26,18,35.8,74.6,22.2,0.098,27,0.778,158,0.506,114,0.351,0.53,16.7,3.9,6.4,2.3,10.4,1.33,0.17,5.9,2016-p
517,Blake Griffin,Lac,PF,27,3,33.1,69,29.1,0.1,7,1,45,0.467,6,0.667,0.564,20.3,6,11.5,2.3,13.9,0.67,0.33,7.9,2016-p
518,Bobby Portis,Chi,PF,21,6,20.1,41.9,14.6,0.154,0,0,20,0.55,13,0.462,0.606,6.7,6.2,17.2,1.2,9.4,0.5,0.5,7.3,2016-p
519,Bojan Bogdanovic,Was,SF,27,13,20.3,42.3,17.8,0.073,32,0.844,42,0.476,45,0.356,0.569,8.8,4.2,12,0.7,4.9,0.46,0.08,5.8,2016-p
520,Boris Diaw,Uta,PF,34,11,18.4,38.4,15.6,0.211,10,0.9,34,0.529,14,0.429,0.601,5.7,1.9,6.2,2,17.4,0.64,0.36,6.1,2016-p
521,Bradley Beal,Was,SG,23,13,38.9,81,26.7,0.086,61,0.82,158,0.589,101,0.287,0.565,24.8,3.4,5,2.7,11.8,1.62,0.62,6.3,2016-p
522,Brandan Wright,Mem,PF,29,2,6.2,12.9,24.2,0.167,0,0,5,0.4,0,0,0.4,2,1,10.4,0,0,0,1,0,2016-p
523,Brandon Jennings,Was,PG,27,13,13.7,28.6,11.7,0.165,8,0.875,24,0.5,13,0.154,0.457,2.8,1.5,6.2,1.8,18,0.15,0,5.7,2016-p
524,Bryn Forbes,San,SG,23,6,12.1,25.3,16.2,0.075,6,1,13,0.308,9,0.222,0.406,3.3,1.2,5.6,0.5,5.6,0,0.17,4.2,2016-p
525,Channing Frye,Cle,C,33,12,12.8,26.8,18.8,0.031,7,0.857,21,0.524,39,0.513,0.698,7.3,1.8,8.3,1.1,12.9,0.25,0.42,7.6,2016-p
526,Chris Paul,Lac,PG,31,7,37.2,77.4,31.2,0.113,33,0.879,97,0.546,38,0.368,0.592,25.3,5.1,8.8,9.9,52.9,1.71,0.14,11.7,2016-p
527,CJ McCollum,Por,SG,25,4,35.1,73.1,30.2,0.147,16,0.938,58,0.362,22,0.5,0.517,22.5,6,9.1,1,5.6,1,0.5,5.8,2016-p
528,CJ Miles,Ind,SF,29,4,20.5,42.7,14.3,0.074,2,1,8,0.75,16,0.313,0.583,7.3,2,5.7,0.3,1.7,0.5,0.25,3.2,2016-p
529,Clint Capela,Hou,C,22,11,26,54.2,16.4,0.075,39,0.615,81,0.568,1,0,0.585,10.5,8.8,18.3,1.1,6.9,0.73,2.55,7.2,2016-p
530,Cory Joseph,Tor,SG,25,10,21.2,44.1,19.6,0.158,8,1,49,0.449,22,0.409,0.53,7.9,2.1,6,3.1,24.8,0.3,0.2,7,2016-p
531,Cristiano Felicio,Chi,C,24,6,13.7,28.5,12.6,0.306,2,0.5,15,0.6,0,0,0.598,3.2,4.3,17.8,0.3,3.8,0.5,0.33,4.7,2016-p
532,Damian Jones,Gol,C,21,4,5.2,10.8,16.3,0,2,0.5,7,0.429,0,0,0.444,1.8,1.5,15.6,0,0,0.5,0.25,0,2016-p
533,Damian Lillard,Por,PG,26,4,37.7,78.4,31.5,0.114,25,0.96,58,0.517,32,0.281,0.55,27.8,4.3,6,3.3,18,1.25,0.5,7.8,2016-p
534,Danny Green,San,SG,29,16,27.2,56.7,13.6,0.127,14,0.571,35,0.543,76,0.342,0.529,7.8,3.5,7.4,1.4,7.3,0.63,0.94,5,2016-p
535,Dante Exum,Uta,PG,21,7,12,24.9,18.6,0.092,6,1,15,0.467,12,0.333,0.54,4.6,0.9,4.3,1.3,17.6,0.71,0,5.8,2016-p
536,David Lee,San,PF,33,15,16.3,34.1,11.1,0.098,17,0.647,47,0.532,1,0,0.55,4.1,3.8,13.4,0.7,6.2,0.27,0.33,5.4,2016-p
537,David West,Gol,PF,36,17,13,27.1,14.2,0.137,9,0.778,57,0.579,2,0.5,0.604,4.5,2.7,11.2,2.1,22,0.35,0.82,9.1,2016-p
538,Davis Bertans,San,PF,24,13,8.6,18,14.1,0.168,6,0.667,7,0.571,20,0.4,0.607,2.8,1.5,9.8,0.3,5,0.23,0.31,5,2016-p
539,DeAndre Jordan,Lac,C,28,7,37.8,78.7,18.7,0.166,56,0.393,60,0.717,1,0,0.631,15.4,14.3,24.1,0.7,3.2,0.43,0.86,5.7,2016-p
540,Dejounte Murray,San,PG,20,11,15.3,31.9,23.2,0.182,25,0.68,58,0.397,3,0,0.438,5.7,2.4,8.9,2.5,23.4,1.45,0.18,8.5,2016-p
541,Delon Wright,Tor,PG,24,9,10.2,21.2,12.8,0.199,7,0.714,11,0.636,6,0.333,0.623,2.8,1.4,8.6,1.4,22.2,0.44,0.11,6.9,2016-p
542,DeMar DeRozan,Tor,SG,27,10,37.3,77.8,29.5,0.106,80,0.888,160,0.469,15,0.067,0.533,22.4,4.9,7.9,3.4,17.1,1.4,0,7.7,2016-p
543,DeMarre Carroll,Tor,SF,30,10,15.5,32.2,13.9,0.109,9,0.556,15,0.533,22,0.318,0.513,4.2,2.7,10.5,0.5,5.1,0.8,0.6,4.6,2016-p
544,Dennis Schroder,Atl,PG,23,6,35.3,73.4,27.3,0.073,37,0.838,70,0.471,40,0.425,0.586,24.7,2.3,3.7,7.7,39.9,1.17,0,8.6,2016-p
545,Denzel Valentine,Chi,SG,23,4,5.5,11.5,16.3,0.25,0,0,2,0.5,4,0.25,0.417,1.3,2,20.4,0.5,13.6,0,0.25,7.9,2016-p
546,Deron Williams,Cle,PG,32,18,14.6,30.4,14.6,0.198,11,0.909,33,0.485,31,0.387,0.567,4.3,1.3,5.1,2.1,19.4,0.56,0.06,6.2,2016-p
547,Derrick Favors,Uta,PF,25,11,20.4,42.6,16.1,0.053,23,0.478,62,0.581,0,0,0.575,7.5,5.5,16,0.9,7.6,0.73,0.55,6.5,2016-p
548,Dewayne Dedmon,San,C,27,12,8.1,16.8,20.7,0.177,32,0.531,23,0.609,0,0,0.607,3.8,3.9,28.1,0.3,4.6,0.17,0.25,8.1,2016-p
549,Doug McDermott,Okc,SF,25,5,13.3,27.6,12.3,0.053,0,0,5,0.4,13,0.538,0.694,5,1,4.1,0.2,2.3,0.2,0.4,3,2016-p
550,Draymond Green,Gol,PF,26,17,34.9,72.6,16.3,0.151,67,0.687,83,0.482,78,0.41,0.583,13.1,9.1,14.1,6.4,23.8,1.82,1.65,10.5,2016-p
551,Dwight Howard,Atl,C,31,6,26.1,54.4,15,0.199,19,0.632,36,0.5,0,0,0.541,8,10.7,22.9,1.3,7.7,1,0.83,7.4,2016-p
552,Dwyane Wade,Chi,SG,35,6,31.7,66,25,0.095,21,0.952,69,0.377,17,0.353,0.472,15,5,8.9,4,21.4,0.67,1.33,8.4,2016-p
553,Enes Kanter,Okc,C,24,5,9.1,19,28,0.067,4,1,26,0.385,0,0,0.432,4.8,1.6,9.5,0.2,3.8,0,1,5.1,2016-p
554,Eric Gordon,Hou,SG,28,11,32.6,67.8,17.5,0.098,18,0.722,51,0.471,70,0.386,0.551,12.9,3.9,6.5,2,9.8,0.73,0.55,5.7,2016-p
555,Ersan Ilyasova,Atl,PF,29,6,15.1,31.4,15,0.156,9,0.778,18,0.389,5,0.2,0.445,4,5.2,19.2,0.3,3.2,0.17,0,4.9,2016-p
556,Evan Turner,Por,SG,28,4,31,64.6,15.8,0.149,16,0.75,19,0.368,14,0.357,0.512,10.3,5.8,9.8,3.8,18.8,1.75,0.5,7.9,2016-p
557,George Hill,Uta,PG,30,8,35.1,73.2,21,0.105,29,0.724,67,0.507,31,0.387,0.564,15.6,4.3,7.3,3.6,17.8,0.25,0.13,7.1,2016-p
558,Gerald Green,Bos,SG,31,13,14.8,30.8,19.8,0.095,9,0.889,27,0.481,45,0.467,0.638,7.5,1.5,6.1,0.7,7.6,0.23,0.08,5.4,2016-p
559,Giannis Antetokounmp,Mil,SF,22,6,40.5,84.4,30,0.131,46,0.543,103,0.544,10,0.4,0.559,24.8,9.7,14.3,4,20.6,2.17,1.67,9.8,2016-p
560,Glenn Robinson III,Ind,SF,23,3,10.4,21.6,9.7,0,2,0.5,4,1,2,1,1.09,5,1,5.7,0.3,4.9,0,0,4.4,2016-p
561,Gordon Hayward,Uta,SF,26,11,37.3,77.8,28.5,0.098,76,0.934,120,0.458,68,0.412,0.598,24.1,5.9,9.5,3.4,16.7,0.91,0.27,8.4,2016-p
562,Greg Monroe,Mil,C,26,6,23.5,49,25.3,0.146,30,0.833,51,0.529,0,0,0.615,13.2,7.3,18.7,1.7,13.3,1.33,0.5,9.3,2016-p
563,Ian Clark,Gol,SG,25,16,13.7,28.6,19.1,0.113,17,0.941,43,0.628,36,0.361,0.63,6.8,1.6,6.4,0.7,7,0.38,0,5.7,2016-p
564,Ian Mahinmi,Was,C,30,5,12.5,26.1,11.6,0.178,11,0.364,9,0.556,0,0,0.506,2.8,2.2,10.1,1.2,12.8,0,1.2,6.2,2016-p
565,Iman Shumpert,Cle,SG,26,17,16.2,33.7,11.9,0.082,17,0.824,34,0.441,26,0.385,0.548,4.4,2.8,10,0.9,7.6,0.65,0.18,5.5,2016-p
566,Isaiah Canaan,Chi,SG,25,3,31.8,66.2,15.9,0.149,6,0.667,12,0.667,14,0.357,0.611,11.7,1.3,2.4,1.3,6.8,1,0,3.4,2016-p
567,Isaiah Thomas,Bos,PG,27,15,34.7,72.3,31.4,0.139,111,0.82,153,0.49,108,0.333,0.563,23.3,3.1,5.2,6.7,33,0.87,0.13,9.1,2016-p
568,Jae Crowder,Bos,SF,26,18,33.1,69,17.7,0.051,48,0.833,110,0.509,90,0.344,0.554,13.6,6.4,11.4,2.6,12.1,1,0.33,7.4,2016-p
569,Jake Layman,Por,SF,22,2,8,16.7,12.7,0,2,0.5,3,0.333,1,1,0.615,3,0.5,3.3,0.5,10.2,0.5,0,4.5,2016-p
570,Jamal Crawford,Lac,SG,36,7,27.9,58.2,23.9,0.093,12,1,58,0.5,25,0.24,0.498,12.6,1.4,3.3,1.9,11.5,0.57,0.14,4.6,2016-p
571,James Ennis III,Mem,SF,26,6,26.5,55.1,16.2,0.137,14,0.857,19,0.526,19,0.316,0.566,8.3,4.2,10.2,1.2,7.2,0.83,0.33,5.2,2016-p
572,James Harden,Hou,PG,27,11,37,77,35.4,0.18,115,0.878,103,0.563,115,0.278,0.583,28.5,5.5,8,8.5,41.7,1.91,0.45,11.9,2016-p
573,JaMychal Green,Mem,PF,26,6,19.6,40.9,17.6,0.097,3,1,20,0.5,16,0.438,0.589,7.3,3.3,11,0.3,3,0,0.17,3.9,2016-p
574,Jason Smith,Was,C,30,13,12.1,25.1,15.2,0.181,14,0.714,29,0.552,10,0.3,0.565,3.9,2.3,11,0.3,3.6,0.15,0.62,4.6,2016-p
575,Jason Terry,Mil,SG,39,6,11.3,23.6,15,0.093,1,1,8,0.5,11,0.182,0.386,2.5,1.5,7.9,0.8,11.6,0.5,0.17,5.1,2016-p
576,JaVale McGee,Gol,C,29,16,9.3,19.3,20.8,0.111,18,0.722,56,0.732,0,0,0.743,5.9,3.1,17.8,0.3,4.4,0.13,0.94,7.6,2016-p
577,Jaylen Brown,Bos,SF,20,17,12.6,26.3,19.4,0.141,18,0.667,48,0.604,23,0.217,0.539,5,2.1,9.8,0.8,9.5,0.35,0.12,6.5,2016-p
578,Jeff Teague,Ind,PG,28,4,35.6,74.2,18.7,0.131,18,0.833,28,0.464,17,0.529,0.642,17,3.3,5.4,6.3,25.5,1,0.75,7.9,2016-p
579,Jeff Withey,Uta,C,26,3,6.9,14.4,11.2,0,2,0.5,4,0.5,0,0,0.512,1.7,1.3,11.6,0.3,7.5,0.33,0.33,5.1,2016-p
580,Jerami Grant,Okc,SF,22,5,22.1,46.1,14.4,0.081,7,0.857,25,0.68,6,0.333,0.675,9.2,3.8,9.3,0.8,5.7,0.2,0.4,5.5,2016-p
581,Jerian Grant,Chi,PG,24,5,10.4,21.6,27.3,0.223,3,1,14,0.357,9,0.111,0.329,3.2,0.8,4.3,1,15.1,0.4,0,5.3,2016-p
582,Jimmy Butler,Chi,SF,27,6,39.8,82.9,27,0.105,47,0.809,85,0.471,22,0.273,0.533,22.7,7.3,10.4,4.3,19.3,1.67,0.83,9,2016-p
583,JJ Redick,Lac,SG,32,7,29.4,61.2,16.8,0.181,20,0.85,24,0.417,26,0.346,0.544,9.1,1.7,3.7,0.9,4.4,0.29,0,3.3,2016-p
584,Joe Ingles,Uta,SF,29,11,30.3,63.2,11.7,0.195,9,0.667,21,0.476,41,0.366,0.538,6.5,3.8,7.6,3.3,16.2,2,0.45,5.7,2016-p
585,Joe Johnson,Uta,SF,35,11,29.7,61.8,22.1,0.079,15,0.733,88,0.489,45,0.333,0.509,12.9,3.8,7.7,2.5,14.6,0.55,0.09,6.7,2016-p
586,Joel Anthony,San,C,34,3,5.2,10.8,15.5,0.184,1,0,4,0.75,0,0,0.676,2,1.3,14.9,0,0,0,0.67,0,2016-p
587,Joffrey Lauvergne,Chi,C,25,3,8.7,18.2,26.9,0.128,6,1,9,0.444,2,0,0.513,4.7,3,19.3,1.7,31.6,0,0,13.3,2016-p
588,John Henson,Mil,C,26,2,5.8,12,22.5,0.184,1,1,4,0.25,0,0,0.338,1.5,2,20.8,0,0,0.5,0,0,2016-p
589,John Wall,Was,PG,26,13,39,81.2,32.1,0.146,93,0.839,220,0.482,61,0.344,0.548,27.2,3.8,5.6,10.3,45.8,1.69,1.15,10.5,2016-p
590,Jonas Jerebko,Bos,PF,29,12,10.7,22.2,14.4,0.148,8,1,16,0.625,15,0.333,0.623,3.6,2.4,13.3,1,13.8,0.42,0.25,7.7,2016-p
591,Jonas Valanciunas,Tor,C,24,10,22.6,47.1,22.5,0.12,33,0.727,80,0.55,1,0,0.586,11.2,6.7,17.9,0.2,1.6,0.2,0.6,4.4,2016-p
592,Jonathon Simmons,San,SG,27,15,20.4,42.5,23.3,0.068,31,0.677,99,0.495,37,0.351,0.528,10.5,1.8,5.1,1.9,14.8,0.6,0.13,6.5,2016-p
593,Jordan Mickey,Bos,PF,22,2,8.9,18.4,15.4,0.167,0,0,5,0.4,0,0,0.4,2,2.5,16.6,0,0,0,0.5,0,2016-p
594,Jose Calderon,Atl,PG,35,6,12.6,26.1,15.2,0.148,0,0,11,0.636,12,0.333,0.565,4.3,1.3,6,2.2,27.2,0.33,0.17,7.3,2016-p
595,JR Smith,Cle,SG,31,18,27,56.3,10.6,0.104,11,0.455,19,0.526,80,0.5,0.698,8.1,2.3,5,0.7,3.6,0.72,0.33,3.5,2016-p
596,Jusuf Nurkic,Por,C,22,1,16.7,34.8,14.9,0.5,0,0,2,0.5,1,0,0.333,2,11,34.9,4,35.2,0,1,10.7,2016-p
597,Kawhi Leonard,San,SF,25,12,35.8,74.5,28.2,0.095,102,0.931,147,0.551,55,0.455,0.672,27.7,7.8,12.5,4.6,22.3,1.67,0.5,11.2,2016-p
598,Kelly Olynyk,Bos,C,25,18,19.2,40.1,21,0.137,30,0.733,78,0.628,47,0.319,0.597,9.2,3.2,9.8,1.9,16.6,0.72,0.78,8,2016-p
599,Kelly Oubre Jr.,Was,SF,21,12,15.4,32,16.9,0.097,10,0.7,31,0.484,30,0.367,0.535,5.8,2.3,8.8,0.3,3.2,0.83,0.42,4.1,2016-p
600,Kent Bazemore,Atl,SF,27,6,25.1,52.2,21.2,0.213,14,0.714,29,0.483,24,0.292,0.499,9.8,3.8,8.6,3.2,19.7,0.67,0.83,7.8,2016-p
601,Kevin Durant,Gol,SF,28,15,35.5,74,28.3,0.108,103,0.893,182,0.61,86,0.442,0.683,28.5,7.8,11.8,4.3,19.5,0.8,1.33,11.1,2016-p
602,Kevin Love,Cle,PF,28,18,32.1,66.8,21.8,0.11,75,0.84,107,0.421,111,0.45,0.604,16.8,10.5,19.1,1.7,7.5,1.17,1,8.3,2016-p
603,Kevin Seraphin,Ind,PF,27,4,14.7,30.7,24.6,0.121,7,0.714,26,0.462,0,0,0.499,7.3,3.5,14,1,10.6,0,0.5,8,2016-p
604,Khris Middleton,Mil,SG,25,6,38.5,80.3,20.3,0.111,22,0.818,59,0.407,19,0.368,0.496,14.5,4.7,7.3,5.3,23.4,2,0,7.4,2016-p
605,Klay Thompson,Gol,SG,26,17,35,73,19.9,0.09,33,0.788,131,0.405,106,0.387,0.507,15,3.9,6,2.1,8,0.82,0.29,5.7,2016-p
606,Kyle Anderson,San,SG,23,15,13,27,16.8,0.095,11,0.727,52,0.635,10,0.3,0.621,5.5,3.1,13.7,1.7,20.1,0.67,0.13,9.5,2016-p
607,Kyle Korver,Cle,SG,35,18,18.1,37.8,12.4,0.066,10,1,11,0.636,69,0.391,0.622,5.8,1.7,5.4,0.7,5.3,0.39,0.22,4.2,2016-p
608,Kyle Lowry,Tor,PG,30,8,37.6,78.2,19.4,0.137,33,0.818,55,0.545,38,0.342,0.586,15.8,3.1,5,5.9,26.4,1.5,0.5,7,2016-p
609,Kyle Singler,Okc,SF,28,1,10.4,21.7,4.1,0,0,0,1,0,0,0,0,0,1,5.2,0,0,0,0,0,2016-p
610,Kyle Wiltjer,Hou,PF,24,1,5.4,11.3,8.1,0,0,0,0,0,1,1,1.5,3,0,0,0,0,0,0,0,2016-p
611,Kyrie Irving,Cle,PG,24,18,36.3,75.6,31,0.106,84,0.905,252,0.512,118,0.373,0.573,25.9,2.8,4.5,5.3,24.7,1.28,0.44,8,2016-p
612,LaMarcus Aldridge,San,PF,31,16,33.6,70,24,0.096,55,0.764,225,0.48,14,0.143,0.502,16.5,7.5,12.9,1.5,7.2,0.63,1,6.8,2016-p
613,Lance Stephenson,Ind,SG,26,4,26.8,55.8,24,0.068,4,0.75,35,0.571,18,0.389,0.584,16,5.3,11.5,2.8,17.3,0.5,0,9.2,2016-p
614,LeBron James,Cle,SF,32,18,41.3,86.1,31.7,0.138,162,0.698,277,0.625,107,0.411,0.649,32.8,9.1,12.8,7.8,33.7,1.94,1.28,12.8,2016-p
615,Lou Williams,Hou,SG,30,11,24.7,51.4,23.2,0.09,29,0.897,79,0.481,39,0.308,0.528,12.5,2.7,6,1.3,8.8,0.64,0.09,5.7,2016-p
616,Luc Mbah a Moute,Lac,PF,30,7,32,66.6,11.8,0.055,20,0.7,27,0.444,16,0.313,0.512,7.6,5,10,1,4.6,1.14,0.57,4.2,2016-p
617,Malcolm Brogdon,Mil,SG,24,6,30.5,63.6,17.4,0.179,0,0,34,0.353,21,0.476,0.491,9,4.3,8.5,3.5,18.9,0.5,0.33,6.7,2016-p
618,Manu Ginobili,San,SG,39,16,17.8,37,18.6,0.101,23,0.739,57,0.544,40,0.225,0.495,6.6,2.4,7.9,2.4,20.1,1,0.13,7.6,2016-p
619,Marc Gasol,Mem,C,32,6,40,83.2,23.3,0.126,33,0.939,71,0.451,12,0.583,0.595,19.3,6.5,10.5,4.2,19.1,0.33,0.67,8.1,2016-p
620,Marcin Gortat,Was,C,32,13,31.4,65.5,12.4,0.144,18,0.611,93,0.505,0,0,0.52,8.1,11.1,20.4,1.8,8.2,0.38,1.54,6.9,2016-p
621,Marcus Smart,Bos,PG,22,18,29.9,62.2,16.4,0.201,50,0.64,60,0.3,73,0.397,0.5,8.6,4.7,9.2,4.7,22.3,1.44,0.94,7.7,2016-p
622,Markieff Morris,Was,PF,27,13,28.7,59.8,20.8,0.117,31,0.806,107,0.421,38,0.368,0.495,12.1,6.3,12.7,1.7,8.8,0.92,1.31,7.1,2016-p
623,Marreese Speights,Lac,C,29,7,14,29.1,21.8,0.068,10,0.7,17,0.529,20,0.35,0.556,6.6,2.6,11.7,0.4,5.1,0.29,0.43,5.4,2016-p
624,Matt Barnes,Gol,SF,36,12,5.1,10.6,12.7,0.167,0,0,7,0.429,8,0.125,0.3,0.8,0.8,8,0.6,13.9,0.17,0,5.7,2016-p
625,Matthew Dellavedova,Mil,PG,26,6,26.4,55.1,15.7,0.134,10,0.8,25,0.4,16,0.375,0.507,7.7,2,4.5,2,12.1,0.17,0,4.7,2016-p
626,Maurice Harkless,Por,SF,23,4,24.8,51.6,16.2,0.026,8,0.875,22,0.364,12,0.167,0.386,7.3,3.3,7,0.8,4.7,1,1,4.3,2016-p
627,Meyers Leonard,Por,PF,24,3,10.2,21.2,12.3,0.444,0,0,1,1,4,0,0.2,0.7,2.7,13.9,0.3,4.6,0,0,3.2,2016-p
628,Michael Beasley,Mil,PF,28,4,12,25.1,23.5,0.084,4,0,15,0.267,5,0.6,0.391,4.3,2.3,11.2,0.3,3.6,0.25,0.25,4.8,2016-p
629,Michael Carter-Willi,Chi,PG,25,5,10.5,21.9,19.5,0.264,4,0.5,14,0.429,1,0,0.418,2.8,0.8,4.3,1.2,17.7,0.4,0.2,5.3,2016-p
630,Mike Conley,Mem,PG,29,6,37.3,77.6,29.4,0.091,37,0.838,65,0.508,38,0.447,0.62,24.7,3.3,5.8,7,38.6,1.67,0.5,8.9,2016-p
631,Mike Dunleavy,Atl,SF,36,6,8.9,18.4,11.8,0.407,4,1,2,0.5,5,0.4,0.685,2,0.8,5.3,0.3,5.2,0.17,0,3.5,2016-p
632,Mike Muscala,Atl,C,25,6,13.5,28.1,11.8,0.044,8,0.875,14,0.357,4,0,0.395,2.8,2.7,11.1,0.3,3.4,0.17,0.5,3.9,2016-p
633,Mirza Teletovic,Mil,PF,31,3,9.1,19,12.1,0.143,0,0,2,0,4,0.25,0.25,1,1,6.6,0,0,0.33,0,0,2016-p
634,Monta Ellis,Ind,SG,31,4,18.9,39.3,15.2,0.153,5,0.8,12,0.5,8,0.25,0.495,5.5,2,6.2,1.3,9,0.5,0.25,5.1,2016-p
635,Myles Turner,Ind,C,20,4,33.3,69.3,17.6,0.112,8,0.625,38,0.5,6,0,0.452,10.8,6.8,11.9,0.8,3.2,1.75,1.5,4.7,2016-p
636,Nene,Hou,C,34,9,17.9,37.3,20.1,0.122,31,0.581,50,0.72,1,0,0.696,10,4.7,14.1,0.6,5.7,0.67,0.44,6.8,2016-p
637,Nikola Mirotic,Chi,PF,25,6,27,56.2,16.3,0.068,10,0.8,15,0.467,35,0.286,0.478,8.7,5,10.4,1.5,8.5,0.83,0.5,6,2016-p
638,Noah Vonleh,Por,PF,21,4,25.1,52.2,10.9,0.229,5,0.4,18,0.444,0,0,0.446,4.5,7.3,15.4,2,12.1,0.25,1,6.4,2016-p
639,Norman Powell,Tor,SG,23,9,25.2,52.6,22.4,0.147,24,0.833,48,0.417,34,0.441,0.567,11.7,3.3,8,1.6,10.6,1,0.44,6.3,2016-p
640,Norris Cole,Okc,PG,28,4,6.2,12.8,17.4,0.2,0,0,4,0.25,4,0.25,0.313,1.3,0.3,2.2,0.3,5.6,0,0.25,3.2,2016-p
641,Otto Porter Jr.,Was,SF,23,13,32.9,68.6,13.5,0.074,35,0.886,70,0.671,39,0.282,0.635,12.2,6.8,12,1.8,7.8,1.69,0.54,6.5,2016-p
642,Pascal Siakam,Tor,PF,22,2,5.1,10.5,9.3,0,0,0,2,0,0,0,0,0,1.5,17.9,0.5,13.5,0.5,0,0,2016-p
643,Pat Connaughton,Por,SG,24,3,8,16.6,18,0,3,1,3,0.667,6,0,0.339,2.3,2.3,15.5,1.3,25.5,0,0,9.5,2016-p
644,Patrick Beverley,Hou,SG,28,11,29.5,61.5,18.1,0.142,14,0.786,57,0.421,52,0.404,0.53,11.1,5.4,9.8,3,16.1,1.45,0.18,7.7,2016-p
645,Patrick McCaw,Gol,SG,21,15,12.1,25.1,13.5,0.053,13,0.846,25,0.52,23,0.348,0.568,4.1,2.2,9.9,1.1,11.4,0.6,0.2,7.1,2016-p
646,Patrick Patterson,Tor,PF,27,10,18.5,38.5,11.3,0.134,6,1,10,0.2,26,0.308,0.44,3.4,2,6.5,1.9,15.1,0.8,0.2,5.1,2016-p
647,Patty Mills,San,PG,28,16,26,54.2,18.2,0.123,22,0.864,51,0.49,89,0.36,0.551,10.3,2.1,4.7,2.7,15.1,0.81,0.06,6,2016-p
648,Pau Gasol,San,C,36,16,22.8,47.6,17.3,0.126,24,0.708,96,0.458,18,0.333,0.494,7.7,7.1,18,1.9,12.4,0.44,1.06,8.2,2016-p
649,Paul George,Ind,SF,26,4,42.9,89.4,29.1,0.114,30,0.867,46,0.348,42,0.429,0.553,28,8.8,12,7.3,26.2,1.75,0.25,11.3,2016-p
650,Paul Millsap,Atl,PF,31,6,36.6,76.2,28.1,0.158,53,0.811,82,0.573,17,0.176,0.597,24.3,9.3,14.3,4.3,21.4,1.5,0.67,10.8,2016-p
651,Paul Pierce,Lac,SF,39,7,14.5,30.2,10.6,0.178,1,1,8,0.5,10,0.4,0.569,3,2,8.8,0.9,8.7,0.29,0,4.8,2016-p
652,Paul Zipser,Chi,SF,22,6,22.7,47.2,14.4,0.161,8,1,17,0.529,16,0.375,0.602,7.3,3.3,8.3,0.5,3.4,0.17,0.17,4,2016-p
653,PJ Tucker,Tor,SF,31,10,25.1,52.4,11.3,0.132,8,0.625,21,0.429,28,0.321,0.476,5,5.7,13.7,1.2,7.2,0.6,0.2,5.2,2016-p
654,Rajon Rondo,Chi,PG,30,2,33.7,70.2,20.7,0.13,2,0.5,20,0.55,6,0,0.428,11.5,8,13.4,10,50,3.5,0.5,11.5,2016-p
655,Raul Neto,Uta,PG,24,9,6.7,14,14,0.169,4,1,7,0.714,6,0.5,0.779,2.6,0.8,7,0.4,10.9,0.11,0.11,5.6,2016-p
656,Raymond Felton,Lac,PG,32,7,18.1,37.8,14.1,0.081,5,1,23,0.478,9,0.444,0.57,5.6,1.4,5,1.4,12.3,0.86,0,4.9,2016-p
657,Richard Jefferson,Cle,SF,36,14,12.8,26.6,14.6,0.137,28,0.643,19,0.579,19,0.263,0.547,3.9,1.8,8.2,0.5,5.1,0.14,0.21,4.7,2016-p
658,Robin Lopez,Chi,C,28,6,27,56.3,17.7,0.126,8,1,52,0.654,0,0,0.684,12.7,7.2,14.9,0.8,5.6,0.5,1.17,6.2,2016-p
659,Rodney Hood,Uta,SG,24,11,25.2,52.4,21.3,0.089,18,0.611,55,0.436,50,0.26,0.434,8.9,2.8,6.7,1.1,7.1,0.45,0,4.8,2016-p
660,Rudy Gobert,Uta,C,24,9,27.3,56.9,18.2,0.096,50,0.48,63,0.635,0,0,0.612,11.6,9.9,21.7,1.2,7.7,1,1.44,7.6,2016-p
661,Russell Westbrook,Okc,PG,28,5,38.9,81,46.9,0.141,70,0.8,103,0.447,49,0.265,0.511,37.4,11.8,16.4,10.8,55.4,2.4,0.4,17.3,2016-p
662,Ryan Anderson,Hou,PF,28,11,30.5,63.6,14.1,0.083,16,0.875,32,0.594,60,0.283,0.52,9.4,5.3,9.3,0.6,3.1,0.55,0.18,4.1,2016-p
663,Sam Dekker,Hou,SF,22,4,7.9,16.4,16.8,0,0,0,6,0,6,0.5,0.375,2.3,2.5,17.2,0.3,4.7,0.25,0.25,6.1,2016-p
664,Semaj Christon,Okc,PG,24,2,10.3,21.5,10.4,0,0,0,2,0.5,3,0.333,0.5,2.5,1.5,7.9,2.5,34.3,0.5,0,8.2,2016-p
665,Serge Ibaka,Tor,PF,27,10,30.7,63.9,22.4,0.075,13,0.846,92,0.522,38,0.316,0.527,14.3,6.4,12.6,1.4,8.5,0.4,1.7,6.6,2016-p
666,Shabazz Napier,Por,PG,25,4,11.7,24.3,20.1,0,8,0.75,8,0.375,11,0.455,0.599,6.8,1,4.6,0.8,11.3,0.5,0,6,2016-p
667,Shaun Livingston,Gol,PG,31,14,15.7,32.7,14.1,0.139,7,0.714,59,0.576,0,0,0.588,5.2,2.1,7.1,1.4,12.3,0.36,0.14,6.3,2016-p
668,Shelvin Mack,Uta,PG,26,9,17.2,35.8,19.9,0.139,15,0.867,34,0.294,15,0.467,0.486,6,2.8,9.7,2,18.4,0.44,0,7.5,2016-p
669,Spencer Hawes,Mil,PF,28,3,5.5,11.5,17.2,0.167,0,0,3,0.333,2,0.5,0.5,1.7,1.3,14.4,0.3,10,0,0,6.3,2016-p
670,Stephen Curry,Gol,PG,28,17,35.3,73.6,30.1,0.14,114,0.904,140,0.564,172,0.419,0.659,28.1,6.3,9.6,6.8,29.8,2.06,0.24,12.1,2016-p
671,Steven Adams,Okc,C,23,5,31.4,65.4,10,0.109,11,0.364,28,0.643,0,0,0.609,8,6.8,11.7,1.4,6.5,1.2,2,5.4,2016-p
672,Taj Gibson,Okc,PF,31,5,23.7,49.3,16.8,0.172,8,0.875,35,0.6,0,0,0.636,9.8,3.6,8.2,0.6,4,0.2,0,4.7,2016-p
673,Taurean Prince,Atl,SF,22,6,31.2,65,13.9,0.114,5,1,38,0.658,14,0.286,0.618,11.2,5.3,9.6,1.5,7.7,0.33,0.33,5.7,2016-p
674,Terry Rozier,Bos,PG,22,17,16.3,34,16.5,0.099,20,0.8,44,0.432,38,0.368,0.529,5.6,2.6,9.3,1.9,17.1,0.65,0.18,7.4,2016-p
675,Thaddeus Young,Ind,PF,28,4,35,72.9,15.4,0.121,10,0.5,35,0.571,4,0.25,0.553,12,9,15.1,2.5,10.3,2,0.25,7.4,2016-p
676,Thon Maker,Mil,PF,19,6,19.4,40.4,17.9,0.182,11,0.818,21,0.476,10,0.2,0.488,5.8,3.2,9.8,2,16.6,0.83,1.83,6.9,2016-p
677,Tim Hardaway Jr.,Atl,SG,24,6,33.4,69.6,21.2,0.1,19,0.632,40,0.4,42,0.262,0.426,12.8,2.7,4.5,1.2,5.4,0.5,0,4.1,2016-p
678,Tony Parker,San,PG,34,8,26.4,55,24.3,0.103,14,1,79,0.506,19,0.579,0.61,15.9,2.6,5.7,3.1,20.4,0.5,0,7.6,2016-p
679,Tony Snell,Mil,SG,25,6,30.8,64.1,11.8,0.043,0,0,13,0.462,31,0.516,0.682,10,2.3,4.5,1.5,8,0.17,0.17,4.2,2016-p
680,Trevor Ariza,Hou,SF,31,11,37.5,78.2,11.9,0.08,14,0.929,36,0.5,61,0.377,0.572,10.7,5.1,7.3,2.1,8.3,1.09,0.18,5.2,2016-p
681,Trey Burke,Was,PG,24,3,6.6,13.7,8.8,0,0,0,2,0,2,0,0,0,0,0,1.7,30.6,0,0,0,2016-p
682,Tristan Thompson,Cle,C,25,18,31.2,65,11.1,0.151,60,0.667,92,0.587,0,0,0.625,8.2,8.4,15.7,1.4,6.1,0.5,0.72,5.9,2016-p
683,Troy Daniels,Mem,SG,25,6,11.4,23.7,8.1,0.182,0,0,0,0,9,0.333,0.5,1.5,0.8,4.7,0.3,4.4,0.33,0,2.5,2016-p
684,Tyler Zeller,Bos,C,27,11,7.1,14.8,18.9,0.123,8,0.75,25,0.52,0,0,0.561,2.9,1.7,14.2,0.7,16.3,0,0.18,8.5,2016-p
685,Victor Oladipo,Okc,SG,24,5,36.2,75.3,16.5,0.086,6,1,36,0.417,25,0.24,0.424,10.8,5.8,8.7,2,8,1.4,0.8,5.5,2016-p
686,Vince Carter,Mem,SG,40,6,32.5,67.6,14.2,0.182,7,1,22,0.545,20,0.4,0.61,9.2,3.3,6.6,1.5,7.6,0.33,0,4.4,2016-p
687,Wayne Selden,Mem,SG,22,6,17.7,36.8,14.1,0.067,4,0.75,15,0.467,11,0.182,0.414,3.8,1.5,5.5,1.2,10.6,0.17,0.17,4.3,2016-p
688,Zach Randolph,Mem,PF,35,6,31.9,66.5,25.1,0.083,11,0.727,76,0.447,7,0.143,0.45,13.2,8.2,16.5,0.7,4,0.83,0.33,5.3,2016-p
689,Zaza Pachulia,Gol,C,32,15,14.1,29.4,16.5,0.172,17,0.765,59,0.542,1,0,0.571,5.1,3.9,14.8,0.7,7,0.47,0.27,6.8,2016-p
690,Aaron Brooks,Min,PG,33,2,1.4,2.8,63.7,0,2,0,2,1,1,0,0.515,2,0,0,0,0,0,0,0,2017
691,Aaron Jackson,Hou,F,31,7,2.4,5.1,17.8,0.291,2,0.5,2,1,2,0,0.512,0.7,0.6,13.1,0.3,17.2,0,0,8.4,2017
692,Abdel Nader,Bos,SF,24,11,3,6.3,25.5,0.107,4,0.5,11,0.455,4,0,0.358,1.1,0.3,5,0.3,14.3,0.09,0.09,6.2,2017
693,Al Horford,Bos,C,31,19,35.7,74.4,17.8,0.119,75,0.827,161,0.596,43,0.349,0.631,15.7,8.3,12.8,3.3,14.9,1,1.16,8.5,2017
694,Alec Burks,Uta,SG,26,9,13.4,27.9,28.9,0.103,15,0.867,43,0.488,20,0.45,0.589,9.1,2.7,11.2,1.9,25.9,0.44,0.11,10.7,2017
695,Alex Abrines,Okc,SG,24,6,18.3,38.2,8.5,0.046,2,1,7,0.286,13,0.462,0.575,4,2.5,7.5,0.3,2.4,0.83,0.33,3.2,2017
696,Al-Farouq Aminu,Por,SF,27,4,32.7,68.2,19.7,0.102,2,1,22,0.636,30,0.433,0.652,17.3,9,15,1.3,6.2,1,0.5,7.2,2017
697,Amir Johnson,Phi,PF,30,8,11.7,24.4,11.9,0.115,5,0.8,21,0.524,0,0,0.56,3.3,2.9,13.2,1.1,13.3,0.25,0.13,7.5,2017
698,Andre Iguodala,Gol,SF,34,15,26.8,55.7,12.5,0.123,34,0.706,48,0.583,37,0.378,0.61,8.1,4.5,9.4,2.7,13.1,1.4,0.47,6.9,2017
699,Andrew Wiggins,Min,SF,22,5,32.8,68.4,23.2,0.105,20,0.6,47,0.489,21,0.333,0.514,15.8,5.2,9.1,2,9.2,0.4,0.4,6.7,2017
700,Ante Zizic,Cle,PF,21,8,2.9,5.9,28.7,0.137,6,0.5,10,0.5,0,0,0.514,1.6,0.8,14.9,0.1,7.3,0,0.13,7,2017
701,Anthony Davis,Nor,PF,24,9,39.8,82.9,30.9,0.09,64,0.828,183,0.546,22,0.273,0.581,30.1,13.7,18.5,1.7,7.2,2,2.44,8.9,2017
702,Aron Baynes,Bos,C,31,19,20.5,42.7,12.1,0.076,18,0.722,66,0.515,23,0.478,0.588,6,6.3,16.9,1,7.3,0.21,0.63,6.5,2017
703,Bam Adebayo,Mia,PF,20,5,15.4,32.1,13.4,0.086,14,0.214,14,0.5,1,0,0.402,3.4,4,14.5,0,0,0,0.4,0,2017
704,Ben Simmons,Phi,PG,21,10,36.9,77,22.4,0.226,58,0.707,124,0.492,1,0,0.541,16.3,9.4,13.7,7.7,30.8,1.7,0.8,11.5,2017
705,Bojan Bogdanovic,Ind,SF,28,7,34,70.9,18.5,0.132,10,0.6,36,0.417,45,0.378,0.509,12.4,3.4,5.7,1.9,7.7,0.86,0,5.1,2017
706,Bradley Beal,Was,SG,24,6,35.9,74.8,27.3,0.113,23,0.87,63,0.444,45,0.467,0.588,23.2,3.3,5.3,2.8,13.2,1.17,0.33,6.7,2017
707,Brandon Jennings,Mil,PG,28,1,4.9,10.2,35.9,0.258,2,1,0,0,2,0,0.347,2,0,0,0,0,0,0,0,2017
708,Brandon Paul,San,SG,26,1,2.5,5.2,0,,0,0,0,0,0,0,,0,1,22.2,1,49.6,0,0,0,2017
709,Bryn Forbes,San,SG,24,4,13.6,28.2,16.6,0,7,0.714,8,0.375,9,0.222,0.423,4.3,0.8,3.1,0.5,5.2,0,0,3.5,2017
710,Caleb Swanigan,Por,PF,20,1,7.9,16.5,26.4,0.21,4,0.75,1,0,1,0,0.399,3,2,13.8,1,15.5,0,0,9.2,2017
711,Carmelo Anthony,Okc,SF,33,6,32.3,67.3,18.7,0.071,15,0.733,44,0.477,28,0.214,0.452,11.8,5.7,9.7,0.3,1.5,1.67,0.67,3.4,2017
712,Cedi Osman,Cle,SF,22,14,4.4,9.2,14.3,0,4,0.25,11,0.455,7,0.143,0.354,1,0.5,6.4,0.2,6.7,0.21,0,4.2,2017
713,Cheick Diallo,Nor,PF,21,7,6.9,14.4,11.6,0.077,0,0,12,0.417,0,0,0.417,1.4,1.3,10,0,0,0.14,0.14,0,2017
714,Chinanu Onuaku,Hou,PF,21,1,3.2,6.7,0,,0,0,0,0,0,0,,0,1,17.6,1,39.1,1,0,0,2017
715,Chris Paul,Hou,PG,32,15,34.5,71.8,26.4,0.091,53,0.83,158,0.513,99,0.374,0.565,21.1,5.9,9.7,5.8,29.5,2,0.27,10.4,2017
716,CJ McCollum,Por,SG,26,4,38.9,81,25.9,0.098,13,0.769,51,0.569,26,0.423,0.61,25.3,2,2.8,3.5,16.1,1.25,0.25,5.8,2017
717,CJ Miles,Tor,SF,30,10,22.7,47.3,16.9,0.103,16,0.813,26,0.5,45,0.422,0.615,9.6,2.4,6,0.8,5,0.7,0.3,4.7,2017
718,Clint Capela,Hou,C,23,17,30.6,63.7,15.6,0.082,55,0.473,144,0.66,0,0,0.642,12.7,11.6,21.3,1.3,6.9,0.82,2.12,7.5,2017
719,Corey Brewer,Okc,SF,31,6,25.2,52.5,8.4,0.067,6,1,14,0.571,11,0.455,0.669,6.2,2.2,4.7,0.8,4.5,1.17,0.83,3.5,2017
720,Cory Joseph,Ind,SG,26,7,20.5,42.6,12.4,0.101,6,1,22,0.409,11,0.273,0.463,4.7,2.4,6.7,3,19.3,1.29,0.29,6.3,2017
721,Dakari Johnson,Okc,C,22,2,1.7,3.4,0,,0,0,0,0,0,0,,0,0,0,0,0,0,0,0,2017
722,Damian Jones,Gol,C,22,4,2.7,5.7,25.6,0.475,3,0.667,2,0.5,0,0,0.602,1,0.8,15.3,0,0,0,0,0,2017
723,Damian Lillard,Por,PG,27,4,40.6,84.6,25.5,0.169,17,0.882,41,0.39,30,0.3,0.471,18.5,4.5,6,4.8,17.6,1.25,0,7.3,2017
724,Danny Green,San,SG,30,5,20.6,42.9,13.9,0.063,0,0,10,0.3,20,0.25,0.35,4.2,2.2,5.9,0.2,1.3,0.2,0.8,2.4,2017
725,Dante Exum,Uta,PG,22,10,11.4,23.7,24.2,0.245,12,0.75,34,0.529,7,0.286,0.551,5.1,1.4,6.9,1,14.2,0.1,0.1,6.8,2017
726,Dario Saric,Phi,PF,23,10,32.9,68.4,22.5,0.086,40,0.85,89,0.438,52,0.385,0.542,17.2,7.4,12.1,3.5,16.1,1,0.4,9.3,2017
727,Darius Miller,Nor,SF,27,9,18,37.6,11.4,0.141,6,1,10,0.5,24,0.375,0.587,4.8,2.2,6.6,1.2,8.5,0.56,0,5.2,2017
728,Darren Collison,Ind,PG,30,7,30.6,63.7,17.2,0.109,12,0.75,45,0.511,23,0.348,0.539,11.3,3,5.6,4.7,22.1,1,0,7.1,2017
729,David Stockton,Uta,G,26,2,2.9,6,23.2,0,0,0,2,0.5,1,0,0.333,1,0.5,9.7,0,0,0,0,0,2017
730,David West,Gol,PF,37,18,9.7,20.2,14.3,0.176,4,1,43,0.605,2,0.5,0.631,3.3,2.1,11.8,1.8,25.2,0.33,0.56,9.6,2017
731,Davis Bertans,San,PF,25,5,16.5,34.4,12.9,0.042,11,0.727,2,0,16,0.188,0.372,3.4,2.2,7.4,1.2,9.4,0.4,0,5,2017
732,DeAndre Liggins,Nor,SG,29,3,4.5,9.4,12.3,0.515,2,0.5,1,0,0,0,0.266,0.3,0.3,4,0,0,0,0,0,2017
733,Dejounte Murray,San,PG,21,5,19.2,40,18.6,0.125,9,0.778,25,0.4,6,0.667,0.558,7.8,4.2,12.2,1.8,14.2,1,0.4,8.1,2017
734,Delon Wright,Tor,PG,25,10,21.5,44.8,17.2,0.107,16,0.938,47,0.468,21,0.429,0.573,8.6,2.2,5.8,2.3,15.2,1.5,0.9,6.5,2017
735,DeMar DeRozan,Tor,SG,28,10,35.4,73.8,30.5,0.094,53,0.811,164,0.47,35,0.286,0.511,22.7,3.6,5.7,4,18.8,0.5,0.6,7.8,2017
736,Derrick Favors,Uta,PF,26,11,26,54.2,14.5,0.108,33,0.485,63,0.635,5,0.4,0.618,9.3,5.2,11.2,1.2,7,0.73,1,6,2017
737,Derrick Rose,Min,PG,29,5,23.8,49.5,25.4,0.118,7,0.857,47,0.468,10,0.7,0.591,14.2,1.8,4.4,2.6,18.2,0.4,0,6.8,2017
738,Derrick White,San,PG,23,3,6.1,12.6,14.8,0,0,0,4,0.5,2,0.5,0.583,2.3,0,0,0.3,8.6,0.33,0.67,0,2017
739,Domantas Sabonis,Ind,PF,21,7,23.7,49.5,20.7,0.091,18,0.778,55,0.636,7,0.143,0.622,12.4,4.6,10.9,0.7,4.8,0.14,0.29,5.8,2017
740,Donovan Mitchell,Uta,SG,21,11,37.4,77.9,32.1,0.109,43,0.907,163,0.472,80,0.313,0.512,24.4,5.9,8.9,4.2,20.5,1.45,0.36,9,2017
741,Draymond Green,Gol,PF,27,21,39,81.2,14.9,0.228,49,0.796,113,0.549,79,0.266,0.529,10.8,10.6,15.1,8.1,26.8,1.86,1.48,10,2017
742,Dwyane Wade,Mia,SG,36,5,25.5,53.1,32.5,0.119,26,0.808,66,0.47,4,0,0.51,16.6,4.2,9.2,3.6,25.5,1.4,0.2,9.9,2017
743,Ed Davis,Por,PF,28,4,17.7,36.9,9.8,0.254,4,0.25,10,0.5,0,0,0.468,2.8,8,24.6,0,0,0,0.25,0,2017
744,Ekpe Udoh,Uta,PF,30,6,3.5,7.2,8.1,0.266,4,0,1,1,0,0,0.362,0.3,0.5,8.1,0,0,0,0.33,0,2017
745,Emeka Okafor,Nor,C,35,1,3.6,7.5,12,0,0,0,1,0,0,0,0,0,0,0,0,0,0,0,0,2017
746,Eric Bledsoe,Mil,PG,28,7,32.1,66.9,21.8,0.139,20,0.7,62,0.484,22,0.318,0.512,13.6,3.4,6.3,3.7,17.6,1,0.86,6.9,2017
747,Eric Gordon,Hou,SG,29,17,32.3,67.3,21.9,0.088,61,0.836,91,0.451,130,0.331,0.529,15.4,2.6,4.6,1.6,7.9,0.59,0.47,5,2017
748,Ersan Ilyasova,Phi,PG,30,10,23.3,48.6,18.9,0.097,21,0.571,53,0.509,31,0.29,0.499,9.3,7.6,17.5,1.3,8.1,0.7,0.5,7.7,2017
749,E'Twaun Moore,Nor,SG,28,9,31.6,65.8,16.1,0.104,16,0.688,63,0.508,25,0.36,0.537,11.3,2.4,4.2,1.7,7.2,0.67,0.11,4.5,2017
750,Evan Turner,Por,SG,29,3,28.9,60.1,20.2,0.15,2,1,26,0.385,7,0.286,0.413,9.3,4,7.6,3.3,17,1,0.33,6.9,2017
751,Fred VanVleet,Tor,PG,23,6,19.1,39.7,17.9,0.086,8,0.875,11,0.455,28,0.286,0.482,6.8,1.7,4.9,2.2,15.5,0,0,6.2,2017
752,Furkan Korkmaz,Phi,SG,20,1,1.6,3.3,26.6,0,0,0,0,0,1,1,1.5,3,0,0,0,0,0,0,0,2017
753,George Hill,Cle,PG,31,19,29.3,61.1,14.1,0.125,53,0.774,80,0.538,51,0.314,0.567,9.2,2.2,4.2,2.2,10.5,0.53,0.42,4.8,2017
754,Gerald Green,Hou,SG,32,17,16,33.3,17.4,0.093,7,0.857,22,0.455,72,0.375,0.551,6.3,2.9,10.3,0.1,0.6,0.24,0.41,3.1,2017
755,Giannis Antetokounmpo,Mil,PF,23,7,40,83.4,26.3,0.105,55,0.691,107,0.607,14,0.286,0.62,25.7,9.6,14,6.3,27.4,1.57,0.86,11.6,2017
756,Glenn Robinson III,Ind,SG,24,2,2.8,5.8,8,0,0,0,1,1,0,0,1,1,0.5,10.1,0,0,0,0,0,2017
757,Goran Dragic,Mia,PG,31,5,31.3,65.2,28.8,0.149,22,0.682,55,0.491,21,0.381,0.543,18.6,2.6,4.7,4.6,25.7,1,0,7.7,2017
758,Gorgui Dieng,Min,PF,28,5,14.1,29.3,13.1,0.048,4,0.75,13,0.308,5,0.4,0.43,3.4,3.6,14.7,0.8,7.5,0.4,0.8,6.1,2017
759,Greg Monroe,Bos,C,27,11,9.5,19.8,26.5,0.227,22,0.682,38,0.5,0,0,0.556,4.8,3.2,18.5,0.5,7.9,0.18,0.18,8.3,2017
760,Guerschon Yabusele,Bos,PF,22,12,4,8.3,10.5,0,5,0.4,3,0.333,6,0,0.179,0.3,0.9,12.7,0.3,8.2,0.17,0,4.3,2017
761,Hassan Whiteside,Mia,C,28,5,15.4,32.1,21.9,0.318,13,0.615,20,0.45,0,0,0.505,5.2,6.2,22.5,0.2,1.9,0,1.2,4.8,2017
762,Ian Clark,Nor,SG,26,9,21.1,43.9,17.5,0.117,4,1,38,0.474,28,0.357,0.517,7.8,1.1,2.8,1.2,7.9,0.89,0.22,4.1,2017
763,Ian Mahinmi,Was,C,31,6,8.7,18.1,16.8,0.05,11,0.909,14,0.714,0,0,0.796,5,1.8,12,0.2,3,0.67,0.83,5.6,2017
764,Jabari Parker,Mil,SF,22,7,23.9,49.8,20,0.081,13,0.615,43,0.512,19,0.316,0.517,10,6.1,15.1,1.4,9.2,1,0.71,7.4,2017
765,Jae Crowder,Uta,PG,27,11,29.4,61.2,18.7,0.104,28,0.643,42,0.31,66,0.333,0.457,10,5.1,9.8,1.7,8.6,1.36,0.18,6,2017
766,Jake Layman,Por,SF,23,1,7.9,16.5,16.7,0,0,0,3,1,0,0,1,6,1,6.9,1,28.9,2,0,9.2,2017
767,Jakob Poeltl,Tor,C,22,9,15.5,32.4,14.9,0.169,19,0.789,30,0.567,1,0,0.622,5.4,4,14.5,0.7,5.9,0.33,0.44,6.4,2017
768,Jamal Crawford,Min,SG,37,5,24.6,51.3,20.8,0.087,13,0.769,30,0.467,17,0.412,0.56,11.8,2.6,6.1,2.4,14.4,1,0,6.8,2017
769,James Harden,Hou,PG,28,17,36.5,76.1,36.3,0.128,133,0.887,211,0.502,174,0.299,0.548,28.6,5.2,8.1,6.8,34.4,2.24,0.65,11,2017
770,James Johnson,Mia,PF,30,5,32.1,66.9,16.2,0.172,14,0.643,29,0.552,13,0.538,0.644,12.4,6,10.5,4.8,22.9,1.2,1.2,8.8,2017
771,Jason Smith,Was,C,31,1,2.2,4.6,0,,0,0,0,0,0,0,,0,0,0,0,0,0,0,0,2017
772,Jason Terry,Mil,SG,40,3,14.6,30.3,6.2,0.167,0,0,0,0,5,0.4,0.6,2,1,4,0.7,5.9,0.33,0,3.1,2017
773,JaVale McGee,Gol,C,30,13,12.2,25.4,18.7,0.075,9,0.667,57,0.684,1,0,0.678,6.5,3.2,14.8,0.3,4,0.23,0.85,6,2017
774,Jaylen Brown,Bos,SF,21,18,32.4,67.5,24,0.074,50,0.64,154,0.519,112,0.393,0.563,18,4.9,8.3,1.4,7.8,0.78,0.56,6.1,2017
775,Jayson Tatum,Bos,SF,19,19,35.9,74.9,22.7,0.119,97,0.845,190,0.526,71,0.324,0.578,18.5,4.4,6.7,2.7,12.6,1.21,0.58,6.7,2017
776,Jeff Green,Cle,SF,31,22,23.8,49.6,15.3,0.095,46,0.717,72,0.514,70,0.3,0.524,7.7,2.4,5.8,1.5,8.6,0.32,0.68,5.1,2017
777,Jeff Teague,Min,PG,29,5,30.6,63.8,21,0.193,17,0.706,33,0.485,18,0.389,0.556,13,3.6,6.8,5.8,27.2,0.6,0.4,8.5,2017
778,Jerami Grant,Okc,SF,23,6,22.1,46.1,14.8,0.131,11,0.455,27,0.593,8,0.25,0.54,7.2,3.5,8.7,1,6.6,0.67,0.5,5.3,2017
779,Jerryd Bayless,Phi,PG,29,1,1.7,3.5,0,,0,0,0,0,0,0,,0,0,0,0,0,0,0,0,2017
780,Jimmy Butler,Min,SF,28,5,34.1,71,19.7,0.066,18,0.833,46,0.435,17,0.471,0.557,15.8,6,10.1,4,17.2,0.8,0.2,8.5,2017
781,JJ Redick,Phi,SG,33,10,34.2,71.3,20.5,0.067,42,0.857,60,0.567,75,0.347,0.593,18.2,1.5,2.4,2.6,11.4,0.8,0.1,4.8,2017
782,Joe Ingles,Uta,SF,30,11,34.8,72.4,18.1,0.168,17,0.647,44,0.5,77,0.455,0.623,14.5,4.4,7.1,3.4,15,0.55,0.18,6.9,2017
783,Joe Johnson,Hou,SF,36,8,6.7,14,16.4,0.15,0,0,14,0.429,3,0,0.353,1.5,1.3,10.4,0.4,8.1,0,0.13,5.5,2017
784,Joe Young,Ind,PG,25,1,2.7,5.6,0,,0,0,0,0,0,0,,0,0,0,0,0,0,0,0,2017
785,Joel Embiid,Phi,C,23,8,34.8,72.4,29.7,0.15,61,0.705,109,0.477,29,0.276,0.519,21.4,12.8,19.7,3,13.8,0.88,1.88,10.8,2017
786,Joffrey Lauvergne,San,C,26,1,5.9,12.3,7.6,0,0,0,1,1,0,0,1,2,1,9.4,0,0,0,0,0,2017
787,John Henson,Mil,C,27,2,37.1,77.3,10.9,0.224,2,0.5,13,0.692,0,0,0.684,9.5,6,9.5,2.5,9.6,0,3.5,5.6,2017
788,John Wall,Was,PG,27,6,39.1,81.4,32.9,0.155,47,0.851,106,0.491,21,0.19,0.528,26,5.5,8,11.5,50.2,2.17,1.33,12.1,2017
789,Jonas Jerebko,Uta,PF,30,10,7.9,16.4,11.9,0.048,2,1,13,0.538,6,0.167,0.478,1.9,1.6,11.4,0.3,5.5,0.3,0,4.9,2017
790,Jonas Valanciunas,Tor,C,25,10,24.5,50.9,25.4,0.135,34,0.824,102,0.549,5,0.4,0.599,14.6,10.5,24.3,1.2,8,0.4,1.5,9.3,2017
791,Jordan Bell,Gol,PF,23,17,10.2,21.3,11.2,0.136,14,0.5,31,0.548,1,0,0.537,2.4,2.8,15.1,0.9,11,0.35,0.53,7.1,2017
792,Jordan Clarkson,Cle,SG,25,19,15,31.3,21.7,0.094,6,0.833,77,0.338,46,0.239,0.358,4.7,1.7,6.4,0.7,6.6,0.42,0.16,4.7,2017
793,Jordan Crawford,Nor,SG,29,2,7.7,15.9,45.2,0.188,0,0,5,1,8,0.375,0.731,9.5,2,14.1,0.5,18.4,0.5,0,11,2017
794,Jose Calderon,Cle,PG,36,13,8,16.7,13.6,0.157,2,1,8,0.625,18,0.222,0.446,1.8,0.8,6,0.7,11.7,0.38,0,5,2017
795,Josh Huestis,Okc,SF,26,4,4.8,10.1,6.4,0,2,0.5,2,0.5,0,0,0.521,0.8,0.8,8.6,0,0,0.25,0.25,0,2017
796,Josh Richardson,Mia,SG,24,5,25.9,54,16.6,0.104,7,0.857,21,0.429,19,0.316,0.487,8.4,3,6.5,2.8,15.8,2.2,1,6.4,2017
797,JR Smith,Cle,SG,32,22,32.1,66.9,13.6,0.084,22,0.773,67,0.313,120,0.367,0.486,8.7,2.6,4.7,1.1,4.8,0.95,0.18,3.6,2017
798,Jrue Holiday,Nor,PG,27,9,38.7,80.7,25.6,0.112,30,0.7,120,0.6,50,0.32,0.581,23.7,5.7,7.9,6.3,26.1,1.11,0.67,9.8,2017
799,Justin Anderson,Phi,SF,24,7,4.7,9.8,13,0.2,0,0,1,1,7,0.286,0.5,1.1,1.3,14.8,0,0,0.14,0,0,2017
800,Justise Winslow,Mia,SF,21,5,25,52,20.6,0.139,17,0.706,23,0.348,19,0.368,0.495,9.8,6.6,14.8,2.6,15.4,0.8,0.8,8.8,2017
801,Jusuf Nurkic,Por,C,23,4,23.4,48.7,22,0.064,11,0.818,39,0.487,0,0,0.536,11.8,8,18.7,1,7,1.5,1.25,7.8,2017
802,Karl-Anthony Towns,Min,C,22,5,33.9,70.7,21.4,0.146,23,0.739,49,0.51,11,0.273,0.542,15.2,13.4,22.7,2.2,9.5,0.4,1,9,2017
803,Kelly Olynyk,Mia,C,26,5,29.2,60.9,18.6,0.132,20,0.7,25,0.52,19,0.421,0.606,12.8,4.6,8.8,3.8,19.9,1.4,1.2,8.3,2017
804,Kelly Oubre Jr.,Was,SF,22,6,24.7,51.5,18.1,0.082,18,0.889,29,0.483,19,0.211,0.501,9.3,3.8,8.8,0.7,3.8,1,0.5,4.7,2017
805,Kevin Durant,Gol,SF,29,21,38.4,80.1,30.1,0.091,152,0.901,297,0.556,138,0.341,0.606,29,7.7,11.2,4.7,19.8,0.71,1.14,10.6,2017
806,Kevin Love,Cle,PF,29,21,31.4,65.5,23.5,0.118,64,0.922,172,0.424,106,0.34,0.511,14.9,10.2,18.5,1.6,7.8,0.71,0.38,8,2017
807,Kevon Looney,Gol,PF,21,21,18.4,38.4,10.3,0.089,21,0.381,71,0.549,2,0,0.523,4.1,4.3,13,1,6.6,0.71,0.38,5.7,2017
808,Khris Middleton,Mil,PF,26,7,39.3,82,22.5,0.117,19,0.737,71,0.592,41,0.61,0.719,24.7,5.1,7.7,3.1,13.9,0.86,0.71,7.4,2017
809,Klay Thompson,Gol,SG,27,21,37.8,78.8,21.5,0.08,31,0.871,185,0.497,157,0.427,0.579,19.6,4.1,6,1.8,7,0.76,0.29,5.6,2017
810,Kyle Anderson,San,SG,24,5,14.7,30.6,15.1,0.121,4,0.75,16,0.75,4,0,0.62,5.4,2.6,9.8,0.6,6.3,1.2,0.2,5.5,2017
811,Kyle Korver,Cle,SG,36,22,22.9,47.8,14.6,0.085,22,0.864,32,0.438,109,0.413,0.604,8.3,2.4,5.9,0.9,5.3,0.41,0.41,4.6,2017
812,Kyle Lowry,Tor,PG,31,10,36.1,75.2,19.9,0.19,32,0.813,55,0.582,63,0.444,0.659,17.4,4.3,6.7,8.5,34.6,1.5,0,9.5,2017
813,LaMarcus Aldridge,San,PF,32,5,35.3,73.5,27.2,0.084,42,0.976,75,0.453,5,0.6,0.599,23.6,9.2,14.5,2.4,11.4,0.6,0.4,9.1,2017
814,Lance Stephenson,Ind,SG,27,7,21.3,44.5,23.4,0.115,9,0.556,39,0.564,26,0.308,0.529,10.4,2.7,7.2,2.9,20.8,0.29,0.14,8.1,2017
815,Larry Nance Jr.,Cle,PF,25,20,15.4,32,12.5,0.14,31,0.452,59,0.695,1,0,0.652,4.8,4.5,16.6,0.9,8.5,0.8,0.7,7,2017
816,LeBron James,Cle,SF,33,22,41.9,87.3,33.8,0.135,213,0.746,396,0.596,114,0.342,0.619,34,9.1,12.4,9,41,1.36,1.05,13.4,2017
817,Lorenzo Brown,Tor,G,27,4,7.2,15,18.1,0.084,2,0.5,5,0.2,5,0.4,0.414,2.3,1.5,11.8,0.5,9.3,0,0.25,6.7,2017
818,Luc Mbah a Moute,Hou,PF,31,9,16.6,34.6,13.4,0.133,7,0.571,21,0.286,15,0.2,0.32,2.8,2.4,8.3,0.3,2.7,0.67,0.44,3,2017
819,Lucas Nogueira,Tor,C,25,5,4.8,10,8.9,0.615,2,0.5,1,0,0,0,0.266,0.2,0.2,2.4,0.2,4.9,0,0,1.7,2017
820,Luke Babbitt,Mia,SF,28,2,1.7,3.4,13.6,0,0,0,1,0,0,0,0,0,0,0,0,0,0,0,0,2017
821,Malcolm Brogdon,Mil,SG,25,7,26.6,55.4,17.4,0.168,10,0.8,36,0.528,19,0.263,0.513,8.7,3.4,7.6,2.4,13.2,0.14,0,6.2,2017
822,Manu Ginobili,San,SG,40,5,21.3,44.4,20.5,0.143,11,0.818,19,0.474,18,0.333,0.538,9,3,7.8,3.2,22.6,1.4,0.2,8.3,2017
823,Marcin Gortat,Was,C,33,6,26.6,55.5,14.4,0.115,7,0.571,43,0.558,0,0,0.564,8.7,6.5,13.9,1,5.6,0.17,0.33,5.8,2017
824,Marco Belinelli,Phi,SG,31,10,27.3,57,19.3,0.032,31,0.871,60,0.45,46,0.348,0.539,12.9,2.1,4.1,2,10.7,0.7,0,5.5,2017
825,Marcus Georges-Hunt,Min,SG,23,2,1.4,2.9,15.8,0,0,0,1,0,0,0,0,0,0.5,20.5,0,0,0,0,0,2017
826,Marcus Morris,Bos,SF,28,19,29.6,61.6,21.4,0.071,59,0.712,151,0.344,72,0.417,0.474,12.4,5.4,10.1,1.1,5.8,0.37,0.32,5.7,2017
827,Marcus Smart,Bos,PG,23,15,29.9,62.4,20.1,0.179,49,0.735,75,0.44,68,0.221,0.447,9.8,3.7,6.9,5.3,26.3,1.73,0.67,7.7,2017
828,Markelle Fultz,Phi,PG,19,3,7.6,15.9,18.2,0.102,4,0.75,7,0.143,0,0,0.285,1.7,1,7,1.7,27.4,0.67,0,7.5,2017
829,Markieff Morris,Was,PF,28,6,30.2,63,14.5,0.101,10,0.9,37,0.595,12,0.167,0.552,9.8,7.5,14.1,1.7,8,0.67,0.83,6.6,2017
830,Matthew Dellavedova,Mil,PG,27,6,12.9,26.9,11,0.318,2,1,3,0.667,9,0.222,0.466,2,0.8,3.8,2.7,26.8,0.33,0,5.1,2017
831,Maurice Harkless,Por,SF,24,2,26.7,55.5,11.5,0.071,0,0,7,0.714,6,0.333,0.615,8,4,8.2,2,10.9,0,0.5,6,2017
832,Meyers Leonard,Por,PF,25,2,4.1,8.4,21.7,0,0,0,4,1,0,0,1,4,2,26.9,0,0,0,0,0,2017
833,Mike Scott,Was,PF,29,6,21,43.8,17,0.103,6,1,30,0.633,11,0.636,0.745,10.8,3.5,9.5,0.7,5.1,0.33,0.17,5.7,2017
834,Myles Turner,Ind,C,21,7,28,58.3,16.8,0.15,19,0.789,41,0.659,13,0.462,0.698,12.4,5.3,10.7,0.6,3,0.29,0.57,4.9,2017
835,Nemanja Bjelica,Min,PF,29,5,9.4,19.6,18.9,0.05,7,0.714,9,0.333,7,0.571,0.603,4.6,3,18.3,0.6,9.1,0.6,0,8.6,2017
836,Nene,Hou,C,35,11,9.8,20.3,13.5,0.244,11,0.636,20,0.6,0,0,0.624,2.8,2.5,14.7,0.5,6.8,0.18,0.45,6.2,2017
837,Nick Young,Gol,SG,32,20,10.3,21.4,12.6,0.034,8,0.75,6,0.333,47,0.298,0.46,2.6,0.6,3.3,0.2,2.4,0.1,0,2.6,2017
838,Nikola Mirotic,Nor,PF,26,9,35.5,74.1,16.3,0.083,19,0.789,51,0.529,51,0.431,0.612,15,9.6,14.5,1.7,6.5,1.11,1.33,7,2017
839,Norman Powell,Tor,SG,24,6,6.7,13.9,18.4,0.06,4,0.75,7,0.429,7,0.143,0.381,2,0.3,2.8,0.3,6.7,0,0,3.4,2017
840,OG Anunoby,Tor,SF,20,10,23.8,49.6,11.6,0.095,11,0.727,23,0.696,29,0.448,0.695,7.9,2.1,5,0.7,4.1,0.6,0.4,3.8,2017
841,Otto Porter Jr.,Was,SF,24,5,31.6,65.9,13.3,0.063,8,0.625,29,0.517,12,0.417,0.562,10,5,9,1.6,7.2,1.2,1,5.5,2017
842,Pascal Siakam,Tor,PF,23,10,17.9,37.2,14,0.123,20,0.65,37,0.595,4,0.75,0.663,6.6,3.6,11.4,0.8,6.3,0.1,0.6,6,2017
843,Pat Connaughton,Por,SG,25,4,14.8,30.8,12.5,0.059,2,1,5,0.8,10,0.2,0.504,4,1,3.7,1.5,14.2,0.25,0.25,4.9,2017
844,Patrick Patterson,Okc,PF,28,6,9.6,20.1,6.7,0.333,0,0,2,0.5,4,0.5,0.667,1.3,1.8,10.5,0.5,6.7,0.17,0,4.4,2017
845,Patty Mills,San,PG,29,5,33,68.7,18.5,0.132,5,0.8,22,0.545,35,0.371,0.566,13.4,2,3.4,2.6,12,0.6,0.2,5,2017
846,Pau Gasol,San,C,37,5,18.1,37.6,15.1,0.197,10,0.9,17,0.529,3,0.333,0.615,6,4.8,14.8,2.8,22.3,0,0.2,9.5,2017
847,Paul George,Okc,SF,27,6,41.9,87.2,27.3,0.15,36,0.861,68,0.441,52,0.365,0.545,24.7,6,7.9,2.7,10.2,1.33,0.67,7,2017
848,PJ Tucker,Hou,SF,32,17,33.5,69.8,10.1,0.108,18,0.667,33,0.515,75,0.467,0.651,8.9,6.5,11,1.3,5.5,0.65,0.76,5,2017
849,Quinn Cook,Gol,PG,24,17,10.3,21.4,20.1,0.063,17,0.824,36,0.639,31,0.226,0.544,4.8,1.4,7.3,0.6,8.9,0.24,0.12,6.2,2017
850,Rajon Rondo,Nor,PG,31,9,33.6,70,18.8,0.252,14,0.643,73,0.411,19,0.421,0.474,10.3,7.6,12.1,12.2,48.3,1.44,0.22,11.7,2017
851,Raul Neto,Uta,PG,25,8,9,18.8,18.2,0.137,5,1,16,0.313,7,0.286,0.417,2.6,1.3,7.8,1.3,19.9,0.25,0,7.3,2017
852,Raymond Felton,Okc,PG,33,6,13.1,27.3,20.1,0.136,2,0,17,0.294,14,0.5,0.486,5.2,2.2,9.1,1.5,17.1,0.67,0.33,7.9,2017
853,Richaun Holmes,Phi,PF,24,3,3.6,7.6,3.9,0,0,0,1,0,0,0,0,0,0.3,4.9,0.3,10.9,0,0,0,2017
854,Ricky Rubio,Uta,PG,27,6,30.1,62.7,26.6,0.168,23,0.783,47,0.383,32,0.313,0.471,14,7.3,13.7,7,36.4,1.33,0.5,11.9,2017
855,Robert Covington,Phi,SF,27,10,28.1,58.6,15.2,0.11,16,0.75,34,0.353,48,0.313,0.455,8.1,5.2,9.9,2.5,11.9,1.1,0.9,6.7,2017
856,Rodney Hood,Cle,SG,25,17,15.3,31.8,19,0.118,12,0.75,68,0.515,24,0.167,0.468,5.4,1.8,6.8,1.1,10.3,0.29,0.29,5.8,2017
857,Rodney McGruder,Mia,SG,26,4,4,8.4,11.1,0,0,0,2,0.5,2,0,0.25,0.5,1,13.9,0,0,0,0,0,2017
858,Royce O'Neale,Uta,SF,24,11,23.6,49.1,13.9,0.199,19,0.632,28,0.643,28,0.357,0.606,7.1,3.5,8.3,1.4,8.4,0.91,0.36,5.5,2017
859,Rudy Gay,San,SF,31,5,31.9,66.5,21,0.08,9,0.556,47,0.468,18,0.222,0.442,12.2,5.6,9.7,2.2,10.7,1.6,0.2,6.7,2017
860,Rudy Gobert,Uta,C,25,11,34.8,72.6,15.3,0.161,58,0.603,84,0.655,0,0,0.662,13.2,10.7,17.4,1,4.4,0.91,2.27,6,2017
861,Russell Westbrook,Okc,PG,29,6,39.3,81.8,38.2,0.148,40,0.825,119,0.412,42,0.357,0.493,29.3,12,16.9,7.5,34.8,1.5,0,14.1,2017
862,Ryan Anderson,Hou,PF,29,11,8.7,18,10.7,0.13,0,0,5,0.4,15,0.333,0.475,1.7,1.2,7.7,0.5,8.7,0.27,0.09,4.6,2017
863,Semi Ojeleye,Bos,PF,23,17,13.5,28.2,7.4,0.053,7,0.857,11,0.364,22,0.273,0.443,1.9,1.6,6.7,0.1,1.2,0.18,0,2,2017
864,Serge Ibaka,Tor,PF,28,10,26,54.1,16.5,0.164,22,0.818,48,0.438,24,0.375,0.533,8.7,5.9,12.8,1.1,5.8,0.1,1.3,5.9,2017
865,Shabazz Muhammad,Mil,SF,25,4,7.2,14.9,38.4,0.083,5,0.6,15,0.333,5,0.8,0.563,6.3,1,8.2,0,0,0.5,0.25,0,2017
866,Shabazz Napier,Por,PG,26,2,17.5,36.5,22.4,0.336,2,0.5,7,0.714,4,0,0.463,5.5,1,3.1,1.5,12.7,1.5,0,4.6,2017
867,Shane Larkin,Bos,PG,25,11,14,29.2,12.6,0.139,5,1,22,0.545,13,0.308,0.551,3.7,1,3.9,1.8,19.1,0.45,0,5.4,2017
868,Shaun Livingston,Gol,PG,32,21,17.2,35.9,16.7,0.117,25,0.88,109,0.541,1,0,0.579,6.7,2.3,7.4,1.5,11.9,0.33,0.05,6.6,2017
869,Solomon Hill,Nor,SF,26,9,12.7,26.4,13.4,0.169,10,0.9,9,0.333,16,0.375,0.561,3.7,1.9,8,0.8,7.7,0.11,0.11,5.6,2017
870,Stephen Curry,Gol,PG,29,15,37,77.1,29.2,0.117,47,0.957,142,0.514,162,0.395,0.59,25.5,6.1,9.1,5.4,23,1.73,0.73,10.2,2017
871,Sterling Brown,Mil,SG,22,3,4.2,8.7,18.2,0,0,0,2,1,3,0.333,0.7,2.3,0.7,9.4,0,0,0.33,0,0,2017
872,Steven Adams,Okc,C,24,6,33.4,69.5,11.9,0.072,13,0.692,46,0.587,0,0,0.609,10.5,7.5,12.4,1.5,6.5,0.67,0.67,5.9,2017
873,T.J. McConnell,Phi,PG,25,10,15.5,32.3,12.1,0.136,5,0.6,33,0.697,3,0.667,0.72,5.5,2.5,8.7,2.3,21.8,0.6,0,8.2,2017
874,Taj Gibson,Min,PF,32,5,24.6,51.3,9.8,0.146,3,1,22,0.636,0,0,0.665,6.2,4,9.3,0.4,2.2,0.2,0.4,3.5,2017
875,Tarik Black,Hou,C,26,7,2.7,5.6,11.8,0.2,0,0,4,0.25,0,0,0.25,0.3,0.9,17.9,0.3,14.3,0,0.14,6.4,2017
876,Terrance Ferguson,Okc,SG,19,3,2.1,4.4,6.7,0,0,0,0,0,1,1,1.5,1,0.3,8.6,0.3,23.5,0,0,8.5,2017
877,Terry Rozier,Bos,PG,23,19,36.6,76.3,20.2,0.07,56,0.821,119,0.479,147,0.347,0.538,16.5,5.2,7.9,5.7,24.9,1.26,0.32,8.6,2017
878,Thaddeus Young,Ind,PF,29,7,33.8,70.5,13.7,0.096,13,0.385,53,0.642,7,0.286,0.601,11.3,7.6,12.7,1.4,6.1,1.57,0.86,5.8,2017
879,Thon Maker,Mil,PF,20,6,21.6,45,12.3,0.114,7,0.714,8,0.625,20,0.3,0.531,5.5,3.8,10.4,0.8,5.2,0.17,1.83,4.7,2017
880,Tim Frazier,Was,PG,27,2,3.1,6.4,7.2,0,0,0,1,0,0,0,0,0,0.5,9.3,1.5,59.6,0.5,0,0,2017
881,TJ Leaf,Ind,PF,20,1,3.7,7.7,0,,0,0,0,0,0,0,,0,0,0,0,0,0,0,0,2017
882,Tomas Satoransky,Was,SG,26,6,10,20.8,13.1,0.169,4,0.75,10,0.2,3,0,0.237,1.2,1.5,8.5,0.5,6.3,0,0,3.9,2017
883,Tony Bradley,Uta,C,20,1,1.9,4,47.3,0,0,0,2,0.5,0,0,0.5,2,1,29.7,0,0,0,0,0,2017
884,Tony Parker,San,PG,35,5,13.3,27.8,29.6,0.091,7,0.714,32,0.438,5,0,0.412,6.6,0.8,3.3,1.2,15.1,0.4,0,5.6,2017
885,Tony Snell,Mil,SF,26,7,19.1,39.8,9.2,0.111,0,0,3,0.667,21,0.238,0.396,2.7,1.9,5.7,0.6,3.9,0.43,0.57,3,2017
886,Trevor Ariza,Hou,SF,32,17,34.2,71.3,12.4,0.061,31,0.742,48,0.5,91,0.286,0.488,8.8,3.8,6.3,1.3,5.3,1.12,0.12,4.1,2017
887,Trevor Booker,Ind,PF,30,7,9.1,19,9.9,0.071,7,0.857,9,0.667,1,0,0.688,2.6,2.6,16,0,0,0.14,0.14,0,2017
888,Tristan Thompson,Cle,C,26,19,21.9,45.6,11.4,0.104,27,0.741,82,0.598,1,0,0.622,6.2,5.9,15.3,0.6,3.8,0.11,0.42,5.1,2017
889,Ty Lawson,Was,PG,30,5,19.3,40.1,14.5,0.095,6,1,18,0.222,8,0.625,0.506,5.8,2.6,7.7,3,21.3,0.6,0,7.4,2017
890,Tyler Johnson,Mia,SG,25,5,16.2,33.7,17.2,0.064,7,0.857,16,0.5,10,0.6,0.688,8,1.6,5.5,0.8,7.9,0.4,0,5.4,2017
891,Tyler Zeller,Mil,C,28,7,9.4,19.6,5.3,0.129,4,0.75,5,0.8,0,0,0.814,1.6,2,12.5,0.4,6,0.57,0.43,4.6,2017
892,Tyus Jones,Min,PG,21,4,13.8,28.6,6.4,0.125,0,0,5,0.4,2,0,0.286,1,2.3,9.4,2,18,0.25,0,4.8,2017
893,Victor Oladipo,Ind,SG,25,7,37.3,77.6,29,0.142,41,0.732,70,0.429,57,0.404,0.548,22.7,8.3,12.6,6,25.2,2.43,0.43,11.2,2017
894,Wade Baldwin IV,Por,PG,21,4,4.8,9.9,18.1,0.381,2,0.5,3,0,1,1,0.41,1,0.8,8.6,0.8,20.5,0.25,0.25,7.2,2017
895,Wayne Ellington,Mia,SG,30,5,20.1,42,17.5,0.076,3,1,5,0,30,0.4,0.537,7.8,1.6,4.4,0.6,4.4,0.4,0.4,3.9,2017
896,Zach Collins,Por,C,20,4,17.4,36.3,21.3,0.059,4,0.75,16,0.5,14,0.214,0.441,7,3,9.4,1.5,13.1,0.75,0.5,7.3,2017
897,Zaza Pachulia,Gol,C,33,7,3.8,7.9,25.5,0.196,12,0.75,7,0.571,0,0,0.692,2.4,1.7,25.3,0.1,5.2,0.43,0.14,7.8,2017
898,Zhou Qi,Hou,PF,22,3,1.9,4,7.6,0,0,0,1,1,0,0,1,0.7,0.3,9.7,0,0,0,0,0,2017
899,Aaron Brooks,Min,PG,33,32,5.9,12.3,19.8,0.13,11,0.727,38,0.447,31,0.355,0.508,2.3,0.5,5.2,0.6,15,0.19,0,6,2017
900,Aaron Gordon,Orl,SF,22,58,32.9,68.6,24.7,0.1,225,0.698,523,0.497,342,0.336,0.53,17.6,7.9,13.2,2.3,11.7,1.02,0.78,8.3,2017
901,Aaron Harrison,Dal,SG,23,9,25.9,54,15.5,0.038,17,0.765,26,0.385,43,0.209,0.392,6.7,2.7,5.7,1.2,6.7,1,0.22,4.3,2017
902,Aaron Jackson,Hou,F,31,1,34.5,71.9,13.9,0.092,2,0.5,5,0.4,4,0.25,0.405,8,3,4.9,1,4,0,0,3.3,2017
903,Abdel Nader,Bos,SF,24,48,10.9,22.6,17.1,0.17,39,0.59,84,0.321,65,0.354,0.439,3,1.5,7.4,0.5,7.2,0.31,0.21,4.8,2017
904,Adreian Payne,Orl,PF,26,5,8.5,17.8,15.1,0.137,6,0.833,7,0.714,3,0.667,0.831,4.2,1.8,11.6,0,0,0.4,0,0,2017
905,Al Horford,Bos,C,31,72,31.6,65.9,18.4,0.141,120,0.783,527,0.514,226,0.429,0.575,12.9,7.4,12.7,4.7,23.6,0.6,1.08,9.7,2017
906,Al Jefferson,Ind,C,33,36,13.4,28,22.6,0.086,36,0.833,205,0.541,3,0,0.563,7,4,16.7,0.8,10.1,0.44,0.64,8.4,2017
907,Alan Williams,Pho,PF,25,5,14.1,29.3,17.5,0.242,9,0.667,18,0.389,0,0,0.455,4,4.4,16.7,1.6,16.2,1,0.2,8.6,2017
908,Alec Burks,Uta,SG,26,64,16.5,34.5,22.5,0.114,124,0.863,272,0.452,142,0.331,0.527,7.7,3,10.3,1,10,0.58,0.13,6.9,2017
909,Alec Peters,Pho,PF,22,20,11.2,23.4,15.6,0.049,10,0.8,16,0.625,58,0.31,0.523,4.1,1.9,8.8,0.6,7.9,0.1,0.1,6,2017
910,Alex Abrines,Okc,SG,24,75,15.1,31.5,12.7,0.074,46,0.848,70,0.443,221,0.38,0.567,4.7,1.5,5.6,0.4,3.4,0.51,0.11,3.7,2017
911,Alex Caruso,Lal,SG,23,37,15.2,31.6,12.9,0.245,30,0.7,73,0.507,43,0.302,0.519,3.6,1.8,6.2,2,17.8,0.65,0.24,6.2,2017
912,Alex Len,Pho,C,24,69,20.2,42.1,17,0.14,231,0.684,375,0.568,3,0.333,0.612,8.5,7.5,19.8,1.2,9.1,0.39,0.88,8.4,2017
913,Alex Poythress,Ind,SF,24,25,4.2,8.7,12,0.071,0,0,15,0.467,11,0.364,0.5,1,0.7,9.2,0.1,2.6,0.12,0.04,3.9,2017
914,Al-Farouq Aminu,Por,SF,27,69,30,62.6,14.8,0.113,80,0.738,243,0.432,339,0.369,0.522,9.3,7.6,13.8,1.2,5.8,1.14,0.58,5.9,2017
915,Alfonzo McKinnie,Tor,F,25,14,3.8,7.9,15.9,0.155,3,0.667,6,0.833,9,0.333,0.643,1.5,0.5,7.3,0.1,2.7,0.07,0.07,4.4,2017
916,Allen Crabbe,Bro,SG,25,75,29.3,61,19,0.08,135,0.852,295,0.461,532,0.378,0.558,13.2,4.3,7.8,1.6,8.4,0.63,0.48,6.1,2017
917,Amir Johnson,Phi,PF,30,74,15.8,33,12.8,0.156,85,0.612,228,0.57,32,0.313,0.575,4.6,4.5,15.2,1.6,13.9,0.61,0.59,8.1,2017
918,Andre Drummond,Det,C,24,78,33.7,70.1,21.2,0.159,395,0.605,870,0.536,11,0,0.555,15,16,26.2,3,14.3,1.46,1.63,10.6,2017
919,Andre Iguodala,Gol,SF,34,64,25.4,52.8,11.5,0.158,87,0.632,203,0.567,117,0.282,0.536,6,3.8,8.5,3.3,16.2,0.84,0.59,6.6,2017
920,Andre Ingram,Lal,G,32,2,32.1,66.8,14.1,0.141,3,1,8,0.375,9,0.556,0.655,12,3,5,3.5,15.3,1.5,1.5,6.2,2017
921,Andre Roberson,Okc,SF,26,39,26.6,55.4,8.6,0.144,38,0.316,126,0.627,36,0.222,0.543,5,4.7,9.9,1.2,6,1.15,0.9,4.6,2017
922,Andrew Bogut,Lal,C,33,23,9.4,19.6,8.8,0.423,2,1,25,0.68,0,0,0.696,1.6,3.4,19.2,0.7,9.1,0.17,0.57,6.6,2017
923,Andrew Harrison,Mem,SG,23,56,23.7,49.3,19.6,0.14,159,0.78,287,0.467,142,0.331,0.534,9.5,2.3,5.7,3.2,21.2,0.68,0.46,7,2017
924,Andrew White III,Atl,SF,24,15,13.9,29,17.3,0.097,4,0.25,24,0.292,49,0.367,0.461,4.6,2.3,9.1,0.4,4.3,0.2,0.07,4.7,2017
925,Andrew Wiggins,Min,SF,22,82,36.3,75.7,23.4,0.088,314,0.643,962,0.475,338,0.331,0.505,17.7,4.4,6.9,2,8.2,1.11,0.62,5.9,2017
926,Ante Zizic,Cle,PF,21,32,6.7,14,18.7,0.121,29,0.724,67,0.731,0,0,0.746,3.7,1.9,15.7,0.2,3.8,0.06,0.41,6.7,2017
927,Anthony Brown,Min,SF,25,1,3.7,7.7,12,0,0,0,0,0,1,1,1.5,3,0,0,1,46.7,0,0,0,2017
928,Anthony Davis,Nor,PF,24,75,36.4,75.8,30,0.086,598,0.828,1300,0.558,162,0.34,0.612,28.1,11.1,16.5,2.3,10.8,1.53,2.57,9.8,2017
929,Anthony Tolliver,Det,PF,32,79,22.2,46.3,14.8,0.099,131,0.802,107,0.561,365,0.436,0.663,8.9,3.1,7.6,1.1,7.5,0.41,0.27,5.6,2017
930,Antonio Blakeney,Chi,SG,21,19,16.5,34.4,23.7,0.064,39,0.769,91,0.418,52,0.288,0.471,7.9,1.7,5.6,1.1,10.1,0.37,0.05,5.9,2017
931,Antonius Cleveland,Dal,SG,23,13,6.2,13,10,0.113,4,0.5,13,0.308,1,0,0.317,0.8,0.8,6.9,0.2,3.3,0.46,0.31,3.3,2017
932,Antonius Cleveland,Atl,SG,23,4,10.4,21.6,13.6,0.388,2,1,4,0.25,3,1,0.825,3.3,1,5.4,0,0,0.25,0.25,0,2017
933,Aron Baynes,Bos,C,31,81,18.3,38.2,16.9,0.143,78,0.756,425,0.487,21,0.143,0.502,6,5.3,16,1.1,9.6,0.27,0.63,7.1,2017
934,Arron Afflalo,Orl,SG,32,53,12.9,26.8,12.5,0.108,26,0.846,92,0.413,70,0.386,0.516,3.4,1.2,5.3,0.6,6.2,0.08,0.17,4.2,2017
935,Austin Rivers,Lac,SG,25,61,33.7,70.2,20.7,0.111,159,0.642,445,0.461,360,0.378,0.526,15.1,2.4,3.9,4,17.5,1.21,0.26,6.2,2017
936,Avery Bradley,Det,SG,27,40,31.7,66.1,24.4,0.133,80,0.763,376,0.423,194,0.381,0.497,15,2.4,4.1,2.1,10.5,1.15,0.18,5.3,2017
937,Avery Bradley,Lac,SG,27,6,27.5,57.3,16.7,0.125,2,1,46,0.543,9,0.111,0.492,9.2,3.7,7.3,1.8,9.8,0.83,0.17,5.7,2017
938,Bam Adebayo,Mia,PF,20,69,19.8,41.3,15.9,0.136,179,0.721,333,0.523,7,0,0.57,6.9,5.5,15.6,1.5,11,0.46,0.59,7.8,2017
939,Ben McLemore,Mem,SG,24,56,19.5,40.6,19,0.132,64,0.828,214,0.477,159,0.346,0.526,7.5,2.5,7.4,0.9,7.5,0.68,0.27,5.3,2017
940,Ben Moore,Ind,PF,22,2,4.7,9.7,0,,0,0,0,0,0,0,,0,0.5,6.1,0.5,12.7,0,0,0,2017
941,Ben Simmons,Phi,PG,21,81,33.7,70.3,22.3,0.195,341,0.56,987,0.551,11,0,0.557,15.8,8.1,13,8.2,37.4,1.73,0.86,12.1,2017
942,Bismack Biyombo,Orl,C,25,82,18.2,38,14.9,0.166,157,0.65,351,0.521,1,0,0.556,5.7,5.7,17.2,0.8,6.5,0.26,1.16,6.5,2017
943,Blake Griffin,Lac,PF,28,33,34.5,71.9,29.3,0.128,219,0.785,391,0.488,187,0.342,0.553,22.6,7.9,12.6,5.4,25.6,0.91,0.27,11.5,2017
944,Blake Griffin,Det,PF,28,25,33.2,69.3,28.4,0.124,111,0.784,283,0.473,135,0.348,0.531,19.8,6.6,11,6.2,31.5,0.44,0.36,11.2,2017
945,Boban Marjanovic,Det,C,29,19,9,18.8,31.2,0.182,45,0.8,79,0.519,0,0,0.597,6.2,3,18.4,0.7,14.3,0.21,0.32,10.5,2017
946,Boban Marjanovic,Lac,C,29,20,8.3,17.3,27.5,0.132,52,0.788,69,0.551,0,0,0.637,5.9,4.4,28.7,0.4,7.9,0.3,0.25,10.5,2017
947,Bobby Brown,Hou,PG,33,20,5.7,12,26.1,0.133,2,0.5,18,0.444,40,0.275,0.425,2.5,0.4,3.4,0.6,15,0.2,0,5.9,2017
948,Bobby Portis,Chi,PF,22,73,22.5,46.9,26,0.105,156,0.769,588,0.514,223,0.359,0.548,13.2,6.8,16.2,1.7,13.2,0.67,0.32,9.5,2017
949,Bogdan Bogdanovic,Sac,SG,25,78,27.9,58.1,19.6,0.132,119,0.84,443,0.485,329,0.392,0.556,11.8,2.9,5.8,3.3,18.3,0.92,0.21,6.9,2017
950,Bojan Bogdanovic,Ind,SF,28,80,30.8,64.2,18.9,0.1,205,0.868,466,0.534,386,0.402,0.605,14.3,3.4,6.1,1.5,7.1,0.69,0.1,5.4,2017
951,Bradley Beal,Was,SG,24,82,36.3,75.6,27.6,0.115,369,0.791,954,0.507,530,0.375,0.564,22.6,4.4,6.9,4.5,21,1.18,0.44,8.4,2017
952,Brandan Wright,Mem,PF,30,27,13.5,28.2,14.9,0.066,33,0.636,99,0.576,0,0,0.595,5,3.4,14.7,0.5,5.8,0.48,0.93,6,2017
953,Brandan Wright,Hou,PF,30,1,15.3,31.9,8.7,0,0,0,3,0.667,0,0,0.667,4,2,7.4,0,0,0,1,0,2017
954,Brandon Ingram,Lal,SF,20,59,33.5,69.7,22.2,0.144,282,0.681,656,0.483,105,0.39,0.536,16.1,5.3,8.5,3.9,17.7,0.76,0.73,8.3,2017
955,Brandon Jennings,Mil,PG,28,14,14.7,30.5,20.8,0.191,10,1,39,0.462,33,0.273,0.478,5.2,2.2,8.9,3.1,31.1,0.43,0.29,8.9,2017
956,Brandon Paul,San,SG,26,64,9,18.7,13.6,0.166,43,0.512,73,0.548,54,0.278,0.504,2.3,1.1,6.6,0.6,9,0.39,0.11,5.1,2017
957,Briante Weber,Hou,PG,25,13,9.1,18.9,11.5,0.228,4,1,13,0.385,9,0.444,0.547,2,1.4,8.6,1,15.2,0.77,0.23,6.2,2017
958,Briante Weber,Mem,PG,25,5,23.8,49.5,12,0.253,6,0.667,19,0.526,2,0,0.508,4.8,3.4,8.3,1.8,11.1,1.6,0.4,5.2,2017
959,Brice Johnson,Lac,F,23,9,4.3,8.9,17.9,0.252,2,1,10,0.7,1,0,0.673,1.8,1.4,18.6,0.1,4,0.67,0.22,5.9,2017
960,Brice Johnson,Mem,F,23,9,6.7,13.9,25,0.03,3,0.333,31,0.419,0,0,0.418,3,2,17.4,0.1,3,0.33,0.44,5,2017
961,Brook Lopez,Lal,C,29,74,23.4,48.8,23.5,0.102,158,0.703,468,0.549,325,0.345,0.557,13,4,9,1.7,11.6,0.39,1.32,7.6,2017
962,Bruno Caboclo,Tor,SF,22,2,3.4,7,13.1,0,0,0,0,0,2,0,0,0,0.5,8.4,0.5,17.5,0.5,0,0,2017
963,Bruno Caboclo,Sac,SF,22,10,10,20.8,16.1,0.112,6,0.833,14,0.429,15,0.2,0.411,2.6,2.1,12,0.3,4.2,0.2,0.4,4.7,2017
964,Bryn Forbes,San,SG,24,80,19,39.5,16.7,0.065,72,0.667,269,0.446,228,0.39,0.525,6.9,1.4,4,1,7.8,0.35,0.03,4.5,2017
965,Buddy Hield,Sac,SG,24,80,25.3,52.7,24.3,0.113,81,0.877,525,0.457,408,0.431,0.557,13.5,3.8,8.6,1.9,12.8,1.06,0.28,7.3,2017
966,C.J. Williams,Lac,SG,27,38,18.6,38.7,13.7,0.089,16,0.813,119,0.546,78,0.282,0.512,5.5,1.5,4.4,1.1,8.5,0.82,0.34,4.5,2017
967,Caleb Swanigan,Por,PF,20,27,7,14.6,19.9,0.209,18,0.667,52,0.442,8,0.125,0.449,2.3,2,15.5,0.5,10.7,0.19,0.11,7.5,2017
968,Cameron Payne,Chi,PG,23,25,23.3,48.5,19.3,0.14,16,0.75,124,0.419,91,0.385,0.498,8.8,2.8,6.4,4.5,30,1.04,0.36,8.2,2017
969,Caris LeVert,Bro,SG,23,71,26.2,54.7,22.5,0.158,187,0.711,490,0.48,245,0.347,0.525,12.1,3.7,7.4,4.2,26,1.15,0.31,8.7,2017
970,Carmelo Anthony,Okc,SF,33,78,32.1,66.8,23.2,0.073,193,0.767,695,0.436,474,0.357,0.503,16.2,5.8,10,1.3,6.5,0.6,0.63,6.2,2017
971,Cedi Osman,Cle,SF,22,61,11,23,15.7,0.134,46,0.565,99,0.586,87,0.368,0.577,3.9,2,10,0.7,8.6,0.36,0.05,6.4,2017
972,Chandler Parsons,Mem,SF,29,36,19.2,40,18.2,0.125,27,0.63,113,0.504,121,0.421,0.578,7.9,2.5,7.5,1.9,16.4,0.5,0.31,7,2017
973,Channing Frye,Cle,C,34,44,12.4,25.8,15.6,0.088,15,0.933,79,0.684,90,0.333,0.604,4.8,2.5,11.3,0.6,7.5,0.39,0.27,6.2,2017
974,Channing Frye,Lal,C,34,9,16.7,34.8,13.8,0.082,4,0.75,18,0.611,25,0.36,0.581,5.8,2.8,8.9,1.1,9.4,0.11,0.22,6.3,2017
975,Charles Cooke,Nor,SG,23,13,2.9,6.1,18,0.063,2,0.5,6,0.167,8,0.125,0.202,0.5,0.2,2.8,0.1,3.2,0.08,0,3,2017
976,Cheick Diallo,Nor,PF,21,52,11.2,23.3,17.3,0.116,66,0.758,176,0.58,0,0,0.619,4.9,4,19.6,0.4,4.7,0.21,0.4,7.1,2017
977,Chinanu Onuaku,Hou,PF,21,1,21.6,45,16.3,0.375,0,0,5,0.4,0,0,0.4,4,4,10.4,1,6.5,0,0,4.7,2017
978,Chris Boucher,Gol,PF,25,1,1.3,2.7,33.8,0,0,0,0,0,1,0,0,0,1,43,0,0,0,0,0,2017
979,Chris McCullough,Was,PF,22,19,4.7,9.8,24.7,0.04,14,0.643,34,0.5,8,0.125,0.478,2.4,1.3,15.8,0.2,7.1,0,0.26,7.3,2017
980,Chris Paul,Hou,PG,32,58,31.8,66.3,24.5,0.125,221,0.919,419,0.532,379,0.38,0.604,18.6,5.4,9.5,7.9,40.9,1.67,0.22,11.6,2017
981,CJ McCollum,Por,SG,26,81,36.1,75.2,26.5,0.086,250,0.836,1029,0.465,476,0.397,0.536,21.4,4,6,3.4,15.8,0.95,0.43,7.3,2017
982,CJ Miles,Tor,SF,30,70,19.1,39.8,22.3,0.057,97,0.835,145,0.434,454,0.361,0.545,10,2.2,6.4,0.8,6,0.53,0.3,5.4,2017
983,Clint Capela,Hou,C,23,74,27.5,57.3,19.4,0.115,257,0.56,675,0.653,1,0,0.65,13.9,10.8,22.2,0.9,5.7,0.78,1.86,7.5,2017
984,Cody Zeller,Cha,PF,25,33,19,39.6,15.7,0.146,85,0.718,153,0.542,3,0.667,0.602,7.1,5.4,15.3,0.9,7.3,0.42,0.64,6.9,2017
985,Cole Aldrich,Min,C,29,21,2.3,4.8,16.9,0.054,6,0.333,15,0.333,0,0,0.34,0.6,0.7,17.8,0.1,8.2,0.1,0.05,6,2017
986,Corey Brewer,Lal,SF,31,54,12.9,26.8,14.2,0.163,51,0.667,129,0.543,43,0.186,0.509,3.7,1.7,7.1,0.8,8.1,0.76,0.15,5.3,2017
987,Corey Brewer,Okc,SF,31,18,28.6,59.5,14.3,0.064,39,0.795,77,0.532,67,0.343,0.565,10.1,3.4,6.6,1.3,6.7,2.11,0.33,5,2017
988,Cory Joseph,Ind,SG,26,82,27,56.1,14.8,0.12,94,0.745,413,0.458,190,0.353,0.504,7.9,3.2,6.8,3.2,16.1,0.98,0.23,6.4,2017
989,Courtney Lee,Nyk,SG,32,76,30.4,63.3,16.9,0.094,124,0.919,477,0.482,278,0.406,0.564,12,2.9,5.4,2.4,11.3,1.05,0.22,5.8,2017
990,Cristiano Felicio,Chi,C,25,55,17.8,37,13.6,0.177,81,0.667,213,0.596,2,0,0.614,5.6,4.2,12.8,1,8.4,0.29,0.2,6.4,2017
991,D.J. Augustin,Orl,PG,30,75,23.5,48.9,18.6,0.164,189,0.868,268,0.485,272,0.419,0.615,10.2,2.1,5,3.8,24.4,0.71,0,7.4,2017
992,D.J. Wilson,Mil,PF,21,22,3.2,6.7,13.3,0.192,2,0.5,11,0.636,5,0.4,0.622,1,0.5,8.2,0.1,6.1,0.14,0.05,4.6,2017
993,Dakari Johnson,Okc,C,22,31,5.2,10.8,13.5,0.059,20,0.55,39,0.564,0,0,0.575,1.8,1.1,11.7,0.3,7.2,0.19,0.26,6.5,2017
994,Damian Jones,Gol,C,22,15,5.9,12.3,14,0.142,5,0.6,22,0.5,0,0,0.517,1.7,0.9,8.8,0.1,2.9,0.07,0.2,3.6,2017
995,Damian Lillard,Por,PG,27,73,36.6,76.2,30.6,0.111,538,0.916,786,0.501,629,0.361,0.594,26.9,4.5,6.6,6.6,30.9,1.05,0.37,10.1,2017
996,Damien Wilkins,Ind,SG,38,19,8,16.7,13.4,0.109,4,0.75,21,0.429,18,0.222,0.405,1.7,0.8,5.9,0.5,7.7,0.11,0.05,4.4,2017
997,Damion Lee,Atl,SG,25,15,27,56.2,19.3,0.078,29,0.759,92,0.511,60,0.25,0.489,10.7,4.7,9.8,1.9,11.2,1.27,0.07,6.8,2017
998,Damyean Dotson,Nyk,SG,23,44,10.8,22.4,17.3,0.09,23,0.696,93,0.538,68,0.324,0.532,4.1,1.9,9.8,0.7,9.5,0.27,0.05,6.5,2017
999,D'Angelo Russell,Bro,PG,21,48,25.7,53.5,30.8,0.168,131,0.74,394,0.477,278,0.324,0.509,15.5,3.9,8.1,5.2,35.8,0.75,0.35,10.6,2017
1000,Daniel Hamilton,Okc,SG,22,6,4.6,9.6,20.1,0.154,0,0,6,0.5,5,0.4,0.545,2,0.8,10,1.3,44.8,0.17,0,11.1,2017
1001,Daniel Theis,Bos,PF,25,63,14.9,30.9,15.5,0.172,81,0.753,175,0.617,58,0.31,0.616,5.3,4.3,16,0.9,9.1,0.48,0.76,7.3,2017
1002,Danilo Gallinari,Lac,SF,29,21,32,66.6,20.6,0.081,87,0.931,145,0.455,111,0.324,0.545,15.3,4.8,8.3,2,8.9,0.57,0.48,6.6,2017
1003,Danny Green,San,SG,30,70,25.6,53.3,16.6,0.112,65,0.769,241,0.419,320,0.363,0.509,8.6,3.6,7.7,1.6,8.9,0.9,1.14,5.7,2017
1004,Dante Cunningham,Nor,SF,30,51,21.9,45.6,10,0.062,36,0.556,117,0.547,108,0.324,0.525,5,3.8,9.4,0.5,3,0.53,0.31,3.9,2017
1005,Dante Cunningham,Bro,SF,30,22,20.3,42.3,15.8,0.104,16,0.688,79,0.532,60,0.383,0.561,7.5,4.8,12.5,1,7.6,0.55,0.64,6.5,2017
1006,Dante Exum,Uta,PG,22,14,16.8,34.9,23.1,0.166,31,0.806,69,0.536,18,0.278,0.566,8.1,1.9,6.3,3.1,29.8,0.57,0.21,8.6,2017
1007,Danuel House,Pho,SG,24,23,17.5,36.5,16.2,0.072,31,0.806,71,0.577,58,0.259,0.533,6.6,3.3,10.1,1.1,9.4,0.3,0.26,6.6,2017
1008,Dario Saric,Phi,PF,23,78,29.6,61.7,20.9,0.131,207,0.86,491,0.501,399,0.393,0.582,14.6,6.7,12.1,2.6,13,0.65,0.26,8.6,2017
1009,Darius Miller,Nor,SF,27,82,23.7,49.4,12.8,0.101,67,0.866,129,0.535,358,0.411,0.617,7.8,2,4.6,1.4,7.5,0.34,0.21,4.7,2017
1010,Darrell Arthur,Den,PF,29,19,7.4,15.4,19.6,0.237,3,0.667,24,0.583,23,0.348,0.559,2.8,0.8,6,0.5,9.4,0.42,0.16,5.6,2017
1011,Darren Collison,Ind,PG,30,69,29.3,60.9,17.4,0.109,144,0.882,433,0.508,205,0.468,0.61,12.4,2.6,5,5.3,26.4,1.33,0.22,7.6,2017
1012,Darrun Hilliard,San,SG,24,14,6.8,14.2,12.2,0.153,7,0.857,13,0.385,6,0,0.362,1.1,0.5,4.1,0.8,15.2,0.14,0,4.5,2017
1013,David Nwaba,Chi,PG,25,70,23.5,49,15.6,0.131,203,0.655,371,0.496,52,0.346,0.542,7.9,4.7,10.6,1.5,9.4,0.84,0.41,6.5,2017
1014,David Stockton,Uta,G,26,3,3.1,6.5,27.9,0.174,4,1,0,0,3,0.667,1.05,3.3,0,0,0,0,0,0,0,2017
1015,David West,Gol,PF,37,73,13.7,28.5,21.7,0.162,79,0.759,370,0.576,8,0.375,0.6,6.8,3.3,13.3,1.9,20.5,0.64,1.03,10.2,2017
1016,Davis Bertans,San,PF,25,77,14.1,29.4,17.4,0.085,49,0.816,114,0.588,252,0.373,0.588,5.9,2,7.8,1,10.3,0.34,0.36,6.5,2017
1017,Davon Reed,Pho,SG,22,21,11.5,24,16,0.11,12,0.667,38,0.289,38,0.289,0.388,3,1.9,8.6,0.6,7.6,0.48,0.1,5.2,2017
1018,De'Aaron Fox,Sac,PG,20,73,27.7,57.8,23.4,0.164,195,0.723,644,0.436,153,0.307,0.478,11.6,2.8,5.7,4.4,24.6,0.96,0.27,7.5,2017
1019,DeAndre' Bembry,Atl,SF,23,26,17.5,36.5,18.2,0.248,33,0.576,98,0.429,30,0.367,0.477,5.2,2.8,8.8,1.9,15.9,0.81,0.46,6.9,2017
1020,DeAndre Jordan,Lac,C,29,77,31.5,65.6,15.2,0.161,312,0.58,578,0.645,0,0,0.648,12,15.2,26.5,1.5,7.1,0.51,0.92,8.2,2017
1021,DeAndre Liggins,Mil,SG,29,31,15.5,32.3,7.5,0.162,5,0.4,29,0.379,36,0.306,0.424,1.8,1.6,6,0.9,7.2,0.87,0.32,3.5,2017
1022,DeAndre Liggins,Nor,SG,29,27,9,18.8,8.5,0.146,0,0,24,0.417,17,0.471,0.537,1.6,1,5.8,0.8,10.7,0.37,0.15,4.8,2017
1023,Dejounte Murray,San,PG,21,81,21.5,44.8,20.7,0.166,148,0.709,575,0.454,34,0.265,0.485,8.1,5.7,14.6,2.9,20.2,1.2,0.38,9.5,2017
1024,Delon Wright,Tor,PG,25,69,20.8,43.3,17.2,0.139,117,0.829,278,0.522,154,0.364,0.574,8,2.9,7.7,2.9,19.6,1.04,0.48,7.8,2017
1025,DeMar DeRozan,Tor,SG,28,80,33.9,70.6,29.6,0.096,559,0.825,1125,0.494,287,0.31,0.555,23,3.9,6.5,5.2,25,1.06,0.28,9.2,2017
1026,DeMarcus Cousins,Nor,C,27,48,36.2,75.4,31.9,0.189,394,0.746,570,0.53,294,0.354,0.583,25.2,12.9,19.3,5.4,23,1.65,1.58,13.3,2017
1027,DeMarre Carroll,Bro,SF,31,73,29.9,62.2,19.8,0.103,246,0.764,394,0.457,391,0.371,0.55,13.5,6.6,11.7,2,10.5,0.81,0.41,7.5,2017
1028,Demetrius Jackson,Hou,PG,23,12,5.2,10.8,17,0.417,0,0,8,0.5,6,0,0.286,0.7,0.9,9.9,0.4,10.8,0.33,0.08,4.9,2017
1029,Demetrius Jackson,Phi,PG,23,3,5.8,12.1,14.4,0.17,2,0.5,3,0.667,1,1,0.82,2.7,0.3,3.1,1.3,34.1,0.33,0,7,2017
1030,Dennis Schroder,Atl,PG,24,67,31,64.6,30.4,0.127,265,0.849,884,0.48,262,0.29,0.515,19.4,3.1,5.6,6.2,36.3,1.07,0.09,9.3,2017
1031,Dennis Smith Jr.,Dal,PG,20,69,29.7,61.9,28.9,0.149,193,0.694,685,0.435,339,0.313,0.473,15.2,3.8,7,5.2,29.5,1.03,0.26,9,2017
1032,Denzel Valentine,Chi,SG,24,77,27.2,56.7,17.5,0.118,51,0.745,351,0.45,370,0.386,0.527,10.2,5.1,10.1,3.2,17.8,0.84,0.14,8.1,2017
1033,Derrick Favors,Uta,PF,26,77,28,58.3,18.5,0.099,215,0.651,639,0.596,63,0.222,0.593,12.3,7.2,14.6,1.3,7.8,0.7,1.06,6.9,2017
1034,Derrick Jones Jr.,Pho,SF,20,6,5.5,11.5,9.8,0.131,6,0.833,2,1,2,0,0.678,1.5,0.7,6.5,0.5,12.3,0.17,0.67,5.9,2017
1035,Derrick Jones Jr.,Mia,SF,20,14,15.2,31.6,13.3,0.095,18,0.611,33,0.485,16,0.188,0.457,3.7,2.4,9,0.4,4,0.21,0.64,4,2017
1036,Derrick Rose,Cle,PG,29,16,19.2,40.1,25.6,0.157,41,0.854,108,0.481,24,0.25,0.523,9.8,1.8,5.3,1.6,13,0.19,0.25,6.3,2017
1037,Derrick Rose,Min,PG,29,9,12.4,25.8,25,0.111,5,1,48,0.458,6,0.167,0.463,5.8,0.7,3.1,1.2,15.3,0.44,0,5.5,2017
1038,Derrick Walton Jr.,Mia,PG,22,16,9.2,19.2,9,0.067,6,1,8,0.125,17,0.412,0.525,1.8,1,6.1,1,14.6,0.44,0.19,5.3,2017
1039,Derrick White,San,PG,23,17,8.2,17,15.4,0.126,20,0.7,20,0.4,13,0.615,0.646,3.2,1.5,10.4,0.5,9.3,0.24,0.18,6.5,2017
1040,Derrick Williams,Lal,SF,26,2,4.3,8.9,20,0,0,0,2,0.5,2,0,0.25,1,0.5,6.3,0,0,0,0,0,2017
1041,Devin Booker,Pho,SG,21,54,34.5,72,31.7,0.139,328,0.878,670,0.46,384,0.383,0.561,24.9,4.5,7,4.7,24.4,0.87,0.26,9.4,2017
1042,Devin Harris,Dal,PG,34,44,18.3,38.2,21.6,0.128,112,0.83,159,0.465,125,0.352,0.56,8.5,1.9,5.9,1.9,16.4,0.75,0.18,6.8,2017
1043,Devin Harris,Den,PG,34,27,19.7,41.1,18.2,0.121,58,0.845,68,0.5,102,0.343,0.568,8.2,1.6,4.4,2.5,17.7,0.56,0.15,6.5,2017
1044,Devin Robinson,Was,SF,22,1,13.2,27.5,10,0,0,0,3,0.333,0,0,0.333,2,5,21.4,0,0,1,0,0,2017
1045,Dewayne Dedmon,Atl,C,28,62,24.9,51.8,17,0.143,86,0.779,336,0.595,141,0.355,0.599,10,7.9,17.7,1.5,9.2,0.65,0.82,7.9,2017
1046,Deyonta Davis,Mem,C,21,62,15.2,31.7,15.3,0.097,57,0.667,265,0.608,0,0,0.621,5.8,4,15.3,0.6,7.1,0.24,0.63,6.3,2017
1047,Dillon Brooks,Mem,SF,22,82,28.7,59.7,18.5,0.128,166,0.747,508,0.484,264,0.356,0.531,11,3.1,6.3,1.6,9.3,0.89,0.21,5.3,2017
1048,Dion Waiters,Mia,SG,26,30,30.6,63.7,25,0.137,69,0.739,240,0.463,170,0.306,0.487,14.3,2.6,4.7,3.8,19.8,0.77,0.3,6.8,2017
1049,Dirk Nowitzki,Dal,PF,39,77,24.7,51.4,20.5,0.06,108,0.898,421,0.494,337,0.409,0.575,12,5.7,12.8,1.6,10.4,0.56,0.58,7.7,2017
1050,Domantas Sabonis,Ind,PF,21,74,24.5,51,22.1,0.153,224,0.75,624,0.524,37,0.351,0.567,11.6,7.7,17.8,2,12.7,0.54,0.43,9.2,2017
1051,Donovan Mitchell,Uta,SG,21,79,33.4,69.6,29.1,0.126,297,0.805,812,0.502,550,0.34,0.541,20.5,3.7,6.4,3.7,19.4,1.49,0.34,7.8,2017
1052,Dorian Finney-Smith,Dal,PF,24,21,21.3,44.5,15.1,0.141,15,0.733,54,0.481,67,0.299,0.482,5.9,3.6,9.3,1.2,8.4,0.48,0.19,5.5,2017
1053,Doug McDermott,Nyk,SF,26,55,21.3,44.4,14.4,0.088,53,0.755,191,0.513,137,0.387,0.562,7.2,2.4,6.3,0.9,6,0.18,0.22,4.7,2017
1054,Doug McDermott,Dal,SF,26,26,22.9,47.8,16.3,0.103,28,0.857,101,0.465,79,0.494,0.611,9,2.5,6.1,1.1,7.5,0.35,0.15,5.1,2017
1055,Dragan Bender,Pho,PF,20,82,25.2,52.6,12.7,0.181,51,0.765,162,0.426,322,0.366,0.524,6.5,4.4,9.3,1.6,8.9,0.27,0.65,5.7,2017
1056,Draymond Green,Gol,PF,27,70,32.7,68.1,17.2,0.225,173,0.775,363,0.562,256,0.301,0.556,11,7.6,13.1,7.3,29,1.34,1.3,10.4,2017
1057,Dwayne Bacon,Cha,SG,22,53,13.5,28,13.7,0.102,25,0.8,149,0.409,43,0.256,0.431,3.3,2.3,9.4,0.7,7.5,0.3,0.04,5.2,2017
1058,Dwight Buycks,Det,PG,28,29,14.7,30.7,26.4,0.153,41,0.878,153,0.438,45,0.333,0.498,7.4,1.4,5.3,2,22.3,0.66,0.07,7.5,2017
1059,Dwight Howard,Cha,C,32,81,30.4,63.4,24.2,0.151,582,0.574,904,0.559,7,0.143,0.577,16.6,12.5,22.2,1.3,7.1,0.59,1.62,8.5,2017
1060,Dwight Powell,Dal,C,26,79,21.2,44.1,15.5,0.103,185,0.719,346,0.656,84,0.333,0.656,8.5,5.6,14.7,1.2,8.5,0.85,0.41,7.3,2017
1061,Dwyane Wade,Cle,SG,36,46,23.2,48.4,24.3,0.157,134,0.701,365,0.479,70,0.329,0.519,11.2,3.9,9.5,3.5,23.3,0.91,0.7,9.2,2017
1062,Dwyane Wade,Mia,SG,36,21,22.3,46.4,30.6,0.15,55,0.745,206,0.447,41,0.22,0.465,12,3.4,8.5,3.1,23.9,0.9,0.71,9,2017
1063,Ed Davis,Por,PF,28,78,18.9,39.3,12.2,0.162,111,0.667,291,0.584,1,0,0.607,5.3,7.4,21.3,0.5,3.9,0.41,0.67,5.7,2017
1064,Edmond Sumner,Ind,PG,22,1,2.2,4.6,20.3,0,0,0,1,1,0,0,1,2,1,25.7,0,0,0,0,0,2017
1065,Ekpe Udoh,Uta,PF,30,63,12.9,26.8,9.1,0.121,56,0.75,119,0.504,1,0,0.56,2.6,2.4,10.5,0.8,9.1,0.68,1.17,5.3,2017
1066,Elfrid Payton,Orl,PG,23,44,28.6,59.5,21.8,0.183,114,0.632,391,0.545,67,0.373,0.564,13,4,7.6,6.3,35.4,1.45,0.36,9.6,2017
1067,Elfrid Payton,Pho,PG,23,19,29,60.4,22.1,0.188,54,0.685,184,0.467,25,0.2,0.481,11.8,5.3,9.7,6.2,33.7,1,0.32,10.1,2017
1068,Emeka Okafor,Nor,C,35,26,13.6,28.3,14.4,0.11,22,0.818,95,0.505,0,0,0.545,4.4,4.6,18.4,0.3,3.1,0.31,0.96,5.4,2017
1069,Emmanuel Mudiay,Den,PG,21,42,17.9,37.3,24.8,0.168,78,0.808,220,0.414,102,0.373,0.504,8.5,2.2,7,2.9,24.1,0.5,0.1,8.5,2017
1070,Emmanuel Mudiay,Nyk,PG,21,22,22.4,46.6,23.7,0.153,51,0.686,158,0.418,46,0.196,0.428,8.8,2.6,6.5,3.9,25.1,0.91,0.32,8,2017
1071,Enes Kanter,Nyk,C,25,71,25.8,53.7,21.9,0.133,184,0.848,711,0.594,2,0,0.63,14.1,11,23.6,1.5,9.4,0.51,0.52,9.5,2017
1072,Eric Bledsoe,Pho,PG,28,3,27.6,57.5,28.8,0.178,14,0.786,27,0.444,13,0.308,0.509,15.7,2.3,4.5,3,17.9,1.33,0.67,6.9,2017
1073,Eric Bledsoe,Mil,PG,28,71,31.5,65.7,26,0.16,304,0.793,602,0.55,347,0.349,0.585,17.8,3.9,7.2,5.1,26,2.04,0.56,9,2017
1074,Eric Gordon,Hou,SG,29,69,31.2,65,24.7,0.109,241,0.809,361,0.546,608,0.359,0.578,18,2.4,4.4,2.2,11.7,0.65,0.38,5.9,2017
1075,Eric Moreland,Det,PF,26,67,12,25,9.7,0.238,29,0.379,122,0.541,0,0,0.531,2.1,4.1,19.1,1.2,13.3,0.46,0.76,7.3,2017
1076,Erik McCree,Uta,SF,24,4,1.9,3.9,18,0.333,0,0,1,0,1,0,0,0,0.3,7.6,0,0,0.25,0,0,2017
1077,Ersan Ilyasova,Atl,PF,30,46,25.6,53.2,18,0.089,90,0.8,231,0.532,170,0.359,0.569,10.9,5.5,11.9,1.1,6.8,0.96,0.37,6.3,2017
1078,Ersan Ilyasova,Phi,PG,30,23,24.1,50.2,20.1,0.111,45,0.733,129,0.488,83,0.361,0.537,10.8,6.7,15,1.7,10.4,0.74,0.43,8.3,2017
1079,E'Twaun Moore,Nor,SG,28,82,31.5,65.7,16.1,0.106,68,0.706,531,0.556,301,0.425,0.593,12.5,2.9,5,2.3,10.1,0.94,0.13,5.5,2017
1080,Evan Fournier,Orl,SG,25,57,32.2,67.1,23.3,0.098,173,0.867,467,0.516,335,0.379,0.577,17.8,3.2,5.4,2.9,14.8,0.82,0.28,6.8,2017
1081,Evan Turner,Por,SG,29,79,25.7,53.6,15.6,0.137,107,0.85,445,0.485,132,0.318,0.52,8.2,3.1,6.5,2.2,12.4,0.59,0.37,6,2017
1082,Frank Kaminsky,Cha,C,24,79,23.2,48.4,20.5,0.076,194,0.799,442,0.459,274,0.38,0.545,11.1,3.6,8.5,1.6,11,0.46,0.25,6.9,2017
1083,Frank Mason,Sac,PG,23,52,18.9,39.4,22.6,0.131,115,0.817,294,0.384,86,0.36,0.48,7.9,2.5,7.5,2.8,22.7,0.65,0.19,8.1,2017
1084,Frank Ntilikina,Nyk,PG,19,78,21.9,45.6,16.9,0.198,68,0.721,343,0.385,157,0.318,0.437,5.9,2.3,5.8,3.2,20,0.85,0.23,6.4,2017
1085,Fred VanVleet,Tor,PG,23,76,20,41.7,19.1,0.112,101,0.832,284,0.437,261,0.414,0.556,8.6,2.4,6.8,3.2,22.8,0.89,0.25,8.1,2017
1086,Furkan Korkmaz,Phi,SG,20,14,5.7,11.9,17,0.063,4,0.5,11,0.273,17,0.294,0.386,1.6,0.8,7.4,0.3,6.7,0.14,0.07,5.1,2017
1087,Garrett Temple,Sac,SG,31,65,24.8,51.8,16.4,0.134,78,0.769,249,0.442,227,0.392,0.536,8.4,2.3,5.4,1.9,11.3,0.88,0.42,5.4,2017
1088,Gary Harris,Den,SG,23,67,34.4,71.7,20.7,0.108,162,0.827,514,0.553,394,0.396,0.597,17.5,2.6,4.3,2.9,13,1.82,0.22,5.9,2017
1089,Gary Payton II,Mil,PG,25,12,8.8,18.4,15.9,0.08,3,0.667,21,0.524,12,0.167,0.437,2.5,1.4,9.4,0.8,12.2,0.25,0.08,6.4,2017
1090,Gary Payton II,Lal,PG,25,11,10.5,21.8,17.5,0.084,6,0.167,28,0.464,13,0.308,0.447,3.5,2.5,12.5,1.1,15.1,0.36,0.18,8.1,2017
1091,George Hill,Sac,PG,31,43,26.6,55.4,16.9,0.14,99,0.778,198,0.48,128,0.453,0.597,10.3,2.7,5.8,2.8,15.5,0.91,0.28,6.4,2017
1092,George Hill,Cle,PG,31,24,27.9,58.1,15.4,0.12,41,0.805,110,0.509,77,0.351,0.551,9.4,2.6,5.3,2.8,14,0.96,0.58,5.9,2017
1093,Georges Niang,Uta,PF,24,9,3.5,7.3,21.1,0.202,2,0.5,7,0.571,4,0,0.379,1,1,16.1,0.3,14.2,0.22,0,7.7,2017
1094,Georgios Papagiannis,Sac,C,20,16,7.4,15.4,18.7,0.163,0,0,41,0.415,0,0,0.415,2.1,2.3,17.4,0.6,11.6,0.13,0.38,7.7,2017
1095,Georgios Papagiannis,Por,C,20,1,3.7,7.7,11.9,0,0,0,1,1,0,0,1,2,1,14.7,0,0,2,0,0,2017
1096,Gerald Green,Hou,SG,32,41,22.7,47.2,22.3,0.066,60,0.85,115,0.504,298,0.369,0.566,12.1,3.2,8,0.6,4.3,0.59,0.37,5,2017
1097,Gian Clavell,Dal,SG,24,7,9.1,18.9,15,0.096,2,1,3,0,15,0.4,0.53,2.9,1,6.1,0.4,6.8,0.29,0,4.6,2017
1098,Giannis Antetokounmpo,Mil,PF,23,75,36.8,76.6,31.2,0.117,641,0.76,1262,0.554,140,0.307,0.598,26.9,10,16,4.8,23.7,1.45,1.41,11.8,2017
1099,Glenn Robinson III,Ind,SG,24,23,14.7,30.6,12.5,0.053,11,0.818,51,0.431,34,0.412,0.529,4.1,1.6,6.2,0.7,6.8,0.57,0.04,4.5,2017
1100,Goran Dragic,Mia,PG,31,75,31.7,66,25.7,0.122,271,0.801,775,0.481,300,0.37,0.543,17.3,4.1,7.2,4.8,25.4,0.84,0.16,8.8,2017
1101,Gordon Hayward,Bos,SF,27,1,5.3,11,16.9,0,0,0,1,1,1,0,0.5,2,1,10.3,0,0,0,0,0,2017
1102,Gorgui Dieng,Min,PF,28,79,16.9,35.1,16.3,0.12,102,0.775,327,0.511,61,0.311,0.543,5.9,4.6,15.6,0.9,7.5,0.57,0.49,6.9,2017
1103,Greg Monroe,Mil,C,27,5,15.9,33.1,23.2,0.147,4,0.5,33,0.485,0,0,0.489,6.8,5,18.4,1,10.2,0,0,8.1,2017
1104,Greg Monroe,Pho,C,27,20,23.3,48.4,19.6,0.186,46,0.674,155,0.626,0,0,0.642,11.3,8,18.4,2.5,18.2,0.8,0.3,10.5,2017
1105,Greg Monroe,Bos,C,27,26,19.1,39.8,25,0.177,69,0.797,198,0.53,0,0,0.58,10.2,6.3,18.2,2.3,20.4,1.08,0.69,11.1,2017
1106,Guerschon Yabusele,Bos,PF,22,33,7.1,14.8,15.7,0.145,22,0.682,24,0.583,37,0.324,0.559,2.4,1.6,12.1,0.5,10,0.12,0.15,7,2017
1107,Harrison Barnes,Dal,SF,25,77,34.2,71.3,25.2,0.081,313,0.827,874,0.478,333,0.357,0.54,18.9,6.1,9.9,2,9.8,0.64,0.18,7.2,2017
1108,Hassan Whiteside,Mia,C,28,54,25.3,52.6,24.7,0.123,182,0.703,576,0.538,2,1,0.573,14,11.4,25.4,1,6.9,0.69,1.74,8.6,2017
1109,Henry Ellenson,Det,PF,21,38,8.7,18,23.8,0.102,29,0.862,86,0.384,60,0.333,0.476,4,2.1,13.6,0.5,9.4,0.13,0,7.4,2017
1110,Ian Clark,Nor,SG,26,74,19.7,40.9,17.2,0.099,59,0.763,300,0.533,195,0.318,0.529,7.4,1.7,4.7,1.5,10.4,0.45,0.14,5.4,2017
1111,Ian Mahinmi,Was,C,31,77,14.9,31,15.6,0.247,128,0.703,246,0.561,2,0,0.601,4.8,4.1,15.4,0.7,6.6,0.49,0.55,6.4,2017
1112,Ike Anigbogu,Ind,C,19,11,2.7,5.6,20.4,0.147,6,0.833,9,0.444,0,0,0.558,1.2,0.8,17,0,0,0.09,0.27,0,2017
1113,Iman Shumpert,Cle,SG,27,14,19.7,41.1,13.1,0.208,15,0.733,32,0.469,26,0.269,0.48,4.4,2.9,8.3,1.2,8.1,0.64,0.29,5,2017
1114,Isaiah Canaan,Hou,SG,26,1,4,8.3,11,0,0,0,1,0,0,0,0,0,1,14.1,0,0,0,0,0,2017
1115,Isaiah Canaan,Pho,SG,26,19,22,45.8,19,0.155,51,0.902,70,0.429,66,0.333,0.543,9.1,2.3,5.6,4,26.9,0.84,0.05,8,2017
1116,Isaiah Hicks,Nyk,PF,23,18,13.3,27.7,17.5,0.167,18,0.667,63,0.492,9,0.222,0.501,4.4,2.3,9.5,0.9,9.5,0.11,0.22,6.3,2017
1117,Isaiah Taylor,Atl,PG,23,67,17.4,36.3,20.1,0.157,141,0.702,310,0.461,80,0.25,0.492,6.6,1.4,4.5,3.1,27,0.51,0.15,7,2017
1118,Isaiah Thomas,Cle,PG,28,15,27.1,56.4,28.9,0.155,68,0.868,107,0.449,87,0.253,0.493,14.7,2.1,4.3,4.5,25.1,0.6,0.13,7.6,2017
1119,Isaiah Thomas,Lal,PG,28,17,26.8,55.9,28.7,0.175,63,0.921,126,0.429,101,0.327,0.52,15.6,2.1,4.2,5,28.8,0.35,0.06,8.2,2017
1120,Isaiah Whitehead,Bro,PG,22,16,11.2,23.4,28.5,0.203,19,0.684,68,0.485,18,0.389,0.53,6.3,1.6,7.7,1.3,19.6,0.5,0.13,8.4,2017
1121,Ish Smith,Det,PG,29,82,24.9,51.9,20.8,0.112,116,0.698,700,0.506,101,0.347,0.525,10.9,2.7,6.1,4.4,28.5,0.78,0.24,8.1,2017
1122,Ivan Rabb,Mem,PF,20,36,14.3,29.8,17.7,0.173,36,0.806,152,0.566,0,0,0.599,5.6,4.4,17.7,0.9,10.4,0.33,0.36,7.9,2017
1123,Ivica Zubac,Lal,C,20,43,9.5,19.9,17.6,0.153,51,0.765,121,0.504,1,0,0.557,3.7,2.8,15.8,0.6,8.8,0.19,0.35,7.7,2017
1124,J.J. Barea,Dal,PG,33,69,23.2,48.4,24.9,0.163,102,0.784,377,0.499,313,0.367,0.545,11.6,2.9,7,6.3,45.1,0.51,0.04,10.3,2017
1125,Jabari Bird,Bos,SG,23,13,8.8,18.3,15.5,0.201,13,0.462,19,0.632,7,0.429,0.615,3,1.5,9.1,0.6,10.6,0.23,0.08,6.3,2017
1126,Jabari Parker,Mil,SF,22,31,24,49.9,24.4,0.112,54,0.741,251,0.514,81,0.383,0.55,12.6,4.8,11.8,1.9,13.1,0.81,0.32,8.1,2017
1127,Jack Cooley,Sac,F,26,7,12.5,26,19.7,0.078,19,0.737,27,0.481,0,0,0.566,5.7,4.3,19.6,0.9,10.5,0.14,0,9,2017
1128,Jacob Pullen,Phi,PG,28,3,2,4.2,21,0.333,0,0,1,1,1,0,0.5,0.7,0,0,0,0,0,0,0,2017
1129,Jacob Wiley,Bro,SF,23,5,6.7,13.9,6.3,0,2,0.5,2,0,2,0.5,0.41,0.8,2.2,17.5,0.4,7.9,0.2,0,5.3,2017
1130,Jae Crowder,Cle,SF,27,53,25.4,52.9,15.1,0.092,92,0.848,187,0.508,189,0.328,0.545,8.6,3.3,7.2,1.1,6,0.77,0.23,5,2017
1131,Jae Crowder,Uta,PG,27,27,27.6,57.4,21.3,0.091,56,0.768,143,0.462,152,0.316,0.499,11.8,3.8,7.8,1.5,8.6,0.85,0.33,5.9,2017
1132,Jahlil Okafor,Phi,C,22,2,12.7,26.4,23.2,0.218,4,0.5,9,0.444,0,0,0.465,5,4.5,19.1,0.5,5.7,0,1,7.1,2017
1133,Jahlil Okafor,Bro,C,22,26,12.6,26.2,20.9,0.114,25,0.76,125,0.576,4,0.25,0.593,6.4,2.9,12.3,0.4,5.9,0.12,0.62,6.2,2017
1134,JaKarr Sampson,Sac,SF,24,22,15.6,32.6,12.5,0.083,16,0.625,71,0.549,10,0.5,0.585,4.7,3.5,12.9,0.4,3.9,0.36,1,4.8,2017
1135,Jake Layman,Por,SF,23,34,4.7,9.8,14.6,0.094,3,0.667,27,0.37,20,0.2,0.352,1,0.5,5.4,0.3,9.4,0.18,0.12,4.5,2017
1136,Jakob Poeltl,Tor,C,22,82,18.6,38.7,14.8,0.166,101,0.594,382,0.66,2,0.5,0.662,6.9,4.8,14.4,0.7,5.4,0.48,1.22,6.1,2017
1137,Jalen Jones,Nor,SF,24,4,4.8,10.1,10.9,0,2,1,3,0,1,1,0.512,1.3,0.8,8.4,0,0,0,0,0,2017
1138,Jalen Jones,Dal,SF,24,12,13.5,28.1,22,0.102,17,0.588,38,0.421,25,0.36,0.49,5.8,2.9,12,0.3,3.9,0.42,0.08,5.1,2017
1139,Jamal Crawford,Min,SG,37,80,20.7,43.1,23.7,0.107,113,0.903,428,0.477,314,0.331,0.519,10.3,1.2,3.5,2.3,16.9,0.5,0.11,5.9,2017
1140,Jamal Murray,Den,SG,20,81,31.7,66,22.8,0.127,253,0.905,626,0.502,436,0.378,0.576,16.7,3.7,6.5,3.4,16.4,0.98,0.35,7.5,2017
1141,Jameel Warney,Dal,PF,24,3,8.9,18.6,25.8,0.066,5,0.6,12,0.583,0,0,0.599,5.7,3,18.6,0,0,0,0,0,2017
1142,Jameer Nelson,Nor,PG,35,43,20.9,43.5,12.9,0.209,17,0.765,95,0.463,110,0.364,0.52,5.1,2.2,5.8,3.6,22.2,0.53,0.07,6.6,2017
1143,Jameer Nelson,Det,PG,35,7,16.5,34.4,19.7,0.214,3,1,25,0.4,14,0.071,0.322,3.7,1.1,3.8,3.3,27.8,0.57,0.14,5.8,2017
1144,Jamel Artis,Orl,SG,25,15,18.6,38.8,14.5,0.087,12,0.583,50,0.46,29,0.276,0.457,5.1,2.5,7.5,1.2,9.3,0.13,0.2,5.3,2017
1145,James Ennis III,Mem,SF,27,45,23.4,48.7,12.5,0.13,73,0.877,138,0.565,84,0.357,0.61,6.9,3.5,8.6,1.1,7,0.71,0.27,5.1,2017
1146,James Ennis III,Det,SF,27,27,20.4,42.5,16,0.09,43,0.767,93,0.57,69,0.304,0.558,7.5,2.5,6.7,0.8,5.9,0.56,0.22,4.8,2017
1147,James Harden,Hou,PG,28,72,35.4,73.8,36,0.151,727,0.858,727,0.531,722,0.367,0.619,30.4,5.4,8.6,8.8,45.1,1.76,0.69,12.8,2017
1148,James Johnson,Mia,PF,30,73,26.6,55.5,19.1,0.172,162,0.698,429,0.587,185,0.308,0.575,10.8,4.9,10.3,3.8,22.5,0.96,0.71,8.8,2017
1149,James Michael McAdoo,Phi,PF,25,3,6,12.5,21.1,0.113,2,1,0,0,7,0.286,0.508,2.7,0.7,6,0,0,0,0.33,0,2017
1150,James Webb III,Bro,SF,24,10,12,25,10.1,0.143,0,0,5,0.4,19,0.211,0.333,1.6,2.4,10.6,0.4,4.5,0.1,0,3.8,2017
1151,James Young,Phi,SG,22,6,10.2,21.2,12.3,0.057,6,0.667,4,0.5,10,0.3,0.511,2.8,0.3,1.8,0.3,4.3,0,0,2.5,2017
1152,Jamil Wilson,Lac,SF,27,15,18.3,38,14.3,0.088,4,0.5,18,0.611,63,0.429,0.634,7,2.1,6.4,0.7,5.2,0.33,0.53,4.8,2017
1153,JaMychal Green,Mem,PF,27,55,28,58.4,17.8,0.124,111,0.721,361,0.499,127,0.339,0.53,10.3,8.4,17.4,1.4,8.3,0.58,0.45,7.1,2017
1154,Jared Dudley,Pho,PF,32,48,14.3,29.8,10.2,0.169,35,0.771,42,0.452,80,0.363,0.553,3.2,1.9,7.2,1.6,15.6,0.52,0.21,6,2017
1155,Jarell Eddie,Bos,SG,26,2,2.8,5.8,8,0,0,0,0,0,1,0,0,0,0.5,9.8,0,0,0.5,0,0,2017
1156,Jarell Eddie,Chi,SG,26,1,3,6.3,14.5,0,0,0,0,0,1,0,0,0,0,0,0,0,0,0,0,2017
1157,Jarell Martin,Mem,PF,23,73,22.8,47.4,17.1,0.136,116,0.767,398,0.47,98,0.347,0.516,7.7,4.4,11.1,1,7,0.53,0.68,5.7,2017
1158,Jarrett Allen,Bro,C,19,72,20,41.7,16.3,0.151,147,0.776,382,0.599,15,0.333,0.636,8.2,5.4,14.3,0.7,5.4,0.39,1.22,6.3,2017
1159,Jarrett Jack,Nyk,PG,34,62,25,52,16.7,0.195,75,0.84,357,0.459,86,0.291,0.489,7.5,3.1,6.8,5.6,31.3,0.56,0.06,8.1,2017
1160,Jason Smith,Was,C,31,33,8.6,18,21.7,0.114,21,0.905,83,0.494,32,0.125,0.455,3.4,1.6,10.5,0.4,7.4,0.09,0.39,6,2017
1161,Jason Terry,Mil,SG,40,51,16,33.2,10.1,0.137,9,0.889,39,0.487,115,0.348,0.525,3.3,0.9,3.5,1.2,9.7,0.82,0.24,3.8,2017
1162,JaVale McGee,Gol,C,30,65,9.5,19.7,19.2,0.1,52,0.731,213,0.638,6,0,0.641,4.8,2.6,15.4,0.5,8,0.32,0.88,7.8,2017
1163,Jawun Evans,Lac,PG,21,48,16.2,33.8,17.7,0.138,49,0.776,199,0.372,54,0.278,0.421,4.8,1.8,5.9,2.1,17.8,0.75,0.13,6.5,2017
1164,Jaylen Brown,Bos,SF,21,70,30.7,64,21.4,0.12,233,0.644,497,0.507,306,0.395,0.562,14.5,5,8.8,1.6,8.5,1,0.37,6.4,2017
1165,Jaylen Morris,Atl,G,22,6,16.4,34.2,16.4,0.162,0,0,22,0.5,9,0.222,0.452,4.7,2.7,9.1,1.2,10.7,0.33,0.17,6,2017
1166,Jayson Tatum,Bos,SF,19,80,30.5,63.6,19.4,0.108,258,0.826,593,0.492,242,0.434,0.586,13.9,5,9,1.6,8.3,1.04,0.73,6.3,2017
1167,Jeff Green,Cle,SF,31,78,23.4,48.8,19.3,0.094,234,0.868,448,0.54,170,0.312,0.587,10.8,3.2,7.5,1.3,8,0.53,0.44,6.1,2017
1168,Jeff Teague,Min,PG,29,70,33,68.8,20.6,0.164,239,0.845,566,0.477,228,0.368,0.553,14.2,3,5.2,7,30.6,1.46,0.33,8.1,2017
1169,Jeff Withey,Dal,C,27,9,4.4,9.1,21.8,0.106,2,0.5,6,0.667,10,0.2,0.444,1.7,1.1,14.1,0,0,0,0.33,0,2017
1170,Jerami Grant,Okc,SF,23,81,20.3,42.4,16,0.088,240,0.675,346,0.613,110,0.291,0.607,8.4,3.9,10.7,0.7,5.1,0.38,0.95,5.6,2017
1171,Jeremy Evans,Atl,SF,30,1,5.4,11.3,16.2,0.5,0,0,1,1,0,0,1,2,1,10.3,0,0,0,0,0,2017
1172,Jeremy Lamb,Cha,SG,25,80,24.6,51.2,22.4,0.091,208,0.861,578,0.495,254,0.37,0.559,12.9,4.1,8.9,2.3,15.4,0.76,0.4,8.1,2017
1173,Jeremy Lin,Bro,PG,29,1,25.2,52.5,31.1,0.166,7,1,10,0.4,2,0.5,0.597,18,0,0,4,26.8,0,0,0,2017
1174,Jerian Grant,Chi,PG,25,74,22.8,47.5,17.4,0.132,188,0.745,316,0.468,187,0.326,0.528,8.4,2.3,5.5,4.6,30.1,0.85,0.11,7.8,2017
1175,Jerryd Bayless,Phi,PG,29,39,23.7,49.4,15.1,0.141,44,0.795,116,0.474,146,0.37,0.546,7.9,2.1,4.7,1.4,8,0.59,0.15,4.8,2017
1176,Jimmy Butler,Min,SF,28,59,36.7,76.4,24.9,0.089,425,0.854,721,0.509,200,0.35,0.59,22.2,5.3,8.4,4.9,20.6,1.97,0.41,9.1,2017
1177,JJ Redick,Phi,SG,33,70,30.2,63,21.7,0.096,218,0.904,419,0.504,460,0.42,0.614,17.1,2.6,4.6,3,15.1,0.5,0.09,6.8,2017
1178,Joakim Noah,Nyk,C,32,7,5.7,11.9,17.2,0.254,4,0.5,10,0.5,0,0,0.51,1.7,2,19.4,0.6,13.9,0.29,0.29,8.9,2017
1179,Jodie Meeks,Was,SG,30,77,14.5,30.3,19,0.077,117,0.863,183,0.464,210,0.343,0.548,6.3,1.6,6.4,0.9,9.1,0.38,0.05,5.8,2017
1180,Joe Harris,Bro,SG,26,78,25.3,52.7,16.6,0.12,104,0.827,263,0.589,358,0.419,0.634,10.8,3.3,7,1.6,10.2,0.44,0.26,6.1,2017
1181,Joe Ingles,Uta,SF,30,82,31.4,65.5,15.9,0.174,83,0.795,254,0.516,464,0.44,0.623,11.5,4.2,7.6,4.8,22.9,1.1,0.24,7.8,2017
1182,Joe Johnson,Uta,SF,36,32,21.9,45.6,17.2,0.116,24,0.833,142,0.507,84,0.274,0.492,7.3,3.3,8.7,1.4,9.8,0.38,0.19,5.9,2017
1183,Joe Johnson,Hou,SF,36,23,21.9,45.7,14.1,0.112,21,0.952,73,0.466,61,0.279,0.485,6,2.8,7.3,1.7,10.7,0.26,0.04,5.6,2017
1184,Joe Young,Ind,PG,25,53,10.5,21.9,18,0.116,29,0.759,120,0.458,66,0.379,0.521,3.9,1.2,6.4,0.7,9.9,0.26,0.02,5.7,2017
1185,Joel Bolomboy,Mil,PF,24,6,6.3,13.1,12.7,0.188,6,0.5,5,0.6,1,0,0.521,1.5,1.7,15.5,0,0,0.33,0,0,2017
1186,Joel Embiid,Phi,C,23,63,30.3,63.2,33.4,0.156,467,0.769,842,0.527,214,0.308,0.573,22.9,10.9,19.4,3.2,18,0.63,1.78,12.2,2017
1187,Joffrey Lauvergne,San,C,26,55,9.7,20.2,20.4,0.135,47,0.638,185,0.53,5,0,0.536,4.1,3.1,17.8,0.7,12.2,0.16,0.05,8.5,2017
1188,John Collins,Atl,PF,20,74,24.1,50.2,17.9,0.143,186,0.715,498,0.598,47,0.34,0.62,10.5,7.3,16.9,1.3,8.9,0.64,1.08,7.7,2017
1189,John Henson,Mil,C,27,76,25.9,54,15,0.128,158,0.57,495,0.578,7,0.143,0.582,8.8,6.8,15.3,1.5,8.6,0.59,1.43,6.9,2017
1190,John Holland,Cle,SG,29,24,7.3,15.1,18.4,0.11,13,0.692,23,0.261,36,0.306,0.417,2.3,1,7.4,0.2,3.9,0.29,0.08,4.2,2017
1191,John Wall,Was,PG,27,41,34.4,71.6,29.1,0.17,241,0.726,500,0.436,167,0.371,0.515,19.4,3.7,6,9.6,44.5,1.39,1.1,10.3,2017
1192,Johnathan Motley,Dal,PF,22,11,16,33.3,24.9,0.093,28,0.536,69,0.565,6,0.167,0.55,8.7,4.5,15.5,0.6,7.1,0.27,0.18,7.2,2017
1193,Johnny O'Bryant III,Cha,PF,24,36,10.5,21.9,22.5,0.076,25,0.84,128,0.422,43,0.326,0.47,4.8,2.6,13.4,0.4,5.9,0.22,0.17,6.5,2017
1194,Jon Leuer,Det,PF,28,8,17.1,35.5,16.1,0.141,15,0.867,33,0.455,3,0,0.505,5.4,4,12.9,0.6,5.2,0.13,0.38,5.5,2017
1195,Jonas Jerebko,Uta,PF,30,74,15.3,31.9,15.6,0.069,57,0.807,184,0.511,157,0.414,0.586,5.8,3.3,12.3,0.6,5.7,0.32,0.16,5.9,2017
1196,Jonas Valanciunas,Tor,C,25,77,22.4,46.7,22.7,0.127,211,0.806,614,0.586,74,0.405,0.628,12.7,8.6,21.4,1.1,7.5,0.38,0.9,8.8,2017
1197,Jonathan Gibson,Bos,PG,30,4,10,20.8,29.1,0.115,0,0,11,0.727,12,0.5,0.739,8.5,0.8,4.1,1,22.7,0,0,7.6,2017
1198,Jonathan Isaac,Orl,SF,20,27,19.8,41.3,15,0.148,25,0.76,99,0.394,46,0.348,0.465,5.4,3.7,10.2,0.7,4.8,1.22,1.11,4.9,2017
1199,Jonathon Simmons,Orl,SG,28,69,29.4,61.3,22,0.144,241,0.768,557,0.512,204,0.338,0.555,13.9,3.5,6.5,2.5,13.3,0.84,0.23,6.7,2017
1200,Jordan Bell,Gol,PF,23,57,14.2,29.6,13.9,0.2,44,0.682,181,0.641,4,0,0.641,4.6,3.6,14.3,1.8,16.9,0.61,0.98,8.7,2017
1201,Jordan Clarkson,Lal,SG,25,53,23.7,49.4,27.7,0.116,132,0.795,457,0.505,210,0.324,0.532,14.5,3,6.7,3.3,23,0.74,0.06,8.8,2017
1202,Jordan Clarkson,Cle,SG,25,28,22.6,47,24.1,0.09,58,0.81,179,0.486,108,0.407,0.565,12.6,2,5.1,1.7,12,0.68,0.11,6.2,2017
1203,Jordan Crawford,Nor,SG,29,5,10.7,22.2,26.3,0.154,1,1,13,0.308,14,0.571,0.601,6.6,0.8,4.1,2.6,37.4,0.2,0.2,9,2017
1204,Jordan Mickey,Mia,PF,23,23,12.4,25.7,17.1,0.166,19,0.684,66,0.561,16,0.125,0.515,4,3.6,16.2,0.4,4.8,0.26,0.43,5.8,2017
1205,Jose Calderon,Cle,PG,36,57,16,33.4,11.6,0.171,30,0.8,88,0.545,97,0.464,0.643,4.5,1.5,5.2,2.1,17.4,0.47,0.04,6.1,2017
1206,Josh Gray,Pho,F,24,5,17.3,36,25.9,0.132,11,0.636,28,0.286,13,0.231,0.349,6.4,2,6.2,2.4,20.6,1.6,0.4,7.2,2017
1207,Josh Hart,Lal,SG,22,63,23.2,48.3,13.5,0.101,94,0.702,178,0.551,197,0.396,0.596,7.9,4.2,9.6,1.3,7.6,0.73,0.25,6,2017
1208,Josh Huestis,Okc,SF,26,69,14.2,29.6,9.5,0.12,20,0.3,67,0.403,115,0.287,0.417,2.3,2.3,9.1,0.3,2.7,0.22,0.62,3.3,2017
1209,Josh Jackson,Pho,SF,20,77,25.4,53,26,0.122,279,0.634,715,0.464,217,0.263,0.48,13.1,4.6,9.6,1.5,10.1,1.04,0.45,7.1,2017
1210,Josh Magette,Atl,PG,28,18,12,25,11.8,0.154,8,1,24,0.292,22,0.364,0.464,2.6,1.1,4.9,3.2,36.4,0.44,0.06,7,2017
1211,Josh McRoberts,Dal,PF,30,2,2.9,6,7.8,0,0,0,0,0,1,0,0,0,0,0,0,0,0,0,0,2017
1212,Josh Richardson,Mia,SG,24,81,33.2,69.2,18.1,0.129,142,0.845,549,0.495,336,0.378,0.551,12.9,3.5,6,2.8,13.1,1.49,0.91,6,2017
1213,Josh Smith,Nor,PF,32,3,3.9,8.2,14.7,0,0,0,4,0.25,0,0,0.25,0.7,1.3,18.4,0,0,0,0,0,2017
1214,JR Smith,Cle,SG,32,80,28.1,58.4,13.8,0.116,56,0.696,214,0.453,381,0.375,0.534,8.3,2.9,5.9,1.8,8.6,0.85,0.14,5,2017
1215,Jrue Holiday,Nor,PG,27,81,36.1,75.3,23.1,0.137,238,0.786,887,0.558,356,0.337,0.57,19,4.5,6.8,6,24.9,1.52,0.79,8.9,2017
1216,Juancho Hernangomez,Den,PF,22,25,11.1,23.1,14,0.101,12,0.833,25,0.6,50,0.28,0.511,3.3,2.2,11,0.5,5.9,0.24,0.12,5.5,2017
1217,Julius Randle,Lal,PF,23,82,26.7,55.7,25.3,0.163,425,0.718,859,0.575,45,0.222,0.606,16.1,8,15.9,2.6,15.8,0.52,0.55,10.4,2017
1218,Julyan Stone,Cha,PG,29,23,7.6,15.8,5.2,0.335,2,0.5,0,0,13,0.462,0.684,0.8,1.3,9,1.1,19.2,0.17,0.09,5.5,2017
1219,Justin Anderson,Phi,SF,24,38,13.7,28.4,19.3,0.068,38,0.737,99,0.535,103,0.33,0.54,6.2,2.4,9.5,0.7,7.1,0.39,0.21,6.4,2017
1220,Justin Holiday,Chi,SG,28,72,31.5,65.5,18.2,0.098,164,0.823,333,0.387,449,0.359,0.513,12.2,4,6.9,2.1,10.1,1.11,0.43,5.9,2017
1221,Justin Jackson,Sac,SF,22,68,22.2,46.1,14.2,0.084,36,0.722,234,0.547,185,0.308,0.521,6.7,2.8,7.1,1.1,7.2,0.41,0.19,4.9,2017
1222,Justin Patton,Min,C,20,1,3.7,7.7,23.9,0,0,0,2,0.5,0,0,0.5,2,0,0,0,0,1,0,0,2017
1223,Justise Winslow,Mia,SF,21,68,24.7,51.5,16.3,0.126,104,0.635,359,0.44,129,0.38,0.496,7.8,5.4,12.4,2.2,13,0.79,0.49,7.3,2017
1224,Jusuf Nurkic,Por,C,23,79,26.4,55.1,26.4,0.146,273,0.63,944,0.508,7,0,0.528,14.3,9,18.5,1.8,11.7,0.81,1.39,9.3,2017
1225,Kadeem Allen,Bos,SG,25,18,6,12.4,14.6,0.257,9,0.778,11,0.545,11,0,0.366,1.1,0.6,5.6,0.7,15.2,0.17,0.11,5.2,2017
1226,Karl-Anthony Towns,Min,C,22,82,35.6,74.1,22.9,0.105,402,0.858,887,0.585,285,0.421,0.646,21.3,12.4,20,2.4,10.8,0.78,1.41,9.7,2017
1227,Kawhi Leonard,San,SF,26,9,23.3,48.6,30.6,0.111,38,0.816,76,0.539,35,0.314,0.572,16.2,4.7,11.1,2.3,17.7,2,1,9.6,2017
1228,Kay Felder,Chi,PG,22,14,9.6,19.9,28.1,0.174,12,0.917,48,0.333,18,0.222,0.386,3.9,1,5.6,1.4,23,0.21,0.07,7.3,2017
1229,Kay Felder,Det,PG,22,2,2.9,5.9,38.8,0.2,0,0,3,0.333,1,0,0.25,1,2,38.8,0,0,0,0,0,2017
1230,Kelly Olynyk,Mia,C,26,76,23.4,48.8,21.7,0.171,174,0.77,356,0.59,280,0.379,0.612,11.5,5.7,13.6,2.7,18.6,0.82,0.46,9.6,2017
1231,Kelly Oubre Jr.,Was,SF,22,81,27.5,57.4,19.4,0.092,233,0.82,421,0.456,369,0.341,0.534,11.8,4.5,9.2,1.2,6.4,0.99,0.43,5.8,2017
1232,Kemba Walker,Cha,PG,27,80,34.2,71.2,27.4,0.104,420,0.864,762,0.469,601,0.384,0.572,22.1,3.1,4.9,5.6,27.4,1.14,0.3,8.5,2017
1233,Kendrick Perkins,Cle,C,33,1,14.5,30.2,11.8,0.258,2,0.5,2,0.5,0,0,0.521,3,1,3.9,2,17.9,1,0,5,2017
1234,Kenneth Faried,Den,PF,28,32,14.4,30,18.3,0.119,51,0.706,147,0.517,1,0,0.552,5.9,4.8,18.7,0.6,5.8,0.38,0.41,7.1,2017
1235,Kent Bazemore,Atl,SF,28,65,27.5,57.3,22.5,0.17,201,0.796,402,0.438,274,0.394,0.547,12.9,3.8,7.7,3.5,20.1,1.54,0.69,8.1,2017
1236,Kentavious Caldwell-Pope,Lal,SG,24,74,33.2,69.2,16.9,0.1,194,0.789,383,0.473,414,0.384,0.562,13.4,5.2,8.4,2.2,9.5,1.45,0.22,6.4,2017
1237,Kevin Durant,Gol,SF,29,68,34.2,71.2,30.4,0.129,404,0.889,809,0.565,413,0.419,0.64,26.4,6.8,11.2,5.4,25.5,0.74,1.75,11.6,2017
1238,Kevin Love,Cle,PF,29,59,28,58.3,25.1,0.096,265,0.879,399,0.494,330,0.415,0.614,17.6,9.3,18.5,1.7,9.8,0.73,0.41,9.3,2017
1239,Kevon Looney,Gol,PF,21,66,13.8,28.7,12.4,0.121,77,0.545,187,0.594,5,0.2,0.591,4,3.3,13.2,0.6,6,0.5,0.83,5.8,2017
1240,Khem Birch,Orl,C,25,42,13.8,28.7,13.2,0.121,61,0.689,126,0.54,0,0,0.582,4.2,4.3,17.1,0.8,8.5,0.36,0.5,7.1,2017
1241,Khris Middleton,Mil,PF,26,82,36.4,75.8,24.6,0.118,362,0.884,865,0.517,407,0.359,0.577,20.1,5.2,8.4,4,17.7,1.45,0.26,8.2,2017
1242,Klay Thompson,Gol,SG,27,73,34.3,71.5,23.7,0.095,98,0.837,658,0.526,520,0.44,0.598,20,3.8,6.2,2.5,11.2,0.75,0.48,6.7,2017
1243,Kobi Simmons,Mem,PG,20,32,20.1,41.9,17,0.18,25,1,150,0.46,39,0.282,0.49,6.1,1.6,4.5,2.1,16.5,0.56,0.16,5.4,2017
1244,Kosta Koufos,Sac,C,28,71,19.6,40.8,15.2,0.104,74,0.446,389,0.571,0,0,0.566,6.7,6.6,19.3,1.2,9.7,0.66,0.45,7.7,2017
1245,Kris Dunn,Chi,PG,23,52,29.3,61.1,24.7,0.173,115,0.73,532,0.457,134,0.321,0.488,13.4,4.3,7.8,6,33.3,2,0.52,9.6,2017
1246,Kristaps Porzingis,Nyk,PF,22,48,32.4,67.4,31,0.084,275,0.793,661,0.454,228,0.395,0.539,22.7,6.6,11.3,1.2,6.2,0.75,2.4,7,2017
1247,Kyle Anderson,San,SG,24,74,26.7,55.7,13.5,0.158,146,0.712,381,0.556,57,0.333,0.582,7.9,5.4,11.1,2.7,14.7,1.55,0.82,7.3,2017
1248,Kyle Collinsworth,Dal,PG,26,32,15,31.2,13.3,0.171,40,0.525,82,0.415,17,0.235,0.433,3.2,3.3,12.4,1.8,16.4,0.53,0.28,7.1,2017
1249,Kyle Korver,Cle,SG,36,73,21.6,44.9,16,0.096,72,0.889,108,0.537,376,0.436,0.652,9.2,2.3,5.9,1.2,8,0.42,0.37,5.4,2017
1250,Kyle Kuzma,Lal,PF,22,77,31.2,65,22.5,0.11,208,0.707,605,0.511,434,0.366,0.549,16.1,6.3,10.7,1.8,9.1,0.64,0.44,7.3,2017
1251,Kyle Lowry,Tor,PG,31,78,32.2,67,21.7,0.147,261,0.854,348,0.474,596,0.399,0.598,16.2,5.6,9.7,6.9,30.9,1.09,0.24,10.6,2017
1252,Kyle O'Quinn,Nyk,PF,27,77,18,37.5,17,0.186,127,0.772,366,0.601,17,0.235,0.627,7.1,6.1,18.8,2.1,16.8,0.45,1.27,10,2017
1253,Kyle Singler,Okc,SF,29,12,4.9,10.2,21.7,0.101,13,0.538,16,0.313,5,0.4,0.43,1.9,0.8,9.4,0.2,4.8,0.08,0,5.5,2017
1254,Kyrie Irving,Bos,PG,25,60,32.2,67.1,31,0.104,261,0.889,680,0.541,407,0.408,0.61,24.4,3.8,6.4,5.1,30.7,1.08,0.28,9.7,2017
1255,LaMarcus Aldridge,San,PF,32,75,33.4,69.7,29.1,0.068,399,0.837,1255,0.526,92,0.293,0.57,23.1,8.5,14,2,11.3,0.57,1.2,8.8,2017
1256,Lance Stephenson,Ind,SG,27,82,22.6,47,21.6,0.147,127,0.661,477,0.495,232,0.289,0.495,9.2,5.2,12.9,2.9,18.6,0.59,0.2,9.2,2017
1257,Lance Thomas,Nyk,PF,29,73,18.5,38.6,10.7,0.121,53,0.83,143,0.364,124,0.403,0.513,4.1,2.4,7.2,0.6,4.2,0.41,0.19,3.9,2017
1258,Langston Galloway,Det,PG,26,58,14.9,31,19.3,0.048,41,0.805,122,0.418,218,0.344,0.503,6.2,1.6,5.9,1,10.1,0.6,0.09,5.8,2017
1259,Larry Drew II,Phi,PG,27,3,4.9,10.1,23.4,0.125,0,0,4,0.25,3,0,0.143,0.7,0.3,3.7,0.7,17.6,0,0,4.3,2017
1260,Larry Drew II,Nor,PG,27,7,7.9,16.5,14.8,0.105,0,0,11,0.273,6,0.5,0.441,2.1,0.3,2,1.1,18.7,0,0,4.5,2017
1261,Larry Nance Jr.,Lal,PF,25,42,21.9,45.7,15.3,0.123,87,0.632,249,0.606,4,0.25,0.618,8.6,6.8,16.4,1.4,9.2,1.4,0.48,7.9,2017
1262,Larry Nance Jr.,Cle,PF,25,24,20.8,43.3,17,0.052,50,0.72,152,0.572,8,0.125,0.585,8.9,7,18.9,1,7.6,1.21,0.75,7.6,2017
1263,Lauri Markkanen,Chi,PF,20,68,29.7,61.9,21.9,0.082,166,0.843,461,0.497,401,0.362,0.552,15.2,7.5,13.5,1.2,6.4,0.57,0.59,6.9,2017
1264,LeBron James,Cle,SF,33,82,36.9,76.9,31.6,0.161,531,0.731,1174,0.603,406,0.367,0.621,27.5,8.7,13.2,9.1,44.4,1.41,0.87,14,2017
1265,London Perrantes,Cle,PG,23,14,4.7,9.8,10.9,0.062,5,0.6,10,0.2,3,0,0.23,0.5,0.3,3.4,0.4,9.4,0.14,0.07,3.3,2017
1266,Lonzo Ball,Lal,PG,20,52,34.2,71.3,17.4,0.186,71,0.451,269,0.42,295,0.305,0.444,10.2,6.9,10.8,7.2,29.2,1.67,0.83,9.3,2017
1267,Lorenzo Brown,Tor,G,27,14,9.9,20.6,12,0.079,2,1,22,0.545,12,0.167,0.459,2.3,1.1,6.1,0.9,12.5,0.36,0,5.3,2017
1268,Lou Williams,Lac,SG,31,79,32.8,68.3,29.8,0.131,491,0.88,819,0.484,518,0.359,0.574,22.6,2.5,4.2,5.3,26.3,1.08,0.24,8.2,2017
1269,Luc Mbah a Moute,Hou,PF,31,61,25.6,53.4,12.8,0.15,95,0.684,172,0.599,173,0.364,0.595,7.5,3,6.7,0.9,5,1.18,0.41,4.3,2017
1270,Lucas Nogueira,Tor,C,25,49,8.5,17.8,11.4,0.148,28,0.679,61,0.721,19,0.263,0.661,2.5,1.8,11.7,0.4,7.2,0.47,0.88,5.7,2017
1271,Luis Montero,Det,SG,24,2,4,8.3,16.6,0.667,0,0,1,0,0,0,0,0,1,13.8,0,0,0,0,0,2017
1272,Luke Babbitt,Atl,SF,28,37,15.4,32.1,14.8,0.078,22,0.773,57,0.544,111,0.441,0.636,6.1,2.2,7.9,0.7,7,0.19,0.14,5.5,2017
1273,Luke Babbitt,Mia,SF,28,13,11.1,23.2,15.8,0.078,0,0,2,0,45,0.244,0.351,2.5,1.2,5.8,0.4,4.8,0.08,0.15,3.8,2017
1274,Luke Kennard,Det,SG,21,73,20,41.7,17.2,0.122,76,0.855,270,0.463,195,0.415,0.56,7.6,2.4,6.6,1.7,12.7,0.6,0.18,6.3,2017
1275,Luke Kornet,Nyk,PF,22,20,16.3,34,19,0.085,11,0.727,46,0.457,79,0.354,0.516,6.7,3.2,10.9,1.3,11.5,0.25,0.8,7.4,2017
1276,Luol Deng,Lal,SF,32,1,13.1,27.3,9.7,0.333,0,0,2,0.5,0,0,0.5,2,0,0,1,10,1,0,0,2017
1277,Malachi Richardson,Sac,SG,22,25,12.7,26.6,15.2,0.093,22,0.773,49,0.347,39,0.308,0.445,3.5,1.3,5.9,0.5,5.7,0.4,0.04,4.1,2017
1278,Malachi Richardson,Tor,SG,22,1,4.7,9.8,18.6,0,0,0,1,1,1,0,0.5,2,1,11.9,0,0,0,0,0,2017
1279,Malcolm Brogdon,Mil,SG,25,48,29.9,62.3,19.1,0.109,85,0.882,342,0.532,161,0.385,0.578,13,3.3,6.4,3.2,16.3,0.85,0.27,6.9,2017
1280,Malcolm Delaney,Atl,PG,28,54,18.8,39.1,16.9,0.169,92,0.804,161,0.391,124,0.371,0.519,6.3,1.9,5.5,3,23.4,0.65,0.11,7,2017
1281,Malcolm Miller,Tor,SF,24,15,8.4,17.5,12.1,0.144,4,1,7,0.714,21,0.381,0.638,2.5,1.1,7.1,0.2,3.2,0.07,0.13,3.9,2017
1282,Malik Beasley,Den,SG,21,62,9.4,19.6,16.2,0.111,33,0.667,96,0.469,82,0.341,0.509,3.2,1.1,6.9,0.5,7.4,0.24,0.11,5.1,2017
1283,Malik Monk,Cha,SG,19,63,13.6,28.2,24.9,0.098,38,0.842,182,0.385,243,0.342,0.477,6.7,1,4.2,1.4,16.9,0.32,0.14,6.2,2017
1284,Mangok Mathiang,Cha,PF,25,4,5,10.3,16.3,0,1,0,7,0.571,0,0,0.538,2,2.5,27.3,0,0,0.25,0,0,2017
1285,Manu Ginobili,San,SG,40,65,20,41.6,21.5,0.168,131,0.84,271,0.506,192,0.333,0.553,8.9,2.2,6.1,2.5,19.1,0.66,0.25,7.3,2017
1286,Marc Gasol,Mem,C,33,73,33,68.7,25.7,0.142,337,0.834,713,0.456,320,0.341,0.532,17.2,8.1,14.2,4.2,21.7,0.74,1.4,10.1,2017
1287,Marcin Gortat,Was,C,33,82,25.3,52.7,15.5,0.135,163,0.675,560,0.518,0,0,0.546,8.4,7.6,17,1.8,10.6,0.49,0.74,7.7,2017
1288,Marco Belinelli,Atl,SG,31,52,23.3,48.5,21.2,0.092,109,0.927,238,0.45,247,0.372,0.554,11.4,1.9,4.6,2,13.5,0.88,0.06,6,2017
1289,Marco Belinelli,Phi,SG,31,28,26.3,54.9,19.8,0.117,54,0.87,131,0.618,148,0.385,0.628,13.6,1.9,3.8,1.6,9.3,0.68,0.32,5.3,2017
1290,Marcus Georges-Hunt,Min,SG,23,42,5.3,11.1,12.1,0.049,21,0.619,34,0.5,15,0.267,0.507,1.4,0.4,4.1,0.2,4.1,0.14,0,3.6,2017
1291,Marcus Morris,Bos,SF,28,54,26.7,55.6,23,0.087,154,0.805,377,0.467,234,0.368,0.541,13.6,5.4,11,1.3,8.2,0.65,0.22,6.8,2017
1292,Marcus Paige,Cha,PG,24,5,5.6,11.7,23,0,2,1,6,0.333,8,0.25,0.403,2.4,0.8,7.7,0.6,16.1,0,0,7.5,2017
1293,Marcus Smart,Bos,PG,23,54,29.9,62.3,19.4,0.184,133,0.729,266,0.429,249,0.301,0.479,10.2,3.5,6.4,4.8,23.7,1.31,0.43,7.4,2017
1294,Mario Chalmers,Mem,PG,31,66,21.5,44.9,19.6,0.188,138,0.855,252,0.456,191,0.277,0.503,7.7,2.4,6.4,3,21.4,1.2,0.21,7.1,2017
1295,Mario Hezonja,Orl,SF,22,75,22.1,46,19.9,0.115,105,0.819,350,0.523,267,0.337,0.544,9.6,3.7,9.3,1.4,10,1.08,0.4,6.7,2017
1296,Markel Brown,Hou,SG,26,4,7.9,16.4,12.6,0.222,0,0,2,0.5,5,0.2,0.357,1.3,1.3,8.9,0.5,8.6,0,0,4.8,2017
1297,Markelle Fultz,Phi,PG,19,14,18.1,37.6,23.2,0.124,21,0.476,110,0.409,1,0,0.416,7.1,3.1,9.4,3.8,31.3,0.79,0.29,9.7,2017
1298,Markieff Morris,Was,PF,28,73,27,56.2,19.5,0.146,128,0.82,480,0.529,207,0.367,0.566,11.5,5.6,11.8,1.9,11,0.78,0.51,7.4,2017
1299,Marquese Chriss,Pho,PF,20,72,21.2,44.2,18.2,0.164,158,0.608,287,0.509,190,0.295,0.509,7.7,5.5,13.8,1.2,8.1,0.71,0.97,7,2017
1300,Marquis Teague,Mem,PG,24,3,24.6,51.3,12.9,0.142,5,0.4,12,0.25,4,0.25,0.302,3.7,2,4.7,4.3,24.8,1.33,0,5.2,2017
1301,Marreese Speights,Orl,C,30,52,13,27,26.9,0.097,55,0.727,116,0.448,233,0.369,0.539,7.7,2.6,10.8,0.8,9.8,0.15,0.42,7.8,2017
1302,Marshall Plumlee,Mil,C,25,8,6.5,13.5,11.4,0.23,16,0.75,3,0.333,0,0,0.697,1.8,2.1,19.2,0.3,4.8,0,0.13,6.4,2017
1303,MarShon Brooks,Mem,SG,29,7,27.5,57.3,29.9,0.125,23,0.87,70,0.457,32,0.594,0.629,20.1,3.1,6.6,3.6,26,1.57,0.43,8.8,2017
1304,Marvin Williams,Cha,PF,31,78,25.7,53.6,14.8,0.097,123,0.829,258,0.512,305,0.413,0.603,9.5,4.7,10,1.2,7,0.72,0.49,5.9,2017
1305,Mason Plumlee,Den,C,27,74,19.5,40.5,16.7,0.189,180,0.456,367,0.602,1,0,0.586,7.1,5.4,15.6,1.9,14.4,0.66,1.09,8.6,2017
1306,Matt Costello,San,SF,24,4,8.1,16.8,6.9,0.2,0,0,4,0.5,0,0,0.5,1,2.3,15.5,0.5,8.3,0.5,0.5,5.2,2017
1307,Matt Williams Jr.,Mia,SG,24,3,3.8,7.9,27.6,0.143,0,0,1,1,5,0.2,0.417,1.7,0.3,4.9,0,0,0,0,0,2017
1308,Matthew Dellavedova,Mil,PG,27,38,18.7,39,13.5,0.23,27,0.926,74,0.351,78,0.372,0.5,4.3,1.7,5.3,3.8,27.4,0.37,0,6.5,2017
1309,Maurice Harkless,Por,SF,24,59,21.4,44.6,12.6,0.11,59,0.712,179,0.547,118,0.415,0.596,6.5,2.7,7,0.9,6,0.81,0.73,4.7,2017
1310,Maxi Kleber,Dal,F,26,72,16.8,34.9,13.8,0.082,59,0.746,181,0.613,128,0.313,0.576,5.4,3.3,10.8,0.7,6.4,0.36,0.65,5.5,2017
1311,Meyers Leonard,Por,PF,25,33,7.7,16,16.1,0.108,11,0.818,52,0.673,26,0.423,0.676,3.4,2.1,15,0.5,10.6,0.21,0,7.9,2017
1312,Michael Beasley,Nyk,SF,29,74,22.3,46.5,26.9,0.14,159,0.78,720,0.521,86,0.395,0.557,13.2,5.6,13.9,1.7,12.5,0.49,0.58,9,2017
1313,Michael Carter-Williams,Cha,PG,26,52,16.1,33.4,16.6,0.162,89,0.82,170,0.365,59,0.237,0.446,4.6,2.7,8.9,2.2,19.4,0.85,0.44,7.5,2017
1314,Michael Kidd-Gilchrist,Cha,SF,24,74,25,52.1,16.2,0.078,171,0.684,558,0.505,2,0,0.536,9.2,4.1,8.8,1,5.9,0.69,0.43,5.4,2017
1315,Mike Conley,Mem,PG,30,12,31.1,64.8,25.9,0.084,66,0.803,91,0.44,77,0.312,0.52,17.1,2.3,4.2,4.1,22.1,1,0.25,7,2017
1316,Mike James,Pho,PG,27,32,20.9,43.5,25.2,0.121,84,0.762,215,0.442,97,0.268,0.476,10.4,2.8,7.1,3.8,29,0.84,0.22,9.2,2017
1317,Mike James,Nor,PG,27,4,4.5,9.3,24.2,0.1,0,0,8,0.25,1,0,0.222,1,0.3,3,1.5,43.8,0.25,0,6.8,2017
1318,Mike Muscala,Atl,C,26,53,20,41.7,15.7,0.11,62,0.919,145,0.559,167,0.371,0.597,7.6,4.3,12.1,1,7.3,0.58,0.51,6.4,2017
1319,Mike Scott,Was,PF,29,76,18.5,38.6,20,0.124,76,0.658,361,0.582,163,0.405,0.599,8.8,3.3,9.9,1.1,9,0.3,0.13,6.9,2017
1320,Miles Plumlee,Atl,C,29,55,16.7,34.8,12.8,0.234,60,0.45,180,0.583,0,0,0.574,4.3,4.1,13.9,0.8,7.2,0.31,0.55,5.8,2017
1321,Milos Teodosic,Lac,PG,30,45,25.2,52.5,18.2,0.203,46,0.848,128,0.492,232,0.379,0.564,9.5,2.8,6.1,4.6,26.2,0.51,0.11,7.9,2017
1322,Milton Doyle,Bro,PG,24,10,12.5,25.9,18.3,0.038,8,0.5,24,0.375,23,0.174,0.337,3.4,1.8,7.7,1,11.7,0.6,0.2,5.9,2017
1323,Mindaugas Kuzminskas,Nyk,SF,28,1,1.9,4,46,0,0,0,2,0,0,0,0,0,0,0,0,0,0,0,0,2017
1324,Mirza Teletovic,Mil,PF,32,10,15.9,33.2,18.1,0.109,0,0,12,0.333,45,0.467,0.623,7.1,2.3,8.5,1,9.5,0.4,0.1,6.4,2017
1325,Monte Morris,Den,PG,22,3,8.4,17.6,13.6,0.127,2,1,5,0.8,1,0,0.727,3.3,0.7,4.5,2.3,40.6,1,0,8.3,2017
1326,Montrezl Harrell,Lac,PF,24,76,17,35.4,23.8,0.095,222,0.626,541,0.641,7,0.143,0.647,11,4,13,1,10.1,0.47,0.68,8.3,2017
1327,Myke Henry,Mem,SF,25,20,18.9,39.4,15.7,0.144,10,0.6,51,0.431,58,0.328,0.472,5.4,1.9,5.8,1.1,8.9,1.55,0.3,4.7,2017
1328,Myles Turner,Ind,C,21,65,28.2,58.8,20,0.116,206,0.777,482,0.519,157,0.357,0.567,12.7,6.4,12.8,1.3,7,0.55,1.83,6.7,2017
1329,Nate Wolters,Uta,PG,26,5,3.8,7.8,14.4,0,0,0,6,0.167,0,0,0.167,0.4,0.4,6,0.2,7.2,0,0,3.3,2017
1330,Naz Mitrou-Long,Uta,PG,24,1,0.5,1,90,0,0,0,0,0,1,1,1.5,3,0,0,0,0,0,0,0,2017
1331,Nemanja Bjelica,Min,PF,29,67,20.5,42.6,14.3,0.117,45,0.8,188,0.505,183,0.415,0.581,6.8,4.1,11.5,1.3,8.7,0.75,0.24,6.5,2017
1332,Nene,Hou,C,35,52,14.6,30.4,18.9,0.117,107,0.636,237,0.574,2,0,0.594,6.5,3.4,13.2,0.9,9.5,0.54,0.27,7.4,2017
1333,Nerlens Noel,Dal,PF,23,30,15.7,32.8,13.8,0.181,28,0.75,104,0.529,1,0,0.558,4.4,5.6,19.8,0.7,6.3,1.03,0.73,6.6,2017
1334,Nick Collison,Okc,PF,37,15,5,10.4,18.2,0.221,13,0.385,19,0.684,0,0,0.627,2.1,1.3,14.8,0.3,8.2,0,0,7.5,2017
1335,Nick Young,Gol,SG,32,80,17.4,36.3,17.6,0.072,65,0.862,162,0.481,326,0.377,0.562,7.3,1.6,5,0.5,3.5,0.48,0.09,4.1,2017
1336,Nicolas Batum,Cha,SG,29,64,31,64.5,18.3,0.156,130,0.831,376,0.473,274,0.336,0.523,11.6,4.8,8.4,5.5,26.2,1.02,0.36,8.7,2017
1337,Nicolas Brussino,Atl,SF,24,4,2.5,5.2,8.8,0,0,0,0,0,2,0,0,0,0.8,16.9,0,0,0,0,0,2017
1338,Nigel Hayes,Lal,SF,23,2,5.4,11.1,13.6,0,1,1,1,1,2,0,0.436,1.5,0,0,1,25.1,0,0,0,2017
1339,Nigel Hayes,Tor,SF,23,2,3.1,6.5,21.2,0.333,0,0,0,0,2,1,1.5,3,0,0,0,0,0,0,0,2017
1340,Nigel Hayes,Sac,SF,23,5,21.1,43.9,12.8,0.033,2,0,16,0.375,12,0.167,0.312,3.6,4.4,11.9,0.8,5.2,0.4,0.6,4.4,2017
1341,Nik Stauskas,Phi,SG,24,6,7.5,15.6,8.4,0.45,2,1,3,0.333,1,0,0.41,0.7,0.2,1.2,0.2,2.7,0.67,0,1.6,2017
1342,Nik Stauskas,Bro,SG,24,35,13.7,28.5,16.6,0.12,27,0.704,51,0.373,99,0.404,0.547,5.1,1.8,7,1.1,11.9,0.14,0.11,6.3,2017
1343,Nikola Jokic,Den,PF,22,75,32.6,67.9,24.2,0.154,313,0.85,729,0.539,280,0.396,0.604,18.5,10.7,18.5,6.1,29.6,1.2,0.81,13.1,2017
1344,Nikola Mirotic,Chi,PF,26,25,24.9,51.8,25.7,0.084,79,0.823,141,0.525,161,0.429,0.624,16.8,6.4,13.7,1.6,11,0.6,0.52,8.9,2017
1345,Nikola Mirotic,Nor,PF,26,30,29.1,60.6,21.8,0.073,58,0.81,184,0.527,197,0.335,0.54,14.6,8.2,15.3,1.4,6.8,0.97,0.87,7.6,2017
1346,Nikola Vucevic,Orl,C,27,57,29.5,61.5,25.9,0.111,94,0.819,636,0.527,204,0.314,0.533,16.5,9.2,17.1,3.4,19.9,0.98,1.11,10.9,2017
1347,Noah Vonleh,Por,PF,22,33,14.4,30.1,11.5,0.12,31,0.742,90,0.5,6,0.333,0.543,3.6,5.1,19.1,0.4,3.8,0.18,0.33,5.4,2017
1348,Noah Vonleh,Chi,PG,22,21,19,39.6,18.1,0.096,27,0.481,78,0.5,60,0.3,0.484,6.9,6.9,19.3,1,8,0.62,0.29,7.6,2017
1349,Norman Powell,Tor,SG,24,70,15.2,31.6,18.9,0.144,39,0.821,188,0.516,186,0.285,0.492,5.5,1.7,6.3,1.3,11.8,0.53,0.23,6.1,2017
1350,OG Anunoby,Tor,SF,20,74,20,41.7,12.4,0.108,62,0.629,149,0.604,197,0.371,0.587,5.9,2.5,7,0.7,5,0.7,0.19,4.4,2017
1351,Okaro White,Mia,PF,25,6,13.3,27.6,10.3,0.055,3,0.667,5,0.6,11,0.364,0.577,3.3,1.8,7.8,0.3,3.5,0.17,0.17,3.6,2017
1352,Omari Johnson,Mem,F,28,4,18.8,39.1,14.3,0.125,0,0,9,0.556,12,0.333,0.524,5.5,2.8,8.5,1.8,14.5,0.5,0,6.4,2017
1353,Omer Asik,Nor,C,31,14,8.6,18,9.4,0.19,12,0.333,16,0.438,0,0,0.423,1.3,2.6,16.6,0.1,2,0.07,0.14,3.2,2017
1354,Omer Asik,Chi,C,31,4,15.3,31.9,7.4,0.383,1,0,6,0.333,0,0,0.311,1,2.5,8.7,0.3,2.1,0.25,0.5,2.4,2017
1355,Omri Casspi,Gol,SF,29,53,14,29.2,16.3,0.135,69,0.725,185,0.595,22,0.455,0.632,5.7,3.8,15.1,1,9.5,0.34,0.36,8,2017
1356,Otto Porter Jr.,Was,SF,24,77,31.6,65.8,18.4,0.074,128,0.828,572,0.537,313,0.441,0.602,14.7,6.4,11.5,2,10.1,1.51,0.53,7.3,2017
1357,Pascal Siakam,Tor,PF,23,81,20.7,43.2,15.7,0.111,87,0.621,366,0.612,132,0.22,0.549,7.3,4.5,12.1,2,13.5,0.77,0.52,7.8,2017
1358,Pat Connaughton,Por,SG,25,82,18.1,37.8,13.4,0.095,44,0.841,180,0.506,210,0.352,0.539,5.4,2,5.9,1.1,8.7,0.28,0.27,5,2017
1359,Patrick Beverley,Lac,SG,29,11,30.3,63.2,19.6,0.165,17,0.824,59,0.407,60,0.4,0.53,12.2,4.1,7.4,2.9,13.8,1.64,0.45,6.9,2017
1360,Patrick McCaw,Gol,SG,22,57,16.9,35.1,12.8,0.146,34,0.765,145,0.503,80,0.238,0.477,4,1.4,4.8,1.4,10.6,0.75,0.18,4.7,2017
1361,Patrick Patterson,Okc,PF,28,82,15.5,32.3,10.8,0.103,46,0.87,95,0.421,171,0.386,0.555,3.9,2.3,8.4,0.7,6.1,0.59,0.28,4.8,2017
1362,Patty Mills,San,PG,29,82,25.7,53.5,17.8,0.126,118,0.89,268,0.47,414,0.372,0.558,10,1.9,4.1,2.8,16,0.67,0.13,5.9,2017
1363,Pau Gasol,San,C,37,77,23.5,49,20.4,0.131,209,0.756,507,0.481,120,0.358,0.539,10.1,8,19,3.1,20.1,0.31,1.03,10.7,2017
1364,Paul George,Okc,SF,27,79,36.6,76.2,25.7,0.122,412,0.82,731,0.454,608,0.401,0.57,21.9,5.7,8.6,3.3,14.5,2.04,0.49,8.1,2017
1365,Paul Millsap,Den,PF,32,38,29.5,61.6,22.5,0.126,161,0.696,323,0.505,113,0.345,0.548,14.6,6.4,12.3,2.8,14.2,1.03,1.16,8.7,2017
1366,Paul Zipser,Chi,SF,23,54,15.3,31.8,15.2,0.149,26,0.731,124,0.355,110,0.336,0.444,4,2.4,8.5,0.9,8,0.37,0.28,5.4,2017
1367,PJ Dozier,Okc,PG,21,2,1.6,3.3,40.2,0.333,0,0,2,0.5,0,0,0.5,1,0.5,17.3,0,0,0,0,0,2017
1368,PJ Tucker,Hou,SF,32,82,27.8,58,10.5,0.137,60,0.717,131,0.435,310,0.371,0.537,6.1,5.6,11.3,0.9,4.6,0.94,0.32,4.5,2017
1369,Quincy Acy,Bro,PF,27,70,19.4,40.5,14.4,0.133,60,0.817,73,0.384,292,0.349,0.525,5.9,3.7,10,0.8,6,0.47,0.41,5.3,2017
1370,Quincy Pondexter,Chi,SG,29,23,8.5,17.7,15,0.163,17,0.824,27,0.407,22,0.136,0.398,2,1.2,7.4,0.4,6.3,0.35,0.09,4.6,2017
1371,Quinn Cook,Gol,PG,24,33,22.4,46.7,17.5,0.108,25,0.88,148,0.514,104,0.442,0.593,9.5,2.5,6.2,2.7,16.6,0.36,0.03,7.1,2017
1372,Rajon Rondo,Nor,PG,31,65,26.2,54.6,16.9,0.226,46,0.543,344,0.526,150,0.333,0.522,8.3,4,8.4,8.2,42.2,1.08,0.15,9.9,2017
1373,Ramon Sessions,Nyk,PG,31,13,12.9,26.8,19.5,0.201,15,0.8,42,0.357,11,0.182,0.403,3.7,1.4,6,2.1,21.9,0.54,0.08,6.9,2017
1374,Ramon Sessions,Was,PG,31,15,15,31.3,19.1,0.164,42,0.762,48,0.396,15,0.4,0.54,5.9,1.3,5,3.3,31.1,0.47,0.07,7.8,2017
1375,Rashad Vaughn,Mil,SG,21,22,7.9,16.4,14.8,0.071,6,0.667,15,0.533,35,0.371,0.56,2.7,0.8,5.8,0.5,9.9,0.18,0.14,5.2,2017
1376,Rashad Vaughn,Bro,SG,21,1,4.2,8.8,0,,0,0,0,0,0,0,,0,0,0,1,30.1,0,0,0,2017
1377,Rashad Vaughn,Orl,SG,21,5,7,14.6,10,0.25,0,0,4,0.25,2,0.5,0.417,1,0.8,6.3,0,0,0.2,0,0,2017
1378,Raul Neto,Uta,PG,25,41,12.2,25.3,18.3,0.178,35,0.743,104,0.481,47,0.404,0.55,4.5,1.2,5.6,1.8,22.9,0.32,0.1,7,2017
1379,Raymond Felton,Okc,PG,33,82,16.6,34.7,20.3,0.117,44,0.818,322,0.444,230,0.352,0.494,6.9,1.9,6.4,2.5,22.5,0.6,0.2,7.7,2017
1380,Reggie Bullock,Det,SF,26,62,27.9,58.2,15.7,0.076,49,0.796,265,0.536,281,0.445,0.615,11.3,2.5,4.9,1.5,8.4,0.76,0.21,5,2017
1381,Reggie Hearn,Det,SG,26,3,2.2,4.6,13.4,0,0,0,0,0,2,0.5,0.75,1,0,0,0,0,0,0,0,2017
1382,Reggie Jackson,Det,PG,27,45,26.7,55.6,27.1,0.135,134,0.836,408,0.475,169,0.308,0.516,14.6,2.8,5.7,5.3,32.8,0.6,0.09,9,2017
1383,Richard Jefferson,Den,SF,37,20,8.2,17,9.3,0.143,7,0.571,20,0.5,7,0.286,0.499,1.5,0.9,5.9,0.8,12,0.1,0.05,5,2017
1384,Richaun Holmes,Phi,PF,24,48,15.5,32.4,16.7,0.086,56,0.661,211,0.621,31,0.129,0.583,6.5,4.4,15.3,1.3,12.3,0.42,0.6,8.6,2017
1385,Ricky Rubio,Uta,PG,27,77,29.3,61,22.9,0.181,254,0.866,554,0.451,273,0.352,0.537,13.1,4.6,8.8,5.3,28.4,1.57,0.14,9.3,2017
1386,RJ Hunter,Hou,SG,24,5,9,18.8,22.4,0.087,2,1,6,0.667,14,0.214,0.455,3.8,1,6.2,0.6,10.3,0.6,0,5.8,2017
1387,Robert Covington,Phi,SF,27,80,31.6,65.9,17.2,0.123,136,0.853,286,0.497,550,0.369,0.563,12.6,5.4,9.2,2,8.7,1.71,0.9,6.5,2017
1388,Robin Lopez,Chi,C,29,64,26.4,55,20.4,0.135,90,0.756,631,0.536,14,0.286,0.552,11.8,4.5,9.2,1.9,12.3,0.22,0.83,7.1,2017
1389,Rodney Hood,Uta,SG,25,39,27.8,57.9,27.3,0.096,97,0.876,290,0.455,262,0.389,0.551,16.8,2.8,5.8,1.7,10.4,0.77,0.18,6.2,2017
1390,Rodney Hood,Cle,SG,25,21,25.3,52.8,18.3,0.032,32,0.813,128,0.492,71,0.352,0.533,10.8,2.6,5.7,1.4,8.4,0.71,0.24,5.4,2017
1391,Rodney McGruder,Mia,SG,26,18,16.6,34.6,12.1,0.05,8,0.5,38,0.553,35,0.429,0.595,5.1,1.8,6,0.9,8.4,0.44,0.17,4.9,2017
1392,Rodney Purvis,Orl,SG,23,16,18.1,37.7,18.8,0.081,15,0.867,55,0.4,52,0.25,0.423,6,1.7,5.1,1.1,8.6,0.19,0.19,4.9,2017
1393,Ron Baker,Nyk,SG,24,29,13.3,27.6,10.1,0.203,27,0.741,26,0.346,33,0.333,0.501,2.4,1,4.3,1.6,15.5,0.9,0.21,4.7,2017
1394,Rondae Hollis-Jefferson,Bro,SF,23,68,28.2,58.8,22.2,0.124,316,0.788,670,0.491,54,0.241,0.548,13.9,6.8,12.7,2.5,14.2,0.96,0.71,8.8,2017
1395,Royce O'Neale,Uta,SF,24,69,16.7,34.7,14.6,0.148,76,0.803,166,0.47,118,0.356,0.54,5,3.4,11.7,1.4,12,0.52,0.23,6.9,2017
1396,Rudy Gay,San,SF,31,57,21.6,45,24.6,0.115,145,0.772,419,0.516,118,0.314,0.545,11.5,5.1,13.1,1.3,9.8,0.81,0.67,7.9,2017
1397,Rudy Gobert,Uta,C,25,56,32.4,67.6,16.9,0.157,299,0.682,444,0.622,0,0,0.657,13.5,10.7,18.8,1.4,6.9,0.79,2.3,7.2,2017
1398,Russell Westbrook,Okc,PG,29,80,36.4,75.9,34.1,0.164,566,0.737,1361,0.485,326,0.298,0.524,25.4,10.1,15.3,10.3,49.8,1.84,0.25,15.2,2017
1399,Ryan Anderson,Hou,PF,29,66,26.1,54.5,14.4,0.076,93,0.774,141,0.539,339,0.386,0.592,9.3,5,10.8,0.9,5.1,0.36,0.32,5.3,2017
1400,Ryan Arcidiacono,Chi,PG,23,24,12.7,26.4,8.1,0.23,6,0.833,10,0.8,31,0.29,0.55,2,1,4.4,1.5,15.5,0.54,0,4.5,2017
1401,Salah Mejri,Dal,C,31,61,11.9,24.9,12.8,0.19,66,0.576,134,0.657,3,0,0.644,3.5,4,18.7,0.6,7.2,0.36,1.1,6.8,2017
1402,Sam Dekker,Lac,SF,23,73,12.1,25.2,15.5,0.107,56,0.661,199,0.593,60,0.167,0.534,4.2,2.4,10.9,0.5,6.2,0.33,0.12,5.7,2017
1403,Scotty Hopson,Dal,SG,28,1,8.4,17.5,15.6,0.347,2,0.5,1,0,0,0,0.266,1,0,0,1,15.1,0,0,0,2017
1404,Sean Kilpatrick,Bro,SG,28,16,11.4,23.8,26.3,0.144,19,0.947,44,0.318,43,0.256,0.414,4.9,2.2,10.2,0.9,12.5,0.13,0.06,7.5,2017
1405,Sean Kilpatrick,Mil,SG,28,23,8.9,18.6,21.8,0.091,19,0.947,36,0.5,46,0.283,0.515,4,1.1,7.1,0.7,10.9,0.22,0.04,6.5,2017
1406,Sean Kilpatrick,Lac,SG,28,4,9.6,19.9,22.5,0.05,2,1,11,0.364,7,0.429,0.503,4.8,0.5,2.9,0.8,12,0,0,5.2,2017
1407,Sean Kilpatrick,Chi,SG,28,9,23.7,49.4,26.9,0.083,32,0.813,59,0.475,48,0.396,0.574,15.4,2.8,6.3,1.4,10.5,0.67,0.33,6.6,2017
1408,Semi Ojeleye,Bos,PF,23,73,15.8,32.8,9,0.108,41,0.61,63,0.397,125,0.32,0.473,2.7,2.2,7.7,0.3,2.4,0.29,0.05,3.1,2017
1409,Serge Ibaka,Tor,PF,28,76,27.5,57.4,19.4,0.097,118,0.797,487,0.559,297,0.36,0.574,12.6,6.3,12.8,0.8,4.4,0.38,1.3,5.8,2017
1410,Shabazz Muhammad,Min,SF,25,32,9.4,19.6,20.5,0.036,31,0.71,102,0.422,19,0.211,0.446,3.8,1.4,8.6,0.2,3.3,0.16,0.06,4.3,2017
1411,Shabazz Muhammad,Mil,SF,25,11,10.6,22.1,29.5,0.013,19,0.895,59,0.576,8,0.375,0.624,8.5,2.8,15.6,0.6,11.9,0.36,0.09,9.2,2017
1412,Shabazz Napier,Por,PG,26,74,20.8,43.2,19.5,0.132,138,0.841,313,0.45,218,0.376,0.544,8.7,2.3,6,2,14.6,1.09,0.19,6.6,2017
1413,Shane Larkin,Bos,PG,25,54,14.3,29.9,15.5,0.123,37,0.865,133,0.398,86,0.36,0.491,4.3,1.7,6.5,1.8,18.5,0.54,0.06,6.6,2017
1414,Shaquille Harrison,Pho,PG,24,23,16.7,34.8,18,0.135,38,0.737,98,0.541,26,0.231,0.54,6.6,2.7,8.5,2.4,22.1,1.13,0.3,8.4,2017
1415,Shaun Livingston,Gol,PG,32,71,15.9,33.1,16.7,0.136,61,0.82,338,0.509,5,0,0.533,5.5,1.8,6.5,2,16.8,0.49,0.3,6.8,2017
1416,Shelvin Mack,Orl,PG,27,69,19.8,41.2,17.6,0.163,97,0.711,275,0.473,139,0.345,0.518,6.9,2.4,6.7,3.9,29.5,0.78,0.12,8.1,2017
1417,Sindarius Thornwell,Lac,SG,23,73,15.8,33,12.1,0.163,88,0.67,172,0.448,61,0.377,0.519,3.9,1.9,6.7,0.9,7.8,0.66,0.34,4.8,2017
1418,Skal Labissiere,Sac,PF,21,60,20.7,43.1,21.1,0.125,118,0.805,407,0.459,51,0.353,0.513,8.7,4.8,13.2,1.2,9.1,0.42,0.82,7.1,2017
1419,Solomon Hill,Nor,SF,26,12,15.6,32.5,12.2,0.171,6,0.5,20,0.35,21,0.19,0.332,2.4,3,10.4,1.8,14.4,0.58,0.08,6,2017
1420,Spencer Dinwiddie,Bro,PG,24,80,28.8,60.1,20.3,0.118,268,0.813,405,0.452,433,0.326,0.527,12.6,3.2,6,6.6,35,0.86,0.29,8.9,2017
1421,Stanley Johnson,Det,SF,21,69,27.4,57.2,16.4,0.11,145,0.772,326,0.439,234,0.286,0.48,8.7,3.7,7.3,1.6,8.5,1.38,0.2,5.4,2017
1422,Stephen Curry,Gol,PG,29,51,32,66.6,31,0.133,302,0.921,363,0.595,501,0.423,0.675,26.4,5.1,9,6.1,30.3,1.57,0.16,11.7,2017
1423,Sterling Brown,Mil,SG,22,54,14.4,30,14,0.104,24,0.875,114,0.439,91,0.352,0.503,4,2.6,10.8,0.5,4.5,0.57,0.24,4.8,2017
1424,Steven Adams,Okc,C,24,76,32.7,68.2,16.7,0.132,287,0.557,710,0.631,2,0,0.63,13.9,9,15.3,1.2,5.5,1.21,1.03,6.5,2017
1425,T.J. McConnell,Phi,PG,25,76,22.5,46.8,13.8,0.204,39,0.795,359,0.51,62,0.435,0.545,6.3,3,7.1,4,24.5,1.21,0.17,7.5,2017
1426,Taj Gibson,Min,PF,32,82,33.2,69.3,14.7,0.098,185,0.768,702,0.595,35,0.2,0.61,12.2,7.1,12.4,1.2,5.2,0.76,0.72,5.7,2017
1427,Tarik Black,Hou,C,26,51,10.5,21.9,15.6,0.184,63,0.46,116,0.638,11,0.091,0.582,3.5,3.2,17.1,0.3,3.7,0.41,0.59,5.7,2017
1428,Taurean Prince,Atl,SF,23,82,30,62.6,22.1,0.153,180,0.844,518,0.461,457,0.385,0.549,14.1,4.7,8.8,2.6,13.9,1.04,0.51,7.4,2017
1429,Terrance Ferguson,Okc,SG,19,61,12.5,26.1,10.4,0.06,10,0.9,49,0.612,120,0.333,0.545,3.1,0.8,3.4,0.3,3.4,0.39,0.16,2.9,2017
1430,Terrence Ross,Orl,SF,26,24,25,52.1,17.3,0.123,36,0.75,98,0.469,93,0.323,0.505,8.7,3,6.7,1.6,9.3,1.13,0.46,5.6,2017
1431,Terry Rozier,Bos,PG,23,80,25.9,53.9,20.4,0.085,149,0.772,398,0.41,402,0.381,0.52,11.3,4.7,9.9,2.9,17.5,1,0.24,8.3,2017
1432,Thabo Sefolosha,Uta,SF,33,38,21.2,44.2,16.4,0.102,54,0.815,156,0.551,84,0.381,0.591,8.2,4.2,11.3,0.9,6.3,1.37,0.32,5.9,2017
1433,Thaddeus Young,Ind,PF,29,81,32.2,67.1,17.3,0.104,92,0.598,684,0.531,181,0.32,0.527,11.8,6.3,11.1,1.9,8.5,1.67,0.44,6.5,2017
1434,Thomas Bryant,Lal,C,20,15,4.8,10,15.8,0.074,9,0.556,11,0.636,10,0.1,0.441,1.5,1.1,12.5,0.4,11.4,0.07,0.13,7.3,2017
1435,Thon Maker,Mil,PF,20,74,16.7,34.9,14.6,0.11,93,0.699,212,0.467,104,0.298,0.499,4.8,3,10.6,0.6,5.2,0.51,0.72,4.9,2017
1436,Tim Frazier,Was,PG,27,59,14.2,29.6,12.8,0.235,30,0.767,116,0.44,56,0.304,0.475,3,1.9,7.8,3.3,31.1,0.8,0.12,7.5,2017
1437,Tim Hardaway Jr.,Nyk,SG,25,57,33.1,68.9,23.8,0.09,179,0.816,446,0.516,410,0.317,0.533,17.5,3.9,6.6,2.7,12.7,1.11,0.18,6.9,2017
1438,Tim Quarterman,Hou,SG,23,3,4.2,8.8,20.4,0.34,2,1,1,1,2,0,0.515,1.3,1,13.3,0.3,10.9,0,0,7,2017
1439,Timofey Mozgov,Bro,C,31,31,11.6,24.2,16.8,0.237,30,0.767,75,0.64,18,0.222,0.617,4.2,3.2,14.5,0.4,4.7,0.16,0.42,6,2017
1440,Timothe Luwawu-Cabarrot,Phi,SF,22,52,15.5,32.3,17.5,0.115,58,0.793,109,0.431,158,0.335,0.511,5.8,1.4,4.8,1,9.3,0.23,0.1,5.2,2017
1441,TJ Leaf,Ind,PF,20,53,8.7,18.1,14.9,0.065,16,0.625,94,0.489,42,0.429,0.545,2.9,1.5,10.1,0.2,2.8,0.09,0.08,4.4,2017
1442,TJ Warren,Pho,SF,24,65,33,68.6,25,0.067,255,0.757,973,0.523,90,0.222,0.541,19.6,5.1,8.3,1.3,7.2,1,0.63,6.1,2017
1443,Tobias Harris,Det,PF,25,48,32.6,67.9,23.2,0.062,136,0.846,433,0.478,276,0.409,0.564,18.1,5.1,8.6,2,9.9,0.71,0.31,7,2017
1444,Tobias Harris,Lac,PF,25,32,34.5,71.9,23.5,0.088,80,0.8,343,0.501,169,0.414,0.565,19.3,6,9.5,3.1,14.3,1.16,0.63,8.2,2017
1445,Tomas Satoransky,Was,SG,26,73,22.5,46.9,13.7,0.163,96,0.781,283,0.544,101,0.465,0.615,7.2,3.2,8,3.9,24.8,0.7,0.21,8,2017
1446,Tony Allen,Nor,SG,36,22,12.4,25.8,18.9,0.159,21,0.524,79,0.506,12,0.333,0.514,4.7,2.1,9.3,0.4,4.6,0.5,0.14,5.1,2017
1447,Tony Bradley,Uta,C,20,9,3.2,6.7,18.4,0,2,1,10,0.3,1,0,0.337,0.9,1.2,21.5,0.1,5,0,0,6,2017
1448,Tony Parker,San,PG,35,55,19.5,40.6,20.5,0.139,78,0.705,351,0.479,37,0.27,0.498,7.7,1.7,4.9,3.5,28.2,0.51,0.02,7.3,2017
1449,Tony Snell,Mil,SF,26,75,27.4,57,10.6,0.075,48,0.792,157,0.49,268,0.403,0.578,6.9,1.9,4,1.3,6.5,0.63,0.37,3.8,2017
1450,Torrey Craig,Den,SG,27,39,16.7,34.7,11.6,0.116,35,0.629,79,0.57,58,0.293,0.535,4.2,3.3,11,0.6,5.2,0.31,0.38,4.9,2017
1451,Travis Wear,Lal,SF,27,17,13.4,27.9,15.2,0.074,8,1,25,0.32,47,0.362,0.497,4.4,2.2,8.9,0.4,4.2,0.24,0.29,4.7,2017
1452,Treveon Graham,Cha,SG,24,63,16.7,34.7,11.3,0.099,59,0.695,124,0.452,97,0.412,0.553,4.3,1.9,6.2,0.9,7.8,0.52,0.03,4.7,2017
1453,Trevor Ariza,Hou,SF,32,67,33.9,70.6,14.5,0.071,89,0.854,189,0.519,462,0.368,0.567,11.7,4.4,7.3,1.6,6.8,1.46,0.19,5.1,2017
1454,Trevor Booker,Bro,PF,#N/A,18,21.9,45.7,21.8,0.151,43,0.558,138,0.536,12,0.25,0.536,10.1,6.6,16,2.1,16.2,0.44,0.28,9.5,2017
1455,Trevor Booker,Phi,PF,30,33,15,31.2,12.6,0.137,39,0.821,102,0.578,7,0.286,0.618,4.7,3.7,13.3,0.8,7.6,0.48,0.33,6.4,2017
1456,Trevor Booker,Ind,PF,30,17,15.8,33,16.2,0.092,11,0.909,70,0.514,14,0.214,0.512,5.4,4.5,16.1,1,9,0.24,0.29,7.3,2017
1457,Trey Burke,Nyk,PG,25,36,21.8,45.4,25.2,0.095,57,0.649,279,0.556,105,0.362,0.563,12.8,2,5,4.7,36.4,0.67,0.11,9.1,2017
1458,Trey Lyles,Den,PF,22,73,19.1,39.7,21.1,0.09,145,0.697,332,0.563,218,0.381,0.59,9.9,4.8,14,1.2,10.1,0.41,0.47,8.1,2017
1459,Trey McKinney-Jones,Ind,SG,27,1,1.2,2.5,0,,0,0,0,0,0,0,,0,0,0,0,0,0,0,0,2017
1460,Tristan Thompson,Cle,C,26,53,20.2,42.1,12.6,0.118,79,0.544,235,0.562,0,0,0.569,5.8,6.6,18.4,0.6,4.3,0.3,0.32,5.6,2017
1461,Troy Daniels,Pho,SG,26,79,20.5,42.8,17.2,0.085,64,0.875,117,0.419,458,0.4,0.583,8.9,1.6,4.2,0.6,4.5,0.33,0.06,4,2017
1462,Troy Williams,Hou,SF,23,4,4.3,8.9,29.4,0.088,3,0.333,4,0.5,5,0,0.242,1.3,1,13.3,0.3,8.6,0.25,0,6.8,2017
1463,Troy Williams,Nyk,SF,23,17,17.1,35.6,19.5,0.139,27,0.704,67,0.567,33,0.333,0.572,7.5,3.5,11.3,0.9,7.7,1.12,0.24,6.7,2017
1464,Tyler Cavanaugh,Atl,PF,23,39,13.3,27.7,14.8,0.08,21,0.81,63,0.556,89,0.36,0.567,4.7,3.3,13.7,0.7,7.8,0.23,0.1,6.7,2017
1465,Tyler Dorsey,Atl,SG,21,56,17.4,36.2,20.1,0.083,63,0.714,183,0.393,200,0.36,0.493,7.2,2.3,7.4,1.4,12.5,0.3,0.09,6.6,2017
1466,Tyler Ennis,Lal,PG,23,54,12.7,26.4,17.1,0.138,29,0.759,168,0.476,56,0.25,0.473,4.1,1.8,7.4,1.9,21.9,0.56,0.19,7.6,2017
1467,Tyler Johnson,Mia,SG,25,72,28.5,59.4,18.6,0.095,129,0.822,387,0.491,324,0.367,0.549,11.7,3.4,6.8,2.3,12.4,0.83,0.47,6.3,2017
1468,Tyler Lydon,Den,PF,21,1,2.2,4.6,0,,0,0,0,0,0,0,,0,0,0,0,0,0,0,0,2017
1469,Tyler Ulis,Pho,PG,22,71,23.4,48.7,18.5,0.176,101,0.832,405,0.425,146,0.288,0.465,7.8,1.8,4.1,4.4,27.9,0.99,0.1,6.8,2017
1470,Tyler Zeller,Bro,C,28,42,16.7,34.8,17.9,0.121,60,0.667,203,0.567,26,0.385,0.587,7.1,4.6,14.7,0.7,6.5,0.19,0.5,6.8,2017
1471,Tyler Zeller,Mil,C,28,24,16.9,35.2,14,0.096,19,0.895,103,0.602,2,0,0.622,5.9,4.6,16,0.8,7,0.29,0.54,6.6,2017
1472,Tyreke Evans,Mem,SF,28,52,30.9,64.4,28.4,0.115,209,0.785,523,0.482,286,0.399,0.561,19.4,5.1,9.5,5.2,31.2,1.1,0.33,10.4,2017
1473,Tyrone Wallace,Lac,SG,23,30,28.4,59.1,16.6,0.141,78,0.782,207,0.483,40,0.25,0.517,9.7,3.5,6.8,2.4,11.8,0.9,0.43,6.1,2017
1474,Tyson Chandler,Pho,C,35,46,25,52.1,10.6,0.205,94,0.617,187,0.647,0,0,0.657,6.5,9.1,19.4,1.2,6.6,0.35,0.59,6.6,2017
1475,Tyus Jones,Min,PG,21,82,17.9,37.3,12.7,0.14,81,0.877,199,0.528,129,0.349,0.572,5.1,1.6,5.2,2.8,21.2,1.16,0.06,6.3,2017
1476,Udonis Haslem,Mia,PF,37,14,5.1,10.7,11.2,0.112,2,0.5,7,0.286,8,0.125,0.252,0.6,0.7,7.8,0.4,9.2,0,0.14,4.3,2017
1477,Vander Blue,Lal,G,25,5,9,18.7,8.4,0.338,2,0.5,3,0.333,2,0,0.255,0.6,0.2,1.2,0.6,8.2,0.2,0,1.8,2017
1478,Victor Oladipo,Ind,SG,25,75,34,70.9,30.1,0.127,368,0.799,908,0.528,434,0.371,0.577,23.1,5.2,8.6,4.3,21.2,2.35,0.76,9.4,2017
1479,Vince Carter,Sac,SG,41,58,17.7,36.9,14.7,0.107,37,0.757,118,0.483,165,0.345,0.523,5.4,2.6,8.2,1.2,9.7,0.72,0.45,5.8,2017
1480,Vincent Hunter,Mem,SF,23,4,1.9,3.9,36.4,0.167,0,0,5,0.6,0,0,0.6,1.5,0.8,23.5,0,0,0,0.25,0,2017
1481,Wade Baldwin IV,Por,PG,21,7,11.5,24,16,0.136,10,0.6,16,0.625,5,0.8,0.748,5.4,1.1,5.4,0.7,9.7,0.29,0.14,5.6,2017
1482,Walter Lemon Jr.,Nor,PG,25,5,7,14.6,26.3,0.188,3,0.667,15,0.4,1,1,0.491,3.4,0.4,3.1,1,21,0,0.2,6.3,2017
1483,Wayne Ellington,Mia,SG,30,77,26.5,55.2,17.3,0.066,78,0.859,121,0.479,579,0.392,0.588,11.2,2.8,6,1,5.9,0.69,0.1,4.8,2017
1484,Wayne Selden,Mem,G,23,35,19.8,41.2,22.7,0.155,59,0.746,147,0.456,122,0.402,0.551,9.3,1.6,4.7,1.9,16,0.51,0.14,6.2,2017
1485,Wes Iwundu,Orl,SG,23,62,16.5,34.3,11.6,0.112,47,0.723,172,0.488,46,0.196,0.48,3.7,2.2,7.4,0.9,7.8,0.53,0.19,4.7,2017
1486,Wesley Johnson,Lac,SF,30,74,20.1,41.8,13,0.123,58,0.741,191,0.471,177,0.339,0.512,5.4,2.9,8,0.8,5.6,1.03,0.84,4.6,2017
1487,Wesley Matthews,Dal,SG,31,63,33.8,70.5,17.6,0.101,101,0.822,295,0.441,402,0.381,0.541,12.7,3.1,5.2,2.7,12.3,1.21,0.25,5.6,2017
1488,Will Barton,Den,SG,27,81,33.1,69,20.7,0.117,226,0.805,606,0.51,422,0.37,0.562,15.7,5,8.6,4.1,18.5,1.01,0.64,8.3,2017
1489,Willie Cauley-Stein,Sac,C,24,73,28,58.3,21.8,0.11,247,0.619,760,0.507,12,0.25,0.529,12.8,7,14.2,2.4,13.7,1.05,0.92,8.6,2017
1490,Willie Reed,Lac,PF,27,39,10.7,22.4,16.8,0.116,55,0.582,118,0.669,2,0.5,0.669,4.9,3.1,15.7,0.2,3.3,0.23,0.56,5.4,2017
1491,Willie Reed,Det,PF,27,3,3.1,6.5,4.8,0,0,0,1,1,0,0,1,0.7,0.3,5.9,0.3,15.3,0,0,5.1,2017
1492,Willy Hernangomez,Nyk,C,23,26,9,18.6,22.4,0.218,28,0.429,76,0.632,5,0.2,0.595,4.3,2.6,16,0.8,14.3,0.31,0.27,9.2,2017
1493,Willy Hernangomez,Cha,C,23,22,11.9,24.8,19.8,0.067,62,0.758,77,0.494,7,0.571,0.607,6.1,5.3,24,0.5,7.1,0.45,0.41,8.5,2017
1494,Wilson Chandler,Den,SF,30,74,31.7,66.1,14.3,0.119,114,0.772,385,0.501,246,0.358,0.542,10,5.4,9.5,2.1,9.4,0.58,0.53,6.1,2017
1495,Xavier Munford,Mil,PG,25,6,3.5,7.2,19.3,0.225,2,0.5,4,0.25,2,0,0.218,0.5,0.2,2.8,0.7,24.9,0.17,0,4.7,2017
1496,Xavier Rathan-Mayes,Mem,SG,23,5,23.6,49.1,21.7,0.193,9,0.444,28,0.393,14,0.071,0.315,5.8,1,2.5,3.6,23.1,1.2,0.6,4.7,2017
1497,Xavier Silas,Bos,G,30,2,3.8,7.8,17.9,0,0,0,1,0,2,0,0,0,1,14.6,0,0,0.5,0,0,2017
1498,Yogi Ferrell,Dal,PG,24,82,27.8,58,17,0.091,103,0.796,372,0.476,359,0.373,0.54,10.2,3,6.1,2.5,13.5,0.78,0.11,6.1,2017
1499,Zach Collins,Por,C,20,66,15.8,33,15.4,0.161,42,0.643,177,0.452,113,0.31,0.473,4.4,3.3,11.5,0.8,7.1,0.26,0.47,5.7,2017
1500,Zach LaVine,Chi,SG,22,24,27.3,57,29.5,0.097,107,0.813,232,0.405,123,0.341,0.499,16.7,4,7.8,3,18.6,1,0.17,8.6,2017
1501,Zach Randolph,Sac,PF,36,59,25.6,53.2,27.6,0.125,107,0.785,616,0.503,147,0.347,0.529,14.5,6.7,15,2.2,14.9,0.71,0.17,9.3,2017
1502,Zaza Pachulia,Gol,C,33,69,14.1,29.3,17,0.194,93,0.806,262,0.569,1,0,0.614,5.4,4.7,18.5,1.6,15.2,0.55,0.25,9.8,2017
1503,Zhou Qi,Hou,PF,22,18,6.9,14.4,16.8,0.212,12,0.667,13,0.308,19,0.105,0.295,1.2,1.2,10,0.1,2.1,0.11,0.78,3,2017
1504,Marc Gasol,Tor,C,34.37,24,30.6,63.8,13.6,9.5,46,0.87,91,0.462,89,0.382,0.564,9.4,6.4,11.5,3,14.7,0.88,1.08,7.4,2018
1505,Danny Green,Tor,G-F,31.98,24,28.5,59.4,12.6,13.6,23,0.913,36,0.389,119,0.328,0.503,6.9,3.6,7,1.1,5.4,1.29,0.46,4.2,2018
1506,Serge Ibaka,Tor,F-C,29.74,24,20.8,43.4,21.4,10.6,42,0.762,155,0.535,38,0.237,0.532,9.4,6,15.8,0.9,7.4,0.46,0.96,7.1,2018
1507,Kawhi Leonard,Tor,F,27.96,24,39.1,81.6,32,11.1,216,0.884,351,0.536,145,0.379,0.619,30.5,9.1,12.8,3.9,19.3,1.67,0.71,10.5,2018
1508,Kyle Lowry,Tor,G,33.22,24,37.5,78.2,18.4,14.5,81,0.802,133,0.526,145,0.359,0.576,15,4.9,7.2,6.6,27.5,1.29,0.29,8.4,2018
1509,Pascal Siakam,Tor,F,25.2,24,37.1,77.4,23,7.3,87,0.759,279,0.541,104,0.279,0.54,19,7.1,10.5,2.8,12.9,1.04,0.71,7.8,2018
1510,Fred VanVleet,Tor,G,25.3,24,24.7,51.4,15.3,10.5,31,0.774,68,0.397,98,0.388,0.534,8,1.8,3.9,2.6,15.7,0.75,0.25,5.4,2018
1511,Norman Powell,Tor,F-G,26.06,23,15.9,33.2,18.1,8.2,19,0.737,64,0.5,62,0.387,0.558,6.5,2.2,7.7,1.1,11.4,0.39,0,6.3,2018
1512,Stephen Curry,Gol,G,31.25,22,38.4,80.1,29,11.7,157,0.943,187,0.524,244,0.377,0.62,28.2,6,9,5.7,23.9,1.09,0.18,10.3,2018
1513,Draymond Green,Gol,F,29.28,22,38.7,80.5,17.5,24.3,71,0.718,171,0.591,57,0.228,0.563,13.3,10.1,15,8.5,30.8,1.45,1.5,10.8,2018
1514,Shaun Livingston,Gol,G,33.76,22,14.6,30.5,12.7,8.5,25,0.84,73,0.466,2,0,0.517,4,1.4,5.5,1.4,13,0.45,0.18,5.4,2018
1515,Kevon Looney,Gol,F,23.35,21,20.5,42.8,11.9,10.9,29,0.724,93,0.688,0,0,0.704,7.1,4.5,12.5,1,6.6,0.57,0.52,6.2,2018
1516,Alfonzo McKinnie,Gol,F,26.74,22,10.7,22.3,12.8,8.6,10,0.4,27,0.593,32,0.313,0.521,3,2.3,12.2,0.2,2.3,0.09,0.05,4.2,2018
1517,Klay Thompson,Gol,G,29.35,21,39,81.2,22.1,9.1,41,0.902,202,0.465,158,0.443,0.575,20.7,4.1,6.1,2.1,8.3,1.33,0.71,5.8,2018
1518,Al-Farouq Aminu,Por,F,28.73,16,25,52,15.3,11.4,36,0.75,58,0.397,51,0.294,0.473,7.4,6.3,13.3,1.3,7.5,0.56,0.63,6.3,2018
1519,Zach Collins,Por,F-C,21.57,16,17.2,35.8,17.7,17.9,25,0.8,60,0.567,21,0.333,0.592,6.8,3.6,11,0.9,7.9,0.44,1.38,6.5,2018
1520,Seth Curry,Por,G,28.81,16,20.4,42.5,12.5,7.5,11,0.818,30,0.3,52,0.404,0.518,5.6,1.6,4.1,0.8,5.7,0.75,0.25,3.8,2018
1521,Maurice Harkless,Por,F,26.09,16,24.2,50.5,15.9,12,36,0.639,81,0.556,28,0.25,0.537,8.4,4.9,10.7,1.4,9,1.13,1,6.4,2018
1522,Rodney Hood,Por,G,26.65,16,23.3,48.6,16,5.1,44,0.818,60,0.567,51,0.353,0.606,9.9,2.3,5.1,0.9,5.7,0.38,0.19,4.7,2018
1523,Enes Kanter,Por,C,27.07,16,28.8,60,17.9,13.7,41,0.756,142,0.521,4,0.25,0.555,11.4,9.7,17.8,1.2,6.5,0.69,0.56,7.1,2018
1524,Damian Lillard,Por,G,28.92,16,40.6,84.6,29.4,13.6,114,0.833,172,0.459,158,0.373,0.566,26.9,4.8,6.2,6.6,27.9,1.69,0.31,9.3,2018
1525,CJ McCollum,Por,G,27.74,16,39.7,82.7,27.6,7.4,56,0.732,233,0.464,117,0.393,0.527,24.7,5,6.7,3.7,16.8,0.81,0.63,7.8,2018
1526,Evan Turner,Por,G-F,30.63,16,15.3,31.9,11.6,19.8,15,0.8,45,0.311,1,1,0.409,2.7,4.6,15.8,2.2,19.4,0.19,0.19,7.9,2018
1527,Andre Iguodala,Gol,G-F,35.38,21,30,62.4,14,10.3,37,0.378,86,0.628,80,0.35,0.565,9.8,4.3,8.3,4,18.4,1.14,1.1,7.4,2018
1528,Giannis Antetokounmpo,Mil,F,24.52,15,34.3,71.4,32.2,13,168,0.637,207,0.536,55,0.327,0.57,25.5,12.3,18,4.9,25.1,1.13,2,13.5,2018
1529,Eric Bledsoe,Mil,G,29.51,15,28.2,58.8,24.4,13.7,51,0.706,113,0.522,72,0.236,0.494,13.7,3.7,6.6,4.3,23.7,1.07,0.4,8.5,2018
1530,Pat Connaughton,Mil,G,26.44,15,21.6,45,11.7,9,8,0.5,35,0.629,42,0.357,0.577,6.2,6.2,14.4,1.4,9.2,0.33,0.87,7,2018
1531,George Hill,Mil,G,33.11,15,26.3,54.8,15,4.3,33,0.818,70,0.614,48,0.417,0.653,11.5,3.5,6.7,2.8,16.2,0.87,0.27,7.3,2018
1532,Ersan Ilyasova,Mil,F,32.08,15,18.2,37.8,15.4,6.1,25,0.8,41,0.561,40,0.3,0.554,6.8,4.7,12.9,1.4,11.2,0.67,0.4,7.8,2018
1533,Brook Lopez,Mil,C,31.2,15,29.2,60.8,15.3,6.4,29,0.828,59,0.661,75,0.293,0.572,11.2,5.5,9.4,1.4,7.1,0.4,1.87,6.1,2018
1534,Khris Middleton,Mil,F,27.84,15,34.4,71.6,21,11.5,52,0.885,109,0.404,92,0.435,0.567,16.9,6.3,9.2,4.4,19.6,0.6,0,9,2018
1535,Will Barton,Den,G,28.44,14,23.4,48.8,21.6,8.2,26,0.692,80,0.4,55,0.273,0.434,9.1,4.8,10.7,1.7,11,0.29,0.64,7.2,2018
1536,Malik Beasley,Den,G,22.55,14,20.1,41.8,18,6.2,31,0.71,46,0.37,47,0.404,0.53,8.1,3.4,9,1,7.3,0.21,0.07,6,2018
1537,Torrey Craig,Den,F,28.49,14,23.6,49.2,11,7.3,16,0.563,33,0.485,36,0.472,0.605,6.6,5.1,11.4,0.9,5.1,0.5,0.36,5.3,2018
1538,Gary Harris,Den,G,24.75,14,37,77,16,5.9,38,0.868,101,0.525,57,0.351,0.569,14.2,4.1,5.9,2.3,9.3,0.86,0.57,5.5,2018
1539,Nikola Jokic,Den,C,24.32,14,39.8,82.8,26.5,10.9,78,0.846,205,0.537,56,0.393,0.596,25.1,13,17.2,8.4,37.2,1.07,0.93,14.1,2018
1540,Paul Millsap,Den,F,34.34,14,33.5,69.8,19.2,8.9,61,0.77,119,0.513,38,0.316,0.558,14.6,6.7,10.5,0.8,3.6,0.86,1.07,5.1,2018
1541,Monte Morris,Den,G,23.97,14,16,33.4,19.4,6.1,13,0.692,73,0.452,13,0,0.409,5.4,1.4,4.4,2.6,24.3,0.36,0.07,6.7,2018
1542,Jamal Murray,Den,G,22.3,14,36.3,75.7,26.5,7.3,62,0.903,171,0.462,83,0.337,0.53,21.3,4.4,6.3,4.7,21.7,1.07,0.14,8.4,2018
1543,Mason Plumlee,Den,F-C,29.28,14,15.6,32.4,13.5,12.1,28,0.571,45,0.533,1,0,0.549,4.6,4.4,14.9,1.5,13.8,0.5,0.71,8,2018
1544,Andrew Bogut,Gol,C,34.54,19,9.4,19.6,12,20.3,5,0.8,37,0.649,0,0,0.663,2.7,3.9,23.9,1.1,16.5,0.26,0.32,9.6,2018
1545,Nikola Mirotic,Mil,F,28.34,14,21.3,44.3,20.6,9.8,28,0.821,41,0.537,76,0.289,0.514,9.5,4.3,10.1,0.7,5,0.71,0.21,5.7,2018
1546,Jodie Meeks,Tor,G,31.81,14,4.8,9.9,22.7,9,3,0.667,16,0.438,13,0.154,0.363,1.6,0.6,7.5,0.1,2.3,0.29,0.07,3.8,2018
1547,Jonas Jerebko,Gol,F,32.29,16,7.6,15.7,16.7,4.3,6,0.833,23,0.304,19,0.263,0.381,2.1,2.1,16.2,0.8,13.3,0.06,0.13,8,2018
1548,Jimmy Butler,Phi,G-F,29.75,12,35.1,73.1,23,9.6,72,0.875,130,0.515,45,0.267,0.564,19.4,6.1,9.4,5.2,23.2,1.42,0.58,9.7,2018
1549,Tobias Harris,Phi,F,26.91,12,36.9,76.9,18.7,9.7,26,0.846,103,0.476,63,0.349,0.524,15.5,9.1,13.3,4,16.4,1.08,0.5,9,2018
1550,JJ Redick,Phi,G,34.97,12,31.3,65.2,17.4,14.2,20,0.85,37,0.486,87,0.414,0.606,13.4,1.4,2.5,1.6,7.5,0.08,0.25,4,2018
1551,Ben Simmons,Phi,G-F,22.9,12,35.1,73,16.6,19.3,40,0.575,116,0.621,0,0,0.625,13.9,7.1,10.9,6,26.3,1.25,1,9.6,2018
1552,Jordan Bell,Gol,F,24.43,15,7,14.7,15.4,5.3,10,0.7,31,0.548,0,0,0.579,2.7,1.3,10.4,0.7,15.2,0.27,0.47,7.7,2018
1553,Quinn Cook,Gol,G,26.23,17,11.4,23.7,17.5,7.7,4,1,36,0.472,34,0.324,0.495,4.2,1.1,5.4,0.7,8.8,0.18,0.06,5.2,2018
1554,Kevin Durant,Gol,F,30.7,12,36.8,76.7,33,12.8,113,0.903,163,0.552,80,0.438,0.661,32.3,4.9,7.7,4.5,21.6,1.08,1,9.7,2018
1555,Clint Capela,Hou,C,25.07,11,30.1,62.6,15.1,14.1,35,0.429,82,0.561,0,0,0.549,9.7,10.3,19.3,1.5,7.7,0.27,1.09,7.1,2018
1556,Eric Gordon,Hou,G,30.47,11,37.2,77.6,20.3,14.3,28,0.857,55,0.527,95,0.4,0.604,17.8,2.5,3.7,1.3,5.7,0.64,1,4.2,2018
1557,Gerald Green,Hou,G-F,33.38,11,8.8,18.4,20.4,6.6,5,1,11,0.182,29,0.345,0.462,3.5,1.1,7,0.1,1.6,0.27,0.27,3.3,2018
1558,James Harden,Hou,G,29.8,11,38.6,80.3,37.1,14.2,98,0.837,127,0.48,137,0.35,0.567,31.6,6.9,10.1,6.6,33.7,2.18,0.91,11.7,2018
1559,Chris Paul,Hou,G,34.11,11,36.1,75.3,22.6,18.1,45,0.844,85,0.576,63,0.27,0.557,17,6.4,9.9,5.5,25.1,2.18,0.64,9.3,2018
1560,PJ Tucker,Hou,F,34.11,11,38.7,80.6,11,7.5,23,0.826,31,0.452,57,0.456,0.637,11.4,7.5,10.9,1.7,6.6,1.73,0.73,5.4,2018
1561,Joel Embiid,Phi,F-C,25.25,11,30.4,63.3,30.2,16.8,90,0.822,120,0.467,39,0.308,0.559,20.2,10.5,18.6,3.4,17.9,0.73,2.27,11.8,2018
1562,James Ennis III,Phi,F,28.95,11,21.1,43.9,15,12.1,19,0.632,32,0.688,32,0.281,0.574,7.5,3.8,9.8,1.1,7.5,0.36,0.27,6,2018
1563,Tim Frazier,Mil,G,28.62,11,3.6,7.5,18.2,17.8,2,1,7,0.714,6,0.5,0.756,1.9,0.8,11.3,0.9,40.7,0.18,0,12.3,2018
1564,Meyers Leonard,Por,F-C,27.29,11,15.5,32.2,18.6,5.5,9,0.333,32,0.625,33,0.424,0.616,7.7,3.6,12.5,1.1,11.8,0.18,0.09,8.1,2018
1565,Sterling Brown,Mil,G,24.34,11,14.7,30.7,13.5,15.7,11,0.727,17,0.471,21,0.333,0.525,4.1,2.7,9.3,1.7,16.2,0.55,0.27,7.2,2018
1566,Jonah Bolden,Phi,F,23.45,10,7.9,16.5,15.9,30.2,4,0.5,3,0.333,16,0.25,0.385,1.6,1.4,9.6,0.3,5,0.2,0.1,4.4,2018
1567,Boban Marjanovic,Phi,C,30.83,10,10.5,21.8,25.2,22.5,19,0.842,37,0.649,3,0,0.662,6.4,3.6,18.6,1.1,17.8,0.2,0.3,11.2,2018
1568,Greg Monroe,Phi,C,29.03,10,9,18.7,22.6,8.3,9,0.778,36,0.417,4,0.25,0.455,4,3.1,18.7,0.4,6.9,0.5,0.4,7.6,2018
1569,Austin Rivers,Hou,G,26.87,10,21.5,44.9,14.8,11,6,0.667,27,0.407,35,0.457,0.572,7.4,2.1,5.5,1,7.2,0.5,0.1,4.6,2018
1570,Mike Scott,Phi,F,30.91,10,19.3,40.2,12,12.8,2,1,13,0.692,34,0.353,0.585,5.6,3.4,9.5,0.5,3.6,0.3,0,4.4,2018
1571,T.J. McConnell,Phi,G,27.22,9,8.3,17.3,15.8,3.6,0,0,27,0.444,0,0,0.444,2.7,0.7,4.3,1.2,22.3,0.22,0.11,6.3,2018
1572,Aron Baynes,Bos,F-C,32.51,9,12.8,26.7,7.5,25.2,2,0.5,8,0.75,6,0.333,0.638,2.1,2.8,11,0.3,3.9,0.33,0.33,3.8,2018
1573,Jaylen Brown,Bos,F,22.64,9,30.4,63.3,18.4,13,30,0.767,47,0.638,40,0.35,0.624,13.9,5.8,9.7,1.1,6.3,0.67,0.22,5.9,2018
1574,Gordon Hayward,Bos,F,29.23,9,29.6,61.7,15.3,16.1,19,1,46,0.435,24,0.375,0.549,9.6,4,6.9,2.4,13,0.67,0.33,6.1,2018
1575,Al Horford,Bos,F-C,33.03,9,34.5,71.8,19.3,13.9,18,0.833,66,0.424,44,0.409,0.53,13.9,9,13.3,4.4,21.7,0.44,0.78,9.5,2018
1576,Kyrie Irving,Bos,G,27.23,9,36.7,76.5,29.8,12.5,40,0.9,121,0.421,58,0.31,0.488,21.3,4.4,6.2,7,35.7,1.33,0.44,9.5,2018
1577,Marcus Morris,Bos,F,29.78,9,28.3,58.9,17.2,7,31,0.742,39,0.59,40,0.45,0.664,13.7,8.1,14.6,1.2,7.4,0.11,0.56,7.2,2018
1578,Terry Rozier,Bos,G,25.24,9,18,37.4,20.6,13.2,16,0.75,25,0.44,34,0.235,0.439,6.4,4.3,12.3,1.9,16.8,0.44,0.22,8.3,2018
1579,Jayson Tatum,Bos,F,21.28,9,32.8,68.3,21.8,12.2,39,0.744,81,0.481,31,0.323,0.53,15.2,6.7,10.4,1.9,10,1.11,0.78,7.1,2018
1580,Malcolm Miller,Tor,F,26.27,10,2.8,5.8,17.5,9.3,4,0.75,2,0.5,6,0.167,0.41,0.8,0.5,9.9,0.1,5.1,0,0.1,4.9,2018
1581,Tony Snell,Mil,G,27.59,9,3.2,6.6,9.1,0,0,0,4,0.25,2,0.5,0.417,0.6,0.2,3.5,0,0,0.11,0.11,0,2018
1582,Iman Shumpert,Hou,G,28.97,8,13.7,28.5,12.3,9.8,4,0.25,4,0.5,22,0.364,0.522,3.6,1.5,6.2,0.3,2.7,0.13,0,3.4,2018
1583,D.J. Wilson,Mil,F,23.32,8,5.3,11.1,24,29.3,2,1,11,0.636,5,0.2,0.563,2.4,1.3,11.7,0.5,14.9,0,0.13,8.8,2018
1584,Eric Moreland,Tor,F-C,27.47,8,3.5,7.3,3.2,0,0,0,2,0.5,0,0,0.5,0.3,1.6,25.5,0.4,14.3,0,0,6.6,2018
1585,Patrick McCaw,Tor,G,23.64,11,4.4,9.2,6.4,14.5,2,1,2,0,3,0.333,0.425,0.5,0.3,3.4,0.4,10.9,0.18,0,3.6,2018
1586,LaMarcus Aldridge,San,F,33.9,7,34.9,72.6,27,4.9,33,0.818,110,0.473,11,0.273,0.517,20,9.6,14.8,2.7,13.1,0.71,1,9.2,2018
1587,Marco Belinelli,San,G-F,33.22,7,18.8,39.1,15,4.7,6,0.833,17,0.353,21,0.381,0.504,5.9,1.9,5.3,1.1,8.5,0,0.29,4.9,2018
1588,DeMar DeRozan,San,G,29.85,7,35.8,74.6,27.8,8,44,0.864,118,0.492,1,0,0.557,22,6.7,10.1,4.6,21.6,1.14,0.14,9.8,2018
1589,Bryn Forbes,San,G,25.89,7,30.3,63.2,13.7,4.8,9,0.667,25,0.48,31,0.484,0.625,10.7,3.6,6.3,1,4.7,0.14,0.14,4.5,2018
1590,Rudy Gay,San,F,32.83,7,25.5,53.1,22.7,11.4,17,0.824,51,0.392,19,0.421,0.503,11.1,7.1,15.1,1.7,10.1,0.43,0.71,8,2018
1591,Patty Mills,San,G,30.84,7,21.8,45.3,15.3,6,10,0.6,21,0.524,22,0.136,0.39,5.3,2.1,5.3,3.6,22.5,1,0.14,6.3,2018
1592,Jakob Poeltl,San,C,23.66,7,25.3,52.7,11.2,7,9,0.556,35,0.657,1,0,0.638,7.3,7.7,16.4,1.7,9.8,0.29,0.71,7.2,2018
1593,Derrick White,San,G,24.95,7,27.2,56.8,24.6,14.8,26,0.731,58,0.621,17,0.294,0.613,15.1,3,5.9,3,18.2,0.71,0.71,7.6,2018
1594,Danuel House Jr.,Hou,F-G,26.02,7,20.1,41.9,13.9,9,8,0.5,6,0.5,31,0.258,0.42,4.9,3.1,8.8,0.1,1,0.43,0.29,2.3,2018
1595,Daniel Theis,Bos,F,27.19,7,6,12.5,16.6,6.3,2,1,12,0.417,2,0,0.403,1.7,1.4,12.2,0,0,0.14,0.14,0,2018
1596,Jonathon Simmons,Phi,F,29.75,7,7.4,15.4,30.8,15.9,4,0.75,20,0.4,10,0.2,0.394,3.6,1.3,9.4,0.3,6.1,0.14,0,6.1,2018
1597,Nene,Hou,C-F,36.75,7,7.5,15.7,14.1,17.7,9,0.778,10,1,0,0,0.967,3.9,2,14.9,0.4,9.8,0.43,0.29,7.8,2018
1598,Jeremy Lin,Tor,G,30.81,8,3.4,7,26.5,31.7,4,1,7,0.143,2,0.5,0.418,1.1,0.4,6.2,0.5,21.1,0.13,0,7.1,2018
1599,Malcolm Brogdon,Mil,G,26.51,7,28.3,59,20.1,10.8,11,0.636,41,0.512,37,0.378,0.549,13,4.9,8.6,3.4,18.9,0.71,0.14,8.5,2018
1600,Patrick Beverley,Lac,G,30.92,6,32.4,67.5,12.8,16.5,8,0.75,17,0.412,30,0.433,0.584,9.8,8,13.8,4.7,19.8,1,0.83,8.9,2018
1601,Danilo Gallinari,Lac,F,30.85,6,33.6,69.9,27.8,8.8,33,0.848,67,0.388,43,0.302,0.478,19.8,6.2,10.3,2.7,12.5,1.33,0.17,8.2,2018
1602,Shai Gilgeous-Alexander,Lac,G,20.92,6,28.8,59.9,17.6,6.8,20,0.85,42,0.452,18,0.5,0.596,13.7,2.7,5.2,3.2,16.5,1,0.83,6.8,2018
1603,JaMychal Green,Lac,F,28.98,6,23.5,48.9,17,18.8,10,0.8,20,0.55,23,0.522,0.696,11,5.3,12.7,0.8,5.3,0.67,0,6.1,2018
1604,Montrezl Harrell,Lac,F-C,25.38,6,26.3,54.8,21.5,9.7,26,0.692,62,0.742,1,0,0.739,18.3,5.5,11.7,2.2,15.3,0.5,0.67,9.2,2018
1605,Landry Shamet,Lac,G,22.26,6,29,60.4,11.7,14.2,10,1,7,0.429,31,0.323,0.542,7.7,2,3.9,1.7,7.6,1,0,4.1,2018
1606,Garrett Temple,Lac,G-F,33.1,6,10.5,21.8,11.4,11.5,10,0.7,4,0.5,7,0.143,0.455,2.3,1.2,6.2,0.3,4.1,0.5,0.17,3.6,2018
1607,Lou Williams,Lac,G,32.63,6,29.4,61.2,32.6,12.9,41,0.829,86,0.453,18,0.333,0.533,21.7,2.8,5.4,7.7,45.4,0.83,0.17,10.6,2018
1608,Lonnie Walker IV,San,G,20.5,6,3.5,7.3,17.6,0,0,0,7,0.429,1,0,0.375,1,0.3,5.1,0.5,21.1,0,0,6.1,2018
1609,Kenneth Faried,Hou,F-C,29.57,6,9.4,19.5,12.2,0,6,0.833,12,0.667,1,1,0.767,4,3.5,21.1,0.3,5.9,0.33,0,6.9,2018
1610,Semi Ojeleye,Bos,F,24.52,6,5.8,12,13.8,9.2,2,1,4,0.25,5,0.6,0.658,2.2,0.3,3,0.3,9.2,0,0,4,2018
1611,Jake Layman,Por,F,25.27,6,3.4,7,18.8,0,4,0.75,2,0.5,5,0,0.285,0.8,0.7,10.5,0,0,0,0,0,2018
1612,Jarrett Allen,Bro,C,21.15,5,22,45.9,18,16.4,20,0.85,32,0.594,0,0,0.674,11,6.8,15.9,2.2,15.9,0.6,0.6,10,2018
1613,DeMarre Carroll,Bro,F,32.88,5,23.9,49.8,15.1,6.7,8,1,14,0.143,24,0.292,0.397,6.6,4,8.6,0.4,2.3,0.8,0,3.7,2018
1614,Spencer Dinwiddie,Bro,G,26.19,5,26.3,54.8,23.5,10.5,14,0.714,38,0.474,24,0.375,0.536,14.6,2.6,5.1,1.6,10.2,0.4,0,6,2018
1615,Treveon Graham,Bro,F,25.63,5,15.7,32.8,8.1,19.2,6,0.5,3,0.667,7,0,0.277,1.4,2.2,7.2,0.6,4.9,0.4,0.2,3.1,2018
1616,Joe Harris,Bro,G-F,27.77,5,29.9,62.2,15.1,16.2,8,1,22,0.545,21,0.19,0.473,8.8,4.2,7.2,0.6,2.9,0.6,0,3.8,2018
1617,Caris LeVert,Bro,G,24.8,5,28.9,60.1,26.9,10.4,29,0.724,47,0.511,26,0.462,0.612,21,4.6,8.2,3,18.9,1,0.4,9.2,2018
1618,D'Angelo Russell,Bro,G,23.3,5,29.6,61.6,33.4,11.5,13,0.846,65,0.385,37,0.324,0.45,19.4,3.6,6.3,3.6,22.1,1.4,0.2,8.5,2018
1619,Davis Bertans,San,F,26.58,5,15.8,32.8,10.7,5.5,5,0.6,4,0.5,11,0.273,0.465,3.2,1.6,5.5,1,8.4,0,0.2,4.4,2018
1620,D.J. Augustin,Orl,G,31.59,5,28.2,58.7,17.3,12.7,16,0.875,20,0.5,21,0.476,0.666,12.8,1.6,3.1,3.8,25.5,0.4,0.2,6.1,2018
1621,Khem Birch,Orl,C,26.71,5,18.3,38.2,13.1,22.2,7,0.857,18,0.556,0,0,0.617,5.2,6.2,18.5,0.8,7.8,0.2,1,6.5,2018
1622,Michael Carter-Williams,Orl,G,27.68,5,18.5,38.5,20.4,18.8,8,0.875,23,0.435,8,0.25,0.478,6.6,4,11.8,2.4,24,0.6,0,8.6,2018
1623,Evan Fournier,Orl,G-F,26.62,5,35,72.9,21.4,14.2,8,0.75,35,0.457,34,0.235,0.427,12.4,3.2,5,2,10.7,1.4,0,4.9,2018
1624,Aaron Gordon,Orl,F,23.74,5,32.8,68.3,22.5,15.6,19,0.526,42,0.5,20,0.4,0.54,15.2,7.2,12,3.6,22.3,1.2,0.2,8.9,2018
1625,Jonathan Isaac,Orl,F,21.7,5,27.3,56.9,15.7,10.3,8,0.875,20,0.35,20,0.2,0.379,6.6,6.2,12.4,0.4,2.5,0.4,1,3.7,2018
1626,Wes Iwundu,Orl,F,24.48,5,12,25,17.7,8.3,9,1,9,0.333,9,0.333,0.546,4.8,1.4,6.4,0.8,11.7,0.6,0,5.8,2018
1627,Terrence Ross,Orl,G-F,28.35,5,29.2,60.8,21.7,14,17,0.824,19,0.421,35,0.343,0.537,13.2,3.6,6.7,1.4,9,1.2,0.4,5.6,2018
1628,Nikola Vucevic,Orl,C,28.64,5,29.5,61.4,23.2,16.8,14,0.786,45,0.4,13,0.231,0.436,11.2,8,14.8,3,19.3,0.4,1,8.8,2018
1629,Steven Adams,Okc,C,25.9,5,31.8,66.3,14.6,16.5,8,0.375,41,0.683,1,0,0.648,11.8,7.2,12.3,1.4,7.2,1,1,6.2,2018
1630,Raymond Felton,Okc,G,34.97,5,11.4,23.7,11.9,12.6,2,0.5,5,0.4,8,0.25,0.396,2.2,0.6,2.9,0.6,7.4,0.8,0.2,3.2,2018
1631,Terrance Ferguson,Okc,G,21.08,5,25.6,53.4,10,16.7,0,0,7,0.286,18,0.389,0.5,5,2.4,5.1,1.2,6.5,0.4,0,3.8,2018
1632,Paul George,Okc,F,29.12,5,40.8,85,29.9,14,49,0.816,54,0.537,47,0.319,0.583,28.6,8.6,11.4,3.6,15.4,1.4,0.2,9.4,2018
1633,Jerami Grant,Okc,F,25.26,5,35.2,73.3,12.1,8,13,0.692,20,0.55,20,0.45,0.634,11.6,5.6,8.6,0.8,3.4,0.6,2,4.2,2018
1634,Markieff Morris,Okc,F,29.78,5,11.8,24.5,16,9.1,9,0.778,9,0.333,7,0.286,0.476,3.8,2.6,12,1,12.1,0.2,0.6,7.3,2018
1635,Nerlens Noel,Okc,F-C,25.18,5,12.1,25.1,18.3,19.3,2,0,20,0.6,0,0,0.575,4.8,3.8,17.1,0,0,0.4,0.6,0,2018
1636,Dennis Schroder,Okc,G,25.75,5,30.1,62.8,19.5,8.7,18,0.722,35,0.543,20,0.3,0.548,13.8,3.2,5.8,3.4,18.1,0.8,0,7.1,2018
1637,Russell Westbrook,Okc,G,30.58,5,39.4,82.2,31.5,15.8,26,0.885,77,0.377,34,0.324,0.466,22.8,8.8,12.1,10.6,46,1,0.6,13.1,2018
1638,Jae Crowder,Uta,F,28.94,5,26,54.2,18.1,1.8,19,0.737,16,0.5,30,0.3,0.524,11.4,5.8,11.7,0.8,5.2,1,0,5.8,2018
1639,Derrick Favors,Uta,F-C,27.92,5,20.6,43,20.4,10.1,19,0.684,33,0.697,3,0,0.665,11.8,7.4,18.8,0.8,7.8,0.8,1.8,8,2018
1640,Rudy Gobert,Uta,C,26.97,5,30.4,63.3,14.3,17.6,23,0.783,32,0.594,0,0,0.665,11.2,10.2,17.6,1.4,7.7,0.6,2.6,7.1,2018
1641,Joe Ingles,Uta,F,31.7,5,30.1,62.8,12.7,17.8,0,0,8,0.5,29,0.276,0.432,6.4,4.8,8.4,5,25.9,2.2,0,7.1,2018
1642,Donovan Mitchell,Uta,G,22.77,5,38.6,80.5,32.5,14.2,33,0.727,69,0.362,43,0.256,0.423,21.4,5,6.8,3.2,15.5,1.6,0.2,7.2,2018
1643,Georges Niang,Uta,F,25.99,5,11,22.9,18.6,8.3,0,0,9,0.556,13,0.308,0.5,4.4,2.8,13.4,1,16.4,0.2,0.2,8.4,2018
1644,Royce O'Neale,Uta,F,26.03,5,27.4,57.2,17.6,17.6,4,0.75,22,0.591,23,0.348,0.567,10.6,4.6,8.8,1.6,10.3,0.4,0.4,6.2,2018
1645,Ricky Rubio,Uta,G,28.65,5,33.5,69.8,22.8,16.7,20,0.85,46,0.522,20,0.2,0.515,15.4,3.2,5,8.6,46.4,2.4,0.2,9,2018
1646,Jerome Robinson,Lac,G,22.31,5,9.2,19.3,15.3,5.8,5,1,8,0.25,6,0.5,0.556,3.6,1.2,7.2,1.4,21,0.4,0,7.9,2018
1647,Dante Cunningham,San,F,32.15,5,2.6,5.4,10.8,0,0,0,1,0,2,1,1,1.2,1.2,25,0,0,0,0,0,2018
1648,Donatas Motiejunas,San,F-C,28.73,5,3.7,7.7,27.2,0,2,0.5,9,0.667,1,0,0.597,2.6,1.4,20.4,0.4,21.7,0,0,12.3,2018
1649,Quincy Pondexter,San,F,31.26,5,2.4,5,7.7,0,0,0,1,0,1,0,0,0,0.2,4.5,0.4,20.1,0.2,0,0,2018
1650,Juancho Hernangomez,Den,F,23.71,5,2.9,6,12.3,25,0,0,1,0,2,0.5,0.5,0.6,0.6,10.9,0,0,0,0,0,2018
1651,Anfernee Simons,Por,G,20.02,5,2.4,5,33.3,0,5,0.8,5,0,2,0,0.217,0.8,0,0,0,0,0.2,0,0,2018
1652,Jacob Evans,Gol,G,21.99,7,2.5,5.2,17.3,28.6,0,0,3,0.333,2,0.5,0.5,0.7,0.1,3.3,0.1,7.7,0,0,3.1,2018
1653,Wilson Chandler,Lac,F,32.1,4,13.1,27.3,16.3,14.5,4,1,6,0.667,10,0.1,0.422,3.8,1.5,6.4,0.5,5.2,0.5,0,4.3,2018
1654,Bojan Bogdanovic,Ind,F,30.16,4,36.9,76.9,23.8,7.8,17,0.882,41,0.439,22,0.318,0.511,18,5.8,8.5,2.8,14.1,2,0,7.2,2018
1655,Darren Collison,Ind,G,31.81,4,29.2,60.8,22.7,17.3,6,1,34,0.441,11,0.364,0.504,12,3,5.6,4,25.6,0.5,0,7.2,2018
1656,Tyreke Evans,Ind,G,29.74,4,21,43.8,32.9,10,14,0.571,28,0.357,20,0.55,0.563,15.3,4.3,11,0.8,8,0.5,0.25,7.1,2018
1657,Cory Joseph,Ind,G,27.82,4,21.3,44.3,13.4,0,2,1,15,0.533,9,0.444,0.603,7.5,1.8,4.5,1,8.5,1,0,4.5,2018
1658,Wesley Matthews,Ind,G-F,32.67,4,29.7,61.8,15.2,20.3,3,1,9,0.222,21,0.333,0.447,7,2.5,4.6,2,10.8,0.75,0.25,4.4,2018
1659,Domantas Sabonis,Ind,F,23.11,4,24,50.1,19.2,12.5,14,0.643,25,0.44,4,0.25,0.484,8.5,7.3,16.5,4,29.1,0.75,0.25,10.5,2018
1660,Myles Turner,Ind,F-C,23.22,4,31.5,65.6,15.9,6.9,13,0.615,21,0.524,14,0.214,0.479,9.8,6.3,10.8,1.5,8.1,0,1.75,5.7,2018
1661,Thaddeus Young,Ind,F,30.98,4,32.6,67.9,17.6,10,7,0.571,34,0.471,8,0.25,0.466,10.5,7,11.7,3.8,20.5,2.75,0.75,8,2018
1662,Bruce Brown,Det,G,22.83,4,14.2,29.5,12.5,11.8,2,1,9,0.444,5,0.2,0.437,3.3,2,7.1,0.5,5.1,0.5,0.25,4.2,2018
1663,Andre Drummond,Det,C,25.84,4,31.9,66.4,24.4,14.8,21,0.429,53,0.453,1,0,0.451,14.3,13,20.5,2.3,11.9,1.5,1.25,9.4,2018
1664,Wayne Ellington,Det,G,31.54,4,32.8,68.4,12.1,5.3,2,1,13,0.308,22,0.318,0.432,7.8,3.8,5.7,1.3,5.5,0.75,0,4.1,2018
1665,Langston Galloway,Det,G,27.51,4,27.5,57.2,13.7,5.6,0,0,9,0.222,25,0.36,0.456,7.8,3.8,6.9,1,5.3,0.5,1,4.5,2018
1666,Reggie Jackson,Det,G,29.16,4,27,56.1,28.4,6.8,7,0.857,44,0.432,21,0.429,0.521,17.8,3.3,6.1,7,49.8,0.75,0,11,2018
1667,Luke Kennard,Det,G,22.97,4,33.2,69.1,16.6,5.7,6,0.833,32,0.438,15,0.6,0.604,15,4,6.1,1.8,8.7,0.75,0.25,5.7,2018
1668,Kyle Korver,Uta,G-F,38.24,4,7.5,15.5,14.7,9.7,3,0.667,2,0.5,6,0.333,0.536,2.5,1.3,8.8,0,0,0,0,0,2018
1669,Thon Maker,Det,F,22.3,4,17.2,35.7,20.1,9.1,9,0.889,14,0.5,12,0,0.367,5.5,2.3,6.6,1,8.6,0,1,5.4,2018
1670,Ish Smith,Det,G,30.94,4,20.2,42.1,22.7,9.1,4,0.75,31,0.29,7,0.143,0.302,6,2.8,6.8,3.5,26.4,0.75,0.25,7.7,2018
1671,Rodions Kurucs,Bro,F,21.35,4,17.1,35.6,15.4,7.7,9,0.778,12,0.5,8,0.25,0.522,6.3,5,15,0.8,6.4,0.5,0,6.9,2018
1672,Sindarius Thornwell,Lac,G,24.58,4,3,6.1,20.9,0,0,0,3,0.333,3,0.333,0.417,1.3,1,18.9,0,0,0.25,0,0,2018
1673,Ivica Zubac,Lac,C,22.24,4,9.7,20.1,24.8,17.2,3,0.667,18,0.5,0,0,0.518,5,5.5,31.8,0.3,4.3,0.5,0.5,8.3,2018
1674,Jared Dudley,Bro,F,33.93,4,20.6,42.8,8.3,23.9,4,1,2,0.5,9,0.222,0.47,3,0.5,1.3,2.8,17.5,0.75,0.25,3.1,2018
1675,Rondae Hollis-Jefferson,Bro,F,24.44,4,15.6,32.6,30.5,6.4,25,0.8,32,0.469,1,1,0.602,13.3,3,9.9,1.5,17.6,0.25,1.25,10,2018
1676,Thabo Sefolosha,Uta,F,35.12,4,10.5,21.9,15.2,6.7,0,0,6,0.167,8,0.125,0.179,1.3,2,10,0.5,7.1,0,0,4.2,2018
1677,Furkan Korkmaz,Phi,G-F,21.89,4,8.9,18.5,25.2,4.7,5,0.8,10,0.3,8,0.375,0.47,4.8,1.5,9.1,1.3,21.5,0,0.25,9.5,2018
1678,Brad Wanamaker,Bos,G,29.89,4,4.3,9,27.4,18.6,4,0.75,6,0.333,1,1,0.571,2.5,0.3,3,0.8,30.7,0.25,0,7.8,2018
1679,Guerschon Yabusele,Bos,F,23.49,4,3.5,7.3,25.3,12.4,7,0.571,3,0.667,1,0,0.565,2,0.5,7.3,0.3,11.9,0,0.25,7.7,2018
1680,Amir Johnson,Phi,C-F,32.12,4,4.9,10.2,10.8,20,0,0,4,1,0,0,1,2,1.3,13.8,0.5,16.5,0.25,0,8.9,2018
1681,Ed Davis,Bro,C,30.03,3,13.6,28.3,10.8,0,2,1,10,0.7,0,0,0.735,5.3,6.3,23.9,0.7,7.8,0,0.33,8.4,2018
1682,Doug McDermott,Ind,F,27.44,3,9.7,20.3,18.5,0,4,0.5,3,0.667,7,0,0.255,2,1.7,9.3,1.3,21.8,0,0.33,6.8,2018
1683,Aaron Holiday,Ind,G,22.7,3,4.5,9.4,20.4,16.7,0,0,3,0.333,2,0.5,0.5,1.7,0,0,0,0,0,0,0,2018
1684,Raul Neto,Uta,G,27.07,3,6.5,13.6,13,0,0,0,5,0.2,1,0,0.167,0.7,1,8,0.3,7.6,0,0,3.7,2018
1685,Deonte Burton,Okc,G,25.37,3,1.5,3.1,47.5,0,0,0,3,0.333,2,0,0.2,0.7,0.7,24.1,0,0,0,0,0,2018
1686,Abdel Nader,Okc,F,25.72,3,1.6,3.3,17.8,0,0,0,2,0.5,0,0,0.5,0.7,0,0,0,0,0,0.33,0,2018
1687,Jose Calderon,Det,G,37.71,3,3.2,6.7,0,,0,0,0,0,0,0,,0,0,0,1.7,66,0.33,0,0,2018
1688,Glenn Robinson III,Det,G-F,25.43,3,11.9,24.7,20.9,5.6,4,1,7,0.429,8,0.125,0.388,4.3,2.3,9.9,0.7,8.4,0.67,0,6.4,2018
1689,Khyri Thomas,Det,G,23.1,3,5,10.5,34.5,0,1,1,8,0.625,4,0.25,0.563,4.7,0.7,6.7,0,0,0.67,0,0,2018
1690,Shabazz Napier,Bro,G,27.92,3,9.4,19.7,20.8,0,8,0.875,6,0.667,5,0.6,0.826,8,2.3,12.7,3.7,70.3,0.33,0,17.4,2018
1691,Theo Pinson,Bro,G-F,23.61,3,7.3,15.2,16.7,11.1,0,0,1,0,7,0.429,0.563,3,1,7,1,20.7,0.67,0,7.9,2018
1692,Melvin Frazier Jr.,Orl,G-F,22.79,3,4.9,10.1,17.8,0,2,0.5,5,0.4,0,0,0.425,1.7,1.3,14.9,0,0,0.33,0,0,2018
1693,Jerian Grant,Orl,G,26.68,3,4.7,9.7,36.2,8.7,1,1,3,0.667,7,0,0.239,1.7,1.3,15.6,1,40.6,0,0,11.1,2018
1694,Jarell Martin,Orl,F,25.06,3,6.1,12.6,24,0,2,0,2,1,7,0.286,0.506,3.3,0.7,6,0.3,12.2,0,0.33,5.8,2018
1695,Jarred Vanderbilt,Den,F,20.2,3,1.6,3.4,0,,0,0,0,0,0,0,,0,0.3,10.7,0,0,0,0.33,0,2018
1696,Robert Williams III,Bos,C-F,21.66,3,4.2,8.8,9.9,0,2,1,2,0.5,0,0,0.694,1.3,2.3,28.1,0,0,0,0,0,2018
1697,Trey Lyles,Den,F,23.61,3,2.7,5.6,11,0,0,0,1,0,1,0,0,0,0.3,6.5,0.7,30.6,0,0,0,2018
1698,Skal Labissiere,Por,F,23.24,3,3.5,7.3,18.3,0,1,0,2,0.5,2,0,0.225,0.7,0,0,0,0,0,0,0,2018
1699,Damian Jones,Gol,C,23.96,4,2,4.2,15.4,34.7,2,0.5,1,1,0,0,0.798,0.8,0.5,14.2,0,0,0,0,0,2018
1700,DeMarcus Cousins,Gol,C,28.84,8,16.7,34.7,27,22.9,25,0.64,41,0.439,12,0.25,0.477,7.6,4.9,16.9,2.4,20.7,0.63,0.75,10.7,2018
1701,Grayson Allen,Uta,G,23.68,2,7.1,14.7,30.4,0,7,0.714,4,0.5,3,0,0.446,4.5,0.5,3.7,0,0,0,0,0,2018
1702,Ekpe Udoh,Uta,C-F,32.07,2,3.1,6.4,7,0,0,0,1,0,0,0,0,0,0,0,0,0,0,0,0,2018
1703,Tyrone Wallace,Lac,G,25.01,2,5.5,11.5,23.6,15.8,3,0.667,4,0.25,0,0,0.376,2,0.5,5.1,1.5,36.9,0,0,8.3,2018
1704,Zaza Pachulia,Det,C,35.34,2,10.9,22.6,15.2,12.7,2,0.5,6,0.333,0,0,0.363,2.5,4.5,20.8,0,0,0,0,0,2018
1705,Gary Clark,Hou,F,24.58,2,1.9,3.9,0,,0,0,0,0,0,0,,0,0.5,15.2,0,0,0,0,0,2018
1706,Isaiah Hartenstein,Hou,F-C,21.11,2,1.2,2.4,38.2,0,0,0,2,1,0,0,1,2,0.5,24.5,0,0,0,0,0,2018
1707,Blake Griffin,Det,F,30.25,2,29.1,60.5,34.7,12.5,7,1,26,0.462,13,0.462,0.582,24.5,6,10.4,6,43.8,1,0,13.2,2018
1708,Dzanan Musa,Bro,G-F,20.1,2,7.3,15.2,16.7,50,0,0,2,1,1,0,0.667,2,0,0,0,0,1,0,0,2018
1709,Zhaire Smith,Phi,G,20.03,2,2.8,5.7,0,,0,0,0,0,0,0,,0,0,0,0,0,0.5,0,0,2018
1710,Marcus Smart,Bos,G,25.27,2,16.3,33.9,22.4,18,6,0.667,0,0,11,0.091,0.257,3.5,2,6.3,2,17.3,1.5,0,5.9,2018
1711,Chris Boucher,Tor,F,26.42,2,2.1,4.3,60,0,1,0,2,0.5,3,0.333,0.46,2.5,0.5,13.5,0,0,0,0.5,0,2018
1712,TJ Leaf,Ind,F,22.12,1,9.8,20.4,18.2,0,2,1,2,0,1,0,0.258,2,3,16.7,0,0,0,0,0,2018
1713,Jon Leuer,Det,F,30.09,1,4.9,10.2,20.9,0,1,0,2,0.5,0,0,0.41,2,0,0,0,0,0,0,0,2018
1714,Kyle O'Quinn,Ind,C,29.22,1,1.6,3.3,28.7,100,0,0,0,0,0,0,,0,0,0,0,0,0,0,0,2018
1715,Edmond Sumner,Ind,G,23.45,1,1.6,3.3,0,,0,0,0,0,0,0,,0,2,68.2,0,0,0,0,0,2018
1716,Alex Abrines,Okc,G,25.69,31,19,39.5,12.2,7.9,13,0.923,30,0.5,127,0.323,0.507,5.3,1.5,4.2,0.6,4.3,0.55,0.19,3.5,2018
1717,Quincy Acy,Pho,F,28.51,10,12.3,25.6,9.2,15.2,10,0.7,3,0.667,15,0.133,0.379,1.7,2.5,11.3,0.8,8.2,0.1,0.4,4.9,2018
1718,Jaylen Adams,Atl,G,22.93,34,12.6,26.2,13.5,19.7,9,0.778,36,0.361,74,0.338,0.474,3.2,1.8,7.5,1.9,20.2,0.38,0.15,7,2018
1719,Steven Adams,Okc,C,25.73,80,33.4,69.5,16.4,12.8,292,0.5,807,0.596,2,0,0.591,13.9,9.5,14.7,1.6,6.6,1.49,0.96,7.1,2018
1720,Bam Adebayo,Mia,C-F,21.73,82,23.3,48.6,15.8,17.1,226,0.735,471,0.588,15,0.2,0.623,8.9,7.3,16.6,2.2,14.2,0.88,0.79,9,2018
1721,Deng Adel,Cle,F,22.19,19,10.2,21.3,9.9,13.7,4,1,13,0.385,23,0.261,0.424,1.7,1,5.4,0.3,3.4,0.05,0.21,3.1,2018
1722,DeVaughn Akoon-Purcell,Den,G-F,25.85,7,3.1,6.4,25.5,15.5,2,0.5,6,0.5,4,0,0.322,1,0.6,10,0.9,37.9,0.29,0,10.5,2018
1723,LaMarcus Aldridge,San,F,33.73,81,33.2,69.1,27,8.8,412,0.847,1277,0.528,42,0.238,0.576,21.3,9.2,15.1,2.4,11.6,0.54,1.32,9.4,2018
1724,Rawle Alkins,Chi,G,21.45,10,12,25.1,19,15.3,12,0.667,27,0.37,12,0.25,0.418,3.7,2.6,11.7,1.3,15.2,0.1,0,7.7,2018
1725,Grayson Allen,Uta,G,23.51,38,11,22.8,24.4,13.9,60,0.75,79,0.443,99,0.323,0.516,5.6,0.6,3.1,0.7,8.9,0.13,0.16,4.8,2018
1726,Jarrett Allen,Bro,C,20.97,80,26.2,54.6,15.9,13.1,278,0.709,523,0.629,45,0.133,0.632,10.9,8.4,16.9,1.4,7.9,0.54,1.5,7.7,2018
1727,Kadeem Allen,Nyk,G,26.24,19,21.9,45.6,19.6,14.2,54,0.778,104,0.462,36,0.472,0.577,9.9,2.7,6.4,4,28.8,0.84,0.21,8.7,2018
1728,Al-Farouq Aminu,Por,F,28.55,81,28.3,58.9,13.7,9.7,173,0.867,313,0.514,280,0.343,0.568,9.4,7.5,14.2,1.3,6,0.84,0.41,6.4,2018
1729,Justin Anderson,Atl,G-F,25.39,48,9.7,20.1,17.1,11.8,35,0.743,80,0.5,77,0.312,0.516,3.7,1.8,9.6,0.5,6.9,0.46,0.27,6.2,2018
1730,Kyle Anderson,Mem,F,25.56,43,29.8,62.1,12.6,16,64,0.578,242,0.583,34,0.265,0.569,8,5.9,11,3,15,1.26,0.86,7,2018
1731,Ryan Anderson,Pho,F,30.93,15,18.5,38.6,12.1,15.4,14,0.786,26,0.462,34,0.206,0.423,3.7,3,9,1.1,8.1,0.2,0.07,5,2018
1732,Ryan Anderson,Mia,F,30.93,10,4.4,9.1,11.7,16.8,2,0.5,3,0,6,0.333,0.354,0.7,0.9,11,0.2,5.9,0.1,0,4.6,2018
1733,Ike Anigbogu,Ind,C,20.47,3,2.1,4.3,28.2,25,0,0,3,0,0,0,0,0,1,26.8,0.3,18.8,0,0.33,0,2018
1734,Giannis Antetokounmpo,Mil,F,24.35,72,32.8,68.2,32.3,14.7,686,0.729,1045,0.64,203,0.256,0.643,27.7,12.5,19.4,5.9,30.3,1.26,1.53,15.5,2018
1735,Kostas Antetokounmpo,Dal,F,21.39,2,5.3,11,23.4,17.4,4,0.5,3,0,0,0,0.21,1,0.5,5,0,0,1,0,0,2018
1736,Carmelo Anthony,Hou,F,34.87,10,29.4,61.3,20.5,5.8,22,0.682,57,0.491,64,0.328,0.513,13.4,5.4,10.1,0.5,2.6,0.4,0.7,4.5,2018
1737,OG Anunoby,Tor,F,21.74,67,20.2,42,15.5,11.3,62,0.581,202,0.574,202,0.332,0.544,7,2.9,7.8,0.7,4.7,0.69,0.33,4.8,2018
1738,Ryan Arcidiacono,Chi,G,25.04,81,24.2,50.4,11.7,11.8,102,0.873,201,0.527,218,0.372,0.586,6.7,2.7,6.1,3.3,19,0.8,0.06,6.5,2018
1739,Trevor Ariza,Pho,F,33.78,26,34,70.8,13.8,13.7,43,0.837,88,0.409,139,0.36,0.525,9.9,5.6,9.1,3.3,13.5,1.46,0.31,6.7,2018
1740,Trevor Ariza,Was,F,33.78,43,34.1,71,18.2,10.5,121,0.777,214,0.528,295,0.322,0.538,14.1,5.2,8.3,3.8,15.5,1.23,0.3,7.7,2018
1741,D.J. Augustin,Orl,G,31.42,81,28,58.4,17.2,14.3,209,0.866,366,0.511,311,0.421,0.616,11.7,2.5,4.8,5.3,26.9,0.64,0.05,7.7,2018
1742,Deandre Ayton,Pho,C,20.72,71,30.7,64,21.2,11.7,189,0.746,866,0.588,4,0,0.608,16.3,10.3,18.5,1.8,9.6,0.87,0.94,8.7,2018
1743,Dwayne Bacon,Cha,G-F,23.61,43,17.6,36.8,16.8,6.1,46,0.739,170,0.494,87,0.437,0.57,7.3,2.1,6.3,1.1,9.2,0.28,0.12,5.8,2018
1744,Marvin Bagley III,Sac,F,20.08,62,25.3,52.7,24.2,10.7,262,0.691,610,0.534,96,0.313,0.562,14.9,7.6,15.5,1,5.9,0.53,0.95,7.6,2018
1745,Ron Baker,Nyk,G,26.03,11,9.7,20.2,8.7,13.9,6,0.833,7,0.429,9,0.111,0.376,1.3,0.7,3.9,1.2,16.2,0.36,0,4.2,2018
1746,Ron Baker,Was,G,26.03,4,11.4,23.6,5.6,33.3,0,0,0,0,4,0,0,0,1,4.8,0.5,5.1,0.25,0.25,0,2018
1747,Wade Baldwin IV,Por,G,23.03,16,5.9,12.2,23.4,27,11,0.727,24,0.333,9,0.222,0.396,1.9,0.9,8.5,0.8,16.7,0.06,0.13,7.5,2018
1748,Lonzo Ball,Lal,G,21.46,47,30.3,63.1,16.9,17.8,48,0.417,228,0.482,228,0.329,0.487,9.9,5.3,9.1,5.4,23.8,1.47,0.4,8.7,2018
1749,Mo Bamba,Orl,C,20.92,47,16.3,34,17.8,13.7,63,0.587,173,0.555,70,0.3,0.539,6.2,4.9,16.2,0.8,7.4,0.28,1.36,7.1,2018
1750,J.J. Barea,Dal,G,34.79,38,19.8,41.2,28.1,14.7,78,0.705,257,0.479,128,0.297,0.495,10.9,2.5,6.8,5.6,47.6,0.58,0,10.8,2018
1751,Harrison Barnes,Dal,F,26.86,49,32.3,67.3,23.7,7.8,198,0.833,406,0.416,311,0.389,0.538,17.7,4.2,7,1.3,6.3,0.67,0.22,5.7,2018
1752,Harrison Barnes,Sac,F,26.86,28,33.9,70.6,16.3,8,80,0.8,179,0.492,130,0.408,0.58,14.3,5.5,8.3,1.9,7.5,0.61,0.07,6.3,2018
1753,Will Barton,Den,G,28.26,43,27.7,57.6,20,11.7,74,0.77,264,0.447,196,0.342,0.501,11.5,4.6,9.1,2.9,14.4,0.42,0.51,7.7,2018
1754,Keita Bates-Diop,Min,F,23.21,30,16.8,35,14.1,8.3,28,0.643,90,0.522,52,0.25,0.489,5,2.8,8.8,0.6,4.6,0.6,0.47,4.8,2018
1755,Nicolas Batum,Cha,G-F,30.32,75,31.4,65.4,13.2,16.3,89,0.865,265,0.517,298,0.389,0.58,9.3,5.2,8.9,3.3,14.6,0.95,0.57,6.9,2018
1756,Jerryd Bayless,Min,G,30.64,34,19.3,40.3,17.5,11.7,28,0.571,132,0.402,98,0.296,0.431,6.1,1.9,5.1,3.5,24.6,0.53,0.06,7.1,2018
1757,Aron Baynes,Bos,F-C,32.34,51,16.1,33.5,15.2,13.8,62,0.855,162,0.519,61,0.344,0.567,5.6,4.7,15.6,1.1,9.3,0.24,0.67,7.6,2018
1758,Kent Bazemore,Atl,G,29.78,67,24.5,51.1,22,13.6,176,0.722,391,0.465,300,0.32,0.507,11.6,3.9,8.3,2.3,13.5,1.33,0.63,7.7,2018
1759,Bradley Beal,Was,G,25.79,82,36.9,76.9,28.4,11,448,0.808,1012,0.548,596,0.351,0.581,25.6,5,7.3,5.5,24.1,1.5,0.7,9.6,2018
1760,Malik Beasley,Den,G,22.37,81,23.2,48.3,18.7,6.7,66,0.848,333,0.559,405,0.402,0.598,11.3,2.5,5.8,1.2,7.5,0.68,0.12,5.6,2018
1761,Michael Beasley,Lal,F,30.25,26,10.7,22.2,29.4,13.7,39,0.718,136,0.529,17,0.176,0.532,7,2.3,11.2,1,14.7,0.35,0.38,9.4,2018
1762,Marco Belinelli,San,G-F,33.05,79,23,47.9,19.8,8.7,124,0.903,295,0.468,395,0.372,0.557,10.5,2.5,5.9,1.7,10.1,0.44,0.1,6.2,2018
1763,Jordan Bell,Gol,F,24.26,68,11.6,24.2,13.7,16.7,41,0.61,190,0.521,2,0,0.531,3.3,2.7,12.5,1.1,12.4,0.26,0.76,7.4,2018
1764,DeAndre' Bembry,Atl,F,24.77,82,23.6,49.1,17.2,17.3,136,0.64,444,0.507,173,0.289,0.508,8.4,4.4,9.8,2.5,14.7,1.28,0.51,7.7,2018
1765,Dragan Bender,Pho,F,21.4,46,18,37.4,13.4,14.4,54,0.593,96,0.688,101,0.218,0.521,5,4,12.3,1.2,9.4,0.39,0.5,6.4,2018
1766,Davis Bertans,San,F,26.41,76,21.5,44.7,14.1,8.2,60,0.883,115,0.513,338,0.429,0.632,8,3.5,8.8,1.3,8.2,0.46,0.43,6.2,2018
1767,Dairis Bertans,Nor,G,29.59,12,13.9,29,12,4.1,0,0,13,0.154,34,0.294,0.362,2.8,0.8,2.8,0.8,7.2,0.08,0,3.5,2018
1768,Patrick Beverley,Lac,G,30.75,78,27.4,57.1,12.1,14,123,0.78,194,0.423,281,0.399,0.563,7.6,4.9,9.6,3.9,18.5,0.86,0.55,7.7,2018
1769,Khem Birch,Orl,C,26.53,50,12.9,26.8,14,9.2,83,0.699,150,0.607,1,0,0.64,4.8,3.8,15.7,0.8,8.5,0.36,0.6,7.6,2018
1770,Bismack Biyombo,Cha,C,26.62,54,14.5,30.2,12.7,14.7,91,0.637,157,0.567,0,0,0.599,4.4,4.6,17.1,0.6,5.9,0.19,0.76,6.3,2018
1771,Nemanja Bjelica,Sac,F,30.92,77,23.2,48.4,16.5,11.5,92,0.761,336,0.539,257,0.401,0.585,9.6,5.8,12.8,1.9,11.1,0.7,0.71,8.2,2018
1772,Antonio Blakeney,Chi,G,22.52,57,14.5,30.3,24.5,7.5,76,0.658,305,0.426,91,0.396,0.487,7.3,1.9,6.9,0.7,8.2,0.21,0.16,5.9,2018
1773,Eric Bledsoe,Mil,G,29.34,78,29.1,60.7,22.9,13.3,236,0.75,595,0.582,377,0.329,0.577,15.9,4.6,8.1,5.5,27.4,1.51,0.37,10.1,2018
1774,Jaron Blossomgame,Cle,F,25.57,27,16.3,33.9,12.3,8.9,13,0.769,68,0.544,39,0.256,0.506,4.2,3.6,12.4,0.5,4.2,0.26,0.3,4.8,2018
1775,Bojan Bogdanovic,Ind,F,29.98,81,31.8,66.2,22.4,10.2,305,0.807,664,0.539,386,0.425,0.614,18,4.1,7.2,2,9.5,0.86,0.01,6.6,2018
1776,Bogdan Bogdanovic,Sac,G,26.64,70,27.8,58,22.3,11.1,162,0.827,491,0.462,372,0.36,0.53,14.1,3.5,6.4,3.8,19.3,1.03,0.21,8.2,2018
1777,Andrew Bogut,Gol,C,34.37,11,12.2,25.5,14.4,17.7,3,1,36,0.5,0,0,0.523,3.5,5,21.8,1,10.5,0.27,0.73,8.5,2018
1778,Jonah Bolden,Phi,F,23.27,44,14.5,30.2,13.8,17.2,27,0.481,66,0.697,96,0.354,0.595,4.7,3.8,13.7,0.9,8.5,0.39,0.89,7,2018
1779,Isaac Bonga,Lal,G,19.42,22,5.5,11.4,15.7,13.2,15,0.6,25,0.2,8,0,0.24,0.9,1.1,10.8,0.7,14.9,0.41,0.18,6.4,2018
1780,Devin Booker,Pho,G,22.44,64,35,73,32.9,15.4,454,0.866,841,0.536,414,0.326,0.584,26.6,4.1,6.5,6.8,34.1,0.88,0.2,10.3,2018
1781,Chris Boucher,Tor,F,26.25,28,5.8,12.1,23.6,7.8,15,0.867,39,0.564,37,0.324,0.563,3.3,2,18.5,0.1,1.9,0.21,0.86,6,2018
1782,Avery Bradley,Lac,G,28.37,49,29.9,62.2,14.2,12.4,25,0.8,248,0.415,172,0.337,0.464,8.2,2.7,4.7,2,8.8,0.55,0.33,4.7,2018
1783,Avery Bradley,Mem,G,28.37,14,31.6,65.8,23,12.7,25,0.92,115,0.513,73,0.384,0.565,16.1,3.2,5.7,4,21.6,1,0,7.5,2018
1784,Tony Bradley,Uta,C,21.17,3,12,24.9,23.7,15.1,2,0.5,16,0.5,0,0,0.504,5.7,5,22.6,0.3,4.5,0.67,0.67,6.8,2018
1785,Corey Brewer,Phi,G-F,33.1,7,19.9,41.5,18.8,12.8,13,0.692,35,0.457,14,0.286,0.484,7.6,2.4,6.4,1.4,10,1.71,0.29,5.9,2018
1786,Corey Brewer,Sac,G-F,33.1,24,14.7,30.6,11.5,11.2,30,0.733,44,0.523,30,0.333,0.562,4.1,2.5,8.6,1.2,10.3,0.83,0.21,6.3,2018
1787,Miles Bridges,Cha,F,21.06,80,21.2,44.2,15.1,8.6,77,0.753,311,0.553,200,0.325,0.548,7.5,4.1,10.3,1.2,8.1,0.68,0.61,6.3,2018
1788,Mikal Bridges,Pho,F,22.61,82,29.5,61.4,12.2,10.2,118,0.805,250,0.548,313,0.335,0.556,8.3,3.2,6.1,2.1,9.8,1.55,0.46,5.2,2018
1789,Isaiah Briscoe,Orl,G,22.99,39,14.3,29.9,14.1,17.2,26,0.577,104,0.423,34,0.324,0.455,3.5,1.9,7.1,2.2,21,0.28,0.05,6.8,2018
1790,Ryan Broekhoff,Dal,G-F,28.63,42,10.8,22.5,14.3,10.6,19,0.789,33,0.576,94,0.404,0.617,4,1.5,7.4,0.5,7.1,0.14,0.1,5.3,2018
1791,Malcolm Brogdon,Mil,G,26.33,64,28.6,59.6,20.7,10.2,152,0.928,503,0.545,244,0.426,0.615,15.6,4.5,8,3.2,16.2,0.72,0.19,8.5,2018
1792,Dillon Brooks,Mem,G-F,23.22,18,18.3,38.2,20.9,12.3,30,0.733,82,0.415,40,0.375,0.499,7.5,1.7,5.3,0.9,7.6,0.56,0.22,4.9,2018
1793,MarShon Brooks,Mem,G,30.21,29,13.3,27.8,23.6,10.3,33,0.697,115,0.53,54,0.278,0.518,6.6,1.6,6.5,0.9,11,0.31,0.14,6.4,2018
1794,Troy Brown Jr.,Was,F,19.7,52,14,29.2,16.5,10.5,47,0.681,165,0.455,69,0.319,0.487,4.8,2.8,10.8,1.5,14.9,0.4,0.1,7.8,2018
1795,Bruce Brown,Det,G,22.65,74,19.6,40.8,11.5,11.9,60,0.75,222,0.455,93,0.258,0.467,4.3,2.5,7,1.2,8.8,0.54,0.49,4.8,2018
1796,Jaylen Brown,Bos,F,22.46,74,25.9,53.9,22.1,10.1,202,0.658,516,0.529,276,0.344,0.547,13,4.2,8.7,1.4,7.7,0.95,0.43,6.6,2018
1797,Lorenzo Brown,Tor,G,28.63,26,8.2,17,17.9,18.1,3,1,43,0.395,28,0.214,0.38,2.1,1.2,7.6,1.1,17.3,0.46,0.19,6.9,2018
1798,Sterling Brown,Mil,G,24.16,58,17.8,37.2,15.2,12,42,0.69,165,0.558,147,0.361,0.563,6.4,3.2,9,1.4,10.7,0.43,0.14,6.9,2018
1799,Jalen Brunson,Dal,G,22.61,73,21.8,45.4,19.1,12.5,120,0.725,384,0.523,181,0.348,0.549,9.3,2.3,5.7,3.2,22.6,0.51,0.05,7.5,2018
1800,Thomas Bryant,Was,C,21.7,72,20.8,43.3,17.7,9.6,137,0.781,404,0.683,99,0.333,0.673,10.5,6.3,16.5,1.3,9.3,0.35,0.93,8.5,2018
1801,Reggie Bullock,Det,F,28.07,44,30.8,64.1,16.7,10.3,64,0.875,147,0.463,294,0.388,0.569,12.1,2.8,5,2.5,12.1,0.55,0.11,5.7,2018
1802,Reggie Bullock,Lal,G-F,28.07,19,27.6,57.5,13.7,6.3,21,0.81,54,0.537,99,0.343,0.545,9.3,2.6,4.9,1.1,5,0.84,0.37,4.3,2018
1803,Trey Burke,Nyk,G,26.41,33,20.9,43.5,26.1,6.9,75,0.827,272,0.434,86,0.349,0.496,11.8,1.8,4.6,2.8,23.6,0.64,0.15,7.5,2018
1804,Trey Burke,Dal,G,26.41,25,17.4,36.3,23,8.6,49,0.837,117,0.53,74,0.351,0.572,9.7,1.5,4.5,2.6,24.8,0.48,0.08,7.7,2018
1805,Alec Burks,Uta,G,27.73,17,15.8,33,23.1,10.3,38,0.868,71,0.437,43,0.372,0.547,8.4,1.6,5.6,1.2,11.2,0.35,0.24,6.4,2018
1806,Alec Burks,Cle,G,27.73,34,28.8,60,19.2,10.7,98,0.806,221,0.412,119,0.378,0.517,11.6,5.5,10.5,2.9,15,0.74,0.47,7.9,2018
1807,Alec Burks,Sac,G,27.73,13,9.7,20.3,8.6,15.3,5,0.8,14,0.643,6,0,0.495,1.7,1.7,9,0.8,9.6,0.62,0.08,5.5,2018
1808,Deonte Burton,Okc,G,25.19,32,7.5,15.6,16.3,9.3,12,0.667,55,0.455,27,0.296,0.47,2.6,0.9,6,0.3,5,0.19,0.25,4.7,2018
1809,Jimmy Butler,Min,G-F,29.57,10,36.1,75.3,23,7.1,61,0.787,112,0.509,45,0.378,0.579,21.3,5.2,7.7,4.3,18.2,2.4,1,8.7,2018
1810,Jimmy Butler,Phi,G-F,29.57,55,33.2,69.1,22.1,8.3,304,0.868,600,0.49,147,0.34,0.569,18.2,5.3,8.4,4,18,1.8,0.53,8.8,2018
1811,Bruno Caboclo,Mem,F,23.55,34,23.5,49,15.9,13.3,50,0.84,95,0.505,130,0.369,0.571,8.3,4.6,11.1,1.5,9.4,0.41,0.97,6.6,2018
1812,Jose Calderon,Det,G,37.54,48,13.2,27.4,10.9,21.9,11,0.818,63,0.492,57,0.246,0.453,2.4,1.3,5.2,2.4,24.9,0.33,0.06,5.9,2018
1813,Kentavious Caldwell-Pope,Lal,G,26.14,82,24.8,51.7,18.2,7.3,158,0.867,321,0.542,436,0.346,0.567,11.4,2.9,6,1.3,7.5,0.89,0.16,5.6,2018
1814,Isaiah Canaan,Pho,G,27.89,19,26.4,55.1,14.3,17.4,20,0.75,57,0.456,72,0.347,0.515,7.5,2.6,5.4,3.3,17,0.63,0,6.1,2018
1815,Isaiah Canaan,Min,G,27.89,7,13.6,28.2,15.4,11.5,4,1,10,0.4,19,0.368,0.536,4.7,0.7,2.8,2.7,26.9,0.29,0.14,6.1,2018
1816,Isaiah Canaan,Mil,G,27.89,4,7.6,15.9,11,25,0,0,1,0,5,0.4,0.5,1.5,1,6.7,0.8,11.8,0,0.25,5.6,2018
1817,Clint Capela,Hou,C,24.9,67,33.6,69.9,18.1,9.9,261,0.636,732,0.648,0,0,0.658,16.6,12.6,20.8,1.4,7.1,0.66,1.52,7.9,2018
1818,DeMarre Carroll,Bro,F,32.71,67,25.4,53,18.6,9.7,242,0.76,264,0.458,311,0.341,0.546,11.1,5.2,10.7,1.3,7.2,0.45,0.15,6.6,2018
1819,Wendell Carter Jr.,Chi,F,19.99,44,25.2,52.5,19.1,13.6,112,0.795,338,0.515,32,0.188,0.543,10.3,7,15,1.8,10.7,0.59,1.34,8,2018
1820,Jevon Carter,Mem,G,23.57,39,14.8,30.8,18,14.2,32,0.813,83,0.265,102,0.333,0.432,4.4,1.7,6.4,1.8,17.5,0.67,0.26,6.4,2018
1821,Vince Carter,Atl,G-F,42.21,76,17.5,36.5,16.7,8.8,66,0.712,152,0.48,316,0.389,0.565,7.4,2.6,7.7,1.1,9.3,0.58,0.36,6.3,2018
1822,Michael Carter-Williams,Hou,G,27.5,16,9,18.8,24.7,12.1,26,0.462,42,0.429,19,0.368,0.476,4.3,0.8,5,1.3,22.7,0.56,0.38,7.3,2018
1823,Michael Carter-Williams,Orl,G,27.5,12,18.9,39.4,16.1,11.9,27,0.741,43,0.419,19,0.158,0.44,5.4,4.8,13.4,4.1,28.9,0.92,0.83,10,2018
1824,Alex Caruso,Lal,G,25.12,25,21.2,44.3,19,17.3,64,0.797,123,0.431,50,0.48,0.569,9.2,2.7,6.5,3.1,19.7,0.96,0.36,8,2018
1825,Omri Casspi,Mem,F,30.8,36,14.5,30.1,18,11,58,0.672,118,0.602,43,0.349,0.606,6.3,3.2,12.4,0.7,8.1,0.56,0.25,6.7,2018
1826,Willie Cauley-Stein,Sac,C,25.65,81,27.3,56.9,17.5,9,254,0.551,739,0.556,2,0.5,0.566,11.9,8.4,15.8,2.4,12.3,1.19,0.63,9.1,2018
1827,Troy Caupain,Orl,G,23.37,4,3.9,8.1,22.3,0,0,0,5,0.4,3,0.667,0.625,2.5,0.8,10.3,1,44.1,0.25,0,12.9,2018
1828,Tyler Cavanaugh,Uta,F,25.17,11,3.6,7.5,12.9,8.4,2,1,5,0.4,5,0.2,0.414,0.8,0.7,11,0.1,3.3,0,0,4.3,2018
1829,Tyson Chandler,Pho,C,36.52,7,12.7,26.5,13,26,18,0.556,12,0.667,0,0,0.653,3.7,5.6,24.3,0.9,9.1,0.29,0.14,8.4,2018
1830,Tyson Chandler,Lal,C,36.52,48,16.4,34.1,8,23,69,0.594,86,0.616,1,0,0.626,3.1,5.6,17.7,0.6,4.8,0.4,0.5,5.3,2018
1831,Wilson Chandler,Phi,F,31.92,36,26.4,55,11.2,15.4,18,0.722,89,0.506,118,0.39,0.561,6.7,4.6,9.3,2,9.9,0.61,0.5,6,2018
1832,Wilson Chandler,Lac,F,31.92,15,15,31.3,14.2,9.2,7,0.714,26,0.385,40,0.325,0.463,4.3,3.1,11,0.7,5.9,0.2,0.2,5.6,2018
1833,Joe Chealey,Cha,G,23.44,1,7.8,16.3,16.6,0,0,0,3,0.333,0,0,0.333,2,0,0,1,18.2,0,0,0,2018
1834,Chris Chiozza,Hou,G,23.39,7,4.6,9.7,12,11.1,0,0,3,0,5,0.4,0.375,0.9,0.6,6.8,0.6,16.4,0.14,0.14,6,2018
1835,Marquese Chriss,Hou,F,21.78,16,6.5,13.5,20.6,24.4,7,0.857,19,0.526,15,0.067,0.391,1.8,1.8,14.9,0.4,8.2,0.13,0.25,6.7,2018
1836,Marquese Chriss,Cle,F,21.78,27,14.6,30.5,20.7,12.9,38,0.684,89,0.461,57,0.263,0.47,5.7,4.2,16,0.6,6.1,0.56,0.26,6.7,2018
1837,Gary Clark,Hou,F,24.4,51,12.6,26.2,10.9,4.3,7,1,13,0.692,138,0.297,0.48,2.9,2.3,10,0.4,3.8,0.39,0.53,4.4,2018
1838,Ian Clark,Nor,G,28.1,60,16.2,33.8,19.3,12.7,37,0.892,181,0.47,202,0.327,0.502,6.7,1.5,4.7,1.6,12.9,0.37,0.13,6.2,2018
1839,Jordan Clarkson,Cle,G,26.84,81,27.3,57,27.6,9.6,192,0.844,735,0.524,445,0.324,0.539,16.8,3.3,6.8,2.4,15.6,0.69,0.17,7.5,2018
1840,John Collins,Atl,F-C,21.55,61,30,62.4,23.7,11.2,265,0.766,673,0.609,158,0.348,0.627,19.5,9.8,17.1,2,10.9,0.36,0.64,9.7,2018
1841,Zach Collins,Por,F-C,21.39,77,17.6,36.7,16.6,14.3,126,0.746,279,0.534,121,0.331,0.562,6.6,4.2,12.7,0.9,7.1,0.32,0.86,6.6,2018
1842,Darren Collison,Ind,G,31.63,76,28.2,58.7,17.7,14.3,190,0.832,465,0.492,194,0.407,0.574,11.2,3,6,6,29.9,1.45,0.12,8.3,2018
1843,Bonzie Colson,Mil,F,23.24,8,12.3,25.7,19.5,6.5,9,0.889,18,0.444,21,0.238,0.454,4.9,3.8,15.5,0.4,4,0.63,0.13,6.4,2018
1844,Mike Conley,Mem,G,31.5,70,33.5,69.7,27.3,9.1,406,0.845,694,0.483,426,0.364,0.569,21.1,3.4,5.7,6.4,33.4,1.34,0.31,9.2,2018
1845,Pat Connaughton,Mil,G,26.26,61,20.7,43.1,13.3,8.2,40,0.725,150,0.647,200,0.33,0.573,6.9,4.2,10.4,2,12.6,0.54,0.43,7.5,2018
1846,Quinn Cook,Gol,G,26.05,74,14.3,29.8,20.2,10,26,0.769,239,0.515,200,0.405,0.565,6.9,2.1,7.9,1.5,15,0.27,0.04,7.8,2018
1847,DeMarcus Cousins,Gol,C,28.66,30,25.7,53.5,28.1,14.2,144,0.736,276,0.551,95,0.274,0.562,16.3,8.2,17.1,3.6,20.4,1.33,1.47,12.2,2018
1848,Robert Covington,Phi,F,28.32,13,33.8,70.5,14.2,14.8,23,0.739,40,0.5,77,0.39,0.578,11.3,5.2,8.1,1.1,4.3,1.85,1.77,4.7,2018
1849,Robert Covington,Min,F,28.32,22,34.7,72.2,16.5,8.4,66,0.773,97,0.526,148,0.372,0.58,14.5,5.7,8.8,1.5,5.8,2.27,1.05,5.7,2018
1850,Allen Crabbe,Bro,G-F,27,43,26.4,54.9,16.4,10.4,56,0.732,113,0.345,259,0.378,0.521,9.6,3.4,6.9,1.1,5.8,0.53,0.3,5,2018
1851,Torrey Craig,Den,F,28.31,75,20,41.8,12.4,9.9,70,0.7,174,0.569,188,0.324,0.547,5.7,3.5,9.5,1,6.3,0.49,0.61,5.4,2018
1852,Jamal Crawford,Pho,G,39.06,64,18.9,39.4,20.8,16.9,110,0.845,236,0.453,202,0.332,0.522,7.9,1.3,3.9,3.6,27.7,0.52,0.19,7.1,2018
1853,Mitchell Creek,Bro,F,26.95,4,8.9,18.5,15.4,0,7,0.714,9,0.556,1,0,0.573,3.8,2.5,14.8,1.3,20.5,0.25,0,10.4,2018
1854,Mitchell Creek,Min,F,26.95,1,11.5,24,25.6,14.3,0,0,5,0.6,1,0,0.5,6,2,9.3,1,14.5,1,0,8,2018
1855,Jae Crowder,Uta,F,28.77,80,27.1,56.4,19.1,8.8,197,0.721,276,0.525,522,0.331,0.537,11.9,4.8,9.6,1.7,8.9,0.8,0.39,6.8,2018
1856,Dante Cunningham,San,F,31.97,64,14.5,30.2,8.9,11.7,18,0.778,93,0.484,65,0.462,0.585,3,2.9,11,0.8,6.8,0.41,0.2,5.3,2018
1857,Seth Curry,Por,G,28.63,74,18.9,39.4,16.6,11.1,52,0.846,214,0.463,251,0.45,0.595,7.9,1.6,4.6,0.9,6.5,0.47,0.16,4.8,2018
1858,Stephen Curry,Gol,G,31.07,69,33.8,70.4,30.4,11.6,287,0.916,530,0.525,810,0.437,0.641,27.3,5.3,8.4,5.2,24.2,1.33,0.38,10.8,2018
1859,Troy Daniels,Pho,G,27.74,51,14.9,31,17.6,8.7,23,0.783,81,0.481,194,0.381,0.558,6.2,1.4,5.3,0.5,5,0.51,0.1,4.4,2018
1860,Anthony Davis,Nor,F-C,26.09,56,33,68.8,29.5,8.5,433,0.794,881,0.547,145,0.331,0.597,25.9,12,18.9,3.9,19,1.57,2.41,12.9,2018
1861,Deyonta Davis,Atl,C-F,22.35,9,13.2,27.4,10.1,10.2,10,0.6,21,0.714,1,0,0.682,4,3.9,15.5,0.6,5.8,0.33,0.56,6.4,2018
1862,Ed Davis,Bro,C,29.85,81,17.9,37.2,12.7,14.8,162,0.617,300,0.62,2,0,0.632,5.8,8.6,25.2,0.8,6,0.43,0.41,7.6,2018
1863,Tyler Davis,Okc,C,21.89,1,0.9,1.9,45.2,0,0,0,1,0,0,0,0,0,1,57.4,0,0,0,0,0,2018
1864,Dewayne Dedmon,Atl,C,29.66,64,25.1,52.4,16.7,12.7,113,0.814,309,0.57,217,0.382,0.602,10.8,7.5,15.7,1.4,8.1,1.08,1.13,7.7,2018
1865,Sam Dekker,Cle,F,24.93,9,18.8,39.2,14.8,8.7,10,0.8,35,0.486,13,0.385,0.544,6.3,3.7,10.8,1,7.8,1.22,0,6.1,2018
1866,Sam Dekker,Was,F,24.93,38,16.3,33.9,16.6,7.8,36,0.556,159,0.528,49,0.286,0.514,6.1,3,10,1,8.4,0.74,0.18,6.5,2018
1867,Angel Delgado,Lac,C,24.39,2,7.4,15.4,16.8,0,2,0.5,5,0.2,0,0,0.255,1.5,2,14.3,0,0,0.5,0,0,2018
1868,Matthew Dellavedova,Mil,G,28.59,12,8.1,16.9,13.7,34.6,4,1,8,0.25,11,0.364,0.482,1.7,0.8,5.2,2.4,35.6,0.17,0,7.3,2018
1869,Matthew Dellavedova,Cle,G,28.59,36,19.9,41.4,18.4,18.9,48,0.792,104,0.5,119,0.336,0.537,7.3,1.9,5.2,4.2,31.3,0.33,0.06,7.8,2018
1870,Luol Deng,Min,F,33.99,22,17.8,37.1,15.8,9.5,35,0.714,74,0.608,44,0.318,0.588,7.1,3.3,9.8,0.8,6.5,0.68,0.36,6,2018
1871,DeMar DeRozan,San,G,29.68,77,34.9,72.7,27.9,11.6,439,0.831,1268,0.492,45,0.156,0.542,21.2,6,9.4,6.2,27.6,1.12,0.47,10.6,2018
1872,Marcus Derrickson,Gol,F,23.19,11,6.1,12.7,24.3,7.9,5,0.8,13,0.462,20,0.5,0.653,4.2,1.2,10.3,0.1,2.2,0,0.09,5.2,2018
1873,Cheick Diallo,Nor,F,22.57,64,14,29.2,16,14,67,0.746,267,0.625,4,0.25,0.644,6,5.2,19.2,0.5,5.1,0.45,0.52,7.1,2018
1874,Hamidou Diallo,Okc,G,20.7,51,10.3,21.5,16.6,10.7,59,0.61,141,0.504,24,0.167,0.497,3.7,1.9,9.5,0.3,4.4,0.41,0.2,5,2018
1875,Gorgui Dieng,Min,C,29.23,76,13.6,28.3,19.6,11.9,106,0.83,321,0.53,56,0.339,0.572,6.4,4.1,16.1,0.9,10.3,0.62,0.54,8.4,2018
1876,Spencer Dinwiddie,Bro,G,26.01,68,28.1,58.6,24.9,13.3,356,0.806,458,0.528,370,0.335,0.58,16.8,2.4,4.6,4.6,25.6,0.59,0.25,8.1,2018
1877,Donte DiVincenzo,Mil,G,22.19,27,15.2,31.7,15.1,12.8,12,0.75,41,0.683,83,0.265,0.507,4.9,2.4,8,1.1,9.7,0.48,0.22,6.2,2018
1878,Luka Doncic,Dal,G-F,20.12,72,32.2,67.1,30.5,14.9,485,0.713,672,0.503,515,0.326,0.545,21.2,7.8,13,6,31.6,1.08,0.35,12.4,2018
1879,Tyler Dorsey,Atl,G,23.15,27,9.3,19.3,17.9,9.1,26,0.615,50,0.44,39,0.256,0.448,3.3,1.6,9,0.6,9.3,0.26,0.04,6.3,2018
1880,Tyler Dorsey,Mem,G,23.15,21,21.3,44.4,20.7,8.2,35,0.629,82,0.5,93,0.366,0.541,9.8,3.3,8.7,1.9,14.2,0.38,0.05,7.4,2018
1881,Damyean Dotson,Nyk,G,24.93,73,27.4,57.2,17.3,8.7,98,0.745,356,0.461,342,0.368,0.526,10.7,3.6,6.8,1.8,10.4,0.79,0.14,6,2018
1882,PJ Dozier,Bos,G-F,22.46,6,8.5,17.6,18.6,0,2,0.5,13,0.462,8,0.25,0.434,3.2,2.8,17.9,0.8,13.8,0.33,0,9.1,2018
1883,Goran Dragic,Mia,G,32.93,36,27.5,57.3,23.7,13,101,0.782,269,0.454,163,0.35,0.518,13.7,3.1,6,4.8,27.3,0.83,0.14,8.6,2018
1884,Andre Drummond,Det,C,25.67,79,33.5,69.8,23,12.4,412,0.59,1016,0.547,38,0.132,0.555,17.3,15.6,25.5,1.4,7.2,1.73,1.76,8.6,2018
1885,Jared Dudley,Bro,F,33.75,59,20.7,43.1,10.4,14.2,46,0.696,88,0.545,151,0.351,0.554,4.9,2.6,6.7,1.4,9.2,0.61,0.27,5,2018
1886,Kris Dunn,Chi,G,25.07,46,30.2,62.9,20.1,16.2,69,0.797,410,0.441,96,0.354,0.484,11.3,4.1,7.3,6,30,1.48,0.46,8.6,2018
1887,Kevin Durant,Gol,F,30.53,78,34.6,72.2,29,12.2,506,0.885,995,0.587,388,0.353,0.631,26,6.4,9.8,5.9,26.2,0.76,1.08,11.5,2018
1888,Trevon Duval,Mil,G,20.69,3,1.9,3.9,22.4,0,0,0,2,0.5,1,1,0.833,1.7,0.3,9.1,0.7,66,0,0,14.9,2018
1889,Vincent Edwards,Hou,F,23.01,2,7.9,16.4,11.1,0,0,0,0,0,4,0.25,0.375,1.5,1,7,0,0,0,0,0,2018
1890,Henry Ellenson,Det,F,22.24,2,12.4,25.8,18.9,0,2,1,6,0.333,4,0.5,0.551,6,4.5,19.8,0.5,6.3,0,0,7.7,2018
1891,Henry Ellenson,Nyk,F,22.24,17,13.8,28.7,19,8.6,23,0.739,51,0.392,34,0.441,0.536,6,3.4,12.7,0.9,10,0.41,0.12,7.6,2018
1892,Wayne Ellington,Mia,G,31.37,25,21.3,44.4,16.5,6.8,16,0.875,29,0.414,155,0.368,0.547,8.4,1.9,4.7,1.2,7.8,0.96,0.12,5,2018
1893,Wayne Ellington,Det,G,31.37,28,27.3,56.9,17.7,8.3,33,0.758,56,0.607,217,0.373,0.584,12,2.1,4.3,1.5,8.6,1.07,0.11,4.9,2018
1894,Joel Embiid,Phi,F-C,25.07,64,33.7,70.1,33.3,13.3,649,0.804,936,0.535,263,0.3,0.593,27.5,13.6,21.4,3.7,18.4,0.72,1.91,13.2,2018
1895,James Ennis III,Hou,F,28.78,40,23.7,49.4,11.9,9.2,58,0.724,91,0.659,120,0.367,0.622,7.4,2.9,6.8,0.7,4.1,0.95,0.4,4.2,2018
1896,James Ennis III,Phi,F,28.78,18,15.6,32.5,15.5,10.6,23,0.696,47,0.489,36,0.306,0.51,5.3,3.6,12.2,0.8,6.7,0.17,0.44,6.4,2018
1897,Drew Eubanks,San,F,22.19,23,4.9,10.3,15.4,20.1,13,0.846,26,0.577,0,0,0.646,1.8,1.5,16.3,0.3,8.3,0.09,0.22,7.6,2018
1898,Jacob Evans,Gol,G,21.81,30,6.8,14.1,13.5,17.1,1,0,38,0.368,15,0.267,0.374,1.3,0.8,6.6,0.8,13.7,0.17,0.1,5.5,2018
1899,Jawun Evans,Pho,G,22.71,7,9.1,19,12.8,31.6,0,0,11,0.273,2,0,0.231,0.9,1.7,10.4,1.4,20.1,0.43,0,5.7,2018
1900,Jawun Evans,Okc,G,22.71,1,0.6,1.3,67.9,0,0,0,0,0,1,0,0,0,0,0,0,0,0,0,0,2018
1901,Tyreke Evans,Ind,G,29.56,69,20.3,42.3,26.5,14,160,0.719,444,0.405,216,0.356,0.483,10.2,2.9,8,2.4,17.5,0.83,0.28,8.2,2018
1902,Dante Exum,Uta,G,23.75,42,15.8,32.9,21.2,15.8,86,0.791,177,0.469,62,0.29,0.52,6.9,1.6,5.5,2.6,24.1,0.33,0.12,7.8,2018
1903,Kenneth Faried,Bro,F-C,29.39,12,9.8,20.4,19.6,10.9,16,0.625,37,0.649,5,0.2,0.622,5.1,3.7,19.6,0.2,2.8,0.17,0.33,6.4,2018
1904,Kenneth Faried,Hou,F-C,29.39,25,24.4,50.9,20.4,9.4,83,0.651,203,0.611,20,0.35,0.622,12.9,8.3,18.8,0.7,4.9,0.6,0.76,6.9,2018
1905,Derrick Favors,Uta,F-C,27.74,76,23.2,48.4,19.4,10.5,228,0.675,541,0.64,78,0.218,0.624,11.8,7.4,17.2,1.2,8,0.74,1.39,8.1,2018
1906,Cristiano Felicio,Chi,F-C,26.76,60,12.4,25.9,14.3,13.9,73,0.685,175,0.543,4,0,0.568,4,3.7,15.9,0.6,7.2,0.18,0.12,6.7,2018
1907,Raymond Felton,Okc,G,34.79,33,11.5,24,16.6,9,13,0.923,74,0.473,61,0.328,0.505,4.3,1,4.6,1.6,18.6,0.3,0.18,6.6,2018
1908,Terrance Ferguson,Okc,G,20.9,74,26.1,54.4,10.6,9.6,51,0.725,141,0.56,290,0.366,0.566,6.9,1.9,3.8,1,4.8,0.54,0.22,3.6,2018
1909,Yogi Ferrell,Sac,G,25.92,71,15,31.3,16.2,9.3,67,0.896,202,0.49,149,0.362,0.552,5.9,1.5,5.2,1.9,17,0.51,0.06,6.8,2018
1910,Dorian Finney-Smith,Dal,F,25.94,81,24.5,51.1,14,11.4,103,0.709,274,0.544,254,0.311,0.53,7.5,4.8,10.5,1.2,6.9,0.86,0.46,5.7,2018
1911,Bryn Forbes,San,G,25.72,82,28,58.2,17.4,8.8,78,0.885,379,0.488,413,0.426,0.585,11.8,2.9,5.7,2.1,10.6,0.55,0.05,5.9,2018
1912,Evan Fournier,Orl,G-F,26.45,81,31.5,65.7,22.1,11.9,170,0.806,619,0.509,450,0.34,0.536,15.1,3.2,5.4,3.6,17.6,0.89,0.15,7.1,2018
1913,De'Aaron Fox,Sac,G,21.31,81,31.4,65.5,24.5,15,417,0.727,870,0.482,232,0.371,0.544,17.3,3.8,6.2,7.3,33.2,1.64,0.56,10,2018
1914,Melvin Frazier Jr.,Orl,G-F,22.61,10,4.4,9.3,23.3,4.2,4,0.25,15,0.467,6,0,0.33,1.5,0.5,6,0.1,3.3,0.1,0,3.8,2018
1915,Tim Frazier,Nor,G,28.44,47,19.3,40.3,12.3,21.7,41,0.78,118,0.517,77,0.351,0.552,5,2.9,7.8,4.4,28,0.53,0.09,8.3,2018
1916,Tim Frazier,Mil,G,28.44,12,17.6,36.6,17.4,18.2,13,0.692,42,0.429,24,0.417,0.523,6.3,2.6,7.5,3.5,26,0.42,0.08,8.8,2018
1917,Jimmer Fredette,Pho,G,30.12,6,10.8,22.5,24.3,13.6,6,1,16,0.5,13,0,0.348,3.7,1.2,6,1.3,17.5,0.5,0,6.6,2018
1918,Channing Frye,Cle,F-C,35.9,36,9.5,19.7,17.5,9.5,14,0.786,38,0.289,79,0.405,0.524,3.6,1.4,8.5,0.6,8.6,0.17,0.14,6.1,2018
1919,Markelle Fultz,Phi,G,20.87,19,22.5,46.8,19.3,12.7,37,0.568,141,0.433,14,0.286,0.452,8.2,3.6,8.6,3.1,19.5,0.95,0.26,8,2018
1920,Danilo Gallinari,Lac,F,30.67,68,30.3,63.1,23.8,8.4,406,0.904,511,0.485,373,0.432,0.633,19.8,6.1,10.8,2.6,13.2,0.72,0.34,9,2018
1921,Langston Galloway,Det,G,27.34,80,21.8,45.5,16.1,3.7,96,0.844,206,0.451,381,0.354,0.534,8.4,2.1,5.3,1.1,7.3,0.46,0.1,4.9,2018
1922,Billy Garrett,Nyk,G,24.49,4,15.9,33,20.7,6.5,4,1,19,0.579,8,0,0.452,6.5,0.8,2.5,1.8,17.8,0.25,0.25,5.3,2018
1923,Marc Gasol,Mem,C,34.2,53,33.7,70.3,22.2,13.4,201,0.756,462,0.491,221,0.344,0.541,15.7,8.6,14.3,4.7,22.6,1.13,1.21,10.2,2018
1924,Marc Gasol,Tor,C,34.2,26,24.9,51.9,16.3,14.6,52,0.769,135,0.474,52,0.442,0.565,9.1,6.7,14.4,3.9,21.2,0.92,0.88,10,2018
1925,Pau Gasol,San,C-F,38.76,27,12.2,25.5,15.8,11.8,38,0.711,78,0.462,10,0.5,0.544,4.2,4.7,21,1.9,20.2,0.19,0.52,11,2018
1926,Pau Gasol,Mil,C-F,38.76,3,10.1,21.1,12.2,22.5,2,0.5,3,0,3,0.333,0.291,1.3,3.3,16.7,0.7,7.6,0,0.33,5.7,2018
1927,Rudy Gay,San,F,32.65,69,26.7,55.6,22.1,12.2,147,0.816,562,0.537,184,0.402,0.583,13.7,6.8,13.9,2.6,14.7,0.78,0.49,9.3,2018
1928,Paul George,Okc,F,28.94,77,36.9,76.9,29.5,10,539,0.84,856,0.485,757,0.386,0.583,28,8.1,11.4,4.1,17.7,2.21,0.44,10.6,2018
1929,Taj Gibson,Min,F,33.8,70,24.1,50.2,17.1,10.6,177,0.757,503,0.583,34,0.324,0.612,10.8,6.5,14.5,1.2,7.3,0.76,0.56,7.3,2018
1930,Harry Giles III,Sac,F-C,20.97,58,14.1,29.5,23.2,15.8,91,0.637,342,0.512,6,0,0.526,7,3.8,14,1.5,15.2,0.53,0.38,9.7,2018
1931,Shai Gilgeous-Alexander,Lac,G,20.75,82,26.5,55.2,18.3,15,195,0.8,577,0.503,139,0.367,0.554,10.8,2.8,5.6,3.3,17.8,1.18,0.55,7,2018
1932,Rudy Gobert,Uta,C,26.79,81,31.8,66.3,17.8,12.1,522,0.636,712,0.669,0,0,0.682,15.9,12.8,21.8,2,9.6,0.81,2.3,9.3,2018
1933,Brandon Goodwin,Den,G,23.52,16,3.6,7.4,23.1,9.7,11,0.818,17,0.235,6,0.333,0.413,1.4,0.2,2.8,0.9,32,0,0,7,2018
1934,Aaron Gordon,Orl,F,23.57,78,33.8,70.3,21.8,12.3,253,0.731,699,0.499,347,0.349,0.538,16,7.3,11.7,3.7,16.6,0.73,0.72,8.9,2018
1935,Eric Gordon,Hou,G,30.29,68,31.7,66.1,22,8.2,152,0.783,338,0.497,600,0.36,0.549,16.2,2.2,3.8,1.9,9.4,0.6,0.4,5.1,2018
1936,Marcin Gortat,Lac,C,35.15,47,16,33.3,14.5,19.4,48,0.729,186,0.532,0,0,0.562,5,5.6,18.5,1.4,12,0.13,0.51,8.5,2018
1937,Devonte' Graham,Cha,G,24.13,46,14.7,30.6,17,11.3,46,0.761,95,0.421,121,0.281,0.459,4.7,1.4,5,2.6,24.6,0.5,0.04,7,2018
1938,Treveon Graham,Bro,F,25.45,35,20.4,42.6,12.8,7.8,22,0.818,63,0.413,128,0.297,0.458,5.3,3,7.8,1,6.5,0.37,0.2,4.9,2018
1939,Donte Grantham,Okc,F,24.06,3,0.8,1.7,33.9,0,0,0,0,0,2,0,0,0,0,0,0,0,0,0,0,2018
1940,Jerami Grant,Okc,F,25.08,80,32.7,68,15.4,6.8,221,0.71,530,0.555,293,0.392,0.592,13.6,5.2,8.2,1,4.2,0.76,1.25,5.1,2018
1941,Jerian Grant,Orl,G,26.5,60,15.6,32.6,13.4,17.7,40,0.65,110,0.473,110,0.364,0.526,4.2,1.7,5.6,2.6,22.4,0.73,0.1,6.8,2018
1942,Danny Green,Tor,G-F,31.8,80,27.7,57.7,14,10.4,44,0.841,195,0.487,434,0.456,0.633,10.3,4,7.7,1.6,7.7,0.91,0.66,5.8,2018
1943,Draymond Green,Gol,F,29.1,66,31.3,65.2,13.1,26.8,91,0.692,257,0.549,165,0.285,0.526,7.4,7.3,12.4,6.9,26.8,1.44,1.08,9.2,2018
1944,Gerald Green,Hou,G-F,33.21,73,20.2,42,19.5,8.2,68,0.838,137,0.547,441,0.354,0.555,9.2,2.5,6.8,0.5,4.1,0.45,0.37,4.5,2018
1945,JaMychal Green,Mem,F,28.81,41,21.9,45.7,20.4,15.6,80,0.788,216,0.523,96,0.396,0.58,9.8,6.1,15.7,0.9,6.5,0.8,0.63,6.9,2018
1946,JaMychal Green,Lac,F,28.81,24,19.6,40.9,17.6,11.7,21,0.81,84,0.548,80,0.413,0.6,8.7,6.6,17.8,0.6,4.3,0.46,0.33,6.6,2018
1947,Jeff Green,Was,F,32.62,77,27.2,56.7,17.8,11.5,206,0.888,367,0.586,320,0.347,0.608,12.3,4,8,1.8,9.2,0.56,0.52,6.6,2018
1948,Blake Griffin,Det,F,30.07,75,35,72.8,30.2,13.8,550,0.753,819,0.525,522,0.362,0.581,24.5,7.5,11.8,5.4,27.1,0.69,0.37,11.4,2018
1949,Daniel Hamilton,Atl,G-F,23.67,19,10.7,22.4,15.7,20.3,6,0.5,37,0.405,23,0.348,0.455,3,2.5,12.1,1.2,14.5,0.32,0.05,7.8,2018
1950,Dusty Hannahs,Mem,G,25.61,2,13,27,23.9,7.2,2,1,7,0.429,5,0,0.311,4,0.5,2.2,2.5,28.9,0.5,0,5.3,2018
1951,Tim Hardaway Jr.,Nyk,G,27.07,46,32.6,67.9,25.9,8.9,233,0.854,389,0.424,337,0.347,0.531,19.1,3.5,5.6,2.7,13.5,0.91,0.13,6.9,2018
1952,Tim Hardaway Jr.,Dal,G,27.07,19,29.3,61.1,23.9,7.7,43,0.767,127,0.496,140,0.321,0.514,15.5,3.2,5.9,1.9,10.9,0.58,0.11,6.2,2018
1953,James Harden,Hou,G,29.63,78,36.8,76.6,40.5,14.5,858,0.879,881,0.528,1028,0.368,0.616,36.1,6.6,10,7.5,39.5,2.05,0.73,13.2,2018
1954,Maurice Harkless,Por,F,25.92,60,23.6,49.1,13.9,9.7,73,0.671,268,0.582,120,0.275,0.547,7.7,4.5,10.1,1.2,7.1,1.12,0.92,5.9,2018
1955,Montrezl Harrell,Lac,F-C,25.21,82,26.3,54.8,23.5,11,414,0.643,871,0.623,17,0.176,0.636,16.6,6.5,13.2,2,12.5,0.85,1.34,9.1,2018
1956,Devin Harris,Dal,G,36.12,68,15.7,32.8,18.5,12.1,134,0.761,147,0.476,200,0.31,0.527,6.3,1.6,5.6,1.8,16.7,0.51,0.24,6.7,2018
1957,Gary Harris,Den,G,24.57,57,28.8,59.9,20,8.7,144,0.799,394,0.477,242,0.339,0.527,12.9,2.8,5.2,2.2,11,0.96,0.33,6,2018
1958,Joe Harris,Bro,G-F,27.59,76,30.2,62.9,17,13,133,0.827,363,0.526,386,0.474,0.645,13.7,3.9,6.7,2.4,11.9,0.49,0.22,6.7,2018
1959,Andrew Harrison,Mem,G,24.47,1,4.5,9.4,19.9,0,0,0,1,1,1,0,0.5,2,0,0,0,0,0,0,0,2018
1960,Andrew Harrison,Cle,G,24.47,10,14.4,29.9,17,17.8,16,1,25,0.36,14,0.214,0.467,4.3,1.5,5.8,1.7,16.3,0.4,0.2,6.2,2018
1961,Andrew Harrison,Nor,G,24.47,6,6.3,13,16.3,13.4,2,0.5,2,0.5,10,0.2,0.349,1.5,0.8,6.9,1.2,22.6,0,0,7.2,2018
1962,Shaquille Harrison,Chi,G,25.51,73,19.6,40.8,16.5,11.1,123,0.667,337,0.475,89,0.27,0.494,6.5,3,8.4,1.9,14.1,1.22,0.41,6.8,2018
1963,Tobias Harris,Lac,F,26.74,55,34.6,72.1,23.5,10.3,219,0.877,596,0.523,258,0.434,0.606,20.9,7.8,12,2.7,12.5,0.73,0.44,8.8,2018
1964,Tobias Harris,Phi,F,26.74,27,35,72.9,21.3,8.8,88,0.841,264,0.542,135,0.326,0.562,18.2,7.9,11.9,2.9,12.6,0.41,0.48,8.5,2018
1965,Isaiah Hartenstein,Hou,F-C,20.93,28,7.9,16.5,11.8,21.6,14,0.786,35,0.514,6,0.333,0.562,1.9,1.7,11.7,0.5,9.4,0.25,0.43,5.9,2018
1966,Josh Hart,Lal,G,24.1,67,25.6,53.3,13.5,10.4,80,0.688,190,0.511,274,0.336,0.526,7.8,3.7,7.4,1.4,6.9,0.96,0.6,5.4,2018
1967,Udonis Haslem,Mia,F,38.84,10,7.5,15.5,21.7,7.9,4,0.75,21,0.524,12,0,0.36,2.5,2.7,19.3,0.2,4,0,0,5.9,2018
1968,Gordon Hayward,Bos,F,29.05,72,25.9,53.9,19,12.8,187,0.834,404,0.542,231,0.333,0.575,11.5,4.5,9.3,3.4,18.4,0.82,0.32,8.7,2018
1969,John Henson,Mil,F,28.29,14,13.5,28,18.5,14.4,10,0.6,36,0.556,31,0.355,0.553,5.6,5.1,19.1,1,10.1,0.5,0.79,9.1,2018
1970,Juancho Hernangomez,Den,F,23.54,70,19.4,40.4,12.2,9.5,86,0.767,132,0.545,181,0.365,0.581,5.8,3.8,10.6,0.8,5.3,0.39,0.36,5.4,2018
1971,Willy Hernangomez,Cha,C,24.87,58,14,29.2,22.2,13.9,144,0.694,257,0.537,39,0.385,0.586,7.3,5.4,20.7,1,11.5,0.28,0.36,9.7,2018
1972,Mario Hezonja,Nyk,F,24.12,58,20.8,43.3,21.3,14.6,114,0.763,312,0.478,152,0.276,0.497,8.8,4.1,10.4,1.5,11.5,0.98,0.14,7.3,2018
1973,Isaiah Hicks,Nyk,F,24.72,3,10.8,22.4,14.8,8.9,5,0.8,8,0.5,0,0,0.588,4,2.3,11.3,0.7,9.3,0.33,1,6.9,2018
1974,Buddy Hield,Sac,G,25.32,82,31.9,66.4,25.2,9.2,193,0.886,709,0.487,651,0.427,0.587,20.7,5,8.1,2.5,11.9,0.71,0.39,8,2018
1975,Haywood Highsmith,Phi,F,22.34,5,8,16.6,12.5,8.4,2,0,5,0.6,5,0.2,0.414,1.8,1,6.7,0.4,6.6,0.2,0,4.5,2018
1976,George Hill,Cle,G,32.94,13,26.5,55.2,17.2,14.7,20,0.85,79,0.532,28,0.464,0.604,10.8,2.1,4.4,2.8,16.2,0.92,0.08,6,2018
1977,George Hill,Mil,G,32.94,47,20.4,42.5,14.4,9.4,65,0.815,144,0.556,125,0.28,0.534,6.8,2.6,6.5,2.1,13.3,0.83,0.15,6.5,2018
1978,Solomon Hill,Nor,F,28.07,44,20,41.6,10.4,13.9,32,0.719,77,0.468,101,0.317,0.497,4.3,3,7.9,1.3,7.6,0.52,0.23,5.1,2018
1979,Aaron Holiday,Ind,G,22.53,50,12.9,26.9,21.9,12.3,50,0.82,135,0.459,127,0.339,0.518,5.9,1.3,5.7,1.7,19.3,0.4,0.26,7.3,2018
1980,Jrue Holiday,Nor,G,28.83,67,35.8,74.7,25.5,14.2,271,0.768,796,0.539,363,0.325,0.555,21.2,5,7.2,7.7,31.8,1.64,0.81,10.4,2018
1981,Justin Holiday,Chi,G,30.02,38,34.9,72.6,15.2,10.2,46,0.891,124,0.435,270,0.359,0.531,11.6,4.4,6.9,2.2,9.1,1.74,0.58,5.5,2018
1982,Justin Holiday,Mem,F-G,30.02,44,29.1,60.7,16.3,12.2,60,0.9,188,0.447,195,0.333,0.509,9.5,3.5,6.7,1.4,7.1,1.23,0.34,4.9,2018
1983,John Holland,Cle,G,30.43,1,0.7,1.5,0,,0,0,0,0,0,0,,0,0,0,0,0,0,0,0,2018
1984,Rondae Hollis-Jefferson,Bro,F,24.27,59,20.9,43.6,21.6,10.7,183,0.645,438,0.436,49,0.184,0.464,8.9,5.3,13.2,1.6,11.7,0.75,0.46,8.1,2018
1985,Richaun Holmes,Pho,F-C,25.49,70,16.9,35.2,17.9,10.5,175,0.731,365,0.608,0,0,0.647,8.2,4.7,15.5,0.9,7.9,0.6,1.13,7.7,2018
1986,Rodney Hood,Cle,G,26.47,45,27.4,57.1,19.1,6.7,114,0.912,302,0.46,152,0.362,0.542,12.2,2.5,5,2,11.5,0.84,0.11,5.7,2018
1987,Rodney Hood,Por,G,26.47,27,24.4,50.8,16.3,7.5,41,0.805,133,0.519,84,0.345,0.549,9.6,1.6,3.6,1.3,7.1,0.81,0.22,4.4,2018
1988,Al Horford,Bos,F-C,32.86,68,29,60.4,19,11.8,97,0.825,520,0.604,203,0.36,0.605,13.6,6.7,12.4,4.1,21.1,0.85,1.26,9.9,2018
1989,Danuel House Jr.,Hou,F-G,25.84,39,25.1,52.3,14.1,11,71,0.789,74,0.595,178,0.416,0.646,9.4,3.6,7.9,1,5.9,0.54,0.28,5.2,2018
1990,Dwight Howard,Was,C,33.34,9,25.5,53.1,19.6,15.1,48,0.604,69,0.623,0,0,0.638,12.8,9.2,19.6,0.4,2.6,0.78,0.44,5.7,2018
1991,Kevin Huerter,Atl,G,20.62,75,27.3,56.9,15.7,13.8,56,0.732,304,0.457,354,0.384,0.532,9.7,3.3,6.3,2.9,14.5,0.88,0.33,6.6,2018
1992,Isaac Humphries,Atl,C,21.26,5,11.3,23.5,15.1,0,0,0,10,0.3,11,0.273,0.357,3,2.2,10.2,0,0,0.2,0,0,2018
1993,RJ Hunter,Bos,G,25.46,1,25.7,53.5,23.3,0,2,0.5,3,0.667,10,0.4,0.612,17,3,6.2,3,18.3,1,0,8.3,2018
1994,Chandler Hutchison,Chi,F,22.96,44,20.3,42.4,12.2,10,38,0.605,159,0.516,50,0.28,0.507,5.2,4.2,11.2,0.8,5.3,0.52,0.14,5.1,2018
1995,Serge Ibaka,Tor,F-C,29.56,74,27.2,56.6,22.8,10.6,177,0.763,708,0.586,169,0.29,0.582,15,8.1,16.1,1.3,7.7,0.39,1.38,7.9,2018
1996,Andre Iguodala,Gol,G-F,35.2,68,23.2,48.3,10.4,13.6,67,0.582,158,0.652,144,0.333,0.587,5.7,3.7,8.5,3.2,16.8,0.9,0.75,7,2018
1997,Ersan Ilyasova,Mil,F,31.91,67,18.4,38.3,15.7,10.2,74,0.824,221,0.493,160,0.363,0.548,6.8,4.5,12.4,0.8,5.5,0.48,0.3,6.3,2018
1998,Joe Ingles,Uta,F,31.52,82,31.3,65.2,17.5,18.4,123,0.707,319,0.533,483,0.391,0.581,12.1,4,7,5.7,26.1,1.18,0.24,8.3,2018
1999,Andre Ingram,Lal,G,33.39,4,3.7,7.6,19.9,14.3,0,0,3,0,3,0,0,0,0.5,7.1,0,0,0.25,0,0,2018
2000,Brandon Ingram,Lal,F,21.61,52,33.9,70.5,23.2,13.2,289,0.675,634,0.522,94,0.33,0.555,18.3,5.2,7.9,3,12.9,0.54,0.6,7.8,2018
2001,Kyrie Irving,Bos,G,27.05,67,33,68.8,29.6,11.3,245,0.873,807,0.533,434,0.401,0.592,23.8,5,8.1,6.9,35,1.55,0.51,11.4,2018
2002,Jonathan Isaac,Orl,F,21.52,75,26.6,55.5,16.3,10.2,135,0.815,345,0.51,266,0.323,0.537,9.6,5.5,11,1.1,5.7,0.79,1.29,5.8,2018
2003,Wes Iwundu,Orl,F,24.31,68,18.1,37.8,12.8,12.1,103,0.816,195,0.431,79,0.367,0.531,5,2.7,8,1.1,7.9,0.41,0.32,5.4,2018
2004,Jaren Jackson Jr.,Mem,F-C,19.57,58,26.1,54.4,22.8,12.7,197,0.766,448,0.551,142,0.359,0.59,13.8,4.7,10.1,1.1,7.3,0.9,1.41,6.4,2018
2005,Demetrius Jackson,Phi,G,24.59,6,6.6,13.7,18.8,5.6,4,1,9,0.667,6,0.333,0.656,3.7,0.5,4,0.8,19.2,0.33,0,6.9,2018
2006,Frank Jackson,Nor,G,20.94,61,19.2,39.9,18.5,8.9,73,0.74,278,0.507,170,0.312,0.515,8.1,2.2,5.9,1.1,8,0.41,0.03,5.6,2018
2007,Josh Jackson,Pho,F,22.16,79,25.2,52.4,23.9,15.6,213,0.671,616,0.445,225,0.324,0.487,11.5,4.4,9.7,2.3,14.1,0.92,0.71,7.7,2018
2008,Justin Jackson,Sac,F,24.04,52,20.8,43.4,12.9,6.5,50,0.82,136,0.515,159,0.346,0.546,6.7,2.8,7,1.3,8,0.44,0.25,5.6,2018
2009,Justin Jackson,Dal,F,24.04,29,18.3,38.1,17,3.3,29,0.724,104,0.577,86,0.372,0.584,8.2,2.3,6.7,1,8.4,0.31,0.03,5.8,2018
2010,Reggie Jackson,Det,G,28.99,82,27.9,58.2,24.5,11.4,236,0.864,576,0.464,471,0.369,0.547,15.4,2.6,5.1,4.2,24.7,0.66,0.11,7.9,2018
2011,LeBron James,Lal,F,34.28,55,35.2,73.4,31.6,13.3,418,0.665,768,0.582,327,0.339,0.588,27.4,8.4,12.3,8.3,39.4,1.31,0.6,14.1,2018
2012,Amile Jefferson,Orl,F,25.93,12,5.7,11.9,13.1,4.9,8,0.875,16,0.625,0,0,0.692,2.3,1.8,16.5,0.3,6.3,0.25,0.25,7.5,2018
2013,John Jenkins,Was,G,28.1,4,3.6,7.4,5.9,0,0,0,0,0,2,1,1.5,1.5,0.3,3.8,0.3,9.6,0,0,5.7,2018
2014,John Jenkins,Nyk,G,28.1,22,14.5,30.2,16.1,7.5,18,0.833,46,0.435,57,0.351,0.518,5.2,1.6,5.9,1,9.9,0,0.09,5.6,2018
2015,Jonas Jerebko,Gol,F,32.11,73,16.7,34.8,15.2,9.9,80,0.8,167,0.563,188,0.367,0.588,6.3,3.9,12.6,1.3,10.1,0.37,0.25,7.6,2018
2016,Alize Johnson,Ind,F,22.97,14,4.6,9.6,13.2,0,8,0.5,14,0.214,2,0.5,0.333,0.9,1.4,16.3,0.1,1.9,0.07,0.21,4.4,2018
2017,Amir Johnson,Phi,C-F,31.95,51,10.4,21.6,17.4,20.5,41,0.756,117,0.573,40,0.3,0.574,3.9,2.9,14.6,1.2,15.9,0.31,0.27,9.2,2018
2018,BJ Johnson,Atl,F,23.31,6,7.2,15,17.7,10.6,2,1,10,0.5,6,0.5,0.622,3.5,1.3,9.7,0,0,0.33,0,0,2018
2019,BJ Johnson,Sac,F,23.31,1,6.1,12.7,13.5,0,0,0,1,1,1,0,0.5,2,0,0,0,0,0,0,0,2018
2020,James Johnson,Mia,F,32.14,55,21.2,44.1,17.8,15.3,70,0.714,230,0.496,149,0.336,0.522,7.8,3.2,8,2.5,17,0.64,0.49,7.5,2018
2021,Stanley Johnson,Det,F,22.87,48,20,41.7,19.1,12.9,51,0.804,168,0.488,181,0.282,0.482,7.5,3.6,9.9,1.3,9.4,1,0.27,6.5,2018
2022,Stanley Johnson,Nor,F,22.87,18,13.7,28.6,20.4,21.2,13,0.692,57,0.474,34,0.324,0.496,5.3,2.3,8.8,1.6,15.1,0.67,0.06,7.9,2018
2023,Tyler Johnson,Mia,G,26.93,44,25.5,53.2,19.2,12.5,88,0.693,197,0.503,204,0.353,0.54,10.8,2.7,5.6,2.5,14.8,0.91,0.48,6.6,2018
2024,Tyler Johnson,Pho,G,26.93,13,31.2,65,16.5,9,39,0.872,69,0.406,56,0.321,0.506,11.1,4,7.1,4.2,18.6,1.08,0.46,7.3,2018
2025,Wesley Johnson,Nor,F-G,31.75,26,14.5,30.2,11.2,10.7,9,0.667,38,0.421,50,0.38,0.517,3.7,2.1,7.4,0.6,5.2,0.46,0.27,4.6,2018
2026,Wesley Johnson,Was,F-G,31.75,12,13.1,27.2,13.6,11.9,10,0.7,14,0.286,26,0.231,0.372,2.8,1.5,6.2,0.6,5.6,0.17,0.42,4.2,2018
2027,Nikola Jokic,Den,C,24.14,80,31.3,65.2,27.4,15.4,352,0.821,936,0.569,270,0.307,0.589,20.1,10.8,18.7,7.3,37.1,1.35,0.69,14.9,2018
2028,Derrick Jones Jr.,Mia,F-G,22.15,60,19.2,40.1,15.6,10,122,0.607,234,0.564,91,0.308,0.557,7,4,11.1,0.6,4.7,0.77,0.7,5.3,2018
2029,Damian Jones,Gol,C,23.78,24,17.1,35.6,11.1,15.1,37,0.649,74,0.716,0,0,0.72,5.4,3.1,9.8,1.2,8.7,0.5,1.04,6.4,2018
2030,Jalen Jones,Cle,F,25.87,16,13.4,27.9,16.7,9.8,27,0.704,34,0.471,28,0.357,0.548,5.1,2.1,8.6,0.4,4.8,0.56,0.13,4.8,2018
2031,Jemerrio Jones,Lal,F,24.01,6,23.9,49.7,11.3,12.9,2,0.5,23,0.435,10,0.2,0.398,4.5,8.2,17.7,2.2,11.4,1.17,1,7.2,2018
2032,Terrence Jones,Hou,F,27.25,2,2.6,5.3,46.3,18.4,1,0,2,0.5,2,0,0.225,1,2,43.4,0,0,0,0,0,2018
2033,Tyus Jones,Min,G,22.92,68,22.9,47.8,14.1,9,69,0.841,320,0.453,126,0.317,0.491,6.9,2,4.6,4.8,28.2,1.19,0.07,7.1,2018
2034,DeAndre Jordan,Dal,C,30.72,50,31.1,64.8,14.4,21.3,198,0.682,323,0.644,0,0,0.672,11,13.7,23.6,2,9.5,0.64,1.06,8.6,2018
2035,DeAndre Jordan,Nyk,C,30.72,19,26,54.1,16.8,21.6,66,0.773,123,0.634,0,0,0.681,10.9,11.3,22.8,3,18.2,0.47,1.05,11,2018
2036,Cory Joseph,Ind,G,27.64,82,25.2,52.4,13.7,12.4,43,0.698,377,0.454,171,0.322,0.474,6.5,3.4,7.5,3.9,20.7,1.13,0.27,7,2018
2037,Frank Kaminsky,Cha,F-C,26.02,47,16.1,33.5,22.1,10.6,107,0.738,160,0.55,139,0.36,0.585,8.6,3.5,11.7,1.3,12.9,0.26,0.28,8.4,2018
2038,Enes Kanter,Nyk,C,26.89,44,25.6,53.4,22.9,13.1,129,0.814,446,0.547,22,0.318,0.585,14,10.5,21.4,1.9,13.1,0.41,0.41,10.2,2018
2039,Enes Kanter,Por,C,26.89,23,22.2,46.3,23.4,13.7,68,0.735,203,0.596,12,0.25,0.614,13.1,8.6,20.6,1.4,9.9,0.61,0.39,9.7,2018
2040,Luke Kennard,Det,G,22.8,63,22.8,47.5,18.1,9.4,61,0.836,251,0.486,269,0.394,0.56,9.7,2.9,7,1.8,12.3,0.41,0.14,6.5,2018
2041,Michael Kidd-Gilchrist,Cha,F,25.54,64,18.4,38.4,15.7,10,123,0.772,285,0.498,47,0.34,0.553,6.7,3.8,11.3,1,7.4,0.5,0.61,6.4,2018
2042,George King,Pho,F,25.24,1,5.9,12.3,0,,0,0,0,0,0,0,,0,1,9.4,0,0,0,0,0,2018
2043,Maxi Kleber,Dal,F,27.2,71,21.2,44.1,13.5,11.4,74,0.784,168,0.583,218,0.353,0.579,6.8,4.6,11.7,1,6.8,0.51,1.11,5.9,2018
2044,Brandon Knight,Hou,G,27.36,12,9.8,20.5,20.9,8.8,11,0.818,15,0.4,32,0.156,0.347,3,0.8,4.2,0.8,10.6,0.17,0,5.1,2018
2045,Brandon Knight,Cle,G,27.36,27,22.9,47.7,17.5,10.1,23,0.783,116,0.448,97,0.371,0.515,8.5,1.9,4.5,2.3,15.1,0.7,0.07,5.8,2018
2046,Kevin Knox,Nyk,F,19.67,75,28.8,59.9,22.4,10.2,226,0.717,551,0.387,364,0.343,0.475,12.8,4.5,8.2,1.1,6,0.56,0.32,5.5,2018
2047,Furkan Korkmaz,Phi,G-F,21.72,48,14.2,29.5,17.9,8.6,44,0.818,101,0.505,144,0.326,0.528,5.8,2.3,8.4,1.1,10.7,0.6,0.04,6.9,2018
2048,Luke Kornet,Nyk,F-C,23.74,46,17,35.5,17.9,7.6,46,0.826,90,0.411,193,0.363,0.531,7,2.9,9,1.2,10.5,0.59,0.91,6.8,2018
2049,Kyle Korver,Cle,G-F,38.07,16,15.7,32.7,17.4,17,16,0.813,22,0.455,54,0.463,0.65,6.8,1.8,6.4,1.1,10.1,0.19,0.13,6.1,2018
2050,Kyle Korver,Uta,G-F,38.07,54,20,41.8,18.7,8.9,57,0.825,113,0.469,294,0.384,0.569,9.1,2.5,6.7,1.2,8.6,0.41,0.19,6,2018
2051,Kosta Koufos,Sac,C,30.13,42,11.9,24.9,15.7,14.2,24,0.417,153,0.477,0,0,0.477,3.7,4.2,18.2,0.9,9.5,0.36,0.43,8.1,2018
2052,Rodions Kurucs,Bro,F,21.18,63,20.5,42.8,18.4,13.6,92,0.783,265,0.543,184,0.315,0.545,8.5,3.9,10,0.8,6,0.67,0.43,5.8,2018
2053,Kyle Kuzma,Lal,F,23.72,70,33.1,68.9,23.8,9.9,250,0.752,665,0.553,422,0.303,0.546,18.7,5.5,8.5,2.5,11.5,0.57,0.37,7.7,2018
2054,Skal Labissiere,Sac,F,23.06,13,8.7,18.2,15.3,16.7,11,0.545,19,0.474,11,0.364,0.517,2.8,1.8,10.9,0.5,6.8,0.15,0.23,6.3,2018
2055,Skal Labissiere,Por,F,23.06,9,7,14.6,17.1,15.6,6,0.5,17,0.647,2,1,0.716,3.4,2.1,16,0.6,11.8,0.33,0.33,9.3,2018
2056,Jeremy Lamb,Cha,G,26.86,79,28.5,59.3,22.5,6.8,260,0.888,648,0.488,330,0.348,0.553,15.3,5.5,10.4,2.2,11.9,1.11,0.41,8,2018
2057,Zach LaVine,Chi,G,24.09,63,34.5,71.8,30.5,14.2,375,0.832,814,0.504,321,0.374,0.574,23.7,4.7,7.4,4.5,22.6,0.95,0.41,9.2,2018
2058,Jake Layman,Por,F,25.1,71,18.7,38.9,15.9,9.2,71,0.704,243,0.646,181,0.326,0.594,7.6,3.1,8.7,0.7,5.6,0.44,0.42,5.4,2018
2059,TJ Leaf,Ind,F,21.95,58,9,18.7,17.5,5.8,31,0.613,152,0.599,31,0.258,0.572,3.9,2.2,13.4,0.4,6.9,0.17,0.33,6.7,2018
2060,Courtney Lee,Nyk,G,33.52,12,13.4,27.8,15.5,8.6,14,0.643,31,0.516,16,0.313,0.527,4.7,2.3,8.8,1.3,15.1,0.67,0.17,7.2,2018
2061,Courtney Lee,Dal,G,33.52,22,12.2,25.4,15.1,9.6,7,0.714,43,0.488,39,0.282,0.47,3.6,1.2,5.4,1,11.4,0.59,0.05,5.3,2018
2062,Damion Lee,Gol,G,26.47,32,11.7,24.4,16.8,7.4,22,0.864,59,0.492,68,0.397,0.578,4.9,2,9.1,0.4,4.5,0.41,0,5.4,2018
2063,Walter Lemon Jr.,Chi,G,27.71,6,27.9,58.1,26.6,9.8,11,0.727,82,0.439,5,0.4,0.468,14.3,4.5,8.8,5,30.3,1.83,0.17,9.8,2018
2064,Alex Len,Atl,C,25.82,77,20.1,41.8,22.1,11.5,216,0.648,444,0.554,204,0.363,0.575,11.1,5.5,14.4,1.1,8.6,0.35,0.9,8.1,2018
2065,Kawhi Leonard,Tor,F,27.78,60,34,70.8,30.3,8.4,426,0.854,827,0.542,302,0.371,0.606,26.6,7.3,11.6,3.3,16.4,1.77,0.42,10.1,2018
2066,Meyers Leonard,Por,F-C,27.12,61,14.4,30,14.8,14,51,0.843,131,0.626,111,0.45,0.675,5.9,3.8,14.2,1.2,11.8,0.21,0.15,8.3,2018
2067,Jon Leuer,Det,F,29.91,41,9.8,20.4,16.1,15.3,31,0.742,102,0.637,12,0.083,0.611,3.8,2.4,13.2,0.3,5.5,0.29,0.1,5.7,2018
2068,Caris LeVert,Bro,G,24.63,40,26.6,55.4,24,11.4,123,0.691,330,0.482,154,0.312,0.508,13.7,3.8,7.4,3.9,23.2,1.05,0.35,8.8,2018
2069,Damian Lillard,Por,G,28.74,80,35.5,73.9,29.3,10.8,513,0.912,890,0.499,643,0.369,0.588,25.8,4.6,7,6.9,30.6,1.11,0.41,10.5,2018
2070,Jeremy Lin,Atl,G,30.63,51,19.7,41,22.6,17.6,168,0.845,254,0.535,132,0.333,0.594,10.7,2.3,6.2,3.5,26.7,0.75,0.14,9,2018
2071,Jeremy Lin,Tor,G,30.63,23,18.8,39.3,19.8,13,42,0.81,100,0.47,55,0.2,0.464,7,2.6,7.5,2.2,15.7,0.39,0.26,7.3,2018
2072,Shaun Livingston,Gol,G,33.58,64,15.1,31.5,12,14.1,51,0.784,208,0.524,2,0,0.555,4,1.8,6.5,1.8,14.8,0.48,0.42,6.2,2018
2073,Zach Lofton,Det,G,26.39,1,3.8,7.9,22.7,50,0,0,0,0,1,0,0,0,0,0,0,0,1,0,0,2018
2074,Kevon Looney,Gol,F,23.18,80,18.5,38.6,12.8,11.5,105,0.619,338,0.639,10,0.1,0.634,6.3,5.2,15.1,1.5,10.8,0.56,0.68,7.9,2018
2075,Brook Lopez,Mil,C,31.03,81,28.7,59.7,16.7,9,133,0.842,273,0.615,512,0.365,0.598,12.5,4.9,8.7,1.2,5.7,0.6,2.21,5.8,2018
2076,Robin Lopez,Chi,C,31.03,74,21.7,45.2,18.6,14,123,0.724,504,0.589,31,0.226,0.598,9.5,3.9,9.6,1.2,8.8,0.15,1.05,6.5,2018
2077,Kevin Love,Cle,F-C,30.59,22,27.2,56.6,27.4,11.2,114,0.904,136,0.412,147,0.361,0.561,17,10.9,22.2,2.2,12.8,0.27,0.27,10.9,2018
2078,Kyle Lowry,Tor,G,33.05,65,34.1,70.9,19.6,18.1,194,0.83,286,0.514,453,0.347,0.562,14.2,4.8,7.6,8.7,34.8,1.4,0.48,9.9,2018
2079,Jordan Loyd,Tor,G,25.71,12,4.6,9.5,19.5,8.1,11,0.818,10,0.4,8,0.5,0.635,2.4,0.8,8.8,0.5,15.1,0,0,8.6,2018
2080,Kalin Lucas,Det,G,29.88,1,5.6,11.7,14.5,0,2,1,0,0,1,0,0.532,2,3,29.2,1,22.3,0,0,13,2018
2081,Timothe Luwawu-Cabarrot,Okc,G-F,23.92,21,5.8,12.2,16.5,8.1,6,0.667,21,0.381,22,0.227,0.383,1.7,0.9,7.6,0.2,4.2,0.19,0.05,4.6,2018
2082,Timothe Luwawu-Cabarrot,Chi,G-F,23.92,29,18.8,39.3,16.5,7.8,35,0.771,81,0.469,94,0.33,0.515,6.8,2.7,7.9,0.8,5.8,0.52,0.24,5.2,2018
2083,Tyler Lydon,Den,F,23,25,3.7,7.8,10.7,17.2,3,0.333,8,0.625,10,0.4,0.595,0.9,0.7,10.4,0.2,8.3,0.08,0,5.4,2018
2084,Trey Lyles,Den,F,23.43,63,17.8,37,23.4,11.1,116,0.698,294,0.531,200,0.255,0.501,8.7,3.9,11.9,1.4,11.3,0.48,0.38,8.1,2018
2085,Scott Machado,Lal,G,28.84,4,4.8,10,13.9,0,1,1,5,0.6,1,1,0.776,2.5,0,0,0.8,23.2,0.25,0,0,2018
2086,Shelvin Mack,Mem,G,28.97,53,22.7,47.3,18,12.8,75,0.707,261,0.441,128,0.359,0.499,7.9,1.9,4.8,3.4,23.3,0.83,0.08,6.5,2018
2087,Shelvin Mack,Cha,G,28.97,4,10.6,22,22.4,18.2,9,0.556,12,0.167,2,0,0.251,2.3,0.5,2.6,0.3,3,0.5,0,2.6,2018
2088,Daryl Macon,Dal,G,23.37,8,11.2,23.4,17.3,16.6,7,0.571,16,0.313,11,0.455,0.482,3.6,1.5,7.1,0.9,11.2,0.13,0,6,2018
2089,J.P. Macura,Cha,G,23.85,2,8.4,17.5,23.1,0,0,0,5,0.6,4,0,0.333,3,1.5,9.6,1,18.2,0,0,7.9,2018
2090,Ian Mahinmi,Was,C,32.43,34,14.6,30.5,13,13.7,61,0.689,89,0.494,16,0.188,0.527,4.1,3.8,14.1,0.7,6.5,0.74,0.47,6.1,2018
2091,Thon Maker,Mil,F,22.12,35,11.7,24.4,16.3,5.7,37,0.541,56,0.589,78,0.333,0.546,4.7,2.7,11.9,0.5,5.8,0.29,0.51,6.3,2018
2092,Thon Maker,Det,F,22.12,29,19.4,40.5,13.7,13.4,47,0.766,59,0.458,75,0.307,0.514,5.5,3.7,10.3,0.9,6.7,0.38,1.14,5.4,2018
2093,Boban Marjanovic,Lac,C,30.65,34,11.1,23,24.6,16.9,95,0.758,138,0.616,2,0,0.666,7.1,4.5,21.4,0.6,9.3,0.29,0.5,9.6,2018
2094,Boban Marjanovic,Phi,C,30.65,22,13.9,28.9,21.7,13.9,36,0.722,112,0.634,8,0.5,0.663,8.2,5.1,19.6,1.5,17.1,0.23,0.45,11.4,2018
2095,Lauri Markkanen,Chi,F,21.89,52,32.3,67.4,25.1,8.9,195,0.872,463,0.479,332,0.361,0.553,18.7,9.1,15.3,1.4,7.2,0.71,0.63,7.7,2018
2096,Jarell Martin,Orl,F,24.88,42,7.8,16.3,15.9,9.2,11,0.818,47,0.489,57,0.351,0.528,2.7,1.7,11.9,0.4,7.8,0.07,0.19,6.3,2018
2097,Frank Mason,Sac,G,25.02,38,11.5,23.9,21.8,15.6,57,0.684,105,0.543,64,0.219,0.502,5.1,1.2,5.2,2.2,26.3,0.42,0.11,8.3,2018
2098,Yante Maten,Mia,F,22.66,2,6.5,13.5,13.2,0,0,0,3,0.333,1,0,0.25,1,1.5,12.3,0,0,0.5,0,0,2018
2099,Wesley Matthews,Dal,G-F,32.49,44,29.8,62.1,18.9,10.1,110,0.791,206,0.456,263,0.38,0.556,13.1,2.3,4.2,2.3,11.6,0.77,0.25,5.5,2018
2100,Wesley Matthews,Nyk,G-F,32.49,2,27,56.1,18.4,8.6,5,0.8,9,0.222,10,0.2,0.33,7,1.5,2.9,2.5,12.9,0.5,0.5,4.4,2018
2101,Wesley Matthews,Ind,G-F,32.49,23,31.5,65.7,15.8,11.8,48,0.854,81,0.407,130,0.369,0.541,10.9,2.8,5,2.4,10.1,0.87,0.17,5.3,2018
2102,Luc Mbah a Moute,Lac,F,32.59,4,15.3,31.8,15.4,9,5,0.4,12,0.5,6,0.333,0.495,5,1.8,6.1,0.5,4.5,0.25,0.25,4.3,2018
2103,Tahjere McCall,Bro,G,24.65,1,8,16.7,18.1,0,1,0,2,1,1,0,0.581,4,1,6.6,0,0,0,0,0,2018
2104,Patrick McCaw,Cle,G,23.46,3,17.6,36.7,9.9,25,0,0,5,0.2,4,0.25,0.278,1.7,1,3.1,0.7,4.9,0.67,0,2.4,2018
2105,Patrick McCaw,Tor,G,23.46,26,13.2,27.6,9.3,18.8,15,0.867,30,0.533,24,0.333,0.569,2.7,1.7,7,1,9.8,0.81,0.12,5,2018
2106,CJ McCollum,Por,G,27.56,70,33.9,70.7,25.5,7.4,192,0.828,798,0.506,445,0.375,0.553,21,4,6.3,3,13.8,0.79,0.39,7.5,2018
2107,T.J. McConnell,Phi,G,27.04,76,19.3,40.3,15,17.3,37,0.784,377,0.546,43,0.326,0.554,6.4,2.3,6.3,3.4,24.7,1.04,0.21,7.6,2018
2108,Doug McDermott,Ind,F,27.27,77,17.4,36.2,16.3,8.4,79,0.835,217,0.567,206,0.408,0.616,7.3,1.4,4.5,0.9,7.1,0.23,0.1,4.8,2018
2109,JaVale McGee,Lal,C,31.23,75,22.3,46.4,20.2,13.2,152,0.632,629,0.634,12,0.083,0.634,12,7.6,17.5,0.7,4.9,0.64,1.96,7.2,2018
2110,Rodney McGruder,Mia,G-F,27.7,66,23.5,48.9,15.4,11.5,72,0.722,236,0.453,227,0.348,0.508,7.6,3.6,8.2,1.7,10.3,0.53,0.2,6.1,2018
2111,Alfonzo McKinnie,Gol,F,26.56,72,13.9,29,13.9,9.2,48,0.563,158,0.582,118,0.356,0.567,4.7,3.4,13.2,0.4,4,0.26,0.21,5.3,2018
2112,Ben McLemore,Sac,G,26.16,19,8.3,17.3,19.5,6.7,12,0.667,23,0.348,41,0.415,0.541,3.9,0.9,5.6,0.2,3.4,0.32,0.16,4.3,2018
2113,Jordan McRae,Was,G,28.04,27,12.3,25.7,20.4,9.4,35,0.8,95,0.537,35,0.286,0.55,5.9,1.5,6.5,1.1,13.2,0.48,0.22,6.9,2018
2114,Jodie Meeks,Tor,G,31.64,8,13,27.1,17.1,4.8,1,1,21,0.619,18,0.444,0.647,6.4,1.5,6.2,1,11.5,0.13,0.13,6.5,2018
2115,Salah Mejri,Dal,C,32.82,36,11.1,23.1,15.8,14.3,32,0.625,78,0.564,34,0.324,0.559,3.9,3.6,17.6,1,13.2,0.28,0.75,8.7,2018
2116,De'Anthony Melton,Pho,G,20.87,50,19.7,41,15,21.8,28,0.75,161,0.441,95,0.305,0.466,5,2.7,7.5,3.2,22.3,1.36,0.46,7.1,2018
2117,Chimezie Metu,San,F,22.06,29,5,10.4,24.4,18.6,17,0.765,56,0.339,2,0,0.389,1.8,1.2,13.5,0.4,12,0.21,0.07,7.6,2018
2118,Khris Middleton,Mil,F,27.66,77,31.1,64.8,25.1,12.1,258,0.837,674,0.485,474,0.378,0.558,18.3,6,9.8,4.3,20.1,1.04,0.09,10,2018
2119,CJ Miles,Tor,F-G,32.07,40,14.1,29.3,18.8,8.5,44,0.795,69,0.391,137,0.314,0.484,5.5,1.7,6.3,0.6,5.2,0.48,0.23,5,2018
2120,CJ Miles,Mem,F-G,32.07,13,22.6,47.2,18.2,7.5,14,0.929,39,0.462,66,0.364,0.544,9.3,2.1,5.1,1.1,7.4,0.62,0.38,4.9,2018
2121,Darius Miller,Nor,F,29.06,69,25.5,53.1,13.4,10.3,71,0.789,120,0.467,364,0.365,0.55,8.2,1.8,3.7,2.1,10.4,0.58,0.33,4.9,2018
2122,Malcolm Miller,Tor,F,26.1,10,6.7,14,18.4,3.5,4,0.75,5,0.2,21,0.476,0.63,3.5,0.5,4,0.1,2.1,0.1,0.1,3.3,2018
2123,Paul Millsap,Den,F,34.16,70,27.1,56.4,19.6,10.9,249,0.727,507,0.521,159,0.365,0.569,12.6,7.2,14.5,2,10.6,1.17,0.77,8.4,2018
2124,Patty Mills,San,G,30.66,82,23.3,48.5,18.5,11.7,105,0.848,259,0.475,404,0.394,0.572,9.9,2.2,5.2,3,17.6,0.6,0.12,6.9,2018
2125,Shake Milton,Phi,G,22.54,20,13.4,27.9,15,6.2,7,0.714,43,0.465,44,0.318,0.483,4.4,1.7,6.7,0.9,9.2,0.4,0.4,5.6,2018
2126,Nikola Mirotic,Nor,F,28.16,32,28.9,60.2,21.7,7.6,101,0.842,176,0.551,231,0.368,0.591,16.7,8.3,14.8,1.1,5.3,0.66,0.78,7.4,2018
2127,Nikola Mirotic,Mil,F,28.16,14,22.9,47.7,20.4,7,23,0.87,48,0.521,87,0.356,0.562,11.6,5.4,11.9,1.4,8.6,0.71,0.64,7.8,2018
2128,Donovan Mitchell,Uta,G,22.59,77,33.7,70.3,31.6,11.3,396,0.806,1010,0.468,520,0.362,0.537,23.8,4.1,6.6,4.2,21.2,1.38,0.4,8.8,2018
2129,Naz Mitrou-Long,Uta,G,25.69,14,6,12.5,14.7,27.7,2,1,9,0.444,11,0.182,0.383,1.1,0.4,3.9,1.1,23.3,0.07,0.07,5.2,2018
2130,Malik Monk,Cha,G,21.18,73,17.2,35.9,24.5,11.9,102,0.882,256,0.461,330,0.33,0.518,8.9,1.9,5.8,1.6,14.3,0.51,0.26,7,2018
2131,Greg Monroe,Tor,C,28.85,38,11.1,23.2,22.4,14.6,61,0.574,157,0.471,4,0,0.487,4.8,4.1,19.9,0.4,5.4,0.34,0.21,7.2,2018
2132,Greg Monroe,Bos,C,28.85,2,2.4,5,44.9,0,0,0,5,0.6,0,0,0.6,3,1.5,33.3,0.5,84.2,0,0,21.8,2018
2133,Greg Monroe,Phi,C,28.85,3,17.5,36.5,23,3.5,11,0.909,22,0.636,1,1,0.736,13.7,4.3,13.1,2.3,23.2,0.33,0,11.7,2018
2134,E'Twaun Moore,Nor,G,30.12,53,27.6,57.5,17.3,9.6,59,0.763,356,0.506,176,0.432,0.567,11.9,2.4,4.5,1.9,9.5,0.75,0.15,5.5,2018
2135,Eric Moreland,Pho,F-C,27.3,1,5,10.4,0,,0,0,0,0,0,0,,0,3,33.2,0,0,0,0,0,2018
2136,Eric Moreland,Tor,F-C,27.3,4,9.6,19.9,13.5,41.7,0,0,6,0.333,1,1,0.5,1.8,4.3,23.9,1,13.2,0.25,0.25,8.2,2018
2137,Jaylen Morris,Mil,G,23.56,4,7.1,14.8,17.5,8.4,2,0.5,7,0.429,3,0.333,0.46,2.5,1.3,8.9,1,18.5,0.5,0,8.3,2018
2138,Marcus Morris,Bos,F,29.61,75,27.9,58.1,20.9,9.1,173,0.844,455,0.508,389,0.375,0.568,13.9,6.1,11.7,1.5,7.5,0.57,0.33,7.2,2018
2139,Markieff Morris,Was,F,29.61,34,26,54.1,19.5,11.5,73,0.781,184,0.516,144,0.333,0.543,11.5,5.1,10.6,1.8,9.6,0.71,0.59,7.3,2018
2140,Markieff Morris,Okc,F,29.61,24,16.1,33.6,18,4.1,19,0.737,97,0.423,59,0.339,0.475,6.5,3.8,12.1,0.8,6.8,0.46,0.08,6.7,2018
2141,Monte Morris,Den,G,23.79,82,24,50.1,17.1,6.6,81,0.802,475,0.531,227,0.414,0.577,10.4,2.4,5.3,3.6,21.7,0.89,0.05,7.5,2018
2142,Donatas Motiejunas,San,F-C,28.56,3,4.3,8.9,34,30.4,2,0,6,0.5,0,0,0.436,2,1,12.8,0.3,12.2,0,0.33,7.8,2018
2143,Johnathan Motley,Lac,F,23.94,22,7.1,14.8,28.8,15,40,0.6,70,0.557,3,0,0.563,4.6,2.3,17.3,0.5,11.7,0.23,0.14,9.8,2018
2144,Emmanuel Mudiay,Nyk,G,23.1,59,27.2,56.7,25.6,14.6,186,0.774,531,0.492,209,0.33,0.531,14.8,3.3,6.4,3.9,24.2,0.73,0.32,8.5,2018
2145,Jamal Murray,Den,G,22.13,75,32.6,68,24.9,11.1,223,0.848,759,0.476,414,0.367,0.538,18.2,4.2,7,4.8,22.3,0.89,0.36,8.8,2018
2146,Dzanan Musa,Bro,G-F,19.93,9,4.4,9.1,28.7,14.9,2,0,12,0.667,10,0.1,0.415,2.1,0.6,6.7,0.2,8.5,0.22,0,5.7,2018
2147,Mike Muscala,Phi,F-C,27.78,47,22.2,46.2,14.3,12.1,77,0.818,79,0.519,199,0.342,0.56,7.4,4.3,10.2,1.3,7.9,0.38,0.57,6.2,2018
2148,Mike Muscala,Lal,F-C,27.78,17,15.6,32.4,14.3,5.5,8,0.875,26,0.577,57,0.368,0.578,5.9,2.6,8.6,0.8,7.1,0.24,0.71,5.9,2018
2149,Svi Mykhailiuk,Lal,F,21.84,39,10.8,22.5,15.8,12.5,20,0.6,46,0.37,85,0.318,0.454,3.3,0.8,4.1,0.8,10.1,0.33,0.03,4.8,2018
2150,Svi Mykhailiuk,Det,G,21.84,3,6.6,13.8,19.6,11.1,0,0,4,0,4,0.5,0.375,2,0.7,5.5,1.3,28.8,0.33,0,7.4,2018
2151,Abdel Nader,Okc,F,25.54,61,11.4,23.7,15.1,10.1,36,0.75,115,0.513,100,0.32,0.522,4,1.9,8.6,0.3,3.8,0.33,0.2,4.6,2018
2152,Larry Nance Jr.,Cle,F,26.27,67,26.8,55.8,15.5,15.3,134,0.716,381,0.567,98,0.337,0.583,9.4,8.2,17,3.2,17.8,1.49,0.6,9.4,2018
2153,Shabazz Napier,Bro,G,27.74,56,17.6,36.6,24,11.7,138,0.833,207,0.449,228,0.333,0.534,9.4,1.8,5.3,2.6,22.2,0.75,0.29,8,2018
2154,Nene,Hou,C-F,36.58,42,13,27.1,11.7,7.4,47,0.66,113,0.531,3,0,0.552,3.6,2.9,12.5,0.6,6.8,0.43,0.36,5.7,2018
2155,Raul Neto,Uta,G,26.89,37,12.8,26.7,19,16.6,33,0.848,101,0.535,60,0.333,0.558,5.3,1.7,7.1,2.5,28.8,0.38,0.11,8.8,2018
2156,Georges Niang,Uta,F,25.82,59,8.8,18.2,17.8,10.7,24,0.833,76,0.566,105,0.41,0.613,4,1.5,9.1,0.6,10.1,0.17,0.1,7,2018
2157,Joakim Noah,Mem,C,34.12,42,16.5,34.4,20.1,16.1,109,0.716,212,0.519,1,0,0.571,7.1,5.7,19.3,2.1,20.6,0.48,0.74,10.7,2018
2158,Nerlens Noel,Okc,F-C,25,77,13.7,28.6,13.8,13.4,79,0.684,276,0.587,0,0,0.608,4.9,4.2,15.9,0.6,5.9,0.86,1.25,6.7,2018
2159,Dirk Nowitzki,Dal,F,40.81,51,15.6,32.5,22.5,4.3,50,0.78,171,0.415,205,0.312,0.469,7.3,3.1,10.6,0.7,6.9,0.18,0.35,6.4,2018
2160,Frank Ntilikina,Nyk,G,20.7,43,21,43.8,16.6,15.9,30,0.767,167,0.371,115,0.287,0.417,5.7,2,5,2.8,19.7,0.7,0.33,6,2018
2161,James Nunnally,Min,F,28.74,13,4.9,10.3,15.6,4.2,4,1,8,0.5,13,0.385,0.593,2.1,0.3,3.3,0.4,10.9,0.08,0,5.2,2018
2162,James Nunnally,Hou,F,28.74,2,18.8,39.1,15,0,0,0,1,0,12,0.25,0.346,4.5,0.5,1.5,1,7.3,0,0,2.8,2018
2163,Jusuf Nurkic,Por,C,24.63,72,27.4,57.1,24.7,14.6,365,0.773,797,0.523,29,0.103,0.57,15.6,10.4,20.2,3.2,17.9,0.97,1.43,11.7,2018
2164,David Nwaba,Cle,G,26.24,51,19.3,40.2,14.6,8.8,85,0.682,188,0.543,75,0.32,0.556,6.5,3.2,9.2,1.1,8.1,0.71,0.33,5.9,2018
2165,Semi Ojeleye,Bos,F,24.35,56,10.6,22.1,14.1,9.8,39,0.615,69,0.565,89,0.315,0.531,3.3,1.5,7.7,0.4,5.1,0.18,0.07,4.7,2018
2166,Jahlil Okafor,Nor,C,23.32,59,15.8,33,19.9,11.5,89,0.663,357,0.591,5,0.2,0.603,8.2,4.7,15.4,0.7,6.3,0.25,0.68,7.6,2018
2167,Elie Okobo,Pho,G,21.47,53,18.1,37.7,17,18.2,47,0.787,158,0.475,132,0.295,0.489,5.7,1.9,5.7,2.4,18.7,0.6,0.13,6.5,2018
2168,Josh Okogie,Min,G,20.61,74,23.7,49.5,15.4,9.8,162,0.728,293,0.464,215,0.279,0.492,7.7,2.9,6.6,1.2,6.9,1.19,0.45,5.1,2018
2169,Victor Oladipo,Ind,G,26.93,36,31.9,66.4,27.9,11.2,141,0.73,372,0.47,216,0.343,0.519,18.8,5.6,9.8,5.2,25.2,1.67,0.31,10.3,2018
2170,Kelly Olynyk,Mia,F,27.98,79,22.9,47.8,18,15,185,0.822,245,0.604,319,0.354,0.61,10,4.7,11,1.8,11.4,0.67,0.46,7.7,2018
2171,Royce O'Neale,Uta,F,25.85,82,20.4,42.5,11,16.2,42,0.762,167,0.569,176,0.386,0.589,5.2,3.5,9.2,1.5,10,0.66,0.3,5.9,2018
2172,Kyle O'Quinn,Ind,C,29.04,45,8.2,17.2,20.8,17.6,21,0.81,124,0.548,12,0.083,0.537,3.5,2.6,17.6,1.2,22.4,0.2,0.56,10.8,2018
2173,Cedi Osman,Cle,F,24.01,76,32.2,67,18.5,11,181,0.779,469,0.49,374,0.348,0.537,13,4.7,8.1,2.6,12.1,0.78,0.14,6.7,2018
2174,Kelly Oubre Jr.,Was,F,23.34,29,26,54.2,20.9,8.1,85,0.8,173,0.526,132,0.311,0.545,12.9,4.4,9.3,0.7,3.8,0.93,0.69,5.2,2018
2175,Kelly Oubre Jr.,Pho,F,23.34,40,29.5,61.5,24.7,10.9,159,0.761,330,0.533,206,0.325,0.556,16.9,4.9,9.2,1.6,8.7,1.45,0.98,6.9,2018
2176,Zaza Pachulia,Det,C,35.16,68,12.9,26.9,15,19,124,0.782,188,0.452,4,0,0.541,3.9,3.9,16.5,1.3,14.7,0.46,0.25,8.4,2018
2177,Jabari Parker,Chi,F,24.07,39,26.7,55.7,25,14.1,108,0.731,350,0.523,114,0.325,0.543,14.3,6.2,12.6,2.2,13.2,0.62,0.36,8.7,2018
2178,Jabari Parker,Was,F,24.07,25,27.3,56.9,23.9,17.4,76,0.684,204,0.613,81,0.296,0.587,15,7.2,14.3,2.7,15.4,0.92,0.64,9.7,2018
2179,Tony Parker,Cha,G,36.9,56,17.9,37.3,25.5,12.7,124,0.734,412,0.485,51,0.255,0.512,9.5,1.5,4.5,3.7,33.4,0.38,0.13,8.4,2018
2180,Chandler Parsons,Mem,F,30.46,25,19.8,41.3,20.3,14.2,25,0.88,88,0.443,94,0.309,0.484,7.5,2.8,7.9,1.7,13.4,0.76,0.2,6.7,2018
2181,Patrick Patterson,Okc,F,30.08,63,13.7,28.5,12,8.7,30,0.633,82,0.439,137,0.336,0.493,3.6,2.3,8.8,0.5,4.6,0.25,0.21,4.7,2018
2182,Justin Patton,Phi,C,21.83,3,6.9,14.3,16,0,2,0.5,5,0.4,2,0,0.317,1.7,2,15.4,1,19.1,0.67,0,8.7,2018
2183,Chris Paul,Hou,G,33.93,58,32,66.7,22.5,15.7,203,0.862,365,0.479,355,0.358,0.56,15.6,4.6,7.9,8.2,39.3,1.97,0.31,10.5,2018
2184,Cameron Payne,Chi,G,24.67,31,17.3,36,17.4,16,25,0.88,109,0.486,59,0.271,0.492,5.7,1.7,5.4,2.7,22.4,0.65,0.19,6.9,2018
2185,Cameron Payne,Cle,G,24.67,9,19.6,40.7,18.1,15.1,16,0.688,30,0.6,25,0.36,0.596,8.2,2.1,6,2.6,20,0.89,0.33,7.2,2018
2186,Gary Payton II,Was,G,26.36,3,5.3,11,24,11.1,0,0,6,0.667,2,0.5,0.688,3.7,0.7,6.8,1.3,45.5,1,0.33,11.3,2018
2187,Elfrid Payton,Nor,G,25.13,42,29.8,62,18.3,20.1,74,0.743,307,0.476,105,0.314,0.502,10.6,5.3,9.2,7.6,33.6,1.05,0.4,10.1,2018
2188,Theo Pinson,Bro,G-F,23.43,18,11.7,24.5,20,17.9,22,0.864,27,0.481,46,0.261,0.49,4.5,2,8.9,1.2,14,0.33,0,7.6,2018
2189,Mason Plumlee,Den,F-C,29.1,82,21.1,44,16.2,19.4,198,0.561,432,0.602,10,0.2,0.602,7.8,6.4,16.4,3,19.5,0.79,0.93,10.1,2018
2190,Miles Plumlee,Atl,C,30.61,18,9.6,20,16.7,14,30,0.533,48,0.667,0,0,0.654,4.4,2.2,11.9,0.9,14.7,0.33,0.22,8.6,2018
2191,Jakob Poeltl,San,C,23.49,77,16.5,34.4,13.1,12.7,92,0.533,289,0.647,0,0,0.642,5.5,5.3,17.6,1.2,10,0.38,0.9,7.9,2018
2192,Quincy Pondexter,San,F,31.09,53,5.5,11.5,13.5,14.5,42,0.81,40,0.575,18,0.333,0.641,1.8,0.9,8.6,0.5,10.6,0.21,0.02,6.8,2018
2193,Otto Porter Jr.,Was,F,25.86,41,29.1,60.5,18.2,7.8,64,0.766,266,0.515,176,0.369,0.551,12.6,5.7,10.6,2,9.6,1.54,0.54,7.2,2018
2194,Otto Porter Jr.,Chi,F,25.86,15,32.8,68.4,21.3,10.4,32,0.906,121,0.479,80,0.488,0.609,17.5,5.5,9.2,2.7,13,1.2,0.6,7.8,2018
2195,Bobby Portis,Chi,F,24.16,22,24.1,50.2,26.5,9,50,0.78,199,0.477,72,0.375,0.529,14.1,7.2,16.3,1.3,9.3,0.5,0.36,8.5,2018
2196,Bobby Portis,Was,F,24.16,28,27.4,57.1,23.3,10.6,47,0.809,238,0.458,119,0.403,0.53,14.3,8.6,17.1,1.5,8.5,0.86,0.46,8.3,2018
2197,Dwight Powell,Dal,F-C,27.73,77,21.6,45,17.1,10,254,0.772,358,0.701,127,0.307,0.683,10.6,5.3,13.2,1.5,10.7,0.56,0.66,8.1,2018
2198,Norman Powell,Tor,F-G,25.88,60,18.8,39.1,19,13.1,75,0.827,230,0.543,170,0.4,0.596,8.6,2.3,6.7,1.5,11.6,0.65,0.22,6.6,2018
2199,Alex Poythress,Atl,F,25.6,21,14.5,30.2,14.2,12.2,29,0.621,58,0.534,23,0.391,0.571,5.1,3.6,13.1,0.8,7.7,0.19,0.48,6.8,2018
2200,Taurean Prince,Atl,F,25.06,55,28.2,58.8,19.5,13.4,116,0.819,279,0.498,315,0.39,0.575,13.5,3.6,6.7,2.1,11.1,0.96,0.35,6.6,2018
2201,Zhou Qi,Hou,F-C,23.23,1,1,2.1,43.4,0,0,0,1,1,0,0,1,2,0,0,0,0,0,0,0,2018
2202,Ivan Rabb,Mem,F,22.18,49,14.7,30.6,17.2,12.6,69,0.71,197,0.574,15,0.2,0.586,5.8,4.2,16,1.1,12,0.35,0.29,8.1,2018
2203,Chasson Randle,Was,G,26.18,49,15.2,31.6,16.4,15,62,0.694,102,0.441,115,0.4,0.555,5.5,1.1,4.1,2,17.5,0.51,0.06,6,2018
2204,Julius Randle,Nor,F,24.37,73,30.6,63.7,27.8,13.8,487,0.731,893,0.564,195,0.344,0.601,21.4,8.7,14.7,3.1,15.8,0.71,0.62,10.9,2018
2205,JJ Redick,Phi,G,34.8,76,31.3,65.2,21.8,8,254,0.894,423,0.501,605,0.397,0.601,18,2.4,4.1,2.7,12.9,0.42,0.21,6.2,2018
2206,Davon Reed,Ind,G,23.83,10,4.7,9.8,12.1,7.7,0,0,8,0.375,4,0.5,0.5,1.2,0.6,7.1,0.3,8.5,0.1,0,5.1,2018
2207,Cameron Reynolds,Min,G,24.17,19,13.7,28.4,14.1,5.7,9,0.889,27,0.444,51,0.412,0.58,5,1.6,6.4,0.7,6.8,0.32,0.11,5.2,2018
2208,Josh Richardson,Mia,F,25.57,73,34.8,72.5,20.9,9.1,231,0.861,567,0.457,459,0.357,0.536,16.6,3.6,5.5,4.1,17.9,1.08,0.45,7.2,2018
2209,Malachi Richardson,Tor,G,23.26,22,4.7,9.8,16.3,20.4,5,0.8,4,0.25,25,0.32,0.481,1.4,0.6,6.8,0,0,0.05,0,0,2018
2210,Austin Rivers,Was,G,26.69,29,23.5,49.1,15.5,14,46,0.543,88,0.489,106,0.311,0.49,7.2,2.4,5.6,2,11.2,0.62,0.34,5.5,2018
2211,Austin Rivers,Hou,G,26.69,47,28.6,59.6,13.9,7.4,49,0.51,157,0.541,221,0.321,0.511,8.7,1.9,3.7,2.3,11.7,0.62,0.28,4.7,2018
2212,Glenn Robinson III,Det,G-F,25.26,47,13,27,14.9,8.5,40,0.8,114,0.491,61,0.295,0.514,4.2,1.5,6.4,0.4,5.1,0.3,0.17,4.2,2018
2213,Devin Robinson,Was,F,24.1,7,13.5,28.1,18,5,14,0.643,30,0.633,2,0,0.616,6.7,2.9,11.5,0.9,9.5,0.57,0.86,7.7,2018
2214,Duncan Robinson,Mia,F,24.97,15,10.7,22.3,14,7.6,6,0.667,11,0.727,35,0.286,0.514,3.3,1.3,6.3,0.3,4.4,0.33,0,4.1,2018
2215,Jerome Robinson,Lac,G,22.13,33,9.7,20.2,16.6,9.5,9,0.667,53,0.491,57,0.316,0.491,3.4,1.2,6.6,0.6,8.3,0.33,0.09,5.6,2018
2216,Mitchell Robinson,Nyk,C,21.03,66,20.6,42.9,12.1,9.1,135,0.6,291,0.694,0,0,0.692,7.3,6.4,16.3,0.6,4.2,0.79,2.44,5.9,2018
2217,Rajon Rondo,Lal,G,33.13,46,29.8,62,17.4,22.1,36,0.639,290,0.428,142,0.359,0.473,9.2,5.3,9.2,8,35.5,1.2,0.15,9.8,2018
2218,Derrick Rose,Min,G,30.52,51,27.3,56.9,27.3,9.1,160,0.856,607,0.509,146,0.37,0.557,18,2.7,5.4,4.3,26.3,0.59,0.24,8.7,2018
2219,Terrence Ross,Orl,G-F,28.18,81,26.5,55.3,23.9,7.5,144,0.875,461,0.484,566,0.383,0.561,15.1,3.5,7,1.7,9.9,0.89,0.36,6.8,2018
2220,Terry Rozier,Bos,G,25.07,79,22.7,47.2,18.6,8.9,93,0.785,328,0.424,337,0.353,0.501,9,3.9,9.1,2.9,17.7,0.86,0.25,8.2,2018
2221,Ricky Rubio,Uta,G,28.47,68,27.9,58.2,22.7,17.8,228,0.855,476,0.454,254,0.311,0.52,12.7,3.6,6.9,6.1,32.1,1.35,0.15,9.4,2018
2222,D'Angelo Russell,Bro,G,23.13,81,30.2,63,31.9,13.6,205,0.78,882,0.482,635,0.369,0.533,21.1,3.9,6.8,7,41.3,1.22,0.25,11,2018
2223,Domantas Sabonis,Ind,F,22.94,74,24.8,51.8,23.5,16.2,291,0.715,685,0.59,17,0.529,0.628,14.1,9.4,20.9,2.9,18.1,0.68,0.41,11.7,2018
2224,Brandon Sampson,Chi,G,21.95,14,15.3,31.9,15.2,16.1,6,0.667,31,0.548,29,0.379,0.567,5.1,1.1,4.1,0.7,6.8,0.57,0.21,4.1,2018
2225,JaKarr Sampson,Chi,F,26.06,4,31.8,66.3,23.1,5.9,21,0.81,40,0.6,14,0.357,0.633,20,8,13.7,1,5.3,1,0.75,6.8,2018
2226,Dario Saric,Phi,F,25.01,13,30.5,63.4,18,14.7,30,0.9,61,0.443,71,0.296,0.496,11.1,6.6,11.5,2,8.9,0.31,0.23,6.9,2018
2227,Dario Saric,Min,F,25.01,68,23.9,49.8,17.8,10.5,120,0.875,311,0.511,253,0.383,0.579,10.5,5.4,12.2,1.5,8.8,0.6,0.12,7.4,2018
2228,Tomas Satoransky,Was,G-F,27.45,80,27,56.3,14.1,16.6,160,0.819,368,0.524,163,0.393,0.589,8.9,3.5,6.9,5,24.6,1.04,0.18,8,2018
2229,Dennis Schroder,Okc,G,25.57,79,29.3,61,24.2,12.4,227,0.819,740,0.45,364,0.341,0.508,15.5,3.6,6.3,4.1,20.4,0.81,0.15,8.3,2018
2230,Mike Scott,Lac,F,30.74,52,14.4,30,14.9,9.9,18,0.667,97,0.412,133,0.391,0.521,4.8,3.3,12.3,0.8,8.1,0.33,0.15,6.5,2018
2231,Mike Scott,Phi,F,30.74,27,24,50,13.8,8,15,0.667,71,0.38,119,0.412,0.537,7.8,3.8,8.3,0.8,4.6,0.33,0.19,4.8,2018
2232,Thabo Sefolosha,Uta,F,34.94,50,12.2,25.4,12.9,13.6,22,0.636,71,0.521,78,0.436,0.599,3.8,2.5,10.9,0.5,6.1,0.86,0.1,5.5,2018
2233,Wayne Selden,Mem,G-F,24.53,32,14.2,29.6,19.3,11.7,29,0.759,98,0.459,63,0.317,0.495,5.4,1.3,5.3,1.1,12.4,0.31,0.19,5.6,2018
2234,Wayne Selden,Chi,G-F,24.53,43,22.9,47.7,18,13.8,63,0.714,210,0.457,112,0.313,0.489,8,3.2,7.6,1.7,10.8,0.53,0.16,6.1,2018
2235,Collin Sexton,Cle,G,20.27,82,31.8,66.2,25.2,12.4,255,0.839,910,0.44,296,0.402,0.52,16.7,2.9,5.1,3,15.3,0.54,0.07,6.6,2018
2236,Landry Shamet,Phi,G,22.08,54,20.5,42.8,15,6.6,54,0.815,102,0.529,245,0.404,0.606,8.3,1.4,3.7,1.1,7.5,0.44,0.15,4.6,2018
2237,Landry Shamet,Lac,G,22.08,25,27.8,57.8,15,7.7,39,0.795,59,0.322,151,0.45,0.601,10.9,2.2,4.3,2.3,11.5,0.52,0.08,5.5,2018
2238,Iman Shumpert,Sac,G,28.79,42,26.2,54.5,15.2,9.4,41,0.829,146,0.404,202,0.366,0.511,8.9,3.1,6.1,2.2,10.7,1.12,0.48,6,2018
2239,Iman Shumpert,Hou,G,28.79,20,19.1,39.8,12.7,10.7,4,0.5,27,0.481,71,0.296,0.456,4.6,2.7,7.8,1.1,7.6,0.55,0.2,5,2018
2240,Pascal Siakam,Tor,F,25.03,80,31.8,66.3,20.8,12.4,302,0.785,731,0.602,214,0.369,0.628,16.9,6.9,11.6,3.1,14.6,0.93,0.64,9,2018
2241,Jordan Sibert,Atl,G,26.69,1,4.2,8.8,9.7,0,0,0,0,0,1,1,1.5,3,0,0,0,0,0,0,0,2018
2242,Ben Simmons,Phi,G-F,22.72,79,34.2,71.2,22.1,19.3,428,0.6,954,0.566,6,0,0.582,16.9,8.8,13.7,7.7,34.2,1.42,0.77,12.2,2018
2243,Jonathon Simmons,Orl,F,29.57,41,20.6,42.9,19.3,15,72,0.778,203,0.419,83,0.229,0.445,6.9,2.5,6.4,2.3,15.7,0.41,0.34,6.6,2018
2244,Jonathon Simmons,Phi,F,29.57,15,14.6,30.4,16.6,13.8,25,0.64,43,0.465,21,0.429,0.553,5.5,1.7,6.3,2.2,20.7,0.73,0.07,7.5,2018
2245,Kobi Simmons,Cle,G,21.77,1,1.8,3.8,0,,0,0,0,0,0,0,,0,0,0,0,0,0,0,0,2018
2246,Anfernee Simons,Por,G,19.84,20,7,14.6,24.4,13.6,16,0.563,34,0.529,29,0.345,0.535,3.8,0.7,4.9,0.7,13.7,0.05,0,7,2018
2247,Marcus Smart,Bos,G,25.1,80,27.5,57.3,14.6,16.5,129,0.806,221,0.511,346,0.364,0.568,8.9,2.9,5.7,4,19.1,1.79,0.35,6.8,2018
2248,Dennis Smith Jr.,Dal,G,21.38,32,28.4,59.1,23.3,20.1,82,0.695,233,0.489,125,0.344,0.525,12.9,3,5.7,4.3,24.1,1.25,0.34,7.7,2018
2249,Dennis Smith Jr.,Nyk,G,21.38,21,28.6,59.5,27,14.2,74,0.568,210,0.462,83,0.289,0.473,14.7,2.8,5.1,5.4,32.2,1.29,0.43,8.5,2018
2250,Ish Smith,Det,G,30.77,56,22.3,46.5,19.9,10.5,62,0.758,355,0.454,135,0.326,0.484,8.9,2.6,6.4,3.6,25.4,0.52,0.2,7.8,2018
2251,Jason Smith,Was,F-C,33.11,12,10.8,22.5,16.1,14.2,12,0.833,27,0.407,10,0.4,0.52,3.7,3.1,15.5,1,12.3,0.08,0.42,8.4,2018
2252,Jason Smith,Mil,F-C,33.11,6,6.8,14.1,19.5,26.5,2,1,4,0.25,9,0.333,0.468,2.2,1.8,13.8,0.2,3.1,0.33,0.33,5.4,2018
2253,Jason Smith,Nor,F-C,33.11,2,10.2,21.1,22,9.2,2,1,2,0,7,0.286,0.405,4,2,10.2,0.5,6.1,0,0,6.2,2018
2254,JR Smith,Cle,G-F,33.59,11,20.2,42.1,18.6,11.7,10,0.8,40,0.375,39,0.308,0.444,6.7,1.6,4.5,1.9,13.8,1,0.27,5.4,2018
2255,Zhaire Smith,Phi,G,19.85,6,18.4,38.4,16.5,13.8,8,0.75,18,0.444,16,0.375,0.533,6.7,2.2,6.2,1.7,12.3,0.33,0.33,6.4,2018
2256,Tony Snell,Mil,G,27.42,74,17.6,36.7,12.9,5.7,42,0.881,157,0.522,204,0.397,0.585,6,2.1,6.1,0.9,6.7,0.35,0.24,5.1,2018
2257,Ray Spalding,Dal,F,22.09,1,0.9,1.9,0,,0,0,0,0,0,0,,0,0,0,0,0,0,0,0,2018
2258,Ray Spalding,Pho,F,22.09,13,11.3,23.5,17.9,14.7,12,0.333,44,0.568,3,0,0.516,4.2,3.7,18.1,0.4,5.2,0.69,0.62,6.5,2018
2259,Omari Spellman,Atl,F,21.72,46,17.5,36.4,14.9,10.5,45,0.711,116,0.466,128,0.344,0.516,5.9,4.2,12.7,1,8,0.54,0.57,6.7,2018
2260,Nik Stauskas,Por,G,25.51,44,15.3,31.9,17.9,14,36,0.889,104,0.51,125,0.344,0.545,6.1,1.8,6.3,1.4,12.6,0.32,0.09,6.5,2018
2261,Nik Stauskas,Cle,G,25.51,24,14.3,29.7,16.9,8.3,28,0.893,46,0.283,63,0.429,0.544,5.5,2,7.6,0.8,8,0.29,0.13,5.8,2018
2262,DJ Stephens,Mem,G-F,28.31,1,6.7,14,20,33.3,0,0,2,0.5,0,0,0.5,2,0,0,0,0,1,0,0,2018
2263,Lance Stephenson,Lal,G,28.6,68,16.5,34.4,20.3,15.5,73,0.685,235,0.472,197,0.371,0.529,7.2,3.2,9.9,2.1,17.4,0.6,0.1,8.8,2018
2264,Edmond Sumner,Ind,G,23.28,23,9.1,19,17.6,11.8,24,0.625,37,0.405,27,0.259,0.443,2.9,1,6.3,0.4,6.3,0.52,0.22,4.6,2018
2265,Caleb Swanigan,Por,F,21.98,18,8.1,16.8,18.4,25.4,7,0.857,39,0.333,5,0.2,0.372,1.9,2.9,19.1,0.4,6.2,0.22,0,6.4,2018
2266,Caleb Swanigan,Sac,F,21.98,3,11,22.9,14.9,16.8,2,0,7,0.571,2,0,0.405,2.7,4,18.7,1.3,15.6,0.67,0.33,8.8,2018
2267,Jayson Tatum,Bos,F,21.11,79,31.1,64.7,22.1,9.7,226,0.854,725,0.483,311,0.373,0.546,15.7,6,10.3,2.1,10,1.06,0.73,7.5,2018
2268,Jeff Teague,Min,G,30.83,42,30.1,62.7,19.3,16.7,153,0.804,311,0.453,105,0.333,0.528,12.1,2.5,4.5,8.2,37.6,1.05,0.43,8.3,2018
2269,Garrett Temple,Mem,G-F,32.93,49,31.2,65.1,13.8,11.4,76,0.75,177,0.52,210,0.352,0.551,9.4,3.1,5.6,1.4,6.6,1.02,0.49,4.4,2018
2270,Garrett Temple,Lac,G-F,32.93,26,19.6,40.9,11.1,11.9,31,0.742,51,0.51,54,0.296,0.518,4.7,2.5,6.6,1.4,9.4,1.04,0.19,5.2,2018
2271,Milos Teodosic,Lac,G,32.06,15,10,20.8,18,32.8,7,0.571,13,0.538,27,0.37,0.557,3.2,1,5.3,2.1,27.9,0.2,0.07,7.5,2018
2272,Jared Terrell,Min,G,24.16,14,7.9,16.5,19.2,19.7,6,0.5,21,0.381,17,0.235,0.381,2.2,0.4,2.9,0.9,14.4,0.21,0.14,4.7,2018
2273,Emanuel Terry,Pho,F,23.64,2,9.8,20.3,19.6,22.5,2,0.5,6,0.667,0,0,0.654,4.5,3,17,0.5,8.2,1.5,0,7.7,2018
2274,Emanuel Terry,Mia,F,23.64,1,3.3,6.9,24.4,0,2,0.5,1,0,0,0,0.266,1,1,16.1,1,36.8,0,0,12.1,2018
2275,Daniel Theis,Bos,F,27.02,66,13.8,28.6,15.8,9.9,76,0.737,199,0.603,67,0.388,0.624,5.7,3.4,13.2,1,10.5,0.32,0.62,7.8,2018
2276,Isaiah Thomas,Den,G,30.17,12,15.1,31.4,30.4,14,27,0.63,56,0.393,43,0.279,0.437,8.1,1.1,3.9,1.9,18.6,0.5,0.08,6.8,2018
2277,Khyri Thomas,Det,G,22.92,26,7.5,15.7,17.2,5.1,11,0.636,34,0.353,35,0.286,0.413,2.3,0.8,5.6,0.3,5.9,0.27,0.19,4.4,2018
2278,Lance Thomas,Nyk,F,30.96,46,17,35.5,12.9,10.1,36,0.75,118,0.475,79,0.278,0.482,4.5,2.5,7.8,0.6,5,0.37,0.15,4.4,2018
2279,Klay Thompson,Gol,G,29.17,78,34,70.8,25.5,7.2,158,0.816,802,0.516,599,0.402,0.571,21.5,3.8,6,2.4,10.5,1.06,0.6,6.8,2018
2280,Tristan Thompson,Cle,F-C,28.08,43,27.9,58,17.7,12.1,106,0.642,380,0.529,0,0,0.551,10.9,10.2,20.4,2,11.2,0.63,0.37,8.7,2018
2281,Sindarius Thornwell,Lac,G,24.4,64,4.9,10.2,11.3,23.8,34,0.735,34,0.412,15,0.2,0.485,1,0.7,7.4,0.3,7.2,0.22,0.11,4.9,2018
2282,Anthony Tolliver,Min,F,33.86,65,16.6,34.6,12.5,11.2,60,0.783,44,0.409,215,0.377,0.571,5,2.7,8.8,0.7,5.5,0.26,0.32,5.1,2018
2283,Karl-Anthony Towns,Min,F-C,23.4,77,33,68.9,29,13.7,450,0.836,960,0.561,355,0.4,0.621,24.4,12.4,20.1,3.4,17.2,0.88,1.62,12.2,2018
2284,Gary Trent Jr.,Por,G,20.23,15,7.4,15.3,21.8,7,7,0.429,29,0.379,21,0.238,0.377,2.7,0.7,5.3,0.3,6.2,0.07,0.13,4.5,2018
2285,Allonzo Trier,Nyk,G,23.23,64,22.8,47.5,21.4,15.7,223,0.803,386,0.466,132,0.394,0.564,10.9,3.1,7,1.9,12.9,0.44,0.22,7,2018
2286,PJ Tucker,Hou,F,33.93,82,34.2,71.2,9.5,10.3,59,0.695,137,0.445,387,0.377,0.546,7.3,5.8,9.4,1.2,4.6,1.62,0.45,4.3,2018
2287,Evan Turner,Por,G-F,30.45,73,22,45.8,15.9,18.9,106,0.708,391,0.494,53,0.208,0.503,6.8,4.5,10.9,3.9,23.6,0.45,0.25,9,2018
2288,Myles Turner,Ind,F-C,23.05,74,28.6,59.7,20,10.3,201,0.736,585,0.52,196,0.388,0.566,13.3,7.2,13.9,1.6,8,0.81,2.69,7.5,2018
2289,Ekpe Udoh,Uta,C-F,31.89,51,6.3,13.1,13.1,13.2,30,0.633,72,0.694,0,0,0.698,2.3,1.8,15.4,0.5,12.8,0.18,0.61,8.1,2018
2290,Tyler Ulis,Chi,G,23.26,1,0.8,1.7,0,,0,0,0,0,0,0,,0,0,0,0,0,0,0,0,2018
2291,Jonas Valanciunas,Tor,C,26.93,30,18.8,39.2,25.9,11.8,94,0.819,228,0.614,30,0.3,0.641,12.8,7.2,20.6,1,8.5,0.4,0.77,9.6,2018
2292,Jonas Valanciunas,Mem,C,26.93,19,27.7,57.8,31.4,13.8,91,0.769,261,0.563,18,0.278,0.594,19.9,10.7,21.6,2.2,15.7,0.32,1.58,11.2,2018
2293,Jarred Vanderbilt,Den,F,20.02,16,4.3,9,19.4,25.5,10,0.6,18,0.5,1,0,0.513,1.5,1.4,18,0.2,5.8,0.38,0.06,7,2018
2294,Fred VanVleet,Tor,G,25.12,64,27.5,57.3,17.9,11.1,115,0.843,304,0.441,296,0.378,0.539,11,2.6,5.1,4.8,23.9,0.89,0.3,7.5,2018
2295,Noah Vonleh,Nyk,F,23.63,68,25.3,52.7,14.8,14.7,156,0.712,303,0.531,137,0.336,0.561,8.4,7.8,16.1,1.9,11.1,0.66,0.75,7.9,2018
2296,Nikola Vucevic,Orl,C,28.46,80,31.4,65.4,28,9.9,227,0.789,1123,0.549,231,0.364,0.573,20.8,12,20.5,3.8,21.9,1.01,1.14,12.5,2018
2297,Dwyane Wade,Mia,G,37.23,72,26.2,54.5,27.9,13.5,233,0.708,698,0.473,261,0.33,0.51,15,4,8,4.2,26.5,0.82,0.53,9.6,2018
2298,Moritz Wagner,Lal,C,21.96,43,10.4,21.6,21.7,16.7,53,0.811,94,0.521,77,0.286,0.533,4.8,2,9.8,0.6,7.4,0.23,0.3,6.9,2018
2299,Dion Waiters,Mia,G,27.34,44,25.9,53.9,21.2,11.4,44,0.5,190,0.468,289,0.377,0.529,12,2.7,5.5,2.8,16.4,0.66,0.2,6.9,2018
2300,Lonnie Walker IV,San,G,20.32,17,6.9,14.4,20.3,7.4,10,0.8,33,0.333,13,0.385,0.446,2.6,1,7.9,0.5,10.3,0.41,0.12,6.3,2018
2301,Kemba Walker,Cha,G,28.93,82,34.9,72.7,31.5,10.1,450,0.844,954,0.494,730,0.356,0.558,25.6,4.4,6.8,5.9,29.3,1.24,0.41,10,2018
2302,Tyrone Wallace,Lac,G,24.84,62,10.1,21.1,18.7,12.9,57,0.526,198,0.444,19,0.211,0.45,3.5,1.6,8.5,0.7,9.7,0.34,0.11,6.2,2018
2303,John Wall,Was,G,28.6,32,34.5,71.9,28.8,16.3,175,0.697,382,0.508,169,0.302,0.528,20.7,3.6,5.7,8.7,39.2,1.53,0.91,10,2018
2304,Brad Wanamaker,Bos,G,29.71,36,9.5,19.8,17.2,13.9,28,0.857,66,0.515,39,0.41,0.597,3.9,1.1,6.4,1.6,22.5,0.33,0.06,8,2018
2305,T.J. Warren,Pho,F,25.6,43,31.6,65.9,22.7,7.2,124,0.815,431,0.51,180,0.428,0.58,18,4,7,1.5,7.7,1.19,0.67,6,2018
2306,Julian Washburn,Mem,F-G,27.31,18,14.1,29.4,10,12.3,4,0.75,24,0.458,24,0.208,0.402,2.2,2.3,9.1,0.8,7.7,0.72,0.11,4.5,2018
2307,Yuta Watanabe,Mem,G,24.49,15,11.6,24.2,15.7,9.8,10,0.7,35,0.371,16,0.125,0.352,2.6,2.1,10,0.5,6.6,0.27,0.07,4.8,2018
2308,Thomas Welsh,Den,C,23.18,11,3.3,6.9,17.5,6.7,2,0.5,6,0.667,7,0.429,0.648,1.6,0.4,6,0.5,20.3,0,0,8.3,2018
2309,Russell Westbrook,Okc,G,30.41,73,36,75,30.9,16.2,450,0.658,1062,0.481,411,0.29,0.501,22.9,11.1,15.9,10.7,46.5,1.95,0.45,15.5,2018
2310,Derrick White,San,G,24.78,67,25.8,53.7,17.7,14,123,0.772,401,0.529,142,0.338,0.555,9.9,3.7,7.8,3.9,21,1,0.7,8.1,2018
2311,Okaro White,Was,F,26.66,3,2.1,4.4,13.5,0,0,0,0,0,2,0,0,0,0.7,17.2,0,0,0,0,0,2018
2312,Hassan Whiteside,Mia,C,29.83,72,23.3,48.4,22.6,10.9,243,0.449,665,0.58,16,0.125,0.563,12.3,11.4,26,0.8,5.6,0.64,1.89,8.3,2018
2313,Andrew Wiggins,Min,G-F,24.13,73,34.8,72.6,24.4,9.4,296,0.699,862,0.441,348,0.339,0.493,18.1,4.8,7.4,2.5,10.9,0.97,0.66,6.9,2018
2314,Robert Williams III,Bos,C-F,21.48,31,9.1,19,10.3,14.8,15,0.6,51,0.706,0,0,0.703,2.6,2.6,15.3,0.2,3.3,0.29,1.29,4.9,2018
2315,Alan Williams,Bro,F-C,26.2,5,5.1,10.6,26,6.3,4,0.5,12,0.667,1,0,0.61,3.6,3.8,39.1,0.6,23,0.2,0,15.8,2018
2316,C.J. Williams,Min,G,29.18,15,8.5,17.8,13.3,12.4,1,0,19,0.632,16,0.313,0.55,2.6,0.5,3.3,0.8,12.9,0.4,0,4.8,2018
2317,Johnathan Williams,Lal,F,23.89,24,15.5,32.3,16.4,10.9,48,0.563,108,0.602,2,0,0.599,6.5,4.1,13.7,0.5,4.9,0.33,0.29,6.1,2018
2318,Kenrich Williams,Nor,G-F,24.36,46,23.5,48.9,12.3,11.1,19,0.684,123,0.447,156,0.333,0.485,6.1,4.8,10.5,1.8,9.5,0.96,0.41,6.4,2018
2319,Lou Williams,Lac,G,32.46,75,26.6,55.4,32.5,11.8,484,0.876,847,0.447,292,0.36,0.554,20,3,5.9,5.3,33,0.75,0.15,10.3,2018
2320,Marvin Williams,Cha,F,32.81,75,28.4,59.3,14.9,6.3,86,0.767,270,0.5,382,0.366,0.548,10.1,5.4,10.3,1.2,6.1,0.92,0.8,5.7,2018
2321,Troy Williams,Sac,F,24.28,21,14.9,31,15,7.9,15,0.6,54,0.556,44,0.318,0.531,5.3,2.8,9.7,0.5,4.7,0.48,0.38,5.2,2018
2322,D.J. Wilson,Mil,F,23.14,48,18.4,38.3,14.4,10.5,47,0.553,124,0.468,127,0.362,0.515,5.8,4.6,12.7,1.1,7.6,0.38,0.42,6.7,2018
2323,Justise Winslow,Mia,F,23.04,66,29.7,61.9,20.8,14.9,137,0.628,493,0.462,256,0.375,0.513,12.6,5.4,9.6,4.3,21.9,1.09,0.29,8.9,2018
2324,Christian Wood,Mil,F,23.54,13,4.7,9.9,23.6,8.7,15,0.667,20,0.45,5,0.6,0.585,2.8,1.5,16.5,0.2,4.6,0,0,8,2018
2325,Christian Wood,Nor,F,23.54,8,23.6,49.2,27,11.3,41,0.756,71,0.606,21,0.286,0.613,16.9,7.9,17.3,0.8,4.9,0.88,1.25,8,2018
2326,Delon Wright,Tor,G,26.96,49,18.3,38.1,17.1,10.4,61,0.869,203,0.478,90,0.333,0.527,6.9,2.6,7.5,2.2,16.8,0.94,0.31,7.4,2018
2327,Delon Wright,Mem,G,26.96,26,30.8,64.3,19.2,11.6,89,0.742,187,0.508,78,0.256,0.519,12.2,5.5,9.9,5.3,26.9,1.62,0.58,9.2,2018
2328,Guerschon Yabusele,Bos,F,23.32,41,6.1,12.7,17.5,14.8,22,0.682,49,0.531,28,0.321,0.542,2.3,1.3,11.3,0.4,8.2,0.2,0.17,7,2018
2329,Nick Young,Den,G-F,33.86,4,9.3,19.3,12.7,18.2,0,0,1,0,8,0.375,0.5,2.3,0.3,1.5,0.5,6.8,0,0.25,3,2018
2330,Thaddeus Young,Ind,F,30.8,81,30.7,64,18,12,135,0.644,696,0.563,146,0.349,0.568,12.6,6.4,11.6,2.5,12,1.52,0.47,7.6,2018
2331,Trae Young,Atl,G,20.56,81,30.9,64.4,28.4,17.6,414,0.829,775,0.476,482,0.324,0.538,19.1,3.7,6.3,8.1,40.5,0.86,0.19,10.7,2018
2332,Cody Zeller,Cha,F-C,26.51,49,25.4,52.8,16.2,13,141,0.787,323,0.57,22,0.273,0.611,10.1,6.8,14.4,2.1,12.2,0.78,0.86,8.3,2018
2333,Tyler Zeller,Atl,C,29.23,2,5.4,11.1,7.6,0,0,0,1,0,1,0,0,0,3,29.5,0.5,10.9,0,0,0,2018
2334,Tyler Zeller,Mem,C,29.23,4,20.6,42.8,21.7,10,18,0.778,28,0.571,0,0,0.64,11.5,4.5,12.3,0.8,6.2,0.25,0.75,6.7,2018
2335,Ante Zizic,Cle,C,22.27,59,18.3,38.2,18.2,13.8,132,0.705,330,0.555,0,0,0.591,7.8,5.4,16.4,0.9,7.7,0.22,0.37,7.3,2018
2336,Ivica Zubac,Lal,C,22.07,33,15.6,32.6,20.5,12.9,66,0.864,193,0.58,0,0,0.633,8.5,4.9,16.3,0.8,7.3,0.15,0.82,8.3,2018
2337,Ivica Zubac,Lac,C,22.07,26,20.1,41.9,20.1,14.8,60,0.733,186,0.538,0,0,0.574,9.4,7.7,20.3,1.5,11,0.38,0.92,9.5,2018
2338,Steven Adams,Okc,C,27.07,63,26.7,55.6,17.3,14.4,201,0.582,475,0.594,3,0.333,0.604,10.9,9.3,19.2,2.3,13.2,0.81,1.06,9.2,2019
2339,Bam Adebayo,Mia,C-F,23.08,72,33.6,69.9,21.2,17.5,382,0.691,777,0.564,14,0.143,0.597,15.9,10.2,17,5.1,24.2,1.14,1.29,11.2,2019
2340,LaMarcus Aldridge,San,F-C,35.07,53,33.1,68.9,23.4,7.8,191,0.827,637,0.518,157,0.389,0.57,18.9,7.4,12,2.4,11.4,0.68,1.64,8.4,2019
2341,Kyle Alexander,Mia,F-C,23.81,2,6.7,14,9.9,33.3,0,0,2,0.5,0,0,0.5,1,1.5,12.5,0,0,0,0,0,2019
2342,Nickeil Alexander-Walker,Nor,G,21.95,47,12.6,26.2,23.3,16.1,37,0.676,133,0.391,133,0.346,0.473,5.7,1.8,7.5,1.9,21.1,0.36,0.17,8.5,2019
2343,Grayson Allen,Mem,G,24.85,38,18.9,39.4,17.6,10.9,45,0.867,110,0.545,141,0.404,0.609,8.7,2.2,6.2,1.4,10,0.32,0.05,6.3,2019
2344,Jarrett Allen,Bro,C,22.32,70,26.5,55.1,14.9,11.7,270,0.633,459,0.658,6,0,0.664,11.1,9.6,18.7,1.6,8.9,0.57,1.31,8.4,2019
2345,Kadeem Allen,Nyk,G,27.58,10,11.7,24.4,20.6,14.1,11,0.636,28,0.5,16,0.313,0.512,5,0.9,4.1,2.1,27,0.5,0.2,7.2,2019
2346,Al-Farouq Aminu,Orl,F,29.9,18,21.1,44,13.2,14.7,29,0.655,50,0.32,36,0.25,0.395,4.3,4.9,12.5,1.2,7.4,1,0.44,5.6,2019
2347,Justin Anderson,Bro,F-G,26.74,10,10.7,22.4,17.1,9.1,4,0.5,9,0.444,29,0.207,0.352,2.8,2.1,10.1,0.8,10.1,0,0.6,6.3,2019
2348,Kyle Anderson,Mem,F-G,26.9,67,19.8,41.4,13.5,15.3,78,0.667,246,0.541,85,0.282,0.534,5.8,4.3,11.3,2.4,15.9,0.78,0.55,7.9,2019
2349,Ryan Anderson,Hou,F,32.27,2,7,14.6,23.7,12.5,0,0,2,0.5,5,0.2,0.357,2.5,3.5,26.2,1,20.4,0.5,0,11.8,2019
2350,Giannis Antetokounmpo,Mil,F,25.69,63,30.4,63.4,37.5,13.2,629,0.633,945,0.631,293,0.304,0.613,29.5,13.6,22.1,5.6,34.2,0.98,1.05,17.2,2019
2351,Kostas Antetokounmpo,Lal,F,22.74,5,4,8.4,10.2,20.5,2,0.5,3,1,0,0,0.902,1.4,0.6,8.2,0.4,13.6,0,0,7,2019
2352,Thanasis Antetokounmpo,Mil,F,28.08,20,6.4,13.4,21.6,17.8,17,0.412,38,0.632,10,0,0.496,2.8,1.2,9.2,0.8,16.4,0.35,0.1,8.7,2019
2353,Carmelo Anthony,Por,F,36.21,58,32.8,68.3,21.2,10.5,161,0.845,556,0.448,226,0.385,0.525,15.4,6.3,10.2,1.5,6.4,0.84,0.47,6.4,2019
2354,OG Anunoby,Tor,F,23.08,69,29.9,62.4,14.3,11.5,102,0.706,338,0.583,228,0.39,0.6,10.6,5.3,9.3,1.6,7.5,1.41,0.65,6,2019
2355,Ryan Arcidiacono,Chi,G,26.39,58,16,33.4,12.5,13.5,38,0.711,82,0.439,138,0.391,0.551,4.5,1.9,6.5,1.7,14.3,0.47,0.05,6.1,2019
2356,Trevor Ariza,Sac,F,35.13,32,24.7,51.5,11.2,13.7,27,0.778,43,0.488,122,0.352,0.543,6,4.6,10.4,1.6,8.3,1.09,0.25,5.7,2019
2357,Trevor Ariza,Por,F,35.13,21,33.4,69.6,12.6,13.5,47,0.872,74,0.595,85,0.4,0.643,11,4.8,7.5,2,7.6,1.62,0.38,5.7,2019
2358,D.J. Augustin,Orl,G,32.76,57,24.9,51.9,19.1,13.7,181,0.89,260,0.438,201,0.348,0.554,10.5,2.1,4.6,4.6,26.8,0.58,0.02,7.5,2019
2359,Deandre Ayton,Pho,C,22.06,38,32.5,67.8,23.6,11.6,89,0.753,555,0.553,13,0.231,0.568,18.2,11.5,19.6,1.9,9.6,0.66,1.53,9.1,2019
2360,Dwayne Bacon,Cha,G-F,24.96,39,17.6,36.7,19.5,12.2,53,0.66,177,0.373,67,0.284,0.419,5.7,2.6,8,1.3,11.7,0.59,0.05,6.1,2019
2361,Marvin Bagley III,Sac,F,21.42,13,25.7,53.5,25.8,9.1,31,0.806,145,0.51,22,0.182,0.512,14.2,7.5,16.3,0.8,4.9,0.46,0.92,6.8,2019
2362,Lonzo Ball,Nor,G,22.8,63,32.1,67,18.4,21,76,0.566,292,0.442,395,0.375,0.517,11.8,6.1,10,6.9,28.9,1.41,0.59,9.9,2019
2363,Mo Bamba,Orl,C,22.26,62,14.2,29.5,17.1,12.1,46,0.674,179,0.531,107,0.346,0.542,5.4,4.9,18.6,0.7,7.2,0.37,1.37,7.5,2019
2364,J.J. Barea,Dal,G,36.13,29,15.5,32.3,24.2,14.9,22,0.909,122,0.434,85,0.376,0.512,7.7,1.8,6.2,3.9,37.1,0.17,0.07,9.8,2019
2365,Harrison Barnes,Sac,F,28.21,72,34.5,71.8,17.4,8.8,267,0.801,524,0.502,268,0.381,0.575,14.5,4.9,8,2.2,9.3,0.6,0.17,6.2,2019
2366,RJ Barrett,Nyk,F-G,20.17,56,30.4,63.4,24,12.9,254,0.614,530,0.432,197,0.32,0.479,14.3,5,8.8,2.6,12.8,0.95,0.3,7.5,2019
2367,Will Barton,Den,G,29.61,58,33,68.8,20.1,9.9,135,0.77,450,0.498,288,0.375,0.549,15.1,6.3,10.7,3.7,16,1.07,0.5,8.6,2019
2368,Keita Bates-Diop,Min,F,24.56,37,17.5,36.4,15.8,5.6,65,0.708,112,0.5,94,0.33,0.535,6.8,3,9,0.8,6.7,0.46,0.54,5.8,2019
2369,Keita Bates-Diop,Den,F,24.56,7,14,29.2,15.7,8.5,10,0.8,19,0.526,9,0.333,0.571,5.3,2.4,9.7,0,0,0.29,0.57,0,2019
2370,Nicolas Batum,Cha,G-F,31.67,22,23,47.8,9.4,20.5,10,0.9,32,0.438,49,0.286,0.463,3.6,4.5,10.7,3,18,0.77,0.36,6.3,2019
2371,Aron Baynes,Pho,C-F,33.68,42,22.2,46.3,21.2,10.8,75,0.747,214,0.579,168,0.351,0.58,11.5,5.7,14.3,1.6,10.9,0.21,0.55,8.5,2019
2372,Kent Bazemore,Por,G-F,31.12,43,25.8,53.8,15.9,14.4,72,0.806,155,0.368,171,0.327,0.475,7.9,4,8.1,1.4,7.1,1.05,0.72,5.5,2019
2373,Kent Bazemore,Sac,G-F,31.12,25,23.1,48.1,20.4,11.4,75,0.733,135,0.437,73,0.384,0.533,10.3,4.9,11.9,1.3,8,1.16,0.36,7,2019
2374,Darius Bazley,Okc,F-G,20.17,61,18.5,38.6,15.2,11.6,62,0.694,176,0.432,141,0.348,0.497,5.6,4,12,0.7,5.1,0.38,0.67,5.4,2019
2375,Bradley Beal,Was,G,27.13,57,36,75,34.4,11.5,458,0.843,822,0.515,481,0.353,0.579,30.6,4.2,6.4,6.1,29.5,1.26,0.4,10.2,2019
2376,Malik Beasley,Den,G,23.72,41,18.2,37.9,20.6,10.2,38,0.868,140,0.421,161,0.36,0.511,7.9,1.9,5.8,1.2,9.1,0.76,0.15,5.8,2019
2377,Malik Beasley,Min,G,23.72,14,33.1,68.9,23.8,8.2,28,0.75,118,0.517,115,0.426,0.591,20.7,5.1,8.1,1.9,9.8,0.64,0.14,7.1,2019
2378,Marco Belinelli,San,G,34.39,57,15.5,32.3,17.5,5.3,58,0.828,136,0.412,178,0.376,0.532,6.3,1.7,6,1.2,10.7,0.21,0.02,6,2019
2379,Jordan Bell,Min,F,25.6,27,8.7,18.1,15.9,19.8,29,0.586,51,0.588,9,0.222,0.57,3.1,2.9,17.7,0.5,8.6,0.07,0.37,7.6,2019
2380,Jordan Bell,Mem,F,25.6,2,10.7,22.3,21.2,27.6,2,1,4,0.25,3,0.667,0.635,5,1.5,7.4,1,12.6,0.5,0,7.3,2019
2381,DeAndre' Bembry,Atl,G-F,26.12,43,21.3,44.4,14,19.4,48,0.542,163,0.546,65,0.231,0.5,5.8,3.5,8.9,1.9,12.2,1.28,0.44,6.3,2019
2382,Dragan Bender,Mil,F,22.74,7,13,27,12.4,18.3,3,0.667,12,0.5,9,0.444,0.582,3.7,2.9,10.9,1.3,12.6,0,0.71,7.4,2019
2383,Dragan Bender,Gol,F,22.74,9,21.6,45.1,20.1,17.4,11,0.727,37,0.541,34,0.324,0.534,9,5.9,14.7,2.1,15.3,0.44,0.44,8.9,2019
2384,Davis Bertans,Was,F,27.75,54,29.3,61.1,19,8.2,122,0.852,138,0.471,472,0.424,0.628,15.4,4.5,8.5,1.7,8.4,0.69,0.61,6.7,2019
2385,Patrick Beverley,Lac,G,32.09,51,26.3,54.8,13.3,15.4,47,0.66,135,0.496,206,0.388,0.56,7.9,5.2,10.3,3.6,18.2,1.06,0.49,8,2019
2386,Khem Birch,Orl,C,27.88,48,19.2,40,10.2,14.2,101,0.653,142,0.514,1,0,0.566,4.4,4.6,12.8,1,7.3,0.42,0.48,5.7,2019
2387,Goga Bitadze,Ind,C-F,21.07,54,8.7,18.2,17.8,14.1,33,0.727,108,0.574,42,0.19,0.523,3.2,1.9,12.1,0.4,6.7,0.19,0.69,6.2,2019
2388,Bismack Biyombo,Cha,C,27.96,53,19.4,40.5,16.8,12.2,151,0.603,278,0.543,0,0,0.57,7.4,5.8,16.3,0.9,7.8,0.19,0.92,7,2019
2389,Nemanja Bjelica,Sac,F,32.27,72,27.9,58.2,17,12.4,84,0.821,333,0.541,321,0.417,0.601,11.5,6.3,12.8,2.8,14.7,0.85,0.56,8.4,2019
2390,Eric Bledsoe,Mil,G,30.68,61,27,56.2,23.7,15.6,214,0.79,490,0.531,215,0.344,0.57,14.9,4.7,8.6,5.4,28.7,0.92,0.43,10.7,2019
2391,Bojan Bogdanovic,Uta,F,31.33,63,33.1,68.9,25.5,13.1,277,0.903,478,0.479,457,0.414,0.603,20.2,4.1,6.8,2.1,10,0.54,0.11,6.7,2019
2392,Bogdan Bogdanovic,Sac,G,27.99,61,28.9,60.3,22.5,11,116,0.741,325,0.532,441,0.372,0.565,15.1,3.4,6.6,3.4,18,1.07,0.25,7.7,2019
2393,Bol Bol,Den,C-F,20.75,6,14.5,30.2,21.2,23.6,10,0.8,19,0.526,9,0.444,0.617,6.7,3.2,12.3,1,9.8,0.33,1,7.7,2019
2394,Jonah Bolden,Phi,F,24.62,4,3.6,7.4,17.7,34,2,0,2,1,1,0,0.515,1,0.3,3.9,0,0,0.25,0,0,2019
2395,Jonah Bolden,Pho,F,24.62,3,10.9,22.8,11.5,0,2,1,5,0.4,3,0,0.338,2,2.7,13.5,0,0,0.67,0.67,0,2019
2396,Marques Bolden,Cle,C,22.33,1,2.8,5.8,0,,0,0,0,0,0,0,,0,2,39.7,0,0,1,0,0,2019
2397,Jordan Bone,Det,G,22.78,10,5.3,11,18.1,9.1,0,0,10,0.3,10,0.2,0.3,1.2,0.4,4.3,0.8,21,0.1,0,5.5,2019
2398,Isaac Bonga,Was,G,20.77,66,18.9,39.4,10.9,17.4,85,0.812,163,0.571,71,0.352,0.608,5,3.4,9.7,1.2,7.9,0.68,0.33,5.8,2019
2399,Devin Booker,Pho,G,23.79,70,35.9,74.8,30,14.9,509,0.919,885,0.549,398,0.354,0.618,26.6,4.2,6.5,6.5,30,0.69,0.26,10,2019
2400,Chris Boucher,Tor,F-C,27.59,62,13.2,27.5,19.8,7.4,116,0.784,181,0.569,118,0.322,0.587,6.6,4.5,17.9,0.4,4.8,0.37,1,6.9,2019
2401,Brian Bowen II,Ind,F-G,21.87,6,5.2,10.8,15.5,9.1,0,0,8,0.375,2,0,0.3,1,1.2,12.3,0,0,0,0.17,0,2019
2402,Ky Bowman,Gol,G,23.16,45,22.6,47,17.2,17.1,41,0.829,214,0.472,107,0.308,0.494,7.4,2.7,6.4,2.9,19.4,1,0.22,6.8,2019
2403,Avery Bradley,Lal,G,29.72,49,24.2,50.4,15.7,10.7,24,0.833,210,0.51,173,0.364,0.537,8.6,2.3,5.3,1.3,7.2,0.88,0.1,4.9,2019
2404,Tony Bradley,Uta,C-F,22.52,58,11.4,23.8,15.8,12.5,46,0.652,186,0.661,3,1,0.681,4.9,4.6,22.2,0.4,5.4,0.24,0.57,7.3,2019
2405,Jarrell Brantley,Uta,F,24.19,9,10.7,22.2,16.3,19.5,2,0.5,15,0.467,13,0.231,0.416,2.7,2.2,11.5,1.2,15.8,0.33,0.56,7.2,2019
2406,Ignas Brazdeikis,Nyk,F,21.6,9,5.9,12.3,20.9,7.6,5,0.8,13,0.385,9,0.111,0.351,1.9,0.6,5,0.4,10.5,0,0.11,5.2,2019
2407,Corey Brewer,Sac,G-F,34.45,5,6.5,13.6,9.7,27.3,3,0.333,3,0.667,1,0,0.47,1,1.6,13.8,0.4,7.8,0.8,0,5.3,2019
2408,Miles Bridges,Cha,F,22.4,65,30.7,64,20,10.4,131,0.809,453,0.486,300,0.33,0.52,13,5.6,9.9,1.8,9.4,0.62,0.74,6.6,2019
2409,Mikal Bridges,Pho,F,23.96,73,28,58.3,12.7,12,122,0.844,290,0.61,194,0.361,0.62,9.1,4,7.9,1.8,8.6,1.44,0.63,5.8,2019
2410,Oshae Brissett,Tor,F-G,22.15,19,7.1,14.8,15,14.8,10,0.8,21,0.476,15,0.2,0.458,1.9,1.4,10.2,0.4,7,0.21,0.05,5.8,2019
2411,Ryan Broekhoff,Dal,G-F,29.98,17,10.6,22.1,16.2,8.8,8,0.875,8,0.25,51,0.392,0.568,4.2,2.5,12.5,0.6,8.3,0.29,0.24,7,2019
2412,Malcolm Brogdon,Ind,G,27.67,54,30.9,64.3,25.2,13.7,186,0.892,515,0.487,230,0.326,0.54,16.5,4.9,8.6,7.1,33.8,0.65,0.19,10.8,2019
2413,Dillon Brooks,Mem,G-F,24.56,73,28.9,60.3,25.2,9.7,203,0.808,655,0.44,412,0.357,0.511,16.2,3.3,6.1,2.1,10.5,0.86,0.37,6.7,2019
2414,Charles Brown Jr.,Atl,G,22.53,10,4.1,8.4,24.8,12.4,5,1,10,0.3,9,0.333,0.472,2,0.4,5.3,0.2,7.2,0.2,0.2,5.3,2019
2415,Troy Brown Jr.,Was,G-F,21.05,69,25.8,53.8,17.8,10.4,139,0.784,443,0.479,179,0.341,0.524,10.4,5.6,11.7,2.6,14.1,1.22,0.1,8.3,2019
2416,Bruce Brown,Det,G-F,24,58,28.2,58.7,16,16.8,119,0.739,351,0.47,96,0.344,0.518,8.9,4.7,9.5,4,20.4,1.09,0.5,7.8,2019
2417,Jaylen Brown,Bos,F-G,23.81,57,33.9,70.7,24.7,11.2,243,0.724,549,0.543,338,0.382,0.583,20.3,6.4,10.1,2.1,9.7,1.16,0.35,7.7,2019
2418,Moses Brown,Por,C,20.84,9,3.7,7.6,21.3,18.2,8,0.375,10,0.4,0,0,0.407,1.2,1.6,22.3,0.1,4,0.11,0.11,6.2,2019
2419,Sterling Brown,Mil,G-F,25.51,52,14.7,30.7,17,13.3,40,0.8,120,0.425,136,0.324,0.486,5.1,3.5,11.8,1,8.6,0.56,0.13,7.1,2019
2420,Jalen Brunson,Dal,G,23.95,57,17.9,37.4,20.3,13.6,75,0.813,268,0.515,120,0.358,0.553,8.2,2.4,6.9,3.3,27,0.39,0.07,9,2019
2421,Thomas Bryant,Was,C-F,23.04,46,24.9,51.9,18.9,10.2,115,0.739,327,0.63,91,0.407,0.649,13.2,7.2,15.8,1.8,11.1,0.54,1.07,8.9,2019
2422,Reggie Bullock,Nyk,G-F,29.42,29,23.6,49.2,15.6,7.5,21,0.81,113,0.469,111,0.333,0.502,8.1,2.3,5.3,1.4,8.8,0.86,0.1,5,2019
2423,Trey Burke,Phi,G,27.75,25,13.1,27.4,19.2,8.2,18,0.722,89,0.483,38,0.421,0.545,5.9,1.4,5.7,2.1,24,0.28,0.04,7.9,2019
2424,Trey Burke,Dal,G,27.75,8,23.9,49.8,21.4,9.4,11,0.909,45,0.422,37,0.432,0.553,12,1.9,4.1,3.8,23.2,1.13,0.13,7.4,2019
2425,Alec Burks,Gol,G,29.07,48,29,60.3,23.8,9.8,224,0.897,377,0.424,224,0.375,0.552,16.1,4.7,8.8,3.1,17.4,1.02,0.33,8.5,2019
2426,Alec Burks,Phi,G,29.07,18,20.2,42.2,23.6,7.5,41,0.829,90,0.5,77,0.416,0.594,12.2,3.1,8.5,2.1,16.3,0.67,0,8.5,2019
2427,Deonte Burton,Okc,G-F,26.54,39,9.1,19,18.5,12.7,14,0.571,72,0.458,53,0.189,0.396,2.7,1.5,8.8,0.4,6.8,0.15,0.26,5.2,2019
2428,Jimmy Butler,Mia,F,30.92,58,33.8,70.4,25.1,11.4,525,0.834,640,0.494,119,0.244,0.584,19.9,6.6,11,6,28.1,1.78,0.55,10.9,2019
2429,Bruno Caboclo,Mem,F,24.9,22,8.7,18.2,16.8,9.1,3,0.667,44,0.545,25,0.16,0.441,2.8,2,12.1,0.5,7.1,0.45,0.55,6.5,2019
2430,Bruno Caboclo,Hou,F,24.9,8,6.5,13.6,22.7,20.9,6,1,12,0.667,8,0.25,0.618,3.5,2,16,0.3,5.9,0.63,0.63,7.9,2019
2431,Devontae Cacok,Lal,F,23.85,1,8.9,18.5,28.4,0,0,0,6,0.5,0,0,0.5,6,5,30.7,1,20.7,0,0,14,2019
2432,Kentavious Caldwell-Pope,Lal,G,27.49,69,25.5,53.2,14.7,10.1,102,0.775,268,0.541,239,0.385,0.584,9.3,2.1,4.4,1.6,8.5,0.84,0.2,4.9,2019
2433,Vlatko Cancar,Den,F,23.35,14,3.2,6.8,18.9,15.2,4,1,9,0.556,6,0.167,0.507,1.2,0.7,12.3,0.2,9,0.07,0.07,6.9,2019
2434,Clint Capela,Hou,C,26.24,39,32.8,68.3,16.1,12.7,104,0.529,388,0.629,0,0,0.626,13.9,13.8,22,1.2,5.7,0.87,1.79,7.5,2019
2435,DeMarre Carroll,San,F,34.05,15,9,18.8,15.3,20.9,20,0.6,16,0.375,13,0.231,0.437,2.2,2.1,12.4,0.7,10.1,0.13,0.13,6.6,2019
2436,DeMarre Carroll,Hou,F,34.05,9,17.2,35.9,14.4,13,22,0.773,17,0.647,20,0.25,0.578,6,2.7,8.1,1.6,12.2,0.67,0.33,6.9,2019
2437,Wendell Carter Jr.,Chi,C-F,21.33,43,29.2,60.8,16.4,14.9,152,0.737,314,0.564,29,0.207,0.59,11.3,9.4,17.7,1.2,6,0.77,0.84,6.9,2019
2438,Jevon Carter,Pho,G,24.92,58,16.3,34,12.9,10.8,27,0.852,97,0.402,146,0.425,0.563,4.9,2,6.9,1.4,11.9,0.78,0.29,5.9,2019
2439,Vince Carter,Atl,G-F,43.55,60,14.6,30.4,16.6,9.4,29,0.793,102,0.451,202,0.302,0.47,5,2.1,7.6,0.8,7.7,0.38,0.42,5.6,2019
2440,Michael Carter-Williams,Orl,G,28.85,45,18.5,38.6,18.3,14.7,95,0.832,185,0.481,75,0.293,0.535,7.2,3.3,9.5,2.4,19.1,1.09,0.49,8.3,2019
2441,Alex Caruso,Lal,G,26.46,64,18.4,38.3,13.8,13.8,94,0.734,171,0.468,120,0.333,0.525,5.5,1.9,5.7,2,13.7,1.09,0.28,6,2019
2442,Willie Cauley-Stein,Gol,C,26.99,41,22.9,47.8,14.4,11,57,0.614,257,0.56,0,0,0.573,7.9,6.2,14.7,1.5,9.9,1.12,1.22,7.3,2019
2443,Willie Cauley-Stein,Dal,C,26.99,13,12.1,25.2,14.7,9.3,9,0.556,44,0.705,1,0,0.684,5.2,4.6,20.1,0.8,9.6,0.31,0.85,8.8,2019
2444,Tyson Chandler,Hou,C,37.87,26,8.4,17.6,6,25.2,13,0.462,18,0.778,0,0,0.717,1.3,2.5,15.8,0.2,3.5,0.23,0.31,4.1,2019
2445,Wilson Chandler,Bro,F,33.27,35,21,43.7,12.9,15,23,0.87,62,0.597,121,0.306,0.531,5.9,4.2,10.3,1.1,7.3,0.46,0.34,5.7,2019
2446,Joe Chealey,Cha,G,24.79,4,8.4,17.4,13,20.2,2,1,3,0,4,0,0.127,0.5,0,0,0.3,3.9,1,0,0,2019
2447,Zylan Cheatham,Nor,F,24.74,4,12.8,26.6,10.4,30.8,0,0,8,0.75,1,0,0.667,3,2.3,9.3,0.8,7.7,0.25,0.25,5.5,2019
2448,Chris Chiozza,Was,G,24.73,10,12.3,25.5,14.6,20.9,0,0,18,0.167,16,0.438,0.397,2.7,1.5,6.7,2.8,29.3,1,0.2,7.3,2019
2449,Chris Chiozza,Bro,G,24.73,18,15.5,32.2,19.7,17.5,5,1,50,0.5,56,0.357,0.531,6.4,2.1,7.1,3.1,29.5,0.61,0.11,8.9,2019
2450,Marquese Chriss,Gol,F,23.12,59,20.3,42.2,19,14.6,156,0.769,347,0.582,39,0.205,0.603,9.3,6.2,16.6,1.9,15.3,0.66,1.05,9.4,2019
2451,Brandon Clarke,Mem,F-G,23.9,58,22.4,46.7,18.6,9.5,112,0.759,413,0.661,64,0.359,0.665,12.1,5.9,13.9,1.4,9.5,0.57,0.83,8.3,2019
2452,Gary Clark,Hou,F,25.75,18,11.8,24.5,12.5,3.1,7,0.857,8,0.625,51,0.353,0.564,3.9,2.2,9.9,0.7,7.7,0.11,0.39,6.2,2019
2453,Gary Clark,Orl,F,25.75,24,14.8,30.8,10.1,9.6,3,1,14,0.714,60,0.35,0.571,3.6,2.9,10.6,0.2,1.9,0.17,0.63,3.5,2019
2454,Jordan Clarkson,Cle,G,28.19,29,23,47.8,25.9,9.7,86,0.884,167,0.509,159,0.371,0.581,14.6,2.4,5.8,2.4,17.1,0.59,0.28,7.6,2019
2455,Jordan Clarkson,Uta,G,28.19,42,24.7,51.5,26.7,9.1,79,0.785,288,0.545,254,0.366,0.568,15.6,2.8,6.3,1.6,10.8,0.69,0.19,6.7,2019
2456,Nicolas Claxton,Bro,F-C,21.33,15,12.5,26,14.8,13.6,21,0.524,41,0.634,7,0.143,0.577,4.4,2.9,12.2,1.1,12.5,0.07,0.53,7.7,2019
2457,Chris Clemons,Hou,G,23.06,33,8.8,18.3,23.6,11.5,11,0.909,35,0.571,107,0.346,0.548,4.9,0.9,5.4,0.8,14.3,0.24,0.15,6.9,2019
2458,Antonius Cleveland,Dal,G,26.54,11,4.2,8.7,17,11,5,0.6,11,0.364,3,0,0.34,1,0.6,8,0.1,2.8,0.09,0.27,3.7,2019
2459,Amir Coffey,Lac,G-F,23.16,18,8.8,18.4,17.6,12,11,0.545,35,0.486,19,0.316,0.493,3.2,0.9,5.2,0.8,12.3,0.28,0.11,6,2019
2460,John Collins,Atl,F,22.89,41,33.2,69.3,22.7,10.1,150,0.8,458,0.642,147,0.401,0.659,21.6,10.1,16.4,1.5,7.6,0.76,1.61,8.3,2019
2461,Zach Collins,Por,F-C,22.74,11,26.4,54.9,12.5,16.4,8,0.75,49,0.51,19,0.368,0.538,7,6.3,12.5,1.5,7.2,0.45,0.45,6.1,2019
2462,Mike Conley,Uta,G,32.84,47,29,60.4,23.1,12.8,139,0.827,311,0.437,256,0.375,0.537,14.4,3.2,6.1,4.4,23.1,0.79,0.11,8.1,2019
2463,Pat Connaughton,Mil,G,27.61,67,18.6,38.7,12.3,13.8,40,0.775,135,0.607,166,0.331,0.565,5.4,4.2,11.2,1.6,10.9,0.36,0.48,7.1,2019
2464,Quinn Cook,Lal,G,27.4,44,11.5,24.1,21.1,13,14,0.786,130,0.462,85,0.365,0.506,5.1,1.2,5.6,1.1,13.8,0.27,0.05,6.6,2019
2465,Tyler Cook,Cle,F,22.89,11,3.2,6.6,16.7,7.3,6,0.833,10,0.7,0,0,0.752,1.7,0.9,15.9,0.1,4.5,0.09,0,6.7,2019
2466,Tyler Cook,Den,F,22.89,2,9.6,20,11.1,41,2,1,2,0.5,0,0,0.694,2,2,11.7,0,0,1,0,0,2019
2467,Robert Covington,Min,F,29.67,48,29.4,61.2,17.8,12,94,0.798,184,0.587,312,0.346,0.572,12.8,6,10.7,1.2,5.9,1.67,0.94,6.1,2019
2468,Robert Covington,Hou,F,29.67,22,33,68.7,15.4,11.1,30,0.8,59,0.61,168,0.315,0.531,11.6,8,12.7,1.5,6.1,1.5,2.23,6.3,2019
2469,Allen Crabbe,Atl,G-F,28.35,28,18.6,38.8,12.8,7.5,12,0.75,50,0.44,93,0.323,0.482,5.1,2.3,6.6,1,7.3,0.54,0.14,4.9,2019
2470,Allen Crabbe,Min,G-F,28.35,9,14.6,30.3,12.5,12.5,2,0.5,8,0.625,26,0.231,0.416,3.2,1.3,4.8,0.6,5.1,0,0,3.7,2019
2471,Torrey Craig,Den,F,29.66,58,18.5,38.5,12.6,8.1,36,0.611,131,0.603,138,0.326,0.553,5.4,3.3,9.9,0.8,5.9,0.4,0.62,5.2,2019
2472,Jamal Crawford,Bro,G,40.4,1,6,12.5,27.9,0,0,0,2,0.5,2,0.5,0.625,5,0,0,3,100.3,0,0,0,2019
2473,Jae Crowder,Mem,F,30.11,45,29.4,61.2,15.6,10.9,95,0.789,133,0.519,266,0.293,0.507,9.9,6.2,11,2.8,12.2,1.04,0.31,7.6,2019
2474,Jae Crowder,Mia,F,30.11,20,27.7,57.6,15.3,7.8,30,0.733,36,0.611,128,0.445,0.669,11.9,5.4,10.8,1.8,9.7,1.25,0.5,7,2019
2475,Jarrett Culver,Min,G-F,21.48,63,23.9,49.8,19.2,11.7,117,0.462,348,0.471,221,0.299,0.467,9.2,3.4,7.5,1.7,10.8,0.89,0.62,6.3,2019
2476,Seth Curry,Dal,G,29.98,64,24.6,51.3,18.4,9.1,97,0.825,253,0.549,321,0.452,0.643,12.4,2.3,4.8,1.9,11.6,0.59,0.14,6.2,2019
2477,Stephen Curry,Gol,G,32.42,5,27.9,58,33.6,14.6,26,1,33,0.636,49,0.245,0.557,20.8,5.2,10.1,6.6,42.2,1,0.4,12.8,2019
2478,Troy Daniels,Lal,G,29.09,41,11.1,23.2,16.1,5.2,16,0.625,46,0.478,112,0.357,0.527,4.2,1.1,5.5,0.3,4.1,0.2,0.07,4,2019
2479,Troy Daniels,Den,F,29.09,6,12.7,26.4,17.7,9.7,0,0,8,0.5,20,0.3,0.464,4.3,1,4.4,0.5,5.4,0.5,0,4.1,2019
2480,Anthony Davis,Lal,F-C,27.43,62,34.4,71.6,29.3,10.4,525,0.846,878,0.546,218,0.33,0.61,26.1,9.3,14.8,3.2,15.1,1.47,2.31,10.7,2019
2481,Ed Davis,Uta,F,31.2,28,10.8,22.6,9.4,20,14,0.5,46,0.478,0,0,0.489,1.8,3.8,19,0.4,5.2,0.39,0.32,5.2,2019
2482,Terence Davis,Tor,G,23.25,72,16.8,35,19,14.1,59,0.864,194,0.541,242,0.388,0.588,7.5,3.3,10.3,1.6,14.2,0.54,0.19,8.1,2019
2483,Dewayne Dedmon,Sac,C,31.01,34,15.9,33.1,18.5,20.4,28,0.821,100,0.55,71,0.197,0.477,5.1,4.9,17.4,0.4,3.9,0.44,0.76,5.4,2019
2484,Dewayne Dedmon,Atl,C,31.01,10,23.3,48.6,17.4,10.3,8,0.875,48,0.521,36,0.222,0.463,8.1,8.2,18.9,0.7,4.3,1,1.5,6.2,2019
2485,Matthew Dellavedova,Cle,G,29.93,57,14.4,30,13,23.6,37,0.865,84,0.488,91,0.231,0.463,3.1,1.3,5.1,3.2,29,0.37,0.04,6.5,2019
2486,DeMar DeRozan,San,F,31.02,68,34.1,71,26.3,11.6,450,0.844,1014,0.54,35,0.257,0.603,22.1,5.5,8.8,5.6,26,1.03,0.29,10.3,2019
2487,Cheick Diallo,Pho,F-C,23.92,47,10.2,21.2,17,16.7,39,0.872,139,0.655,3,0.333,0.688,4.7,2.8,15.2,0.5,6.9,0.23,0.26,7.3,2019
2488,Hamidou Diallo,Okc,G,22.04,46,19.5,40.6,18.4,13.6,63,0.603,239,0.485,57,0.281,0.491,6.9,3.6,10.3,0.8,5.9,0.8,0.2,5.6,2019
2489,Gorgui Dieng,Min,C,30.57,46,16.9,35.2,18.4,12.7,59,0.797,157,0.497,120,0.383,0.563,7.4,5.6,17.3,1.3,11.1,0.8,0.91,8.9,2019
2490,Gorgui Dieng,Mem,C,30.57,17,18.7,39,15.9,13.2,42,0.738,55,0.618,32,0.25,0.583,7.2,5.8,16.2,0.9,6.3,0.82,1,7.2,2019
2491,Spencer Dinwiddie,Bro,G,27.36,64,31.2,64.9,29.2,12.5,446,0.778,620,0.485,400,0.308,0.542,20.6,3.5,5.7,6.8,35,0.63,0.33,10.1,2019
2492,Donte DiVincenzo,Mil,G,23.54,66,23,48,17.3,14.1,86,0.733,263,0.567,247,0.336,0.557,9.2,4.8,10.3,2.3,13.6,1.33,0.32,8.1,2019
2493,Luka Doncic,Dal,G-F,21.46,61,33.6,69.9,36.8,14.8,562,0.758,713,0.575,541,0.316,0.586,28.8,9.4,14.7,8.8,45.7,0.98,0.23,15.9,2019
2494,Luguentz Dort,Okc,G,21.32,36,22.8,47.5,14.2,8.3,53,0.792,118,0.475,101,0.297,0.503,6.8,2.3,5.5,0.8,4.6,0.89,0.11,4.1,2019
2495,Damyean Dotson,Nyk,G,26.28,48,17.4,36.3,16.5,6.5,33,0.667,127,0.48,163,0.362,0.527,6.7,1.9,5.8,1.2,10,0.48,0.08,5.7,2019
2496,Sekou Doumbouya,Det,F,19.64,38,19.8,41.3,16.9,12,46,0.674,138,0.464,98,0.286,0.474,6.4,3.1,8.9,0.5,3.7,0.53,0.21,4.3,2019
2497,PJ Dozier,Den,G-F,23.8,29,14.2,29.6,20.8,13.7,29,0.724,108,0.444,49,0.347,0.495,5.8,1.9,7.5,2.2,21.7,0.48,0.21,8.2,2019
2498,Goran Dragic,Mia,G,34.28,59,28.2,58.7,25.9,14.8,246,0.776,386,0.505,338,0.367,0.573,16.2,3.2,6.3,5.1,29.2,0.68,0.17,9.1,2019
2499,Andre Drummond,Det,C,27.01,49,33.7,70.3,25.5,18,255,0.584,658,0.546,21,0.048,0.55,17.8,15.8,26.6,2.8,14,1.98,1.67,11,2019
2500,Andre Drummond,Cle,C,27.01,8,28.1,58.5,28.8,19.2,39,0.513,91,0.593,14,0.286,0.573,17.5,11.1,22,1.8,10.9,1.5,1.38,10,2019
2501,Jared Dudley,Lal,F,35.1,45,8.1,16.8,8,11.6,2,1,18,0.333,42,0.429,0.558,1.5,1.2,7.8,0.6,9.5,0.33,0.07,5.1,2019
2502,Kris Dunn,Chi,G,26.41,51,24.9,51.8,14.6,15.7,54,0.741,230,0.535,112,0.259,0.51,7.3,3.7,8.1,3.4,19.5,1.96,0.35,7.2,2019
2503,Carsen Edwards,Bos,G,22.43,37,9.5,19.7,18.4,9.9,19,0.684,52,0.346,76,0.316,0.444,3.3,1.3,7.2,0.6,9.3,0.32,0.11,5.8,2019
2504,Henry Ellenson,Bro,F-C,23.59,5,3,6.3,19.4,0,0,0,3,0.333,4,0,0.143,0.4,1.2,20.6,0.2,8.7,0,0,6.1,2019
2505,Wayne Ellington,Nyk,G,32.71,36,15.5,32.3,15,9.1,13,0.846,31,0.355,143,0.35,0.509,5.1,1.8,6.2,1.2,11,0.36,0.11,5.7,2019
2506,Joel Embiid,Phi,C-F,26.42,51,29.5,61.5,33,13.8,436,0.807,630,0.516,172,0.331,0.59,23,11.6,21.7,3,16.9,0.86,1.29,12.6,2019
2507,James Ennis III,Phi,F,30.12,49,15.8,33,15.7,10.6,61,0.787,120,0.525,106,0.349,0.564,5.8,3.1,10.7,0.8,7.3,0.45,0.31,6.2,2019
2508,James Ennis III,Orl,F,30.12,20,24.5,51,15.6,15.3,37,0.838,70,0.6,63,0.286,0.566,8.5,4.8,10.4,1.1,6.5,0.6,0.4,5.8,2019
2509,Drew Eubanks,San,F-C,23.53,22,12.4,25.8,15.8,21.1,26,0.769,66,0.636,1,1,0.682,4.9,3.9,16.8,0.7,7.7,0.23,0.77,7.7,2019
2510,Jacob Evans,Gol,G-F,23.16,27,15.3,31.9,17.6,14.6,29,0.862,95,0.337,38,0.342,0.439,4.7,1.5,5.4,1.1,10.9,0.41,0.44,5.2,2019
2511,Jacob Evans,Min,G-F,23.16,2,2.2,4.5,9.6,0,0,0,0,0,1,0,0,0,0,0,0,0,0,0,0,2019
2512,Dante Exum,Uta,G,25.09,11,7.6,15.8,17.8,29.5,2,1,17,0.471,6,0.333,0.503,2.2,1.1,7.9,0.6,11.8,0.09,0.18,6,2019
2513,Dante Exum,Cle,G,25.09,24,16.8,34.9,14.4,15.6,41,0.732,59,0.559,37,0.351,0.592,5.6,2.3,7.7,1.4,11.4,0.46,0.25,6.2,2019
2514,Tacko Fall,Bos,C,24.68,7,4.6,9.7,24,16.4,3,0.333,14,0.786,0,0,0.751,3.3,2.1,24.7,0.1,6,0.29,0.57,7.7,2019
2515,Derrick Favors,Nor,F,29.09,51,24.4,50.8,14,13,71,0.563,331,0.628,7,0.143,0.622,9,9.8,21.3,1.6,9.2,0.59,0.9,8.5,2019
2516,Cristiano Felicio,Chi,F-C,28.1,22,17.5,36.5,9.1,21.9,23,0.783,52,0.654,2,0,0.671,3.9,4.6,14.6,0.7,5.7,0.45,0.09,5.3,2019
2517,Terrance Ferguson,Okc,G,22.25,56,22.5,46.8,9.1,11.9,20,0.75,52,0.558,168,0.292,0.481,3.9,1.3,3.3,0.9,5.3,0.46,0.3,2.9,2019
2518,Bruno Fernando,Atl,F-C,22,56,12.7,26.5,15.3,15.9,51,0.569,162,0.605,37,0.135,0.542,4.3,3.5,15,0.9,9.9,0.32,0.3,7.5,2019
2519,Yogi Ferrell,Sac,G,27.27,50,10.6,22.1,19.2,11.9,42,0.857,109,0.505,79,0.304,0.528,4.4,1,5.2,1.4,18.8,0.36,0.08,6.9,2019
2520,Dorian Finney-Smith,Dal,F,27.28,71,29.9,62.2,12.9,10.8,108,0.722,219,0.589,303,0.376,0.595,9.5,5.7,10,1.6,7.2,0.63,0.55,5.9,2019
2521,Bryn Forbes,San,G,27.06,63,25.1,52.2,18.5,8.4,90,0.833,200,0.47,381,0.388,0.57,11.2,2,4.3,1.7,9.5,0.52,0,5.4,2019
2522,Evan Fournier,Orl,G-F,27.79,66,31.4,65.5,24,10.8,220,0.818,496,0.526,434,0.399,0.595,18.5,2.6,4.4,3.2,16.6,1.08,0.23,6.8,2019
2523,De'Aaron Fox,Sac,G,22.65,51,32,66.8,29.8,14.1,342,0.705,630,0.535,185,0.292,0.558,21.1,3.8,6.7,6.8,35.2,1.45,0.49,10.2,2019
2524,Melvin Frazier Jr.,Orl,G-F,23.96,19,6.6,13.8,14,12.3,4,0.5,18,0.389,16,0.5,0.559,2.1,0.5,4.3,0.2,3.4,0.47,0.11,3.6,2019
2525,Michael Frazier,Hou,G,26.44,13,11.1,23.2,11.5,12.5,14,0.643,6,0.5,23,0.174,0.384,2.1,0.8,3.6,0.2,1.7,0.15,0,2.5,2019
2526,Tim Frazier,Det,G,29.79,27,13.1,27.4,17.3,25.6,24,0.792,64,0.375,30,0.333,0.464,3.6,1.2,5.3,3.4,36.6,0.52,0.11,7.5,2019
2527,Markelle Fultz,Orl,G,22.21,72,27.7,57.8,21.4,14.9,159,0.73,637,0.507,135,0.267,0.517,12.1,3.3,6.4,5.1,29,1.25,0.17,8.5,2019
2528,Wenyen Gabriel,Sac,F,23.39,11,5.6,11.6,18.7,18.9,10,0.6,9,0.556,8,0.125,0.444,1.7,0.9,9.2,0.3,6.6,0.27,0.18,5.5,2019
2529,Wenyen Gabriel,Por,F,23.39,19,9.1,19,11.5,23.3,12,0.75,19,0.526,12,0.417,0.606,2.3,2.2,12.7,0.3,3.6,0.42,0.26,5.1,2019
2530,Daniel Gafford,Chi,F-C,21.87,43,14.2,29.5,13.3,15.3,60,0.533,134,0.701,0,0,0.686,5.1,2.5,9.6,0.5,5.2,0.3,1.3,5.2,2019
2531,Danilo Gallinari,Okc,F,32.02,62,29.6,61.6,24.6,7.4,298,0.893,378,0.476,439,0.405,0.612,18.7,5.2,9.6,1.9,10.3,0.68,0.08,7.7,2019
2532,Langston Galloway,Det,G,28.68,66,25.8,53.7,15.9,6.5,84,0.857,211,0.493,331,0.399,0.584,10.2,2.2,4.9,1.5,8.8,0.73,0.15,5,2019
2533,Darius Garland,Cle,G,20.55,59,30.9,64.4,20.6,17.1,72,0.875,402,0.435,296,0.355,0.499,12.3,1.9,3.3,3.9,18.5,0.69,0.07,5.8,2019
2534,Marc Gasol,Tor,C,35.54,44,26.4,55,13.2,16.4,49,0.735,131,0.473,148,0.385,0.551,7.5,6.2,12.5,3.3,17.3,0.77,0.86,8.1,2019
2535,Rudy Gay,San,F-G,34,67,21.8,45.4,22,11.8,136,0.882,376,0.511,220,0.336,0.553,10.8,5.4,13.4,1.7,11.3,0.52,0.49,8.5,2019
2536,Paul George,Lac,F,30.29,48,29.6,61.6,29.6,12.5,217,0.876,401,0.464,381,0.412,0.589,21.5,5.7,10,3.9,21.1,1.4,0.42,10.6,2019
2537,Taj Gibson,Nyk,F,35.14,62,16.5,34.4,14.8,12.9,56,0.732,272,0.599,14,0.286,0.61,6.1,4.3,13.9,0.8,7.6,0.44,0.48,6.7,2019
2538,Harry Giles III,Sac,F-C,22.32,46,14.5,30.2,20.6,13.9,49,0.776,249,0.558,2,0,0.58,6.9,4.1,15.9,1.3,14.2,0.48,0.39,9.2,2019
2539,Shai Gilgeous-Alexander,Okc,G-F,22.09,70,34.7,72.3,23.6,10.3,357,0.807,762,0.513,251,0.347,0.569,19,5.9,9.4,3.3,15.2,1.13,0.67,8.3,2019
2540,Rudy Gobert,Uta,C,28.13,68,34.3,71.5,16.2,15,403,0.63,557,0.693,0,0,0.699,15.1,13.5,21.7,1.5,6.6,0.72,1.97,7.9,2019
2541,Brandon Goodwin,Atl,G,24.87,34,12.7,26.4,22.4,12.5,30,0.933,103,0.485,87,0.299,0.507,6.1,2.1,9,1.5,18,0.35,0.12,8.4,2019
2542,Aaron Gordon,Orl,F,24.91,62,32.5,67.8,20.7,10.4,224,0.674,530,0.494,237,0.308,0.516,14.4,7.7,12.7,3.7,17.4,0.82,0.63,9.1,2019
2543,Eric Gordon,Hou,G,31.64,36,28.2,58.8,22.5,7.8,107,0.766,160,0.469,303,0.317,0.51,14.4,2,3.7,1.5,7.9,0.64,0.33,5,2019
2544,Devonte' Graham,Cha,G,25.48,63,35.1,73.1,24.8,14.5,233,0.82,378,0.397,585,0.373,0.537,18.2,3.3,5.2,7.5,35.4,0.98,0.24,8.7,2019
2545,Treveon Graham,Min,G-F,26.8,33,20.1,41.9,13.1,9,37,0.73,93,0.452,83,0.241,0.445,5.2,3.1,8,0.9,6.1,0.52,0.06,4.9,2019
2546,Treveon Graham,Atl,G-F,26.8,22,12.1,25.2,13.3,11.7,19,0.474,30,0.4,37,0.351,0.478,3.3,2.3,10.1,0.7,7.6,0.32,0.18,5.8,2019
2547,Jerami Grant,Den,F,26.43,71,26.6,55.5,18,8.1,194,0.747,381,0.538,252,0.389,0.591,12,3.5,7.3,1.2,6.6,0.7,0.8,5.6,2019
2548,Jerian Grant,Was,G,27.85,6,13.4,27.9,17.1,9.1,7,0.714,19,0.421,8,0.25,0.449,4.5,1,4.1,1.5,15.2,0.17,0.17,5.6,2019
2549,Josh Gray,Nor,G,26.93,2,11.4,23.6,12.6,71.4,0,0,2,0.5,0,0,0.5,1,1,4.7,1,10.5,0,0,3.5,2019
2550,Danny Green,Lal,G,33.15,68,24.8,51.7,13.9,11.3,48,0.688,147,0.524,327,0.367,0.552,8,3.3,7.3,1.3,7.1,1.24,0.46,5.2,2019
2551,Draymond Green,Gol,F,30.45,43,28.4,59.2,15.7,21.8,83,0.759,186,0.468,129,0.279,0.491,8,6.2,11.8,6.2,31.2,1.37,0.77,9.5,2019
2552,JaMychal Green,Lac,F-C,30.15,63,20.7,43.2,13.7,12.6,48,0.75,114,0.518,238,0.387,0.576,6.8,6.2,15.4,0.8,5,0.46,0.38,6.2,2019
2553,Javonte Green,Bos,G-F,27.06,48,9.7,20.3,15.3,13.7,42,0.667,93,0.581,33,0.273,0.564,3.4,1.9,10.6,0.5,7.7,0.5,0.17,6.1,2019
2554,Jeff Green,Uta,F,33.97,30,18.4,38.4,19.7,10.8,63,0.778,91,0.451,104,0.327,0.523,7.8,2.7,8.1,0.7,5.2,0.4,0.33,5.3,2019
2555,Jeff Green,Hou,F,33.97,18,22.6,47.1,17.9,8.5,28,0.857,70,0.8,79,0.354,0.682,12.2,2.9,6.7,1.7,11.6,0.83,0.5,6.9,2019
2556,Blake Griffin,Det,F,31.42,18,28.5,59.3,28.4,12,98,0.776,139,0.439,111,0.243,0.476,15.5,4.7,9.3,3.3,18,0.39,0.39,8.7,2019
2557,Marko Guduric,Mem,G,25.44,44,11,22.9,17.6,17.6,26,0.923,74,0.5,83,0.301,0.514,3.9,1.7,7.9,1,12.3,0.27,0.18,6.8,2019
2558,Kyle Guy,Sac,G,23.01,3,3.2,6.7,22.6,0,0,0,2,1,3,0,0.4,1.3,0.3,5.9,0.3,16.4,0,0,6.1,2019
2559,Rui Hachimura,Was,F,22.52,48,30.1,62.7,19,8,140,0.829,458,0.5,87,0.287,0.535,13.5,6.1,11.1,1.8,8.8,0.77,0.17,7,2019
2560,Devon Hall,Okc,G,25.11,11,7.3,15.3,21,13,8,0.5,13,0.154,17,0.235,0.298,1.8,0.6,4.8,1.2,21.4,0.36,0.09,6,2019
2561,Donta Hall,Det,F,23.02,4,12,24.9,7.9,23.1,6,0.667,4,0.25,0,0,0.452,1.5,3.8,17.8,0.5,5.3,0.25,0.25,4.7,2019
2562,Donta Hall,Bro,F,23.02,5,17.1,35.5,12.9,11.4,12,0.417,18,0.778,0,0,0.709,6.6,4.6,13.9,0.4,3.5,0.4,1,5.4,2019
2563,Dusty Hannahs,Mem,G,26.95,2,6.7,14,30.7,0,2,1,6,0.333,3,0.667,0.607,6,0.5,3.9,0,0,0,0,0,2019
2564,Tim Hardaway Jr.,Dal,G,28.41,71,29.5,61.4,21.1,6.7,182,0.819,371,0.485,513,0.398,0.581,15.8,3.3,5.8,1.9,9.7,0.61,0.07,6.3,2019
2565,James Harden,Hou,G,30.97,68,36.5,76.1,36.2,14,800,0.865,671,0.556,843,0.355,0.626,34.3,6.5,9.4,7.5,35.9,1.84,0.88,13,2019
2566,Maurice Harkless,Lac,F-G,27.26,50,22.8,47.5,10.3,16.3,42,0.571,144,0.59,73,0.37,0.584,5.5,4,9.1,1,5.5,0.96,0.6,4.9,2019
2567,Maurice Harkless,Nyk,F-G,27.26,12,23.8,49.6,12.4,8.4,24,0.625,41,0.561,25,0.28,0.536,6.8,3.3,7.5,1.7,9.7,0.75,0.25,5.7,2019
2568,Jared Harper,Pho,G,22.92,3,2.6,5.5,21.5,0,0,0,2,0.5,2,0,0.25,0.7,0,0,0,0,0,0,0,2019
2569,Montrezl Harrell,Lac,F-C,26.55,63,27.8,57.8,25.7,10,351,0.658,795,0.592,18,0,0.606,18.6,7.1,13.2,1.7,10.4,0.63,1.11,8.7,2019
2570,Gary Harris,Den,G,25.92,56,31.8,66.2,15.1,9.7,92,0.815,309,0.479,210,0.333,0.519,10.4,2.9,5.1,2.1,8.9,1.36,0.25,5,2019
2571,Joe Harris,Bro,G-F,28.94,69,30.8,64.1,18.3,11.3,89,0.719,378,0.553,406,0.424,0.606,14.5,4.3,7.3,2.1,10.4,0.59,0.25,6.6,2019
2572,Shaquille Harrison,Chi,G,26.86,43,11.3,23.5,18.1,9.2,50,0.78,123,0.496,42,0.381,0.559,4.9,2,9.7,1.1,15.3,0.81,0.44,7.8,2019
2573,Tobias Harris,Phi,F,28.08,72,34.3,71.4,23.9,7.6,215,0.805,816,0.517,357,0.367,0.556,19.6,6.9,11.1,3.2,14.6,0.72,0.56,8.8,2019
2574,Isaiah Hartenstein,Hou,C-F,22.28,23,11.6,24.1,14.8,16.8,28,0.679,62,0.71,5,0,0.674,4.7,3.9,17.7,0.8,10,0.39,0.52,8.4,2019
2575,Josh Hart,Nor,G,25.44,65,27,56.3,15.3,11.4,115,0.739,178,0.584,354,0.342,0.563,10.1,6.6,12.9,1.7,8.4,0.97,0.35,7.2,2019
2576,Udonis Haslem,Mia,F,40.18,4,11,23,13.7,7.3,4,0.75,8,0.375,3,0.333,0.47,3,4,20.3,0.3,3.1,0,0,5.6,2019
2577,Jaxson Hayes,Nor,C-F,20.23,64,16.9,35.1,15,13.4,190,0.647,256,0.676,4,0.25,0.687,7.4,4.1,12.8,0.9,7.2,0.41,0.88,7.1,2019
2578,Gordon Hayward,Bos,F,30.4,52,33.5,69.7,21.1,11.2,145,0.855,478,0.554,222,0.383,0.595,17.5,6.7,10.7,4.1,18.8,0.73,0.42,9.4,2019
2579,John Henson,Cle,F-C,29.63,29,14.2,29.6,16.2,13.5,33,0.515,89,0.618,31,0.194,0.539,5,3.9,15.4,1.5,15.3,0.55,1.1,8.7,2019
2580,John Henson,Det,F-C,29.63,11,17.1,35.7,16.6,20.9,13,0.462,46,0.696,5,0.4,0.67,6.9,4.4,14.5,1,9.2,0.73,0.91,7.3,2019
2581,Dewan Hernandez,Tor,C-F,23.68,6,4.7,9.8,29.1,15.6,5,0.6,12,0.333,2,0.5,0.432,2.3,2.3,26.2,0.5,16.2,0.17,0,11.8,2019
2582,Juancho Hernangomez,Den,F,24.88,34,12.4,25.9,14.3,12.9,25,0.64,50,0.46,60,0.25,0.442,3.1,2.8,12.6,0.6,6.7,0.15,0.15,5.6,2019
2583,Juancho Hernangomez,Min,F,24.88,14,29.4,61.2,17,7.6,46,0.609,68,0.485,69,0.42,0.576,12.9,7.3,13.1,1.3,6.4,1,0.29,6.8,2019
2584,Willy Hernangomez,Cha,C-F,26.22,31,12.1,25.2,22.9,15.4,59,0.627,117,0.59,22,0.227,0.576,6.1,4.4,19.6,0.9,13.5,0.32,0.23,9.6,2019
2585,Tyler Herro,Mia,G,20.57,55,27.4,57.1,22.2,11.4,100,0.87,333,0.462,298,0.389,0.55,13.5,4.1,8.3,2.2,12.7,0.62,0.16,7.2,2019
2586,Kevin Hervey,Okc,F,24.1,10,5.2,10.9,22.8,0,0,0,7,0.571,20,0.15,0.315,1.7,1.2,12.7,0.5,13.9,0.1,0.1,7.7,2019
2587,Mario Hezonja,Por,F-G,25.47,53,16.4,34.3,13.9,14.7,59,0.814,140,0.486,78,0.308,0.525,4.8,3.5,11.1,0.9,7.5,0.68,0.17,6,2019
2588,Buddy Hield,Sac,G,26.66,72,30.8,64.1,27.2,12.1,136,0.846,475,0.478,688,0.394,0.565,19.2,4.6,8.3,3,15.5,0.93,0.24,8.3,2019
2589,George Hill,Mil,G,34.28,59,21.5,44.9,15.5,11.9,101,0.842,200,0.565,176,0.46,0.659,9.4,3,6.9,3.1,19,0.8,0.08,8.3,2019
2590,Solomon Hill,Mem,F,29.41,48,18.8,39.1,13.3,13.9,38,0.684,86,0.465,146,0.384,0.551,5.7,3,8.4,2,13.4,0.65,0.15,6.9,2019
2591,Solomon Hill,Mia,F,29.41,11,17,35.4,14.8,17.4,16,0.875,21,0.333,24,0.292,0.471,4.5,1.9,6.3,0.9,7.3,1.09,0.45,4.6,2019
2592,Jaylen Hoard,Por,F,21.38,13,7.9,16.5,17.2,9.6,13,0.615,29,0.517,3,0,0.504,2.9,2.5,16.3,0.3,5.3,0.38,0,6.6,2019
2593,Aaron Holiday,Ind,G,23.87,66,24.5,51.1,18.7,12.6,87,0.851,342,0.427,221,0.394,0.521,9.5,2.3,5.3,3.4,19.1,0.85,0.24,6.9,2019
2594,Jrue Holiday,Nor,G,30.18,61,34.7,72.3,24.6,14.7,182,0.709,660,0.509,346,0.353,0.537,19.1,4.8,7.4,6.7,29.1,1.62,0.8,9.8,2019
2595,Justin Holiday,Ind,F-G,31.36,73,25,52.1,13.4,7.7,67,0.791,154,0.481,331,0.405,0.586,8.3,3.3,7.1,1.3,6.7,1.19,0.63,5.3,2019
2596,Rondae Hollis-Jefferson,Tor,F,25.61,60,18.7,39,17.2,12.9,143,0.734,306,0.497,23,0.13,0.533,7,4.7,13.4,1.8,13.6,0.77,0.38,8.3,2019
2597,Richaun Holmes,Sac,F,26.83,44,28.2,58.8,15.7,11.6,118,0.788,345,0.646,0,0,0.679,12.3,8.1,16.2,1,5.1,0.93,1.27,6.6,2019
2598,Rodney Hood,Por,G-F,27.82,21,29.5,61.4,13.9,9.4,27,0.778,101,0.515,71,0.493,0.625,11,3.4,6.1,1.5,7,0.81,0.19,5.2,2019
2599,Al Horford,Phi,C-F,34.2,67,30.2,63,17.5,9.7,80,0.763,426,0.516,283,0.35,0.536,11.9,6.8,12.4,4,19.2,0.81,0.91,9.1,2019
2600,Talen Horton-Tucker,Lal,G,19.72,6,13.5,28.2,19.6,15.9,4,0.5,17,0.588,13,0.308,0.535,5.7,1.2,4.7,1,10.5,1.33,0.17,5.6,2019
2601,Danuel House Jr.,Hou,F-G,27.19,63,30.4,63.3,13.7,8.5,90,0.811,184,0.549,355,0.363,0.572,10.5,4.2,7.3,1.3,6.1,1.06,0.54,5.1,2019
2602,Dwight Howard,Lal,C-F,34.69,69,18.9,39.4,14.7,18.6,214,0.514,272,0.732,5,0.6,0.696,7.5,7.3,21.2,0.7,4.8,0.46,1.14,7.1,2019
2603,William Howard,Hou,F-G,26.81,2,6.7,13.9,15.6,20,0,0,0,0,4,0,0,0,1,7.9,0.5,8.9,0,0,0,2019
2604,Kevin Huerter,Atl,G-F,21.97,56,31.4,65.5,17.1,12,64,0.828,276,0.453,334,0.38,0.536,12.2,4.1,7,3.8,17.5,0.91,0.48,7.3,2019
2605,De'Andre Hunter,Atl,F-G,22.7,63,32,66.7,17.5,12.1,144,0.764,379,0.454,304,0.355,0.521,12.3,4.5,7.6,1.8,7.9,0.7,0.29,5.8,2019
2606,Chandler Hutchison,Chi,F-G,24.3,28,18.8,39.2,19.1,11.4,78,0.59,137,0.496,38,0.316,0.521,7.8,3.9,11.3,0.9,7.4,0.96,0.25,6.4,2019
2607,Serge Ibaka,Tor,F,30.91,55,27,56.2,24,13.1,124,0.718,488,0.559,182,0.385,0.583,15.4,8.2,16.1,1.4,8.6,0.51,0.84,8.3,2019
2608,Andre Iguodala,Mia,G-F,36.55,21,19.9,41.5,12.8,22.2,15,0.4,41,0.585,47,0.298,0.507,4.6,3.7,10.4,2.4,16.9,0.67,1,6.9,2019
2609,Ersan Ilyasova,Mil,F,33.25,63,15.7,32.6,16.1,8.8,87,0.828,176,0.545,137,0.365,0.589,6.6,4.8,15.1,0.8,6.6,0.37,0.27,7.5,2019
2610,Joe Ingles,Uta,F-G,32.87,72,29.7,61.8,15,19.2,94,0.787,200,0.525,353,0.399,0.595,9.8,3.9,7.2,5.2,24.3,0.9,0.15,7.9,2019
2611,Brandon Ingram,Nor,F,22.95,62,33.9,70.7,28.1,13,368,0.851,712,0.501,384,0.391,0.587,23.8,6.1,9.5,4.2,19.3,0.98,0.6,10,2019
2612,Kyrie Irving,Bro,G,28.39,20,32.9,68.5,32.6,10.1,102,0.922,274,0.522,142,0.394,0.595,27.4,5.2,8.1,6.4,36.7,1.35,0.5,11.8,2019
2613,Jonathan Isaac,Orl,F,22.87,34,28.8,60,18.3,11.8,77,0.779,238,0.521,94,0.34,0.552,11.9,6.8,12.7,1.4,7.4,1.56,2.29,6.7,2019
2614,Wes Iwundu,Orl,F,25.65,52,18.3,38.2,13.7,8.9,97,0.804,150,0.46,82,0.341,0.546,5.8,2.5,7.4,1.2,8.8,0.48,0.25,5.7,2019
2615,Jaren Jackson Jr.,Mem,F-C,20.92,57,28.5,59.3,24,10.6,186,0.747,385,0.54,368,0.394,0.593,17.4,4.6,8.5,1.4,7.2,0.68,1.61,6.8,2019
2616,Frank Jackson,Nor,G,22.28,59,13.5,28.1,21.2,11.9,75,0.747,187,0.465,144,0.326,0.51,6.3,1.4,5.5,1,10.8,0.29,0.07,6.1,2019
2617,Josh Jackson,Mem,G-F,23.51,22,17.3,36.1,22.8,13.4,50,0.7,87,0.54,72,0.319,0.547,9,3,9.1,1.6,13.1,0.82,0.41,8.1,2019
2618,Justin Jackson,Dal,F,25.38,65,16.1,33.5,15.4,3.7,50,0.84,178,0.489,163,0.294,0.496,5.5,2.4,7.7,0.8,6.8,0.23,0.15,5.5,2019
2619,Reggie Jackson,Det,G,30.33,14,27.2,56.7,27,9.8,33,0.788,116,0.388,82,0.378,0.492,14.9,2.9,6.1,5.1,30.8,0.57,0.07,8.9,2019
2620,Reggie Jackson,Lac,G,30.33,17,21.3,44.3,19.1,16.9,21,0.905,65,0.492,63,0.413,0.587,9.5,3,7.3,3.2,21.3,0.29,0.24,8.5,2019
2621,Justin James,Sac,G-F,23.56,35,6.6,13.8,18.7,7,21,0.476,55,0.473,29,0.31,0.477,2.5,0.9,7.7,0.5,11.2,0.17,0.26,6.3,2019
2622,LeBron James,Lal,F,35.62,67,34.6,72,31.5,15.1,381,0.693,878,0.564,425,0.348,0.577,25.3,7.8,12.3,10.2,49.1,1.16,0.54,14.6,2019
2623,Amile Jefferson,Orl,F,27.27,18,4.1,8.6,13.4,13,14,0.357,14,0.357,0,0,0.372,0.8,1.3,16.6,0.2,7.2,0.06,0.17,5.8,2019
2624,DaQuan Jeffries,Sac,G-F,22.96,13,10.9,22.6,13.7,4.5,6,0.833,22,0.682,18,0.278,0.586,3.8,1.4,7.2,0.5,7.1,0.31,0.08,5.1,2019
2625,Ty Jerome,Pho,G-F,23.11,31,10.6,22,17.9,13,16,0.75,63,0.381,50,0.28,0.425,3.3,1.5,7.8,1.4,18.2,0.48,0.1,7.2,2019
2626,Alize Johnson,Ind,F,24.31,17,6.9,14.4,15.1,17.3,10,0.7,21,0.429,8,0.375,0.509,2,2.9,22.8,0.4,7.7,0.18,0.12,7.7,2019
2627,BJ Johnson,Orl,F,24.65,10,8.3,17.2,22.2,14.2,10,0.9,23,0.261,9,0.333,0.412,3,1.5,9.8,0.3,5.1,0.3,0,5.3,2019
2628,Cameron Johnson,Pho,F,24.45,57,22,45.9,15.7,6.9,57,0.807,133,0.526,272,0.39,0.586,8.8,3.3,8.3,1.2,7.7,0.61,0.35,5.9,2019
2629,James Johnson,Mia,F,33.48,18,15.6,32.5,16.9,13.9,14,0.571,42,0.548,45,0.356,0.547,5.7,2.9,10.3,1.2,11.1,0.33,0.72,6.9,2019
2630,James Johnson,Min,F,33.48,14,24.2,50.4,21.4,18.8,34,0.676,82,0.573,46,0.37,0.588,12,4.7,10.3,3.8,24.4,1.29,1.43,9.9,2019
2631,Keldon Johnson,San,F-G,20.84,17,17.7,36.8,17.4,10.7,44,0.795,67,0.597,22,0.591,0.711,9.1,3.4,10.2,0.9,7.2,0.82,0.12,6.8,2019
2632,Stanley Johnson,Tor,F-G,24.21,25,6,12.5,23.1,18.5,16,0.563,35,0.429,24,0.292,0.454,2.4,1.5,13,0.8,19.4,0.24,0.16,9.5,2019
2633,Tyler Johnson,Pho,G,28.27,31,16.6,34.6,17.3,11.5,32,0.75,88,0.466,83,0.289,0.481,5.7,1.7,5.6,1.6,13.3,0.39,0.26,6,2019
2634,Tyler Johnson,Bro,G,28.27,8,24.3,50.5,19.8,5.4,18,1,43,0.419,36,0.389,0.552,12,3.1,6.7,3,18.6,0.5,0.13,7.9,2019
2635,Nikola Jokic,Den,C,25.49,73,32,66.6,26.6,15.8,301,0.817,816,0.594,255,0.314,0.605,19.9,9.7,17.1,7,35.2,1.16,0.6,13.8,2019
2636,Derrick Jones Jr.,Mia,F,23.5,59,23.3,48.6,13.9,6.9,123,0.772,217,0.677,132,0.28,0.62,8.5,3.9,9.5,1.1,6.7,1,0.63,5.7,2019
2637,Damian Jones,Atl,C,25.13,55,16.1,33.6,11.4,11.5,84,0.738,169,0.704,9,0.222,0.712,5.6,3.7,12.5,0.6,5.6,0.47,0.73,5.8,2019
2638,Tyus Jones,Mem,G,24.26,65,19,39.5,17.2,10.8,58,0.741,305,0.492,124,0.379,0.532,7.4,1.6,4.4,4.4,32,0.91,0.09,7.9,2019
2639,DeAndre Jordan,Bro,C,32.07,56,22,45.9,14.1,17.8,122,0.68,287,0.666,0,0,0.682,8.3,10,23.5,1.9,12.6,0.32,0.93,9.8,2019
2640,Cory Joseph,Sac,G,28.99,72,24.4,50.9,12.9,15.3,70,0.857,253,0.455,159,0.352,0.517,6.4,2.6,6,3.5,19.1,0.74,0.29,6.4,2019
2641,Mfiondu Kabengele,Lac,F-C,23,12,5.4,11.2,23.5,5.5,5,1,12,0.417,20,0.45,0.614,3.5,0.9,8.9,0.2,4.8,0.17,0.17,6.4,2019
2642,Frank Kaminsky,Pho,F-C,27.36,39,19.9,41.5,21,9.6,90,0.678,183,0.53,124,0.331,0.545,9.7,4.5,12.6,1.9,14.3,0.38,0.26,8.8,2019
2643,Enes Kanter,Bos,C,28.24,58,17,35.3,19.4,12.5,99,0.707,341,0.581,7,0.143,0.599,8.1,7.4,23.5,1,8.8,0.4,0.71,9.2,2019
2644,Luke Kennard,Det,G,24.14,28,32.9,68.6,19.8,10.3,75,0.893,159,0.491,183,0.399,0.589,15.8,3.5,6,4.1,19.2,0.43,0.21,7.4,2019
2645,Michael Kidd-Gilchrist,Cha,F,26.89,12,13.3,27.7,17.6,10.9,9,0.778,36,0.361,17,0.294,0.421,4,2.9,12,0.8,9.5,0,0.25,6.3,2019
2646,Michael Kidd-Gilchrist,Dal,F,26.89,13,9.3,19.4,8.5,37.2,5,0.8,10,0.4,3,0,0.395,0.9,2.5,13.9,0.3,4,0.15,0.23,3.8,2019
2647,Stanton Kidd,Uta,F,28.41,4,3.8,8,14.3,40,0,0,2,0,1,0,0,0,0.8,10.8,0.3,7.9,0,0,0,2019
2648,Louis King,Det,F,21.36,10,6.2,13,17.1,8.2,3,0,10,0.4,11,0.364,0.448,2,1,9.1,0.5,11.8,0.2,0,6.5,2019
2649,Maxi Kleber,Dal,F,28.54,74,25.5,53.2,13.9,9.5,93,0.849,195,0.605,319,0.373,0.605,9.1,5.3,10.8,1.2,6.3,0.34,1.14,6.1,2019
2650,Brandon Knight,Cle,G,28.7,16,15.1,31.4,19.1,14.9,13,0.308,22,0.409,64,0.297,0.431,4.9,1.3,4.6,1.9,17.9,0.31,0.13,6.1,2019
2651,Brandon Knight,Det,G,28.7,9,24.6,51.2,22.2,19.6,21,0.762,14,0.357,67,0.388,0.576,11.6,2.3,5.4,4.2,25.6,0.56,0.11,7.8,2019
2652,Kevin Knox II,Nyk,F,21.01,65,17.9,37.4,17.9,9.2,101,0.653,202,0.391,199,0.327,0.47,6.4,2.8,8.4,0.9,7.4,0.35,0.43,5.6,2019
2653,John Konchar,Mem,G,24.4,19,9.5,19.9,10.3,15.6,2,0.5,27,0.704,10,0.5,0.713,2.8,2.5,13.7,1.2,16.2,0.37,0.16,8.6,2019
2654,Furkan Korkmaz,Phi,G-F,23.06,72,21.7,45.1,18.4,8.8,102,0.755,208,0.476,356,0.402,0.578,9.8,2.3,5.9,1.1,7.3,0.57,0.22,5.4,2019
2655,Luke Kornet,Chi,C-F,25.09,36,15.5,32.3,16.3,6.6,28,0.714,79,0.646,108,0.287,0.539,6,2.3,8.3,0.9,8.5,0.31,0.72,6,2019
2656,Kyle Korver,Mil,G-F,39.41,58,16.6,34.5,15.5,13.6,41,0.854,56,0.482,237,0.418,0.62,6.7,2.1,6.3,1.2,9.2,0.43,0.21,6.2,2019
2657,Rodions Kurucs,Bro,F,22.52,47,14.5,30.3,14.7,19.2,38,0.632,87,0.529,90,0.367,0.555,4.6,2.9,10.4,1.1,10.4,0.53,0.11,6.8,2019
2658,Kyle Kuzma,Lal,F,25.06,61,25,52.1,22.8,11,155,0.735,396,0.518,272,0.316,0.531,12.8,4.5,9.8,1.3,7.6,0.46,0.43,6.7,2019
2659,Skal Labissiere,Por,F-C,24.41,33,17.2,35.8,14.3,15.7,33,0.758,134,0.582,13,0.231,0.588,5.8,5.1,15.6,1.3,10.1,0.21,0.94,7.8,2019
2660,Jeremy Lamb,Ind,G-F,28.21,46,28.1,58.5,19.6,8.7,110,0.836,321,0.508,158,0.335,0.547,12.5,4.3,8.4,2.1,10.5,1.17,0.48,6.9,2019
2661,Romeo Langford,Bos,G-F,20.81,32,11.6,24.1,11.8,10.8,25,0.72,53,0.434,27,0.185,0.434,2.5,1.3,5.9,0.4,4.5,0.22,0.25,3.8,2019
2662,Zach LaVine,Chi,G-F,25.43,60,34.8,72.4,31.7,13.3,334,0.802,716,0.496,484,0.38,0.568,25.5,4.8,7.7,4.2,21.7,1.45,0.47,9.2,2019
2663,Vic Law,Orl,F,24.66,8,7.7,16.1,15.8,8.8,6,0.333,11,0.455,7,0.143,0.363,1.9,1.4,9.6,0.4,6.7,0.25,0,5.3,2019
2664,Jake Layman,Min,F,26.44,23,22,45.8,17.7,11.1,32,0.75,107,0.533,72,0.333,0.544,9.1,2.5,5.9,0.7,4.4,0.74,0.39,4.6,2019
2665,TJ Leaf,Ind,F,23.29,28,7.9,16.5,20,7.9,16,0.438,68,0.456,18,0.278,0.451,3,2.5,17.3,0.3,5.7,0.36,0.14,6.6,2019
2666,Jalen Lecque,Pho,G,20.17,5,6.3,13.2,17.3,15.5,2,1,6,0.667,4,0,0.46,2,0.4,3.5,0.4,8.7,0,0,4.3,2019
2667,Courtney Lee,Dal,G,34.87,24,14.4,30,11.9,11.4,7,0.857,35,0.543,47,0.447,0.629,4.5,1.3,4.9,0.5,4.7,0.75,0.25,4,2019
2668,Damion Lee,Gol,G-F,27.81,49,29,60.5,19,10.6,126,0.873,272,0.471,239,0.356,0.548,12.7,4.9,9.1,2.7,14.4,1.02,0.12,7.6,2019
2669,Alex Len,Atl,C,27.16,40,18.6,38.8,18.8,11.9,81,0.63,205,0.624,56,0.25,0.588,8.7,5.8,16.7,1.1,8.7,0.5,0.83,8.2,2019
2670,Alex Len,Sac,C,27.16,15,15,31.3,16.5,18.7,24,0.708,56,0.589,3,0.667,0.64,5.9,6.1,22.7,0.5,5.2,0.2,1,7,2019
2671,Kawhi Leonard,Lac,F,29.13,57,32.4,67.5,33,10.2,402,0.886,808,0.506,325,0.378,0.589,27.1,7.1,11.3,4.9,26.5,1.81,0.58,12.1,2019
2672,Meyers Leonard,Mia,C,28.46,51,20.3,42.2,12.1,13.7,28,0.643,106,0.623,128,0.414,0.627,6.1,5.1,13.9,1.1,7.6,0.27,0.29,6.4,2019
2673,Caris LeVert,Bro,G,25.97,45,29.6,61.6,29.4,12.5,197,0.711,512,0.451,220,0.364,0.514,18.7,4.2,7.3,4.4,25,1.18,0.22,9.5,2019
2674,Damian Lillard,Por,G,30.09,66,37.5,78.1,30.3,11,518,0.888,674,0.525,674,0.401,0.628,30,4.3,6,8,34.4,1.06,0.33,10.8,2019
2675,Nassir Little,Por,F-G,20.51,48,11.9,24.8,13.7,8.1,44,0.636,92,0.554,59,0.237,0.505,3.6,2.3,9.9,0.5,5,0.27,0.31,5.4,2019
2676,Kevon Looney,Gol,F,24.52,20,13.1,27.3,15.9,13.4,12,0.75,65,0.431,14,0.071,0.403,3.4,3.3,13.7,1,11.1,0.6,0.3,6.8,2019
2677,Brook Lopez,Mil,C,32.37,68,26.7,55.7,18.3,8.7,152,0.836,346,0.549,325,0.314,0.551,12,4.6,8.5,1.5,7.4,0.68,2.4,6.5,2019
2678,Robin Lopez,Mil,C,32.37,66,14.5,30.2,16.6,16.4,53,0.528,194,0.577,105,0.333,0.554,5.4,2.4,8.3,0.7,6.3,0.15,0.68,5.8,2019
2679,Kevin Love,Cle,F,31.94,56,31.8,66.2,23.2,14.6,219,0.854,337,0.537,390,0.374,0.599,17.6,9.8,17.1,3.2,15.4,0.59,0.34,10.3,2019
2680,Kyle Lowry,Tor,G,34.39,58,36.2,75.4,23.1,15.7,343,0.857,337,0.504,466,0.352,0.59,19.4,5,7.3,7.5,30.6,1.41,0.45,9.9,2019
2681,Timothe Luwawu-Cabarrot,Bro,G-F,25.27,47,18.1,37.8,16.8,10.8,81,0.852,109,0.505,160,0.388,0.599,7.8,2.7,7.7,0.6,4.9,0.38,0.13,5.1,2019
2682,Trey Lyles,San,F,24.78,63,20.2,42,13.6,9.7,45,0.733,175,0.503,168,0.387,0.557,6.4,5.7,15.3,1.1,7.2,0.44,0.44,6.8,2019
2683,Daryl Macon,Mia,G,24.71,4,3.5,7.3,15.6,40,0,0,1,0,2,0.5,0.5,0.8,0,0,0.3,9.6,0,0,0,2019
2684,J.P. Macura,Cle,G,25.2,1,0.6,1.3,0,,0,0,0,0,0,0,,0,0,0,0,0,0,0,0,2019
2685,Josh Magette,Orl,G,30.71,8,4.7,9.9,23.8,23.9,2,0.5,11,0.364,4,0.25,0.378,1.5,0.8,8.5,0.6,19.3,0.38,0.13,7.6,2019
2686,Ian Mahinmi,Was,C,33.78,38,21.3,44.3,15.7,14.7,113,0.619,185,0.535,26,0.192,0.543,7.4,5.8,14.8,1.3,8.3,0.82,1.16,7.2,2019
2687,Thon Maker,Det,F-C,23.47,60,12.9,26.9,16.1,15.7,110,0.664,129,0.55,64,0.344,0.582,4.7,2.8,12.2,0.7,8,0.42,0.65,6.5,2019
2688,Terance Mann,Lac,G-F,23.82,41,8.8,18.4,12.6,16.5,27,0.667,59,0.508,20,0.35,0.545,2.4,1.3,7.9,1.3,19.3,0.27,0.12,7.2,2019
2689,Boban Marjanovic,Dal,C,32,42,10,20.9,26.9,11.7,57,0.754,193,0.606,17,0.235,0.615,6.9,4.7,24.5,0.5,8.3,0.19,0.24,10.1,2019
2690,Lauri Markkanen,Chi,F-C,23.23,50,29.8,62.2,21.1,11,153,0.824,274,0.518,317,0.344,0.56,14.7,6.3,11.6,1.5,7.6,0.84,0.48,7,2019
2691,Caleb Martin,Cha,F,24.88,18,17.6,36.7,15,13.9,21,0.81,47,0.362,37,0.541,0.595,6.2,2.1,6.6,1.3,11.1,0.67,0.39,5.8,2019
2692,Cody Martin,Cha,F,24.88,48,18.8,39.2,13.6,15.7,65,0.646,130,0.546,77,0.234,0.505,5,3.3,9.6,2,15.8,0.81,0.19,6.8,2019
2693,Jeremiah Martin,Bro,G,24.15,9,11,22.9,26.7,6.3,14,0.786,35,0.543,18,0.278,0.541,7.1,1.1,5.2,2,30.8,0.78,0.22,9.1,2019
2694,Kelan Martin,Min,F,25.03,31,16,33.3,17.9,9.3,31,0.968,85,0.541,96,0.26,0.506,6.4,3.1,10.2,0.7,6.8,0.23,0.29,6,2019
2695,Frank Mason,Mil,G,26.37,9,13.1,27.3,24.3,15.8,17,0.588,30,0.567,21,0.286,0.53,6.9,2.1,8,3.2,35,0.56,0.11,11,2019
2696,Garrison Mathews,Was,G,23.81,18,12.6,26.3,14.4,10.1,34,0.912,10,0.5,46,0.413,0.691,5.4,1.3,5.8,0.6,5.8,0.44,0.06,5.1,2019
2697,Wesley Matthews,Mil,G,33.84,67,24.4,50.8,12.5,8.7,68,0.765,125,0.472,297,0.364,0.547,7.4,2.5,5,1.4,7.1,0.55,0.13,4.9,2019
2698,Luc Mbah a Moute,Hou,F,33.93,3,8.2,17.1,11.6,14.5,2,0.5,3,0.667,2,0,0.425,1.7,0.7,4.3,0,0,0.67,0,0,2019
2699,Patrick McCaw,Tor,G,24.81,37,24.5,51.1,9.4,14.6,18,0.722,91,0.484,71,0.324,0.5,4.6,2.3,5,2.1,11.5,1.05,0.11,4.6,2019
2700,CJ McCollum,Por,G,28.9,70,36.5,76.1,25.9,8.1,185,0.757,844,0.494,512,0.379,0.541,22.2,4.3,6.1,4.4,19.1,0.77,0.6,8.2,2019
2701,T.J. McConnell,Ind,G,28.39,71,18.7,38.9,17.5,18.9,42,0.833,395,0.524,17,0.294,0.539,6.5,2.7,7.9,5,37.6,0.8,0.15,9.5,2019
2702,Jalen McDaniels,Cha,F-C,22.54,16,18.3,38.2,13.4,13.4,17,0.824,46,0.522,24,0.375,0.574,5.6,4.1,12.1,0.8,6.7,0.5,0.19,5.8,2019
2703,Doug McDermott,Ind,F,28.61,69,19.9,41.4,19.6,6.8,58,0.828,253,0.549,294,0.435,0.62,10.3,2.5,6.9,1.1,8.4,0.17,0.09,6.1,2019
2704,JaVale McGee,Lal,C-F,32.57,68,16.6,34.6,14.8,13.9,82,0.646,300,0.64,6,0.5,0.652,6.6,5.8,18.9,0.5,4.6,0.53,1.37,6.4,2019
2705,Rodney McGruder,Lac,G,29.05,56,15.6,32.4,10.6,10.9,34,0.559,92,0.522,89,0.27,0.477,3.3,2.7,9,0.7,5.5,0.46,0.14,4.7,2019
2706,Alfonzo McKinnie,Cle,F,27.91,40,14.8,30.9,15.2,12.3,31,0.71,106,0.557,65,0.215,0.493,4.6,2.8,10.6,0.4,3.3,0.58,0.2,4.7,2019
2707,Jordan McLaughlin,Min,G,24.35,30,19.7,41,15.8,13.7,39,0.667,102,0.569,76,0.382,0.587,7.6,1.6,4.4,4.2,31,1.13,0.13,7.5,2019
2708,Ben McLemore,Hou,G,27.51,71,22.8,47.5,16,8,67,0.746,93,0.656,452,0.4,0.622,10.1,2.2,5,0.8,5.2,0.65,0.23,4.6,2019
2709,Jordan McRae,Was,G,29.38,29,22.5,47,24.9,9.7,83,0.771,211,0.441,106,0.377,0.523,12.8,3.6,8.7,2.8,19.1,0.66,0.52,9,2019
2710,Jordan McRae,Den,G,29.38,4,8.1,16.8,10.5,0,4,0.75,2,0,4,0.5,0.58,2.3,1.3,8.7,1,15.5,0.5,0.25,7.1,2019
2711,Jordan McRae,Det,G,29.38,4,24.6,51.3,25.6,8.7,22,0.727,27,0.407,16,0.188,0.446,11.8,3.8,8.6,1.8,10.6,0,0,7,2019
2712,Nicolo Melli,Nor,0,29.55,60,17.4,36.2,15.7,11.5,73,0.74,117,0.573,206,0.335,0.556,6.6,3,9.2,1.4,10.5,0.57,0.38,7,2019
2713,De'Anthony Melton,Mem,G,22.22,60,19.5,40.5,19.2,15.6,121,0.769,261,0.464,140,0.286,0.501,7.6,3.7,9.9,2.9,20.1,1.27,0.33,8.9,2019
2714,Chimezie Metu,San,F-C,23.4,18,5.9,12.2,23.7,17.3,13,0.769,40,0.6,2,0,0.608,3.2,1.8,16.9,0.6,14.8,0.17,0.33,10.3,2019
2715,Khris Middleton,Mil,F,29.01,62,29.9,62.3,26.3,11.5,227,0.916,593,0.546,354,0.415,0.619,20.9,6.2,10.2,4.3,22.2,0.85,0.11,11,2019
2716,Eric Mika,Sac,C,25.61,1,19.1,39.8,8.8,0,2,1,3,0.667,0,0,0.773,6,7,20.6,0,0,0,0,0,2019
2717,CJ Miles,Was,G,33.41,10,16.1,33.5,18.6,5.6,20,0.75,24,0.333,35,0.314,0.472,6.4,1.2,4.1,1.2,10,1,0.4,5.2,2019
2718,Malcolm Miller,Tor,G-F,27.44,28,5.8,12,9.6,11,8,0.375,7,0.571,22,0.364,0.538,1.3,0.6,5.2,0.4,8.9,0.18,0.07,4.7,2019
2719,Paul Millsap,Den,F,35.51,51,24.3,50.7,20,12.3,141,0.816,314,0.5,124,0.435,0.591,11.6,5.7,13.2,1.6,9.6,0.86,0.59,7.8,2019
2720,Patty Mills,San,G,32.01,66,22.5,46.9,20.4,7.7,112,0.866,195,0.533,403,0.382,0.592,11.6,1.6,3.9,1.8,11.4,0.8,0.09,5.7,2019
2721,Shake Milton,Phi,G-F,23.88,40,20.1,41.9,18.8,13.3,65,0.785,142,0.535,135,0.43,0.617,9.4,2.2,6,2.6,18.8,0.48,0.18,7.5,2019
2722,Donovan Mitchell,Uta,G,23.94,69,34.3,71.4,30.8,11,322,0.863,869,0.494,473,0.366,0.558,24,4.4,7.1,4.3,21.6,1.01,0.2,9,2019
2723,Naz Mitrou-Long,Ind,G,27.03,5,9.4,19.5,18.7,15,0,0,5,0.8,12,0.167,0.412,2.8,1.4,8.2,1.6,22.9,0.2,0.2,7.8,2019
2724,Adam Mokoka,Chi,G,22.08,11,10.2,21.2,12.1,6.3,4,0.5,13,0.462,15,0.4,0.538,2.9,0.9,4.9,0.4,5,0.36,0,4,2019
2725,Malik Monk,Cha,G,22.53,55,21.3,44.3,22.9,12.6,100,0.82,284,0.542,204,0.284,0.53,10.3,2.9,7.3,2.1,16.6,0.45,0.29,7.5,2019
2726,Matt Mooney,Cle,G,23.52,4,4.7,9.8,9.1,0,0,0,2,0.5,2,0,0.25,0.5,0.8,8.9,0.3,6.8,0.5,0.25,4.2,2019
2727,E'Twaun Moore,Nor,G,31.47,56,18.2,37.9,19.9,8.1,45,0.689,270,0.456,167,0.377,0.51,8.3,2.3,6.8,1.4,11,0.57,0.2,6.6,2019
2728,Ja Morant,Mem,G,21.01,67,31,64.5,25.9,17,308,0.776,758,0.511,179,0.335,0.556,17.8,3.9,6.5,7.3,35.2,0.88,0.27,10.3,2019
2729,Juwan Morgan,Uta,F,23.33,21,6.4,13.3,11,17.8,4,0.75,18,0.667,8,0.375,0.648,1.7,1.4,11.9,0.3,6.2,0.05,0.1,5.6,2019
2730,Marcus Morris Sr.,Nyk,F,30.95,43,32.3,67.2,24.4,9.2,198,0.823,372,0.444,264,0.439,0.582,19.6,5.4,9,1.4,6.8,0.77,0.4,6.6,2019
2731,Marcus Morris Sr.,Lac,F,30.95,19,28.9,60.2,15.8,11.6,22,0.818,90,0.533,84,0.31,0.523,10.1,4.1,7.4,1.4,6.8,0.68,0.68,5.4,2019
2732,Markieff Morris,Det,F,30.95,44,22.5,46.8,21.8,14.2,79,0.772,200,0.5,189,0.397,0.573,11,3.9,9.9,1.6,11,0.59,0.23,7.3,2019
2733,Markieff Morris,Lal,F,30.95,14,14.2,29.7,16.6,7.6,6,0.833,30,0.5,40,0.325,0.509,5.3,3.2,12.3,0.6,5.4,0.36,0.43,6.1,2019
2734,Monte Morris,Den,G,25.13,73,22.4,46.7,17.5,8.2,89,0.843,394,0.495,172,0.378,0.545,9,1.9,4.7,3.5,22.1,0.75,0.23,7,2019
2735,Johnathan Motley,Lac,F,25.28,13,3.2,6.6,23.5,21.7,7,0.714,14,0.714,1,1,0.774,2.2,0.8,12.6,0.5,28.7,0.23,0,12,2019
2736,Emmanuel Mudiay,Uta,G,24.44,54,15.7,32.8,22.6,17.3,83,0.759,239,0.506,87,0.345,0.545,7.3,2.3,8.2,2.1,20.9,0.44,0.19,8.4,2019
2737,Mychal Mulder,Gol,G,26.18,7,29.1,60.6,16.2,6.5,12,0.75,15,0.667,52,0.308,0.533,11,3.3,6.1,1.1,5.9,0.29,0.14,4.7,2019
2738,Dejounte Murray,San,G,23.9,66,25.6,53.2,20.8,15.4,114,0.798,526,0.481,111,0.369,0.524,10.9,5.8,12.3,4.1,23.1,1.68,0.26,10,2019
2739,Jamal Murray,Den,G,23.47,59,32.3,67.2,25.2,11.5,185,0.881,570,0.519,324,0.346,0.559,18.5,4,6.9,4.8,22.9,1.14,0.29,8.8,2019
2740,Dzanan Musa,Bro,G-F,21.27,40,12.2,25.4,20.1,15.4,60,0.75,94,0.479,78,0.244,0.484,4.8,2.2,9.1,1.1,12.6,0.38,0.03,7.4,2019
2741,Mike Muscala,Okc,F-C,29.12,47,12.2,25.3,16.6,7.9,22,0.818,46,0.5,143,0.378,0.569,4.8,2.3,10.4,0.9,10.1,0.19,0.26,7,2019
2742,Svi Mykhailiuk,Det,G-F,23.18,56,22.6,47.1,17.1,12.3,70,0.814,120,0.425,285,0.404,0.578,9,1.9,4.7,1.9,12.3,0.73,0.07,5.6,2019
2743,Abdel Nader,Okc,F,26.89,55,15.8,32.8,17,12.8,66,0.773,135,0.556,128,0.375,0.591,6.3,1.8,6.4,0.7,6.4,0.42,0.36,5.1,2019
2744,Larry Nance Jr.,Cle,F-C,27.62,56,26.3,54.8,15.2,11.5,74,0.676,272,0.636,159,0.352,0.608,10.1,7.3,15.4,2.2,12.3,0.98,0.39,8.3,2019
2745,Shabazz Napier,Min,G,29.09,36,23.8,49.6,19.1,19.1,88,0.818,124,0.54,159,0.296,0.539,9.6,3.1,6.8,5.2,31.3,1.14,0.19,9,2019
2746,Shabazz Napier,Was,G,29.09,20,24.4,50.9,21.6,20.5,65,0.831,92,0.489,81,0.358,0.573,11.6,2.4,5.4,3.8,21.6,1.45,0.2,7.8,2019
2747,Raul Neto,Phi,G,28.24,54,12.4,25.8,18.6,16.3,47,0.83,133,0.504,88,0.386,0.569,5.1,1.1,5,1.8,20.3,0.44,0.11,7,2019
2748,Malik Newman,Cle,G,23.48,1,3.7,7.7,44.8,25.8,2,1,1,0,1,0,0.347,2,0,0,0,0,0,0,0,2019
2749,Georges Niang,Uta,F,27.16,66,14,29.1,17.2,8.3,24,0.833,97,0.526,225,0.4,0.589,5.9,1.9,7.6,0.7,6.9,0.27,0.08,5.7,2019
2750,Joakim Noah,Lac,F-C,35.47,5,10,20.9,14.6,34.2,8,0.75,8,0.5,0,0,0.608,2.8,3.2,16.5,1.4,17.9,0.2,0.2,9.3,2019
2751,Nerlens Noel,Okc,C-F,26.35,61,18.5,38.5,14.9,17.3,106,0.755,266,0.688,3,0.333,0.711,7.4,4.9,14.7,0.9,7.6,0.97,1.49,6.9,2019
2752,Zach Norvell Jr.,Lal,G-F,22.68,2,2.5,5.1,8.6,0,0,0,1,0,0,0,0,0,0.5,11.2,0,0,0,0,0,2019
2753,Zach Norvell Jr.,Gol,G-F,22.68,3,12,25,17.1,20.8,1,1,3,0,8,0.375,0.437,3.3,1.7,7.5,1,11.7,0.67,0,5.9,2019
2754,Jaylen Nowell,Min,G,21.35,15,10.1,21,17.3,4.7,17,0.941,27,0.593,26,0.115,0.471,3.8,0.9,4.5,1.3,17.8,0.2,0,6.5,2019
2755,Frank Ntilikina,Nyk,G,22.05,57,20.8,43.4,15.4,16.5,59,0.864,196,0.444,137,0.321,0.497,6.3,2.1,5.4,3,20.2,0.95,0.28,6.6,2019
2756,Kendrick Nunn,Mia,G,25.03,67,29.3,61,24,10.6,100,0.85,523,0.505,391,0.35,0.534,15.3,2.7,5.1,3.3,18.5,0.84,0.22,7,2019
2757,Jusuf Nurkic,Por,C,25.98,8,31.7,65.9,24,13.2,35,0.886,99,0.525,10,0.2,0.567,17.6,10.3,17,4,19.1,1.38,2,11.3,2019
2758,David Nwaba,Bro,G-F,27.58,20,13.4,28,14.2,8.8,27,0.667,43,0.581,28,0.429,0.627,5.2,2.3,8.7,0.4,4.3,0.55,0.6,5,2019
2759,Semi Ojeleye,Bos,F,25.69,69,14.6,30.5,9.7,8.3,32,0.875,69,0.464,127,0.378,0.562,3.4,2.1,7.7,0.5,4.7,0.3,0.07,4.2,2019
2760,Jahlil Okafor,Nor,C-F,24.67,30,15.6,32.4,19.9,16.7,62,0.645,159,0.629,3,0.333,0.642,8.1,4.2,14.4,1.2,12,0.23,0.73,8.8,2019
2761,Elie Okobo,Pho,F-G,22.81,55,13.1,27.2,14.8,15.2,71,0.704,110,0.427,71,0.352,0.516,4,1.6,7,2.1,21.2,0.45,0.07,7.3,2019
2762,Josh Okogie,Min,G,21.95,62,25,52,15.1,15.1,191,0.796,244,0.529,154,0.266,0.553,8.6,4.3,9.1,1.6,8.9,1.1,0.42,6.2,2019
2763,KZ Okpala,Mia,F-G,21.3,5,5.2,10.8,11.6,14.5,2,0.5,4,0.75,1,0,0.595,1.4,1,10.7,0.2,5.5,0.4,0.2,5,2019
2764,Victor Oladipo,Ind,G,28.28,19,27.8,57.9,26.5,14.7,59,0.814,142,0.451,104,0.317,0.506,14.5,3.9,7.8,2.9,15.4,0.89,0.21,7.9,2019
2765,Kelly Olynyk,Mia,C,29.32,67,19.4,40.4,17.4,13.8,100,0.86,164,0.543,234,0.406,0.621,8.2,4.6,13.1,1.7,13.3,0.67,0.34,8.3,2019
2766,Royce O'Neale,Uta,F,27.2,71,28.9,60.1,9.6,13.5,55,0.764,121,0.545,244,0.377,0.578,6.3,5.5,10.4,2.5,11.6,0.83,0.45,6.1,2019
2767,Miye Oni,Uta,G-F,23.03,10,10.9,22.7,15.3,10.5,5,0.8,13,0.385,19,0.368,0.512,3.5,1.7,8.6,0.4,5.1,0.4,0.2,4.9,2019
2768,Kyle O'Quinn,Phi,C-F,30.39,29,10.8,22.5,15.7,17.6,20,0.55,58,0.603,27,0.259,0.544,3.5,4,20.5,1.8,22.7,0.24,0.83,10.9,2019
2769,Cedi Osman,Cle,F,25.35,65,29.4,61.2,16.6,12.3,94,0.67,288,0.497,321,0.383,0.552,11,3.6,6.7,2.4,11.6,0.83,0.25,6.2,2019
2770,Kelly Oubre Jr.,Pho,F-G,24.68,56,34.5,71.9,22.4,8.2,246,0.78,519,0.511,307,0.352,0.56,18.7,6.5,10.4,1.5,6.6,1.25,0.71,6.6,2019
2771,Tariq Owens,Pho,F,25.13,3,5.1,10.7,16.2,0,2,1,3,0.333,2,0,0.34,1.3,1,10.8,0,0,0.33,0,0,2019
2772,Jeremy Pargo,Gol,G,34.44,3,14.8,30.8,25.5,15.1,1,0,15,0.533,7,0.429,0.557,8.3,1,3.7,2.7,32.8,0.33,0,7.6,2019
2773,Jabari Parker,Atl,F,25.42,32,26.2,54.5,24,12.4,72,0.736,278,0.601,115,0.27,0.565,15,6,12.3,1.8,11.5,1.31,0.47,8.3,2019
2774,Jabari Parker,Sac,F,25.42,6,13.4,28,23.7,9.1,9,0.889,32,0.625,4,0.25,0.638,8.5,3.8,16.1,1.7,21.3,0.5,0.17,11.3,2019
2775,Chandler Parsons,Atl,F,31.8,5,10.8,22.6,16.1,14.3,0,0,4,0.25,14,0.286,0.389,2.8,1.4,7,0.6,7.4,0.8,0.2,4.9,2019
2776,Eric Paschall,Gol,F,23.78,60,27.6,57.4,21.4,11.3,212,0.774,512,0.549,129,0.287,0.57,14,4.6,9,2.1,12.7,0.53,0.22,7.4,2019
2777,Anzejs Pasecniks,Was,C,24.65,26,16.8,35,15.8,14.5,58,0.586,113,0.54,3,0,0.551,6,4.1,13.4,0.7,5.7,0.35,0.46,6.1,2019
2778,Patrick Patterson,Lac,F,31.42,59,13.2,27.4,14.7,7.7,43,0.814,61,0.459,172,0.39,0.58,4.9,2.6,10.1,0.7,7.2,0.12,0.05,6.3,2019
2779,Justin Patton,Okc,C,23.17,5,4.8,10.1,21.8,16.7,0,0,6,0.5,4,0.25,0.45,1.8,1,11.4,0.4,12.5,0,0,7.5,2019
2780,Chris Paul,Okc,G,35.28,70,31.5,65.7,23.3,13.8,279,0.907,583,0.554,304,0.365,0.61,17.6,5,8.8,6.7,34,1.59,0.16,10.6,2019
2781,Cameron Payne,Pho,G,26.02,8,22.9,47.7,19.1,13.4,7,0.857,39,0.462,29,0.517,0.612,10.9,3.9,9.4,3,19.4,1,0.25,8.8,2019
2782,Gary Payton II,Was,G,27.7,29,14.9,31,13.4,14.3,8,0.5,70,0.5,46,0.283,0.473,3.9,2.8,10.1,1.7,14.8,1.14,0.24,7.1,2019
2783,Elfrid Payton,Nyk,G,26.48,45,27.7,57.7,19.5,16.6,86,0.57,371,0.482,69,0.203,0.47,10,4.7,9,7.2,38.6,1.58,0.38,10.1,2019
2784,Norvel Pelle,Phi,F,27.53,24,9.7,20.1,13.4,24.9,14,0.5,47,0.532,1,0,0.526,2.4,3,17.2,0.3,4.6,0.13,1.25,5.3,2019
2785,Theo Pinson,Bro,G-F,24.78,33,11.1,23.1,22.3,16.9,16,0.938,75,0.4,80,0.188,0.37,3.6,1.6,7.6,1.7,21.6,0.52,0.12,7.7,2019
2786,Mason Plumlee,Den,F-C,30.45,61,17.3,36.1,18,18.5,155,0.535,283,0.625,5,0,0.613,7.2,5.2,16.7,2.5,20.9,0.52,0.61,10.5,2019
2787,Jakob Poeltl,San,C,24.83,66,17.7,37,13.1,14.9,86,0.465,266,0.624,0,0,0.612,5.6,5.7,17.2,1.8,13.7,0.56,1.45,8.7,2019
2788,Vincent Poirier,Bos,C-F,26.8,22,5.9,12.3,15.4,17,7,0.857,34,0.471,2,0.5,0.525,1.9,2,17.7,0.4,8.5,0.09,0.41,7.8,2019
2789,Shamorie Ponds,Tor,G,19.2,4,2.7,5.5,23.7,0,2,1,3,0.667,2,0.5,0.765,2.3,0.3,5,0.5,34.3,0,0.25,10.4,2019
2790,Jordan Poole,Gol,G,21.16,57,22.3,46.6,21,11.5,119,0.798,237,0.392,265,0.279,0.454,8.8,2.1,5,2.4,15.8,0.6,0.18,6.3,2019
2791,Kevin Porter Jr.,Cle,G-F,20.28,50,23.2,48.4,20.6,16.7,101,0.723,263,0.506,158,0.335,0.535,10,3.2,7.7,2.2,13.9,0.92,0.28,7.1,2019
2792,Michael Porter Jr.,Den,F,22.13,55,16.4,34.2,22.3,10.6,72,0.833,236,0.564,147,0.422,0.617,9.3,4.7,16.1,0.8,7.8,0.49,0.45,8,2019
2793,Otto Porter Jr.,Chi,F,27.2,14,23.6,49.2,21,6.8,27,0.704,78,0.487,62,0.387,0.55,11.9,3.4,8,1.8,11.9,1.07,0.43,7.1,2019
2794,Bobby Portis,Nyk,F,25.51,66,21.1,44,21.4,10.4,93,0.763,402,0.493,187,0.358,0.53,10.1,5.1,12.9,1.5,11.1,0.5,0.27,8.1,2019
2795,Kristaps Porzingis,Dal,F-C,25.04,57,31.8,66.3,27,8,283,0.799,529,0.484,403,0.352,0.551,20.4,9.5,15.6,1.8,8.8,0.72,2.02,8.9,2019
2796,Dwight Powell,Dal,F-C,29.07,40,26.5,55.2,12.7,11.8,111,0.667,190,0.716,39,0.256,0.677,9.4,5.7,11.3,1.5,7.7,0.88,0.53,6.5,2019
2797,Norman Powell,Tor,G,27.23,52,28.4,59.2,21.4,10.5,153,0.843,323,0.579,273,0.399,0.626,16,3.6,6.7,1.8,9.7,1.15,0.4,6.6,2019
2798,Taurean Prince,Bro,F,26.4,64,29,60.5,20.4,14,89,0.798,308,0.429,431,0.339,0.497,12.1,6,10.6,1.8,9.2,0.89,0.39,7,2019
2799,Chasson Randle,Gol,G,27.52,3,13.5,28.1,7,0,6,0.833,2,0,2,0,0.377,1.7,0.7,2.7,1.7,15.5,0.67,0,3.7,2019
2800,Julius Randle,Nyk,C-F,25.71,64,32.5,67.7,27.6,14.3,352,0.733,774,0.516,231,0.277,0.538,19.5,9.7,16,3.1,15.8,0.8,0.34,10.3,2019
2801,Josh Reaves,Dal,G-F,23.2,4,7.1,14.7,14.9,0,2,1,7,0.429,2,0,0.405,2,0.8,5.6,0.8,14.1,0,0,6.1,2019
2802,Cam Reddish,Atl,F-G,20.95,58,26.7,55.7,18.9,13.5,126,0.802,304,0.428,250,0.332,0.5,10.5,3.7,7.5,1.5,8,1.07,0.48,5.8,2019
2803,JJ Redick,Nor,G,36.14,60,26.4,54.9,20.4,9.5,185,0.892,234,0.453,397,0.453,0.644,15.3,2.5,5.1,2,10.8,0.33,0.18,6.4,2019
2804,Naz Reid,Min,C-F,20.97,30,16.5,34.4,24,7.6,53,0.698,146,0.466,97,0.33,0.505,9,4.1,13.2,1.2,11.2,0.63,0.73,8.6,2019
2805,Josh Richardson,Phi,G,26.92,55,30.8,64.1,20.6,12.8,141,0.809,397,0.486,249,0.341,0.533,13.7,3.2,5.7,2.9,13.9,0.95,0.65,6.5,2019
2806,Austin Rivers,Hou,G,28.04,68,23.4,48.8,15.6,8.3,111,0.703,231,0.498,270,0.356,0.542,8.8,2.6,5.7,1.7,10,0.72,0.16,5.8,2019
2807,Andre Roberson,Okc,G-F,28.7,7,12.4,25.9,16.1,6.3,2,0.5,15,0.333,14,0.214,0.335,2.9,3.9,17.1,0.6,6.3,0.14,0.43,6.1,2019
2808,Glenn Robinson III,Gol,F,26.6,48,31.6,65.8,16.6,8.7,74,0.851,336,0.524,170,0.4,0.575,12.9,4.7,8,1.8,8.8,0.94,0.29,6,2019
2809,Glenn Robinson III,Phi,F,26.6,14,19.3,40.2,15.2,5.2,12,0.917,58,0.603,27,0.333,0.598,7.7,3.1,9,0.8,5.9,0.71,0.14,5.5,2019
2810,Duncan Robinson,Mia,F,26.32,73,29.7,61.8,16,8.8,72,0.931,81,0.654,606,0.446,0.684,13.5,3.2,6,1.4,7.1,0.48,0.26,5.3,2019
2811,Jerome Robinson,Lac,G,23.48,42,11.3,23.6,15,15.3,19,0.579,69,0.391,67,0.284,0.423,2.9,1.4,6.5,1.1,12.7,0.31,0.19,5.8,2019
2812,Jerome Robinson,Was,G,23.48,21,24,49.9,17.7,10.8,38,0.763,88,0.443,86,0.349,0.516,9.4,3.3,7.5,2,11.2,0.71,0.43,6.6,2019
2813,Justin Robinson,Was,G,22.84,9,5.4,11.3,12.8,20,0,0,7,0.286,5,0.6,0.542,1.4,0.6,5.6,0.8,18.9,0,0.11,6.5,2019
2814,Mitchell Robinson,Nyk,C-F,22.37,61,23.2,48.2,13.3,8.3,148,0.568,341,0.742,0,0,0.726,9.7,7,16.2,0.6,3.9,0.85,1.95,5.9,2019
2815,Isaiah Roby,Okc,F,22.53,3,3.8,7.9,7.7,50,0,0,1,0,0,0,0,0,0.7,9.7,0,0,0,0,0,2019
2816,Rajon Rondo,Lal,G,34.48,48,20.5,42.7,18.7,20.9,41,0.659,202,0.475,125,0.328,0.496,7.1,3,7.9,5,32.8,0.81,0.04,9.2,2019
2817,Derrick Rose,Det,G,31.86,50,26,54.1,31.6,13.4,139,0.871,606,0.535,147,0.306,0.555,18.1,2.4,5.3,5.6,40.5,0.8,0.34,9.6,2019
2818,Terrence Ross,Orl,G-F,29.52,69,27.4,57,22.8,7,184,0.853,342,0.48,504,0.351,0.548,14.7,3.2,6.3,1.2,6.8,1.12,0.35,5.6,2019
2819,Terry Rozier,Cha,G,26.41,63,34.4,71.6,23.8,12.1,191,0.869,518,0.436,425,0.405,0.552,18,4.4,7,4.1,20.3,0.95,0.16,8,2019
2820,Ricky Rubio,Pho,G,29.82,65,31,64.6,20.4,17.9,226,0.863,476,0.439,216,0.361,0.535,13,4.7,8.4,8.8,39.7,1.45,0.17,10.5,2019
2821,D'Angelo Russell,Gol,G,24.47,33,32.1,66.9,32.2,12.6,144,0.785,314,0.487,321,0.374,0.558,23.6,3.7,6.2,6.2,35.9,0.91,0.27,10.2,2019
2822,D'Angelo Russell,Min,G,24.47,12,32.6,68,29.5,16.7,55,0.873,100,0.49,110,0.345,0.555,21.7,4.6,7.4,6.6,33.1,1.42,0.33,10.7,2019
2823,Domantas Sabonis,Ind,F-C,24.28,62,34.8,72.5,23.3,14.9,296,0.723,780,0.565,67,0.254,0.587,18.5,12.4,19.6,5,21.7,0.73,0.48,12,2019
2824,Luka Samanic,San,F,20.6,3,16.1,33.6,17.6,10.1,4,0.75,8,0.25,8,0.375,0.45,5.3,3.3,11.1,2,16.2,0,0.67,8.1,2019
2825,JaKarr Sampson,Ind,F,27.41,34,13.8,28.8,13.2,10.6,27,0.667,102,0.647,13,0.154,0.615,4.6,2.6,10.2,0.6,6.1,0.47,0.35,5.6,2019
2826,Dario Saric,Pho,F,26.35,66,24.7,51.5,17.8,12.9,128,0.844,303,0.568,235,0.357,0.592,10.7,6.2,13.8,1.9,10.8,0.56,0.24,8.1,2019
2827,Tomas Satoransky,Chi,G,28.79,65,28.9,60.2,16.7,17.7,121,0.876,352,0.491,199,0.322,0.533,9.9,3.9,7.5,5.4,27.1,1.23,0.11,8.2,2019
2828,Admiral Schofield,Was,G-F,23.38,33,11.2,23.3,11.8,6.7,15,0.667,31,0.516,60,0.317,0.507,3,1.4,7,0.5,5.3,0.24,0.12,4.6,2019
2829,Dennis Schroder,Okc,G,26.92,65,30.8,64.1,27.2,13.4,236,0.839,640,0.513,325,0.385,0.575,18.9,3.6,6.5,4,21.9,0.71,0.22,8.4,2019
2830,Mike Scott,Phi,F,32.08,68,17.8,37,14,6.6,37,0.811,133,0.519,217,0.369,0.557,6,3.7,11.4,0.8,6.4,0.32,0.07,5.9,2019
2831,Thabo Sefolosha,Hou,F-G,36.29,41,10.6,22.1,10.4,13.7,8,0.375,37,0.595,54,0.278,0.487,2.2,2.3,11.2,0.6,7.6,0.59,0.29,5.5,2019
2832,Collin Sexton,Cle,G,21.61,65,33,68.7,27.2,11.6,267,0.846,832,0.5,255,0.38,0.56,20.8,3.2,5.3,3,15.1,1.02,0.11,7.1,2019
2833,Landry Shamet,Lac,G,23.43,53,27.4,57.1,13.4,9,76,0.855,95,0.495,296,0.375,0.58,9.3,1.9,3.6,1.9,9.1,0.38,0.19,4.7,2019
2834,Marial Shayok,Phi,G-F,25.06,4,7,14.5,25.9,17.9,4,0.75,6,0.167,6,0.333,0.4,2.8,1.8,13.9,0.3,4.8,0,0.25,6.6,2019
2835,Iman Shumpert,Bro,G,30.14,13,18.5,38.6,13.4,13,7,0.571,31,0.419,33,0.242,0.403,4.2,2.6,7.3,0.9,6.7,0.92,0.15,4.6,2019
2836,Pascal Siakam,Tor,F,26.37,60,35.2,73.3,28.1,10.7,303,0.792,739,0.499,365,0.359,0.554,22.9,7.3,11,3.5,16.4,1.02,0.88,9.5,2019
2837,Chris Silva,Mia,F,23.9,44,7.9,16.4,17.2,24.4,55,0.673,75,0.64,3,0,0.651,3,2.9,20.3,0.5,9.9,0.18,0.48,8.3,2019
2838,Ben Simmons,Phi,F,24.07,57,35.4,73.7,20.9,20.4,298,0.621,641,0.582,7,0.286,0.601,16.4,7.8,12.2,8,33.8,2.11,0.58,11.4,2019
2839,Anfernee Simons,Por,G,21.19,70,20.7,43.1,18.7,9.6,92,0.826,311,0.447,226,0.332,0.501,8.3,2.2,5.5,1.4,9.2,0.37,0.14,5.7,2019
2840,Alen Smailagic,Gol,F,19.99,14,9.9,20.7,18.3,18.5,19,0.842,27,0.63,13,0.231,0.61,4.2,1.9,10.5,0.9,14.3,0.21,0.29,7.8,2019
2841,Marcus Smart,Bos,G,26.44,60,32,66.6,18.9,12.2,152,0.836,287,0.415,395,0.347,0.518,12.9,3.8,6.3,4.9,21.1,1.67,0.48,7.8,2019
2842,Dennis Smith Jr.,Nyk,G,22.72,34,15.8,32.9,23.1,19.8,53,0.509,157,0.357,54,0.296,0.399,5.5,2.3,7.7,2.9,26.3,0.82,0.24,8.4,2019
2843,Ish Smith,Was,G,32.11,68,26.3,54.7,19.1,11.6,86,0.721,520,0.473,169,0.367,0.509,10.9,3.2,6.7,4.9,27.1,0.88,0.44,8.4,2019
2844,JR Smith,Lal,G,34.93,6,13.2,27.4,14.4,14.9,2,1,11,0.545,11,0.091,0.372,2.8,0.8,3.5,0.5,4.8,0.17,0,3.1,2019
2845,Zhaire Smith,Phi,G,21.2,7,4.6,9.6,19.7,13.6,4,0.5,8,0.375,3,0,0.313,1.1,0.3,3.4,0.3,8.2,0.43,0,4,2019
2846,Tony Snell,Det,G,28.76,59,27.8,57.9,11.4,7.3,32,1,128,0.531,254,0.402,0.598,8,1.9,3.8,2.2,10.9,0.54,0.25,4.6,2019
2847,Omari Spellman,Gol,F,23.07,49,18.1,37.7,18.7,13.6,92,0.793,185,0.454,110,0.391,0.551,7.6,4.4,13.3,1,8.1,0.67,0.49,7.1,2019
2848,Max Strus,Chi,G-F,24.38,2,3.1,6.5,23.6,0,1,1,2,1,1,0,0.727,2.5,0.5,8.9,0,0,0,0,0,2019
2849,Edmond Sumner,Ind,G,24.62,31,14.4,30,17.3,11.9,29,0.552,89,0.528,53,0.264,0.491,4.9,1.5,5.5,1.8,16.7,0.48,0.29,6.6,2019
2850,Caleb Swanigan,Sac,F,23.33,7,3.3,6.8,20.7,55.1,2,0.5,4,0.5,0,0,0.512,0.7,1,17.3,0.3,11.6,0.14,0.29,7.2,2019
2851,Caleb Swanigan,Por,F,23.33,20,13.3,27.6,12.9,38.5,15,0.533,41,0.634,2,0,0.605,3,4.7,18.4,1.5,14.1,0.1,0.25,8.3,2019
2852,Jayson Tatum,Bos,F-G,22.45,66,34.3,71.5,28.6,10.1,313,0.812,758,0.479,469,0.403,0.567,23.4,7,10.9,3,14.5,1.42,0.86,9.2,2019
2853,Jeff Teague,Min,G,32.18,34,27.8,57.9,20.2,16.4,144,0.868,238,0.471,87,0.379,0.577,13.2,2.6,4.9,6.1,32.5,0.74,0.38,8.5,2019
2854,Jeff Teague,Atl,G,32.18,25,20.8,43.2,18.3,17.5,53,0.887,135,0.43,30,0.333,0.512,7.7,2.2,5.6,4,27.3,0.76,0.24,7.8,2019
2855,Garrett Temple,Bro,G-F,34.27,62,27.9,58.1,16.6,9,87,0.805,201,0.473,386,0.329,0.513,10.3,3.5,6.5,2.5,12.8,0.79,0.47,6.4,2019
2856,Daniel Theis,Bos,F,28.36,65,24.1,50.2,14.4,10.2,114,0.763,330,0.633,96,0.333,0.631,9.2,6.5,14.5,1.7,10.1,0.57,1.29,7.7,2019
2857,Isaiah Thomas,Was,G,31.52,40,23.1,48.2,24.1,14.2,76,0.816,237,0.405,189,0.413,0.531,12.2,1.7,4,3.7,23.5,0.33,0.15,7.4,2019
2858,Khyri Thomas,Det,G,24.27,8,7.7,15.9,15.5,13.8,4,0.5,3,0,14,0.357,0.453,2.1,0.1,0.9,0.4,6.7,0.38,0,2.3,2019
2859,Lance Thomas,Bro,F,32.31,7,14,29.1,13.2,19.5,4,1,10,0.4,13,0.308,0.485,3.4,1.9,6.9,0.9,8.2,0,0,5.1,2019
2860,Matt Thomas,Tor,G,26.03,41,10.7,22.4,16.6,9.3,12,0.75,51,0.51,99,0.475,0.65,4.9,1.5,7.3,0.5,7.5,0.24,0.02,5.8,2019
2861,Tristan Thompson,Cle,C-F,29.43,57,30.2,62.9,18.3,14,161,0.615,538,0.519,23,0.391,0.541,12,10.1,18.6,2.1,10.5,0.56,0.88,8.4,2019
2862,Sindarius Thornwell,Nor,G,25.75,2,17.8,37,17,13.6,4,0.5,7,0.571,4,0.5,0.627,8,2,6,2,15.9,0.5,0.5,7.1,2019
2863,Matisse Thybulle,Phi,G-F,23.45,65,19.8,41.3,11.2,15.3,41,0.61,108,0.519,157,0.357,0.539,4.7,1.6,4.6,1.2,8,1.43,0.72,4.2,2019
2864,Anthony Tolliver,Por,F,35.21,33,16.8,35,11.2,14.3,19,0.684,28,0.464,89,0.337,0.515,3.9,3.3,10.4,0.9,6.6,0.24,0.27,5.4,2019
2865,Anthony Tolliver,Sac,F,35.21,9,9.1,18.9,11.6,18.3,2,0.5,2,0.5,15,0.133,0.252,1,1.2,7.6,0.3,4.6,0.44,0.11,3.1,2019
2866,Anthony Tolliver,Mem,F,35.21,13,18.2,37.9,10.7,14.9,8,0.875,7,0.286,41,0.415,0.602,4.8,2.5,7.4,0.8,5.3,0.54,0.08,4.7,2019
2867,Juan Toscano-Anderson,Gol,F,27.35,13,20.9,43.6,12.7,19.7,5,0.6,40,0.525,23,0.348,0.529,5.3,4,10.4,2,13.8,1,0.38,6.7,2019
2868,Karl-Anthony Towns,Min,C-F,24.75,35,33.9,70.7,28.8,13.2,226,0.796,345,0.586,277,0.412,0.642,26.5,10.8,16.8,4.4,22.8,0.94,1.2,12.7,2019
2869,Gary Trent Jr.,Por,G-F,21.57,61,21.8,45.5,15.3,4.4,45,0.822,173,0.486,268,0.418,0.587,8.9,1.6,3.9,1,6.3,0.79,0.26,4.4,2019
2870,Allonzo Trier,Nyk,G,24.58,24,12.1,25.2,21.6,15.5,43,0.791,53,0.604,53,0.358,0.62,6.5,1.3,5.5,1.2,14.8,0.13,0.17,7.2,2019
2871,P.J. Tucker,Hou,F,35.28,72,34.3,71.4,8.7,13.9,48,0.813,127,0.551,299,0.358,0.559,6.9,6.6,10.1,1.6,6,1.08,0.53,4.9,2019
2872,Rayjon Tucker,Uta,G,22.89,19,8.5,17.7,16.5,13.1,23,0.826,26,0.654,17,0.176,0.584,3.3,1.1,6.8,0.3,4.4,0.05,0.05,4.8,2019
2873,Evan Turner,Atl,G-F,31.8,19,13.2,27.6,16.4,26.2,14,0.857,62,0.403,5,0,0.424,3.3,2,8.1,2,20.5,0.47,0.42,7.2,2019
2874,Myles Turner,Ind,C-F,24.39,62,29.4,61.4,17.9,11.4,169,0.751,337,0.54,250,0.344,0.566,12.1,6.6,12.3,1.2,5.4,0.74,2.13,6.2,2019
2875,Jarrod Uthoff,Mem,F,27.24,4,3.5,7.2,23.8,0,2,1,3,0.333,4,0,0.254,1,0.3,3.8,0,0,0.25,0,0,2019
2876,Jarrod Uthoff,Was,F,27.24,3,13.1,27.4,11.6,0,0,0,6,0.5,5,0.6,0.682,5,1.7,6.9,0,0,0,0,0,2019
2877,Jonas Valanciunas,Mem,C,28.27,70,26.4,54.9,21.6,13.3,200,0.74,650,0.615,91,0.352,0.63,14.9,11.3,22.6,1.9,10.9,0.44,1.1,10.4,2019
2878,Denzel Valentine,Chi,G,26.75,36,13.6,28.2,23.3,9.8,8,0.75,100,0.51,137,0.336,0.511,6.8,2.1,8.4,1.2,14.2,0.72,0.17,7.6,2019
2879,Jarred Vanderbilt,Den,F,21.37,9,4.6,9.6,14.7,50,0,0,7,0.714,0,0,0.714,1.1,0.9,10.8,0.2,6.5,0.33,0.11,5.1,2019
2880,Jarred Vanderbilt,Min,F,21.37,2,2.6,5.3,15.2,0,2,1,0,0,1,0,0.532,1,0.5,10.3,0,0,0,0,0,2019
2881,Fred VanVleet,Tor,G,26.47,54,35.7,74.4,21.7,12.2,198,0.848,399,0.434,374,0.39,0.553,17.6,3.8,5.6,6.6,27.7,1.8,0.31,8.5,2019
2882,Gabe Vincent,Mia,G,24.17,9,9.2,19.2,20.2,2.6,0,0,10,0.2,27,0.222,0.297,2.4,0.6,3.4,0.7,10.1,0.56,0,4.4,2019
2883,Noah Vonleh,Min,F,24.98,29,12,25,13.8,15.5,28,0.821,72,0.625,14,0.143,0.605,4.1,4,17.6,0.9,10.8,0.38,0.21,8.2,2019
2884,Noah Vonleh,Den,F,24.98,7,4.3,9,14,20.5,4,0.5,5,0.8,1,1,0.838,1.9,1.1,14.8,0.3,9.4,0,0,8,2019
2885,Nikola Vucevic,Orl,C,29.81,62,32.2,67.1,25.8,7.4,167,0.784,744,0.531,289,0.339,0.549,19.6,10.8,18,3.6,19.5,0.87,0.76,11.3,2019
2886,Dean Wade,Cle,F-C,23.73,12,6,12.4,9.8,18.2,1,0,9,0.778,4,0.5,0.744,1.7,1.6,14.8,0.2,4,0.17,0.33,5.4,2019
2887,Moritz Wagner,Was,F-C,23.3,45,18.6,38.7,18.6,17.7,95,0.821,186,0.645,80,0.313,0.638,8.7,4.9,14.3,1.2,9.7,0.62,0.42,8,2019
2888,Dion Waiters,Mia,G,28.68,3,14,29.2,30.8,10.2,1,0,9,0.222,17,0.471,0.53,9.3,3.7,14.6,1,12.4,0,0.67,9.3,2019
2889,Dion Waiters,Lal,G,28.68,7,23.6,49.2,23.7,14,16,0.875,43,0.558,30,0.233,0.518,11.9,1.9,4.3,2.4,14.9,0.57,0.57,6.4,2019
2890,Lonnie Walker IV,San,G-F,21.67,61,16.2,33.8,18.8,10.5,62,0.726,257,0.432,101,0.406,0.506,6.4,2.3,7.6,1.1,9.6,0.52,0.23,6.2,2019
2891,Kemba Walker,Bos,G,30.27,56,31.1,64.8,27.2,10.5,242,0.864,416,0.476,473,0.381,0.575,20.4,3.9,6.7,4.8,24.2,0.86,0.5,9.3,2019
2892,Tyrone Wallace,Atl,G,26.18,14,11.5,23.9,15.9,16.3,17,0.647,29,0.448,15,0.067,0.389,2.9,1.6,7.4,0.9,10.8,0.5,0.07,5.6,2019
2893,Derrick Walton Jr.,Lac,G,25.37,23,9.6,20.1,8.3,9.1,9,0.778,15,0.533,21,0.429,0.626,2.2,0.7,3.5,1,12.7,0.17,0,4.8,2019
2894,Derrick Walton Jr.,Det,G,25.37,3,8.8,18.3,6.6,25,0,0,0,0,3,0.333,0.5,1,0.3,2.1,1.7,24.4,1,0,3.6,2019
2895,Brad Wanamaker,Bos,G,31.06,71,19.3,40.2,15.5,15.3,136,0.926,260,0.481,102,0.363,0.577,6.9,2,5.6,2.5,17.8,0.85,0.21,6.7,2019
2896,T.J. Warren,Ind,F,26.94,67,32.9,68.5,23.4,7.3,204,0.819,771,0.575,226,0.403,0.61,19.8,4.2,6.9,1.5,7.1,1.16,0.51,6.1,2019
2897,P.J. Washington,Cha,F,21.98,58,30.3,63.2,18.6,12.5,135,0.652,359,0.507,230,0.374,0.548,12.2,5.4,9.8,2.1,11.3,0.9,0.78,6.8,2019
2898,Yuta Watanabe,Mem,G-F,25.84,18,5.8,12.1,15.7,5.1,8,0.375,26,0.462,8,0.375,0.48,2,1.1,10,0.3,6.4,0.22,0.06,6,2019
2899,Tremont Waters,Bos,G,22.59,11,10.8,22.5,24.3,22.2,8,1,25,0.4,24,0.167,0.381,3.6,1.1,5.4,1.5,18.4,0.91,0.18,6.7,2019
2900,Paul Watson,Atl,G,25.63,2,8.8,18.2,16.6,0,0,0,4,0,3,0,0,0,1,6.2,1.5,20.5,0.5,0,0,2019
2901,Paul Watson,Tor,G,25.63,8,8.7,18.2,15.9,11.6,9,0.778,10,0.6,9,0.444,0.675,3.9,1.9,11.4,0.6,10.4,0.38,0.13,7.6,2019
2902,Quinndary Weatherspoon,San,G,23.93,11,7.1,14.7,12.7,21.9,2,0.5,12,0.333,5,0.2,0.336,1.1,0.6,4.9,1,17.6,0.27,0.09,4.9,2019
2903,Russell Westbrook,Hou,G,31.75,57,36,74.9,34.4,15,380,0.763,1068,0.514,213,0.258,0.536,27.2,7.9,11.5,7,35.6,1.65,0.35,12.7,2019
2904,Coby White,Chi,G,20.49,65,25.8,53.7,24.4,11.4,129,0.791,416,0.43,376,0.354,0.506,13.2,3.6,7.6,2.7,16.6,0.75,0.09,7.8,2019
2905,Derrick White,San,G,26.12,68,24.7,51.4,18.9,12.1,211,0.853,336,0.518,216,0.366,0.593,11.3,3.3,7.1,3.5,20,0.66,0.85,8.2,2019
2906,Hassan Whiteside,Por,C,31.17,67,30,62.4,19.6,12.9,239,0.686,695,0.622,7,0.571,0.644,15.5,13.5,23.6,1.2,5.9,0.39,2.93,8.4,2019
2907,Andrew Wiggins,Min,F,25.47,42,34.7,72.2,27.9,10.7,207,0.72,515,0.505,275,0.331,0.535,22.4,5.2,7.9,3.7,18.1,0.69,0.86,8.7,2019
2908,Andrew Wiggins,Gol,F,25.47,12,33.6,70,25.4,10.4,61,0.672,129,0.512,59,0.339,0.542,19.4,4.6,7.4,3.6,18.2,1.33,1.33,8.2,2019
2909,Robert Williams III,Bos,C-F,22.83,29,13.4,27.9,13.5,16.3,34,0.647,88,0.727,0,0,0.728,5.2,4.4,17.7,0.9,10.1,0.79,1.21,8.2,2019
2910,Nigel Williams-Goss,Uta,G,25.91,10,5,10.4,17.4,15.1,2,1,9,0.333,7,0.286,0.415,1.4,0.6,6.6,0.6,16.5,0.3,0.1,6.4,2019
2911,Grant Williams,Bos,F,21.71,69,15.1,31.5,11.6,17.6,54,0.722,115,0.548,96,0.25,0.505,3.4,2.6,9.1,1,8.4,0.43,0.52,5.5,2019
2912,Johnathan Williams,Was,F,25.23,15,12,25,10.3,11.2,13,0.538,32,0.594,2,0,0.566,3,4.3,19.4,0.5,5.9,0.07,0.53,6.2,2019
2913,Kenrich Williams,Nor,G-F,25.7,39,21.3,44.4,8.9,12.2,26,0.346,50,0.52,97,0.258,0.429,3.5,4.8,11.9,1.5,8.4,0.69,0.54,5.5,2019
2914,Lou Williams,Lac,G,33.8,65,28.7,59.7,28.4,14.4,339,0.861,621,0.451,315,0.352,0.546,18.2,3.1,5.6,5.6,30.1,0.66,0.18,9.5,2019
2915,Marvin Williams,Cha,F,34.16,41,19.7,41,14,9.7,50,0.86,93,0.538,117,0.376,0.593,6.7,2.7,7.5,1,7.8,0.61,0.56,5.3,2019
2916,Marvin Williams,Mil,F,34.16,17,18.9,39.4,8.7,11.8,7,0.857,18,0.722,39,0.308,0.566,4,4.4,11.4,1.1,7.2,0.59,0.47,5.7,2019
2917,Zion Williamson,Nor,F,20.11,24,27.8,58,30.5,11.9,178,0.64,346,0.59,14,0.429,0.616,22.5,6.3,11.9,2.1,13.2,0.67,0.38,9.6,2019
2918,D.J. Wilson,Mil,F-C,24.49,37,9.8,20.4,18.1,12,18,0.611,59,0.576,73,0.247,0.475,3.6,2.5,12.5,0.7,9.1,0.08,0.14,7.5,2019
2919,Justise Winslow,Mia,G-F,24.39,11,32,66.7,20.6,14.6,27,0.667,102,0.431,27,0.222,0.44,11.3,6.6,11.6,4,18.7,0.73,0.45,8.4,2019
2920,Christian Wood,Det,F,24.88,62,21.4,44.5,23,12,243,0.745,368,0.636,140,0.386,0.659,13.1,6.3,16.7,1,7.6,0.55,0.89,8.1,2019
2921,Delon Wright,Dal,G,28.3,73,21.5,44.8,14.4,13.8,100,0.77,284,0.504,128,0.367,0.553,6.9,3.8,9.4,3.3,21.1,1.15,0.3,8.2,2019
2922,Justin Wright-Foreman,Uta,G,22.8,4,11.3,23.5,23.9,12.1,4,0.75,10,0.5,10,0.2,0.437,4.8,1.3,6.1,1.8,22.9,0.5,0,7.9,2019
2923,Thaddeus Young,Chi,F,32.15,64,24.9,51.8,19.7,13.9,72,0.583,379,0.501,223,0.354,0.52,10.3,4.9,10.9,1.8,11.3,1.44,0.36,7.2,2019
2924,Trae Young,Atl,G,21.9,60,35.3,73.6,34.9,16.2,559,0.86,681,0.501,568,0.361,0.595,29.6,4.2,6.4,9.3,45.6,1.08,0.13,11.9,2019
2925,Cody Zeller,Cha,C,27.86,58,23.1,48.2,20.8,11.8,179,0.682,405,0.575,75,0.24,0.574,11.1,7.1,16.8,1.5,11.3,0.69,0.43,8.5,2019
2926,Tyler Zeller,San,F-C,30.58,2,2,4.1,44.3,0,0,0,4,0.25,0,0,0.25,1,2,55.3,0,0,0,0,0,2019
2927,Ante Zizic,Cle,C,23.61,22,10,20.9,17.5,11.1,19,0.737,72,0.569,0,0,0.597,4.4,3,16.4,0.3,4.2,0.32,0.23,6.3,2019
2928,Ivica Zubac,Lac,C,23.41,72,18.4,38.4,16.4,11.7,166,0.747,385,0.613,2,0,0.648,8.3,7.6,21.3,1.1,9.1,0.22,0.92,8.9,2019
2929,Jaylen Adams,Por,G,24.44,3,6.9,14.4,18.1,0,0,0,5,0.6,4,0,0.333,2,1,7.6,0.7,15.1,0.33,0,6.5,2019
2930,Steven Adams,Okc,C,27.23,7,30,62.6,15.7,20.8,20,0.45,51,0.608,1,0,0.584,10.1,11.6,20.1,1.3,7.1,0.57,0.29,7.1,2019
2931,Bam Adebayo,Mia,C-F,23.24,19,36.2,75.4,21,14.8,115,0.783,219,0.566,1,0,0.625,17.8,10.3,16.5,4.4,20.5,1,0.84,10.3,2019
2932,Jarrett Allen,Bro,C,22.48,4,33.1,68.9,13.1,26.2,16,0.813,24,0.583,0,0,0.66,10.3,14.8,22.5,2.3,10.5,0.5,1.75,8.5,2019
2933,Justin Anderson,Bro,F-G,26.9,3,9.4,19.6,23,12.7,4,1,1,0,11,0.455,0.69,6.3,2.7,14.3,1,18.4,0,0.33,10.9,2019
2934,Giannis Antetokounmpo,Mil,F,25.85,9,30.8,64.2,35.2,13.2,81,0.58,121,0.636,40,0.325,0.61,26.7,13.8,24,5.7,36.6,0.67,0.89,16.6,2019
2935,Carmelo Anthony,Por,F,36.37,5,35.1,73.2,20.7,14.9,14,0.857,49,0.408,19,0.421,0.512,15.2,5,7.5,2,9.1,1,0.4,6.1,2019
2936,OG Anunoby,Tor,F,23.24,11,35.7,74.4,13.1,13.8,28,0.643,47,0.489,41,0.415,0.573,10.5,6.9,10.4,1.2,4.7,1,1.18,5,2019
2937,D.J. Augustin,Orl,G,32.92,5,25.6,53.3,22.7,16.1,23,0.957,29,0.345,18,0.444,0.578,13.2,2,4,6,37,0.2,0,8.5,2019
2938,J.J. Barea,Dal,G,36.29,1,5.2,10.8,27.5,30.1,3,1,1,0,0,0,0.647,3,0,0,0,0,0,0,0,2019
2939,Keita Bates-Diop,Den,F,24.72,5,4.7,9.9,11.3,0,2,0.5,5,0.2,0,0,0.255,0.6,1.2,15.1,0.2,5.5,0,0,4.5,2019
2940,Darius Bazley,Okc,F-G,20.33,7,18,37.5,14.2,14.5,10,0.9,9,0.222,22,0.5,0.65,6.6,6.7,19.5,0.9,7.3,0,0.43,7.6,2019
2941,Patrick Beverley,Lac,G,32.25,8,20.8,43.3,12.6,14.7,4,0.5,17,0.706,22,0.364,0.613,6.3,4.1,11.1,2.4,15.7,1,0.38,7.6,2019
2942,Khem Birch,Orl,C,28.04,5,17.9,37.3,11.4,21,11,0.909,14,0.5,0,0,0.637,4.8,5,14.3,1.4,11.2,0.2,0,7.2,2019
2943,Eric Bledsoe,Mil,G,30.84,9,29.7,61.8,21.3,17.4,26,0.808,66,0.455,32,0.25,0.48,11.7,4.6,8.2,5.9,29,1.22,0.67,9.2,2019
2944,Bol Bol,Den,C-F,20.9,4,5.4,11.1,30.9,13.8,8,0.875,6,0.5,3,0.667,0.759,4.8,1.3,13.9,0,0,0.5,0.5,0,2019
2945,Chris Boucher,Tor,F-C,27.75,7,6.1,12.7,12.9,8,1,0,6,0.167,5,0.4,0.35,1.1,1.7,15.2,0.1,3.2,0,0.29,3.7,2019
2946,Tony Bradley,Uta,C-F,22.67,6,8.1,16.8,15.5,24.9,7,0.714,9,0.222,0,0,0.373,1.5,3.8,27.8,0.2,2.7,0.33,0.33,5.2,2019
2947,Jarrell Brantley,Uta,F,24.35,2,6.5,13.4,25,14.5,2,0.5,2,0,3,0,0.085,0.5,2,18.2,1,18.9,0,0.5,6.2,2019
2948,Malcolm Brogdon,Ind,G,27.83,4,40,83.2,25.1,11.5,28,0.893,41,0.415,24,0.375,0.556,21.5,4.3,6.2,10,41.9,1,0,9.7,2019
2949,Jaylen Brown,Bos,F-G,23.97,17,39.5,82.4,23.7,11.5,63,0.841,168,0.56,120,0.358,0.586,21.8,7.5,10.6,2.3,9.9,1.53,0.53,7.3,2019
2950,Sterling Brown,Mil,G-F,25.67,1,3.6,7.5,12,0,0,0,0,0,1,0,0,0,1,14.9,0,0,0,0,0,2019
2951,Trey Burke,Dal,G,27.91,6,26.1,54.3,19.1,8.6,10,0.6,42,0.524,17,0.471,0.584,12.3,3.2,6.6,2,11.4,1.33,0.33,6.6,2019
2952,Alec Burks,Phi,G,29.23,4,23.7,49.4,25.7,5.4,9,0.778,33,0.394,16,0.188,0.397,10.5,3.8,8.5,1.8,14.1,0.25,0.75,7,2019
2953,Deonte Burton,Okc,G-F,26.7,1,2.1,4.4,0,,0,0,0,0,0,0,,0,0,0,0,0,0,0,0,2019
2954,Jimmy Butler,Mia,F,31.08,21,38.4,80,24.6,13.5,191,0.859,252,0.512,43,0.349,0.616,22.2,6.5,9.7,6,26.3,1.95,0.67,9.9,2019
2955,Bruno Caboclo,Hou,F,25.06,2,3.3,6.9,13.6,0,0,0,1,1,1,0,0.5,1,1.5,25.3,0,0,0.5,0,0,2019
2956,Kentavious Caldwell-Pope,Lal,G,27.65,21,29,60.3,15.5,6.9,27,0.815,70,0.486,119,0.378,0.56,10.7,2.1,4.3,1.3,6.3,1,0.19,4.2,2019
2957,DeMarre Carroll,Hou,F,34.21,2,2.9,6,15.5,0,0,0,2,0.5,0,0,0.5,1,1.5,28.8,0.5,28.7,0,0,12.5,2019
2958,Alex Caruso,Lal,G,26.62,21,24.3,50.6,13.4,19.7,30,0.8,52,0.596,61,0.279,0.543,6.5,2.3,5.6,2.8,15.2,1.1,0.57,5.7,2019
2959,Chris Chiozza,Bro,G,24.89,4,16.2,33.6,18.3,10.4,4,0.5,8,0.375,16,0.313,0.446,5.8,1.5,4.7,4.3,41.7,1.25,0,8.3,2019
2960,Gary Clark,Orl,F,25.9,5,28.7,59.8,11.1,5.4,5,0.8,1,0,32,0.344,0.526,7.4,5.6,10,1.4,7,1,0.4,5.4,2019
2961,Jordan Clarkson,Uta,G,28.35,7,28.6,59.6,25.3,6.5,10,1,48,0.583,49,0.347,0.577,16.7,3.4,7,2.1,12.6,0.86,0,6.9,2019
2962,Chris Clemons,Hou,G,23.22,2,4.1,8.5,32.1,0,2,0.5,0,0,5,0.4,0.595,3.5,1,13.6,0,0,0,0,0,2019
2963,Antonius Cleveland,Dal,G,26.7,2,4.6,9.5,23.6,0,0,0,5,0.4,0,0,0.4,2,0.5,6,0,0,0.5,0,0,2019
2964,Amir Coffey,Lac,G-F,23.32,3,2.3,4.8,24.6,0,2,1,2,0,1,0,0.258,0.7,0,0,1.3,68.5,0.33,0,0,2019
2965,Mike Conley,Uta,G,33,5,33,68.7,22.3,6.4,22,0.864,30,0.433,34,0.529,0.672,19.8,2.8,5,5.2,25,1.6,0.2,8,2019
2966,Pat Connaughton,Mil,G,27.76,10,17.1,35.6,10.3,12.2,2,1,12,0.583,23,0.348,0.557,4,3.9,12.2,1.1,8.7,0.2,0.2,6,2019
2967,Quinn Cook,Lal,G,27.56,6,4.1,8.4,20.5,8.7,1,1,6,0.5,4,0.5,0.623,2.2,0.2,2.4,0.8,31.7,0,0,6.9,2019
2968,Tyler Cook,Den,F,23.05,1,4.2,8.8,0,,0,0,0,0,0,0,,0,2,28.3,0,0,0,0,0,2019
2969,Robert Covington,Hou,F,29.83,12,31.6,65.7,13,10.9,7,0.857,27,0.481,68,0.5,0.683,11.2,5,8.8,1.4,6.9,2.5,1.08,5.4,2019
2970,Torrey Craig,Den,F,29.81,19,19.8,41.2,11.3,9.7,13,0.692,36,0.611,42,0.262,0.514,4.5,3.3,9.8,0.7,4.8,0.37,0.37,4.4,2019
2971,Jae Crowder,Mia,F,30.27,21,31.4,65.5,16.2,6.3,46,0.761,40,0.65,161,0.342,0.57,12,5.6,10.2,1.9,9,0.67,0.57,6.4,2019
2972,Seth Curry,Dal,G,30.14,6,28.8,60,15.7,12.7,5,1,32,0.656,21,0.476,0.697,12.8,1.8,3.5,1.3,6.8,1,0,4.3,2019
2973,Troy Daniels,Den,F,29.24,6,5,10.5,19.4,0,2,0.5,6,0.5,6,0.5,0.621,2.7,0.5,5.9,0.3,10.9,0,0,5.9,2019
2974,Anthony Davis,Lal,F-C,27.59,21,36.6,76.3,27.8,10.8,179,0.832,299,0.609,60,0.383,0.665,27.7,9.7,15.6,3.5,16.1,1.24,1.43,10.7,2019
2975,Terence Davis,Tor,G,23.41,6,14,29.1,20,15.8,7,1,10,0.6,19,0.421,0.67,7.2,2.2,8.4,1.2,13.2,0.17,0,7.6,2019
2976,Hamidou Diallo,Okc,G,22.2,3,8.4,17.6,27.4,12.4,7,0.571,6,0.5,5,0.2,0.462,4.3,2,12.4,0.3,6.6,0,0.67,6.5,2019
2977,Donte DiVincenzo,Mil,G,23.7,10,16.5,34.4,18.2,14.3,20,0.65,30,0.533,21,0.333,0.552,6.6,3.2,10.4,1.2,10.6,0.7,0.3,7.1,2019
2978,Luka Doncic,Dal,G-F,21.62,6,35.8,74.5,37.5,16.6,64,0.656,84,0.571,44,0.364,0.596,31,9.8,15,8.7,42.9,1.17,0.5,15.4,2019
2979,Luguentz Dort,Okc,G,21.48,6,29.2,60.7,24.1,15.4,15,0.533,26,0.538,50,0.26,0.454,12.5,3.7,6.6,1,5.7,0.33,1,4.9,2019
2980,PJ Dozier,Den,G-F,23.96,12,10.4,21.7,17.2,17,14,0.571,25,0.48,8,0.25,0.485,3.2,1.5,8.6,1,13.9,0.17,0.17,6.5,2019
2981,Goran Dragic,Mia,G,34.44,17,32.5,67.8,27.4,11.7,61,0.803,161,0.509,107,0.346,0.549,19.1,4.1,7.2,4.4,24.1,1,0.12,8.6,2019
2982,Jared Dudley,Lal,F,35.26,9,3.4,7.1,8.5,33.3,0,0,1,0,3,0,0,0,0.2,3.8,0,0,0.44,0.11,0,2019
2983,Carsen Edwards,Bos,G,22.59,1,3.5,7.3,0,,0,0,0,0,0,0,,0,1,16,0,0,0,0,0,2019
2984,Joel Embiid,Phi,C-F,26.58,4,36.2,75.3,34.6,13,59,0.814,58,0.517,16,0.25,0.6,30,12.3,18.2,1.3,7.6,1.5,1.25,8.6,2019
2985,James Ennis III,Orl,F,30.28,5,23.8,49.6,16.1,13.3,9,0.778,19,0.421,16,0.25,0.449,7,5.8,12.5,1.2,7.5,1,0.4,6.1,2019
2986,Tacko Fall,Bos,C,24.84,2,1.4,2.9,30,0,2,0.5,1,1,0,0,0.798,1.5,0.5,20.1,0,0,0,0,0,2019
2987,Terrance Ferguson,Okc,G,22.41,4,10.4,21.7,12.4,8.3,0,0,1,0,10,0.2,0.273,1.5,1,5,0.3,3.4,0.25,0,2.9,2019
2988,Dorian Finney-Smith,Dal,F,27.44,6,31.8,66.2,14.3,14.2,5,0.8,22,0.545,30,0.367,0.563,10.2,5.7,9.7,3.2,13.4,1.17,0.5,7.2,2019
2989,Evan Fournier,Orl,G-F,27.95,5,34.1,71.1,18.4,12.2,17,0.706,22,0.364,35,0.343,0.496,12.8,4,6,2.6,11.6,1.2,0.6,6,2019
2990,Michael Frazier,Hou,G,26.6,4,2.9,6,19.5,20,0,0,2,0,2,0.5,0.375,0.8,1,19.4,0.5,25.4,0,0,10.2,2019
2991,Markelle Fultz,Orl,G,22.37,5,29.3,61.1,22.1,17.1,7,0.857,44,0.409,16,0.375,0.476,12,2.2,3.8,5.2,29,1,0.6,7,2019
2992,Wenyen Gabriel,Por,F,23.55,4,13.3,27.8,16.3,23.9,2,0.5,10,0.7,5,0.4,0.661,5.3,2.5,9.9,1,12.2,0.5,0.5,7.1,2019
2993,Danilo Gallinari,Okc,F,32.18,7,30.3,63,21.8,14,30,0.967,42,0.476,37,0.324,0.569,15,5.4,9.4,1,5.5,0.71,0.14,5.7,2019
2994,Marc Gasol,Tor,C,35.7,11,20.7,43.1,16.8,18.5,15,0.733,37,0.541,27,0.185,0.467,6,4.4,11.4,2.6,18.5,0.45,0.64,7.9,2019
2995,Paul George,Lac,F,30.45,13,36.8,76.7,26.1,14,55,0.909,110,0.464,111,0.333,0.536,20.2,6.1,9.2,3.8,15.5,1.46,0.54,8.4,2019
2996,Shai Gilgeous-Alexander,Okc,G-F,22.25,7,39.9,83,17.8,13,23,0.957,55,0.455,35,0.4,0.569,16.3,5.3,6.9,4.1,16.9,1,0.43,7.1,2019
2997,Rudy Gobert,Uta,C,28.29,7,38.6,80.4,17.6,8.9,42,0.524,74,0.649,0,0,0.638,16.9,11.4,17.3,1.1,4.6,0.57,1.43,6.2,2019
2998,Eric Gordon,Hou,G,31.8,12,34.1,71.1,23.8,11,40,0.875,86,0.5,90,0.322,0.537,17.3,2.7,4.4,3,14.7,0.83,0.58,6.1,2019
2999,Jerami Grant,Den,F,26.59,19,34.4,71.6,15.6,11.2,54,0.889,80,0.5,95,0.326,0.556,11.6,3.3,5.7,1.3,5.5,0.58,0.74,4.3,2019
3000,Danny Green,Lal,G,33.31,21,25,52.1,15.7,6.4,15,0.667,55,0.364,115,0.339,0.473,8,3.1,7.4,1.2,6.7,0.95,0.76,5,2019
3001,JaMychal Green,Lac,F-C,30.31,13,17.1,35.5,12.6,7.8,9,0.778,32,0.656,23,0.435,0.67,6.1,3.8,12.3,0.5,4.5,0.15,0.23,5.3,2019
3002,Javonte Green,Bos,G-F,27.22,1,5.7,11.9,15.7,0,0,0,0,0,2,0.5,0.75,3,1,9.9,0,0,0,0,0,2019
3003,Jeff Green,Hou,F,34.12,12,28.4,59.3,16.5,12,17,0.824,49,0.571,54,0.426,0.629,11.6,5,9.8,1.6,8.9,0.5,0.5,6.4,2019
3004,Donta Hall,Bro,F,23.18,3,6.6,13.8,16.1,12.9,4,0.25,5,0.6,0,0,0.518,2.3,1.7,12.7,0,0,0,0.67,0,2019
3005,Tim Hardaway Jr.,Dal,G,28.57,6,33.9,70.7,21.7,2.9,11,0.727,41,0.512,54,0.352,0.536,17.8,3.5,5.6,1.8,8.1,0.33,0,5.7,2019
3006,James Harden,Hou,G,31.13,12,37.3,77.7,32.4,13.9,116,0.845,111,0.631,117,0.333,0.636,29.6,5.6,8.3,7.7,38.8,1.5,0.83,11.6,2019
3007,Montrezl Harrell,Lac,F-C,26.71,13,18.7,39,22.3,9.7,68,0.603,77,0.597,5,0.2,0.608,10.5,2.9,8.7,0.4,3.2,0.38,0.54,4.9,2019
3008,Gary Harris,Den,G,26.08,14,27.1,56.4,14.5,17.4,22,0.773,38,0.395,52,0.365,0.522,7.4,2,4.4,1.7,8.8,1.14,0.29,4.3,2019
3009,Joe Harris,Bro,G-F,29.1,2,36.2,75.3,15.8,10.8,4,0.5,11,0.455,12,0.583,0.666,16.5,10.5,14.6,1,4.7,0.5,0,6.2,2019
3010,Tobias Harris,Phi,F,28.24,4,37.2,77.4,21.5,5.5,19,0.789,46,0.457,15,0.133,0.454,15.8,9.8,14.1,4,20,0.5,0.25,9.2,2019
3011,Gordon Hayward,Bos,F,30.56,5,31.4,65.5,17.2,11.6,8,0.875,26,0.5,24,0.292,0.504,10.8,4,7.1,2.8,13.4,1.4,0.4,6.3,2019
3012,Tyler Herro,Mia,G,20.73,21,33.6,70.1,22,12.3,54,0.87,149,0.483,128,0.375,0.557,16,5,8.7,3.7,17.9,0.38,0.1,7.9,2019
3013,Mario Hezonja,Por,F-G,25.63,5,13.6,28.3,16.4,11.2,4,0.75,15,0.467,7,0.286,0.484,4.6,3,11.6,1.2,13.6,0.6,0,7.5,2019
3014,George Hill,Mil,G,34.44,10,26.8,55.9,15.1,16.9,26,0.808,39,0.564,28,0.357,0.606,9.5,2.4,4.8,3.1,16.3,0.6,0,6.2,2019
3015,Solomon Hill,Mia,F,29.57,7,6,12.4,9.8,0,0,0,3,1,6,0.333,0.667,1.7,1,9.7,0.4,10.9,0.14,0,5.9,2019
3016,Jaylen Hoard,Por,F,21.54,3,13.8,28.8,14.1,14.3,0,0,12,0.583,0,0,0.583,4.7,3,11.4,0.3,3.9,0,0,4.7,2019
3017,Aaron Holiday,Ind,G,24.03,4,18,37.4,17.4,14.7,5,0.6,12,0.667,9,0.444,0.668,7.8,1.3,4.1,2.5,23.4,1,0,6.5,2019
3018,Justin Holiday,Ind,F-G,31.52,4,32.8,68.3,8.9,11.8,3,0.333,5,0.4,16,0.5,0.65,7.3,3.8,6.7,0.8,3.3,1.5,1.25,3.4,2019
3019,Rondae Hollis-Jefferson,Tor,F,25.77,5,7.7,16.1,16.6,6.9,8,0.75,9,0.444,1,0,0.518,2.8,2,14,0.6,11.2,0.4,0.2,7.8,2019
3020,Al Horford,Phi,C-F,34.36,4,32.1,66.9,10.9,12.5,7,0.571,21,0.571,4,0,0.499,7,7.3,12.1,2.3,11.7,0.25,1.25,6.1,2019
3021,Talen Horton-Tucker,Lal,G,19.88,2,8.5,17.6,30.9,0,0,0,7,0.571,5,0.4,0.583,7,2.5,17.5,0,0,1,0,0,2019
3022,Danuel House Jr.,Hou,F-G,27.35,9,31,64.6,15.7,7.2,13,0.769,32,0.563,53,0.358,0.568,11.4,5.8,10.4,1.4,7.3,0.89,0,5.8,2019
3023,Dwight Howard,Lal,C-F,34.84,18,15.7,32.6,14.3,17.2,45,0.556,55,0.691,2,0.5,0.677,5.8,4.6,17.4,0.5,4.5,0.44,0.44,6,2019
3024,Serge Ibaka,Tor,F,31.07,11,22.9,47.6,22.5,9.4,14,1,65,0.615,45,0.511,0.702,14.8,7.7,18.2,1.2,9.4,0.18,1.27,9,2019
3025,Andre Iguodala,Mia,G-F,36.7,21,19.5,40.6,9.1,17.1,7,0.714,26,0.615,39,0.359,0.58,3.8,2.6,7.6,1.5,10.7,0.81,0.62,5,2019
3026,Ersan Ilyasova,Mil,F,33.41,3,7.8,16.3,20,9.2,2,1,4,0.5,5,0.2,0.455,3,1.3,9.2,0,0,0.67,0,0,2019
3027,Joe Ingles,Uta,F-G,33.03,7,33.5,69.7,12.1,6.6,6,1,14,0.571,40,0.35,0.565,9.1,3.4,6,4.7,19.4,0.57,0.14,6.3,2019
3028,Wes Iwundu,Orl,F,25.81,5,15.2,31.6,14.9,11.3,8,0.625,13,0.154,7,0.571,0.446,4.2,2.2,7.4,0.8,7.6,0.6,0.4,5.1,2019
3029,Justin Jackson,Dal,F,25.54,3,5.3,11,21,0,4,0.5,3,0.333,3,0,0.258,1.3,1,10.3,0,0,0,0,0,2019
3030,Reggie Jackson,Lac,G,30.49,12,14.2,29.5,13.7,9.4,0,0,16,0.25,32,0.531,0.615,4.9,1.8,6.9,0.9,9,0.17,0.08,5.6,2019
3031,LeBron James,Lal,F,35.78,21,36.3,75.6,30.4,15.8,150,0.72,263,0.646,119,0.37,0.647,27.6,10.8,17.5,8.8,42.1,1.19,0.86,15.2,2019
3032,Alize Johnson,Ind,F,24.47,1,0.2,0.4,0,,0,0,0,0,0,0,,0,0,0,0,0,0,0,0,2019
3033,BJ Johnson,Orl,F,24.81,1,3.6,7.5,23.7,0,0,0,1,0,1,1,0.75,3,2,28.5,0,0,0,0,0,2019
3034,Stanley Johnson,Tor,F-G,24.37,3,6.7,14,27.2,8,1,1,6,0.5,5,0.4,0.568,4.3,1.3,10.7,2,53.8,0,0,13.3,2019
3035,Tyler Johnson,Bro,G,28.43,4,23.2,48.3,22.2,6,2,1,18,0.556,28,0.393,0.587,13.8,1.8,3.8,2.3,18.4,0,0.25,6.6,2019
3036,Nikola Jokic,Den,C,25.64,19,36.5,76.1,28.9,14.1,79,0.835,245,0.555,98,0.429,0.614,24.4,9.8,16,5.7,28.6,1.05,0.79,12.2,2019
3037,Derrick Jones Jr.,Mia,F,23.66,15,6.5,13.4,9.9,9.4,5,0.4,8,0.5,9,0.444,0.573,1.5,0.9,7.7,0.5,10.4,0.4,0.33,5.4,2019
3038,Enes Kanter,Bos,C,28.39,10,10.3,21.4,21.9,7.9,10,0.5,41,0.512,1,1,0.539,5,4.3,23.6,0.7,11.9,0,0,9.6,2019
3039,Michael Kidd-Gilchrist,Dal,F,27.04,6,9.2,19.1,13.8,5.7,6,0.667,5,0.4,9,0.222,0.421,2.3,1,6,0.5,6.9,0.17,0.17,4.6,2019
3040,Maxi Kleber,Dal,F,28.7,6,33.9,70.6,10.2,8.3,12,0.75,13,0.615,26,0.192,0.452,6.7,6.5,10.5,1.5,5.5,0.33,1.17,4.8,2019
3041,Furkan Korkmaz,Phi,G-F,23.22,4,10.1,21,12.1,17.9,5,0.6,1,0,6,0,0.163,0.8,1.5,8,0.5,7.2,0.25,0,3.3,2019
3042,Kyle Korver,Mil,G-F,39.57,10,11.9,24.8,20,9.1,7,1,10,0.5,37,0.405,0.619,6.2,0.9,4.1,0.1,1.3,0.2,0.2,2.8,2019
3043,Rodions Kurucs,Bro,F,22.68,4,14.6,30.4,16.8,12.6,2,0,12,0.917,8,0,0.527,5.5,3.3,11.2,0.8,9.1,0.25,0.5,6.7,2019
3044,Kyle Kuzma,Lal,F,25.22,21,23,48,19.5,9.7,37,0.784,96,0.531,83,0.313,0.535,10,3.1,7.9,0.8,5,0.29,0.33,5.1,2019
3045,Romeo Langford,Bos,G-F,20.97,7,6.5,13.6,12.5,15.5,2,0.5,8,0.375,2,0.5,0.46,1.4,0.4,3.7,0.3,6.2,0.14,0,3.4,2019
3046,Vic Law,Orl,F,24.81,1,3.6,7.5,11.9,0,0,0,0,0,1,1,1.5,3,2,28.5,1,55.9,0,0,20.2,2019
3047,Kawhi Leonard,Lac,F,29.29,13,39.3,81.9,29.4,9.6,94,0.862,195,0.549,73,0.329,0.593,28.2,9.3,13.2,5.5,23.9,2.31,0.85,11.5,2019
3048,Meyers Leonard,Mia,C,28.62,3,10.3,21.4,13.1,0,2,1,4,0.75,4,0.5,0.788,4.7,0.3,1.9,1,15.8,0.33,0,4.4,2019
3049,Caris LeVert,Bro,G,26.13,4,34.9,72.7,28.6,13.4,25,0.72,52,0.346,21,0.429,0.482,20.3,5.8,8.3,9.5,48.5,1.25,0.25,11.9,2019
3050,Damian Lillard,Por,G,30.24,4,35.7,74.3,27,15.1,33,0.97,31,0.419,33,0.394,0.618,24.3,3.5,5.2,4.3,19.8,0.5,0.25,8,2019
3051,Brook Lopez,Mil,C,32.53,10,32.8,68.3,17.7,8.9,20,0.75,61,0.656,53,0.396,0.643,15.8,5.5,9,0.5,2.4,1,1.3,4.3,2019
3052,Robin Lopez,Mil,C,32.53,3,6.9,14.3,8.4,0,0,0,4,0.75,0,0,0.75,2,1.3,10.4,0,0,0,0,0,2019
3053,Kyle Lowry,Tor,G,34.55,11,37.6,78.2,21.6,13.8,60,0.8,76,0.513,72,0.319,0.559,17.7,6.5,9.4,5.8,23.9,1.73,0.73,9.3,2019
3054,Timothe Luwawu-Cabarrot,Bro,G-F,25.43,4,32.9,68.4,22.7,11.1,12,0.917,20,0.35,39,0.333,0.498,16,3.8,5.8,1.5,7.6,0.75,0,5.5,2019
3055,Terance Mann,Lac,G-F,23.98,13,2.1,4.4,11.2,28.6,0,0,3,0.667,2,0,0.4,0.3,0.5,14.3,0.1,4.7,0.08,0,4.7,2019
3056,Boban Marjanovic,Dal,C,32.16,6,13.7,28.5,19.4,8.1,9,0.778,29,0.586,1,0,0.604,6.8,5.8,23.3,0.8,9.3,0,0.33,9.2,2019
3057,Jeremiah Martin,Bro,G,24.31,3,9,18.7,25.2,12.2,1,1,9,0.111,5,0.6,0.416,4,1,5.6,1.3,24.5,0,0.33,7.7,2019
3058,Frank Mason,Mil,G,26.53,2,1.1,2.2,0,,0,0,0,0,0,0,,0,0,0,0.5,57.6,0,0,0,2019
3059,Wesley Matthews,Mil,G,34,10,24.6,51.3,12,10.2,10,0.7,14,0.5,43,0.395,0.586,7.2,1.8,3.9,0.9,5,0.9,0.4,3.7,2019
3060,CJ McCollum,Por,G,29.06,5,39.2,81.8,26.3,12.1,22,0.682,64,0.484,35,0.371,0.534,23.2,5.8,7.8,3.2,14.6,1.2,0.4,7.7,2019
3061,T.J. McConnell,Ind,G,28.55,3,9.3,19.4,17.9,18.4,2,0.5,8,0.375,0,0,0.394,2.3,2,12.5,2.3,38.3,0,0,9.4,2019
3062,Doug McDermott,Ind,F,28.77,4,13.6,28.3,13.5,6.3,0,0,5,0.4,10,0.2,0.333,2.5,0.8,3.2,0.3,2.7,0.25,0,2.5,2019
3063,JaVale McGee,Lal,C-F,32.73,14,9.7,20.1,13.5,21.5,2,0.5,30,0.667,2,0,0.623,2.9,3.1,19.2,0.5,7.3,0.14,0.71,6.8,2019
3064,Rodney McGruder,Lac,G,29.21,5,3.1,6.5,14,0,0,0,2,0.5,3,0.667,0.8,1.6,0.8,14.2,0.4,19.5,0,0,10.3,2019
3065,Ben McLemore,Hou,G,27.67,11,11.8,24.5,14.9,7,0,0,4,0.25,36,0.389,0.55,4,1,4.7,0.5,7,0.36,0,4.3,2019
3066,Khris Middleton,Mil,F,29.17,10,35.5,74,28.4,14.5,46,0.826,115,0.417,65,0.354,0.507,20.3,6.9,10.4,6,26.9,1.1,0.2,10.6,2019
3067,Malcolm Miller,Tor,G-F,27.6,1,5.3,11,25,0,0,0,2,0,1,1,0.5,3,0,0,0,0,0,0,0,2019
3068,Paul Millsap,Den,F,35.67,19,24.2,50.4,16.5,15,54,0.796,74,0.432,44,0.341,0.536,8,4.7,11.5,1.2,7.1,0.63,0.47,5.9,2019
3069,Shake Milton,Phi,G-F,24.04,4,31.5,65.6,18.3,11.3,7,0.857,19,0.579,25,0.4,0.616,14.5,3.3,5.5,2.8,16.6,0.5,0,6.5,2019
3070,Donovan Mitchell,Uta,G,24.09,7,37.7,78.5,37.5,13.7,58,0.948,93,0.538,64,0.516,0.696,36.3,5,7.8,4.9,25.6,1,0.29,10.2,2019
3071,Juwan Morgan,Uta,F,23.49,7,12.3,25.7,8.5,6.4,6,0.333,2,0.5,10,0.2,0.342,1.4,3,14.2,0.7,7.4,0.29,0,4.7,2019
3072,Marcus Morris Sr.,Lac,F,31.11,13,29.9,62.2,14.2,7.1,14,0.929,52,0.538,59,0.475,0.653,11.8,4.8,9,1.6,7.7,0.85,0.08,6,2019
3073,Markieff Morris,Lal,F,31.11,21,18.4,38.2,13.4,14.3,9,0.778,29,0.517,69,0.42,0.608,5.9,3,9.8,1,7,0.29,0.14,5.7,2019
3074,Monte Morris,Den,G,25.29,19,21.4,44.5,17.7,6.3,34,0.824,93,0.581,40,0.3,0.581,9.1,1.5,4.3,2.7,19.9,0.63,0.11,6.2,2019
3075,Emmanuel Mudiay,Uta,G,24.6,3,11.3,23.5,22,6.3,2,0.5,11,0.273,3,0.667,0.437,4.3,2,10.4,0.7,8.8,0,0.33,6.4,2019
3076,Jamal Murray,Den,G,23.63,19,39.6,82.6,27.6,11.6,78,0.897,231,0.537,137,0.453,0.626,26.5,4.8,7.3,6.6,30,0.95,0.32,9.5,2019
3077,Dzanan Musa,Bro,G-F,21.43,3,13.1,27.4,21.1,14.9,14,0.714,5,0.4,6,0,0.408,4.7,1,3.8,1.3,14.4,0,0.33,5.6,2019
3078,Mike Muscala,Okc,F-C,29.28,2,9.9,20.6,4.4,0,0,0,1,0,1,1,0.75,1.5,2,10.6,0.5,7.2,0,0,4.6,2019
3079,Abdel Nader,Okc,F,27.05,3,8.5,17.6,13.4,0,2,0.5,2,0,5,0.2,0.254,1.3,1,6.2,0,0,0.33,0.67,0,2019
3080,Raul Neto,Phi,G,28.4,2,12.9,26.9,16.9,10,0,0,4,0.25,5,0.4,0.444,4,1.5,6.2,1.5,20.2,0.5,0,6.4,2019
3081,Georges Niang,Uta,F,27.32,7,16.3,34,19.2,4.3,2,1,15,0.667,29,0.414,0.646,8.3,2.1,7.7,0.6,5.6,0,0.14,5.4,2019
3082,Joakim Noah,Lac,F-C,35.63,2,1,2,0,,0,0,0,0,0,0,,0,0,0,0,0,0,0,0,2019
3083,Nerlens Noel,Okc,C-F,26.51,7,13.9,28.9,10.4,8.5,10,0.5,16,0.5,1,0,0.491,3,4.1,15.6,0.4,4.6,0.29,0.71,4.9,2019
3084,Kendrick Nunn,Mia,G,25.19,15,15.9,33.2,20.4,11.2,8,1,49,0.49,43,0.279,0.482,6.1,2.1,7.7,1.3,13.3,0.2,0.2,6.4,2019
3085,Jusuf Nurkic,Por,C,26.14,5,32.3,67.2,20.7,16.2,23,0.783,46,0.478,11,0.273,0.529,14.2,10.6,17.3,3.6,17.8,1.4,0.2,10.1,2019
3086,Semi Ojeleye,Bos,F,25.85,13,9.4,19.6,10.9,3.3,2,1,5,0.4,23,0.217,0.364,1.6,0.9,5.5,0.1,1.1,0.23,0,2.2,2019
3087,Victor Oladipo,Ind,G,28.44,4,30.6,63.8,28.9,18.2,16,0.938,23,0.435,33,0.364,0.563,17.8,3.3,6.2,2.5,14.1,2.25,0,6.9,2019
3088,Kelly Olynyk,Mia,C,29.48,17,15.2,31.7,21.1,10.8,28,0.821,46,0.609,49,0.347,0.606,7.6,4.6,17.6,1.1,12.2,0.24,0.47,8.9,2019
3089,Royce O'Neale,Uta,F,27.35,7,35.5,74,9,27.3,6,0.5,10,0.3,22,0.455,0.563,5.6,5.4,9,2.7,10,1.29,0.29,4.9,2019
3090,Miye Oni,Uta,G-F,23.19,2,7,14.6,23.4,14.3,0,0,2,1,4,0.25,0.583,3.5,2,16.7,0,0,0.5,0.5,0,2019
3091,Kyle O'Quinn,Phi,C-F,30.55,1,5.7,11.9,15.3,100,0,0,0,0,0,0,,0,1,9.4,1,25.3,0,0,0,2019
3092,Patrick Patterson,Lac,F,31.58,2,4.9,10.1,13.5,0,0,0,0,0,3,1,1.5,4.5,0.5,5.7,2,76.9,0,0,13.5,2019
3093,Chris Paul,Okc,G,35.44,7,37.3,77.7,24.2,15.7,26,0.885,69,0.565,43,0.372,0.604,21.3,7.4,10.4,5.3,26.1,1.57,0.43,10.1,2019
3094,Norvel Pelle,Phi,F,27.69,1,6.5,13.5,0,,0,0,0,0,0,0,,0,0,0,0,0,1,1,0,2019
3095,Mason Plumlee,Den,F-C,30.61,19,10.9,22.6,12.2,19.9,12,0.667,38,0.5,1,0,0.519,2.4,3.2,17.6,1.3,17,0.21,0.42,7.9,2019
3096,Vincent Poirier,Bos,C-F,26.96,1,1.8,3.8,0,,0,0,0,0,0,0,,0,0,0,1,70.4,1,0,0,2019
3097,Michael Porter Jr.,Den,F,22.29,19,23.7,49.5,20.6,12.2,35,0.743,75,0.587,89,0.382,0.602,11.4,6.7,16.7,0.8,5.6,0.68,0.32,6.6,2019
3098,Kristaps Porzingis,Dal,F-C,25.2,3,31.5,65.6,24.2,5.6,23,0.87,23,0.522,17,0.529,0.708,23.7,8.7,15,0.7,3.3,0,1,6.7,2019
3099,Norman Powell,Tor,G,27.38,11,24.8,51.7,20.6,8.6,29,0.793,52,0.558,52,0.423,0.629,13.4,2.4,5.1,1,6.6,0.55,0.27,5.1,2019
3100,Josh Reaves,Dal,G-F,23.36,2,4.6,9.5,23.1,20.5,2,1,2,0.5,1,0,0.515,2,1,12,0.5,14.6,0,0.5,8.7,2019
3101,Josh Richardson,Phi,G,27.07,4,36.1,75.1,21.7,11.1,18,0.944,28,0.357,28,0.357,0.524,16.8,3.8,5.6,3.3,16.3,0.5,0.5,6.6,2019
3102,Austin Rivers,Hou,G,28.2,12,17.6,36.6,15.9,10.7,13,0.769,26,0.385,35,0.257,0.427,4.8,2.5,7.9,1.3,11.1,0.58,0.08,5.7,2019
3103,Andre Roberson,Okc,G-F,28.86,1,3.4,7.1,12.7,0,0,0,0,0,1,0,0,0,0,0,0,0,0,0,0,2019
3104,Duncan Robinson,Mia,F,26.47,21,28.6,59.5,15.8,7.7,38,0.868,20,0.65,156,0.397,0.636,11.7,2.8,5.6,1.8,9.7,0.67,0.29,5.4,2019
3105,Rajon Rondo,Lal,G,34.64,16,24.7,51.5,18,20.8,19,0.684,71,0.493,50,0.4,0.553,8.9,4.3,10.3,6.6,37.1,1.44,0.13,10.2,2019
3106,Terrence Ross,Orl,G-F,29.68,5,27,56.3,24.7,10.2,14,0.857,34,0.588,30,0.333,0.584,16.4,4.4,8.4,1,6.7,0.8,0.2,6.2,2019
3107,JaKarr Sampson,Ind,F,27.56,4,12.5,25.9,16.6,11.1,0,0,16,0.625,0,0,0.625,5,3.3,15.3,1,14.4,0.5,0,8.1,2019
3108,Dennis Schroder,Okc,G,27.07,7,32.4,67.5,26,12.4,25,0.8,64,0.484,45,0.289,0.504,17.3,3.7,6,3.6,19.7,0.57,0.14,7.6,2019
3109,Mike Scott,Phi,F,32.24,4,5,10.4,14.8,0,4,1,3,0.333,2,0,0.444,1.5,2,21.6,0.3,7.8,0,0,7.7,2019
3110,Landry Shamet,Lac,G,23.58,13,18.7,39,13.5,17.3,7,0.714,17,0.529,42,0.357,0.548,5.2,1.7,5,1.3,9.4,0.46,0.23,4.8,2019
3111,Pascal Siakam,Tor,F,26.53,11,38,79.2,23.6,9.8,46,0.717,129,0.481,53,0.189,0.462,17,7.5,10.7,3.8,16,1.09,0.36,8.3,2019
3112,Anfernee Simons,Por,G,21.35,4,20.5,42.7,16.6,12.3,6,0.833,12,0.167,14,0.429,0.471,6.8,2.8,7.1,2.5,17.8,1.5,0,7.1,2019
3113,Marcus Smart,Bos,G,26.6,17,38.1,79.4,18.4,16.8,56,0.875,75,0.493,123,0.333,0.552,14.5,5.2,7.7,4.6,18,1.24,0.47,7.4,2019
3114,JR Smith,Lal,G,35.09,10,7.5,15.6,19.2,21.2,0,0,4,0.25,22,0.273,0.385,2,0.3,2.4,0.3,5.3,0.2,0,3,2019
3115,Edmond Sumner,Ind,G,24.78,3,13.5,28.1,11.2,20.2,2,1,4,0.5,3,0,0.381,2,2,8.7,0,0,0,0,0,2019
3116,Jayson Tatum,Bos,F-G,22.61,17,40.6,84.6,28.2,11,123,0.813,208,0.471,126,0.373,0.563,25.7,10,13.8,5,21.3,1,1.18,10.7,2019
3117,Garrett Temple,Bro,G-F,34.43,4,34.3,71.5,17.3,10.4,6,0.833,13,0.615,36,0.25,0.465,12,2.8,4,2,9.2,0.75,0.25,4.7,2019
3118,Daniel Theis,Bos,F,28.52,17,28.3,59.1,13.6,10.2,33,0.788,91,0.626,26,0.154,0.578,8.9,7.1,14.1,1.5,7.8,0.35,1.24,6.4,2019
3119,Lance Thomas,Bro,F,32.47,3,5.7,11.9,16.2,0,4,0.5,3,0.333,2,0,0.296,1.3,1,8.8,0,0,0,0.33,0,2019
3120,Matt Thomas,Tor,G,26.19,10,8.4,17.5,11.5,4.5,0,0,9,0.889,12,0.417,0.738,3.1,1.4,9,0.7,12.9,0.1,0.1,6.9,2019
3121,Matisse Thybulle,Phi,G-F,23.61,4,18.9,39.3,5.2,22.2,0,0,3,0.667,4,0.25,0.5,1.8,1.8,5,0.5,4.1,0.75,0.25,2.5,2019
3122,Gary Trent Jr.,Por,G-F,21.73,5,30.6,63.7,14.5,9.4,7,0.857,21,0.286,24,0.417,0.499,9.6,2,3.4,0.6,2.9,0.8,0,3,2019
3123,P.J. Tucker,Hou,F,35.44,12,34.5,71.9,10.8,12,0,0,21,0.476,67,0.373,0.54,7.9,7.2,11.6,1.4,6,1.08,0.25,5,2019
3124,Rayjon Tucker,Uta,G,23.05,2,5.6,11.6,25.3,16.7,0,0,2,0.5,3,0.333,0.5,2.5,0,0,0,0,0,0,0,2019
3125,Myles Turner,Ind,C-F,24.55,4,36.4,75.8,19,15,16,0.438,30,0.633,14,0.429,0.617,15.8,10.8,17.3,0.8,3.5,0.5,4,5.7,2019
3126,Fred VanVleet,Tor,G,26.63,11,39.1,81.4,22.9,9.9,25,0.84,80,0.413,110,0.391,0.537,19.6,4.4,6,6.9,28.4,1.64,0.64,8.6,2019
3127,Gabe Vincent,Mia,G,24.33,1,0.3,0.6,0,,0,0,0,0,0,0,,0,0,0,0,0,0,0,0,2019
3128,Noah Vonleh,Den,F,25.13,1,3.1,6.5,14.7,0,0,0,1,0,0,0,0,0,0,0,0,0,0,0,0,2019
3129,Nikola Vucevic,Orl,C,29.97,5,36.9,77,29.8,10.1,11,0.909,67,0.567,44,0.409,0.604,28,11,15.3,4,23,0.8,0.6,11.6,2019
3130,Dion Waiters,Lal,G,28.84,5,7.6,15.8,16,7.2,2,1,8,0.5,4,0,0.388,2,0.4,3.1,0.4,7.1,0.2,0.2,3.6,2019
3131,Kemba Walker,Bos,G,30.43,17,36.9,76.9,23,9.9,81,0.852,130,0.569,126,0.31,0.573,19.6,4.1,6.2,5.1,22.5,0.88,0.41,8.1,2019
3132,Brad Wanamaker,Bos,G,31.22,17,16,33.4,13.9,21.2,16,0.875,33,0.515,27,0.444,0.626,4.9,2,7,1.8,16.1,0.71,0.29,6.5,2019
3133,T.J. Warren,Ind,F,27.1,4,39.1,81.4,24.4,13.3,9,1,49,0.51,19,0.368,0.556,20,6.3,9.4,3,13.8,2.25,0.25,7.4,2019
3134,Tremont Waters,Bos,G,22.75,1,2.4,5,18.6,0,0,0,0,0,1,0,0,0,1,23.4,1,52.8,0,0,0,2019
3135,Paul Watson,Tor,G,25.78,2,4.4,9.1,10.1,0,0,0,2,0.5,0,0,0.5,1,0,0,0.5,16.8,0.5,0,0,2019
3136,Russell Westbrook,Hou,G,31.91,8,32.7,68.2,31.5,16.3,32,0.531,107,0.477,33,0.242,0.464,17.9,7,11.9,4.6,25.8,1.5,0.25,10.2,2019
3137,Hassan Whiteside,Por,C,31.33,5,21.2,44.2,14.2,16.6,14,0.5,23,0.522,1,1,0.564,6.8,7,17.4,0.4,2.9,0.2,2,5,2019
3138,Robert Williams III,Bos,C-F,22.99,13,11.5,23.9,12.2,17.2,6,0.333,30,0.767,1,0,0.713,3.7,3.9,19.2,0.8,10.6,0.23,0.46,7.9,2019
3139,Nigel Williams-Goss,Uta,G,26.07,1,2.4,5,0,,0,0,0,0,0,0,,0,0,0,1,50.9,0,0,0,2019
3140,Grant Williams,Bos,F,21.87,17,10,20.8,9.1,11.6,10,0.7,9,0.556,17,0.588,0.773,2.8,1.5,8.6,0.4,5,0.12,0.29,4.8,2019
3141,Lou Williams,Lac,G,33.96,13,26.2,54.7,23.5,11.5,37,0.811,95,0.526,51,0.235,0.511,12.8,3.2,6.7,4.2,24.3,0.69,0.15,8.5,2019
3142,Marvin Williams,Mil,F,34.32,10,17.9,37.2,12.4,5.8,3,1,24,0.458,23,0.435,0.569,5.5,4.8,14.4,0.9,7.1,0.5,0.3,6.4,2019
3143,Delon Wright,Dal,G,28.46,4,13.3,27.7,13.9,29.1,5,0.6,8,0.625,2,0.5,0.656,4,0.8,3.1,1.8,17.5,1.25,0,5.4,2019
3144,Ivica Zubac,Lac,C,23.57,13,24.6,51.3,14.5,11.3,37,0.811,78,0.564,0,0,0.626,9.1,7.2,16.2,0.6,3.5,0.15,0.77,5.5,2019
3145,Precious Achiuwa,Mia,F,21.66,61,12.1,25.2,19.5,13.5,110,0.509,227,0.546,1,0,0.55,5,3.4,16.1,0.5,6.1,0.33,0.46,6.7,2020
3146,Jaylen Adams,Mil,G,25.03,7,2.6,5.4,18.5,0,0,0,6,0.167,2,0,0.125,0.3,0.4,8.7,0.3,12.6,0,0,5.1,2020
3147,Steven Adams,Nor,C,27.83,58,27.7,57.6,11.7,17.7,135,0.444,305,0.62,3,0,0.596,7.6,8.9,17.4,1.9,9.1,0.93,0.66,7.3,2020
3148,Bam Adebayo,Mia,C-F,23.83,64,33.5,69.7,23.7,15,354,0.799,792,0.573,8,0.25,0.626,18.7,9,15.3,5.4,26.9,1.17,1.03,11.6,2020
3149,LaMarcus Aldridge,San,C-F,35.83,21,25.9,54,22.7,7,37,0.838,173,0.509,75,0.36,0.545,13.7,4.5,9.2,1.7,10.2,0.38,0.86,7.3,2020
3150,LaMarcus Aldridge,Bro,C-F,35.83,5,26,54.3,19.9,11.8,10,1,43,0.488,5,0.8,0.611,12.8,4.8,10.2,2.6,14.3,0.6,2.2,8.3,2020
3151,Ty-Shon Alexander,Pho,G,22.84,15,3.2,6.6,14.9,18.9,2,0.5,3,0.333,9,0.222,0.349,0.6,0.7,11.9,0.4,15.2,0,0.07,6.9,2020
3152,Nickeil Alexander-Walker,Nor,G,22.7,46,21.9,45.6,23.2,12.4,66,0.727,239,0.485,219,0.347,0.522,11,3.1,7.8,2.2,14.7,1.02,0.48,7.7,2020
3153,Grayson Allen,Mem,G,25.61,50,25.2,52.5,16.8,9.6,91,0.868,140,0.471,274,0.391,0.586,10.6,3.2,6.7,2.2,11.5,0.92,0.16,6.7,2020
3154,Jarrett Allen,Bro,C,23.07,12,26.6,55.5,15.5,19.3,61,0.754,65,0.677,0,0,0.73,11.2,10.4,21.6,1.7,8.3,0.58,1.58,8.8,2020
3155,Jarrett Allen,Cle,C,23.07,51,30.3,63.1,16.8,13.1,229,0.69,398,0.623,19,0.316,0.649,13.2,9.9,18.3,1.7,8.8,0.47,1.41,8,2020
3156,Al-Farouq Aminu,Orl,F,30.65,17,21.6,44.9,14.3,20.6,17,0.824,58,0.5,31,0.226,0.482,5.5,5.4,12.9,1.7,11.4,1,0.53,6.8,2020
3157,Al-Farouq Aminu,Chi,F,30.65,6,11.2,23.4,9.8,19.7,5,0.8,4,0.25,6,0.167,0.369,1.5,3.2,15.6,0.3,3.5,0.33,0,4,2020
3158,Kyle Anderson,Mem,F-G,27.66,69,27.4,57,18.5,10.4,184,0.783,397,0.539,261,0.36,0.578,12.4,5.7,11.1,3.6,18.3,1.22,0.83,9.3,2020
3159,Giannis Antetokounmpo,Mil,F,26.44,61,33,68.7,32.5,13.2,581,0.685,879,0.636,221,0.303,0.633,28.1,11,17.5,5.9,28.7,1.18,1.21,14.8,2020
3160,Kostas Antetokounmpo,Lal,F,23.49,15,3.7,7.8,20.8,41.2,13,0.462,10,0.3,0,0,0.382,0.8,1.3,19.1,0.1,2.3,0.13,0.27,5.1,2020
3161,Thanasis Antetokounmpo,Mil,F,28.83,57,9.7,20.1,15.3,21.3,49,0.51,108,0.556,29,0.241,0.523,2.9,2.2,11.8,0.8,10.3,0.39,0.18,7.1,2020
3162,Carmelo Anthony,Por,F,36.97,69,24.5,51,23.1,6.7,156,0.891,452,0.429,325,0.409,0.548,13.4,3.1,6.8,1.5,9.2,0.67,0.55,6.5,2020
3163,Cole Anthony,Orl,G,21,47,27.1,56.4,24.3,14.8,131,0.832,380,0.424,172,0.337,0.496,12.9,4.7,9,4.1,24.2,0.64,0.38,9.3,2020
3164,OG Anunoby,Tor,F,23.83,43,33.3,69.4,19.2,11.8,102,0.784,257,0.564,261,0.398,0.606,15.9,5.5,9.1,2.2,10.1,1.53,0.72,6.9,2020
3165,Ryan Arcidiacono,Chi,G,27.14,44,10.2,21.3,13.1,7.4,20,0.65,50,0.48,67,0.373,0.541,3.1,1.5,8.2,1.3,16.3,0.2,0,7.1,2020
3166,Trevor Ariza,Mia,F,35.88,30,28,58.4,15.1,7.5,44,0.773,98,0.5,143,0.35,0.542,9.4,4.8,9.8,1.8,9.4,1,0.6,6.2,2020
3167,D.J. Augustin,Mil,G,33.52,37,19.3,40.1,14.3,14,40,0.9,63,0.349,129,0.38,0.542,6.1,1.4,3.7,3,18.6,0.54,0.03,6.1,2020
3168,D.J. Augustin,Hou,G,33.52,20,20.8,43.4,21,15.1,54,0.907,63,0.476,88,0.386,0.604,10.6,2.2,5.6,3.9,28.3,0.4,0,8.6,2020
3169,Deni Avdija,Was,F,20.37,54,23.3,48.5,12,9,45,0.644,144,0.535,168,0.315,0.515,6.3,4.8,11,1.2,6.3,0.59,0.28,5.7,2020
3170,Deandre Ayton,Pho,C,22.82,69,30.6,63.8,18.2,11.8,173,0.769,667,0.639,20,0.2,0.653,14.4,10.5,19.5,1.4,6.8,0.59,1.17,7.8,2020
3171,Udoka Azubuike,Uta,C-F,21.66,15,3.8,7.9,12.4,18.3,10,0.8,9,0.444,0,0,0.597,1.1,0.9,12.1,0,0,0.07,0.27,0,2020
3172,Dwayne Bacon,Orl,G-F,25.71,72,25.7,53.6,19.8,5.3,176,0.824,519,0.449,207,0.285,0.49,10.9,3.1,6.3,1.3,7.9,0.61,0.07,5.5,2020
3173,Marvin Bagley III,Sac,F,22.18,43,25.9,53.9,23.5,9.7,134,0.575,382,0.55,108,0.343,0.554,14.1,7.4,15.9,1,5.8,0.49,0.49,7.3,2020
3174,LaMelo Ball,Cha,G,19.74,51,28.8,60,26.1,16.3,165,0.758,411,0.489,261,0.352,0.539,15.7,5.9,11.1,6.1,33.9,1.59,0.35,11.5,2020
3175,Lonzo Ball,Nor,G,23.55,55,31.8,66.2,20.5,14.5,64,0.781,245,0.482,455,0.378,0.551,14.6,4.8,8.2,5.7,25.4,1.49,0.56,9.3,2020
3176,Mo Bamba,Orl,C,23.01,46,15.8,32.8,21.9,10.1,66,0.682,183,0.568,118,0.322,0.556,8,5.8,19,0.8,8.1,0.3,1.26,8.4,2020
3177,Desmond Bane,Mem,G,22.89,68,22.3,46.5,16.1,10.2,49,0.816,228,0.513,271,0.432,0.6,9.2,3.1,7.3,1.7,10.6,0.62,0.24,6.5,2020
3178,Harrison Barnes,Sac,F,28.96,58,36.3,75.5,17.2,11.1,235,0.83,386,0.567,256,0.391,0.626,16.1,6.6,10.2,3.5,13,0.74,0.19,7.9,2020
3179,RJ Barrett,Nyk,F-G,20.92,72,34.9,72.7,23.4,10.5,276,0.746,750,0.457,309,0.401,0.535,17.6,5.8,8.9,3,13.8,0.74,0.28,7.7,2020
3180,Will Barton,Den,G,30.36,56,31,64.6,19,12.7,121,0.785,351,0.459,257,0.381,0.538,12.7,4,7.4,3.2,14.1,0.89,0.41,7,2020
3181,Keita Bates-Diop,San,F,25.31,30,8.2,17,14.8,8.4,21,0.667,50,0.5,17,0.294,0.518,2.6,1.6,10.7,0.4,6.6,0.37,0.17,5.8,2020
3182,Nicolas Batum,Lac,G-F,32.42,67,27.4,57.1,11.8,10.8,58,0.828,141,0.574,271,0.406,0.617,8.1,4.7,9.7,2.2,10.5,1.03,0.55,6.4,2020
3183,Aron Baynes,Tor,C-F,34.44,53,18.5,38.5,16.2,12.5,41,0.707,200,0.535,103,0.262,0.505,6.1,5.2,15.3,0.9,7,0.3,0.43,6.6,2020
3184,Kent Bazemore,Gol,G-F,31.88,67,19.9,41.5,16.3,16.1,78,0.692,208,0.486,184,0.408,0.564,7.2,3.4,9.1,1.6,11.1,1.03,0.49,6.8,2020
3185,Darius Bazley,Okc,F-G,20.93,55,31.2,64.9,22,13.7,178,0.702,404,0.47,286,0.29,0.491,13.7,7.2,12,1.8,8.9,0.53,0.45,7.2,2020
3186,Bradley Beal,Was,G,27.89,60,35.8,74.5,34.1,10.6,459,0.889,1009,0.535,373,0.349,0.593,31.3,4.7,7,4.4,21.3,1.15,0.37,9.7,2020
3187,Malik Beasley,Min,G,24.47,37,32.8,68.4,24,8.6,80,0.85,279,0.487,321,0.399,0.57,19.6,4.4,7.2,2.4,11.6,0.81,0.19,7.2,2020
3188,Jordan Bell,Was,F,26.36,5,13.4,28,14.2,13,0,0,18,0.389,2,0,0.35,2.8,3.8,15,1,9.4,0.6,0.6,6.6,2020
3189,Jordan Bell,Gol,F,26.36,1,14.7,30.6,11.3,25.8,2,0.5,2,0,0,0,0.174,1,5,18.1,2,15.8,0,2,5.9,2020
3190,DeAndre' Bembry,Tor,G-F,26.87,51,19.1,39.7,14.6,21.6,66,0.682,175,0.589,53,0.264,0.57,5.7,2.9,8.3,2.1,15.5,1.04,0.35,6.8,2020
3191,Davis Bertans,Was,F,28.51,57,25.7,53.5,15.9,5.9,115,0.87,50,0.48,428,0.395,0.62,11.5,3,6.1,0.9,4.4,0.58,0.23,4.9,2020
3192,Patrick Beverley,Lac,G,32.84,37,22.5,46.9,14.6,12.4,45,0.8,79,0.468,141,0.397,0.58,7.5,3.2,8,2.1,12,0.76,0.76,6.6,2020
3193,Saddiq Bey,Det,F,22.1,70,27.3,56.8,18.7,7.3,147,0.844,232,0.448,460,0.38,0.566,12.2,4.6,9.3,1.4,7.6,0.74,0.2,6.3,2020
3194,Tyler Bey,Dal,F,23.26,18,3.9,8.2,16.9,11,5,0.6,18,0.333,4,0.25,0.372,1,1,14,0.2,5.6,0,0.06,6,2020
3195,Khem Birch,Orl,C,28.63,48,19.8,41.3,12.2,8.5,85,0.741,188,0.479,21,0.19,0.517,5.3,5.1,13.2,1.1,8,0.67,0.58,6.3,2020
3196,Khem Birch,Tor,C,28.63,19,30.4,63.3,15.8,9.9,44,0.636,140,0.614,31,0.29,0.596,11.9,7.5,13.6,1.9,9.4,0.89,1.16,7.3,2020
3197,Goga Bitadze,Ind,C-F,21.83,45,12.5,26,18,7.1,61,0.738,115,0.548,79,0.253,0.523,5.1,3.3,14.5,0.8,8.9,0.2,1.33,7.6,2020
3198,Bismack Biyombo,Cha,C,28.72,66,20.4,42.6,11.5,19.8,105,0.448,241,0.589,1,0,0.574,5,5.3,13.9,1.2,8.3,0.26,1.12,6.2,2020
3199,Nemanja Bjelica,Sac,F,33.02,26,16.9,35.2,19.3,14.3,42,0.762,92,0.565,58,0.293,0.555,7.2,3.8,12.6,1.9,15.3,0.31,0.08,8.8,2020
3200,Nemanja Bjelica,Mia,F,33.02,11,14.2,29.6,15.9,9.1,9,0.556,19,0.526,27,0.37,0.55,5,2.5,9.9,1.8,18.7,0.64,0.27,8,2020
3201,Eric Bledsoe,Nor,G,31.44,71,29.7,62,18.5,12.1,195,0.687,376,0.495,355,0.341,0.532,12.2,3.4,6.3,3.8,17.3,0.77,0.34,7.3,2020
3202,Keljin Blevins,Por,G,25.48,17,4.4,9.2,14.4,20,0,0,12,0.25,8,0.25,0.3,0.7,0.6,7.1,0.2,6.7,0.12,0,4,2020
3203,Bojan Bogdanovic,Uta,F,32.08,72,30.8,64.1,22.8,10.9,265,0.879,464,0.487,461,0.39,0.588,17,3.9,6.7,1.9,9.1,0.63,0.06,6.5,2020
3204,Bogdan Bogdanovic,Atl,G,28.74,44,29.7,61.8,21.3,8.5,44,0.909,232,0.522,333,0.438,0.616,16.4,3.6,6.7,3.3,17.6,1.11,0.3,7.8,2020
3205,Bol Bol,Den,C-F,21.5,32,5,10.4,21.2,16.8,15,0.667,34,0.471,24,0.375,0.534,2.2,0.8,8.5,0.2,6,0.09,0.31,5.6,2020
3206,Marques Bolden,Cle,C,23.08,6,4.8,9.9,13,23.5,8,0.625,3,0.333,0,0,0.537,1.2,1,11.7,0,0,0.33,0.33,0,2020
3207,Jordan Bone,Orl,G,23.53,14,14,29.2,12.6,5.3,0,0,22,0.591,32,0.313,0.519,4,1.7,6.4,1.3,13.6,0.14,0,5.9,2020
3208,Isaac Bonga,Was,G,21.52,40,10.8,22.5,10.2,20.7,8,0.625,34,0.5,47,0.277,0.461,2,1.7,8.1,0.6,6.5,0.28,0.23,4.7,2020
3209,Devin Booker,Pho,G,24.54,67,33.9,70.6,32.7,12.4,392,0.867,916,0.543,371,0.34,0.587,25.6,4.2,7,4.3,20.6,0.79,0.24,9.1,2020
3210,Chris Boucher,Tor,F-C,28.35,60,24.2,50.4,20.6,6.7,193,0.788,325,0.609,235,0.383,0.634,13.6,6.7,15.3,1.1,7,0.58,1.85,7.7,2020
3211,Brian Bowen II,Ind,F-G,22.62,5,2.8,5.9,13.4,0,1,1,3,0.333,1,0,0.338,0.6,0.6,11.5,0,0,0,0,0,2020
3212,Avery Bradley,Mia,G,30.47,10,21.1,43.9,16.9,11.4,9,0.778,28,0.536,38,0.421,0.607,8.5,1.8,4.9,1.4,10,0.7,0.1,5.3,2020
3213,Avery Bradley,Hou,G,30.47,17,23,47.9,13.8,15,6,0.833,42,0.381,63,0.27,0.409,5.2,2.3,5.3,1.9,11.2,0.82,0.18,4.9,2020
3214,Tony Bradley,Phi,C-F,23.35,20,14.4,29.9,12.8,7,11,0.636,74,0.689,1,0,0.683,5.5,5.2,19.9,0.9,8.7,0.3,0.65,8.2,2020
3215,Tony Bradley,Okc,C-F,23.35,22,18,37.5,18,16,44,0.705,120,0.667,2,0,0.676,8.7,6.1,17.7,0.9,8.4,0.41,0.77,8.1,2020
3216,Jarrell Brantley,Uta,F,24.94,28,4.9,10.3,19,13.1,2,1,24,0.542,28,0.429,0.605,2.3,1,10.4,0.5,16.1,0.25,0.07,8.6,2020
3217,Ignas Brazdeikis,Nyk,F,22.35,4,1.8,3.7,18.1,34.7,2,1,1,0,0,0,0.532,0.5,0.5,15.3,0.3,17.3,0,0,9.4,2020
3218,Ignas Brazdeikis,Phi,F,22.35,1,7.9,16.5,16.3,0,0,0,2,0,1,0,0,0,2,13.9,0,0,0,0,0,2020
3219,Ignas Brazdeikis,Orl,F,22.35,8,29.2,60.9,17.6,11.5,12,0.667,52,0.462,27,0.407,0.528,11.1,5.1,9.1,2,10.6,0.5,0.38,6.6,2020
3220,Miles Bridges,Cha,F,23.16,66,29.3,61,17.3,13.6,113,0.867,332,0.593,290,0.4,0.625,12.7,6,11.1,2.2,11.4,0.67,0.79,7.5,2020
3221,Mikal Bridges,Pho,F,24.71,72,32.6,67.9,14.9,7.4,131,0.84,353,0.649,315,0.425,0.668,13.5,4.3,7.4,2.1,8.8,1.06,0.88,6.1,2020
3222,Amida Brimah,Ind,C,27.26,5,5.9,12.2,19.4,30,3,1,8,0.625,0,0,0.697,2.6,1.6,14.8,0.2,4.7,0,1,6.4,2020
3223,Oshae Brissett,Ind,F-G,22.91,21,24.7,51.5,15.6,5.3,65,0.769,73,0.548,78,0.423,0.638,10.9,5.5,12,0.9,4.6,0.9,0.95,6.1,2020
3224,Malcolm Brogdon,Ind,G,28.43,56,34.5,71.8,25.9,9.8,177,0.864,606,0.493,374,0.388,0.561,21.2,5.3,8.3,5.9,25.7,0.88,0.27,10.1,2020
3225,Armoni Brooks,Hou,G,22.95,20,26,54.2,17.9,10,12,0.583,35,0.514,157,0.382,0.565,11.2,3.4,7,1.5,8.6,0.6,0.25,5.9,2020
3226,Dillon Brooks,Mem,G-F,25.32,67,29.8,62.1,26.1,9.6,195,0.815,659,0.461,372,0.344,0.515,17.2,2.9,5.2,2.3,11.7,1.16,0.39,6.5,2020
3227,Charlie Brown Jr.,Okc,G,23.29,9,16.9,35.1,14.9,11.2,10,0.9,22,0.364,21,0.238,0.422,4.4,1.9,5.8,1,8.2,0.44,0.22,4.8,2020
3228,Troy Brown Jr.,Was,G-F,21.8,21,13.7,28.5,16.1,14.3,15,0.667,43,0.442,46,0.304,0.471,4.3,2.9,11.3,0.9,8.5,0.14,0.19,6.5,2020
3229,Troy Brown Jr.,Chi,G-F,21.8,13,18.2,37.9,11.5,8,6,0.833,31,0.677,24,0.333,0.616,5.5,3.4,10.3,0.8,5.6,0.54,0.15,5.4,2020
3230,Bruce Brown,Bro,G-F,24.75,65,22.3,46.5,15.9,10.2,117,0.735,364,0.599,59,0.288,0.604,8.8,5.4,13.3,1.6,9.8,0.86,0.43,7.6,2020
3231,Jaylen Brown,Bos,G-F,24.56,58,34.5,71.8,29.7,11.5,250,0.764,701,0.535,410,0.398,0.586,24.7,6,9.7,3.4,16.5,1.24,0.55,9.2,2020
3232,Moses Brown,Okc,C,21.59,43,21.4,44.6,17,11.7,126,0.619,269,0.543,0,0,0.57,8.6,8.9,21.7,0.2,1.7,0.72,1.12,4.6,2020
3233,Sterling Brown,Hou,G-F,26.26,51,24.1,50.2,13.5,10.5,31,0.806,119,0.496,215,0.423,0.598,8.2,4.4,9.7,1.4,8.4,0.75,0.24,6.1,2020
3234,Jalen Brunson,Dal,G,24.71,68,25,52,20.2,10.3,151,0.795,427,0.578,200,0.405,0.618,12.6,3.4,7.5,3.5,21.3,0.51,0.01,8.5,2020
3235,Elijah Bryant,Mil,G,20,1,31.6,65.8,24.3,21.8,3,1,8,0.625,5,0.2,0.559,16,6,10,3,12.8,0,1,8.4,2020
3236,Thomas Bryant,Was,C-F,23.8,10,27.1,56.4,17.2,9.8,24,0.667,70,0.714,21,0.429,0.704,14.3,6.1,11.9,1.5,8.2,0.4,0.8,7.5,2020
3237,Reggie Bullock,Nyk,G-F,30.17,65,30,62.5,14.4,7.1,55,0.909,163,0.521,398,0.41,0.606,10.9,3.4,6.2,1.5,7.4,0.8,0.17,5.1,2020
3238,Trey Burke,Dal,G,28.51,62,14.7,30.6,19.9,8,57,0.895,189,0.492,164,0.354,0.544,6.6,0.9,3.3,1.3,12.9,0.6,0.1,5.4,2020
3239,Alec Burks,Nyk,G,29.83,49,25.6,53.3,21.4,8.2,118,0.856,254,0.425,246,0.415,0.564,12.7,4.6,9.8,2.2,13.2,0.63,0.29,7.9,2020
3240,Jimmy Butler,Mia,F,31.67,52,33.6,69.9,26.6,10.6,416,0.863,634,0.538,102,0.245,0.607,21.5,6.9,11.8,7.1,35.1,2.08,0.35,12.1,2020
3241,Bruno Caboclo,Hou,F,25.65,6,6.1,12.6,25.6,18.3,2,0.5,12,0.667,5,0,0.475,2.8,2.3,20.5,0.2,4.6,0,0.33,7.1,2020
3242,Devontae Cacok,Lal,F,24.6,20,4.9,10.2,16.9,10.6,11,0.455,29,0.586,0,0,0.576,2,1.6,17.8,0.1,1.5,0.25,0.2,5.6,2020
3243,Kentavious Caldwell-Pope,Lal,G,28.24,67,28.4,59.1,14.2,10.9,112,0.866,211,0.464,293,0.41,0.59,9.7,2.7,5.3,1.9,9.2,0.93,0.39,5.2,2020
3244,Facundo Campazzo,Den,G,30.15,65,21.9,45.7,13.1,17.1,91,0.879,99,0.444,216,0.352,0.558,6.1,2.1,5.3,3.6,20.2,1.22,0.22,6.5,2020
3245,Vlatko Cancar,Den,F,24.1,41,6.9,14.3,14.4,15.1,13,0.769,40,0.6,33,0.273,0.54,2.1,1.2,10.3,0.3,6.4,0.27,0.05,5.3,2020
3246,Devin Cannady,Orl,G,24.99,8,9.3,19.3,19.2,6,7,0.857,12,0.417,16,0.375,0.547,4.3,0.6,3.5,0.1,2.1,0.63,0.13,2.7,2020
3247,Clint Capela,Atl,C,27,63,30.1,62.8,19.9,8.4,227,0.573,696,0.595,0,0,0.602,15.2,14.3,26,0.8,4.1,0.7,2.05,7.4,2020
3248,Vernon Carey Jr.,Cha,F-C,20.22,19,6,12.6,17.2,10.9,11,0.818,29,0.586,7,0.143,0.563,2.4,1.4,12.8,0.1,2.6,0.05,0.26,4.6,2020
3249,Wendell Carter Jr.,Chi,C-F,22.09,32,24.7,51.5,19.2,14,111,0.739,230,0.526,22,0.364,0.578,10.9,7.8,17.4,2.2,12.3,0.56,0.75,9.3,2020
3250,Wendell Carter Jr.,Orl,C-F,22.09,22,26.5,55.3,19.5,11,68,0.721,176,0.534,29,0.241,0.549,11.7,8.8,17.2,1.6,9.7,0.77,0.82,8.3,2020
3251,Jevon Carter,Pho,G,25.67,60,11.9,24.9,15,6.6,7,0.571,72,0.528,151,0.371,0.548,4.1,1.5,7.3,1.2,13,0.48,0.15,6.5,2020
3252,Michael Carter-Williams,Orl,G,29.6,31,25.8,53.7,20.2,18.4,80,0.613,209,0.431,61,0.246,0.449,8.8,4.5,9,4.1,24.1,0.81,0.55,8.5,2020
3253,Alex Caruso,Lal,G,27.21,58,21,43.7,14.8,18.3,76,0.645,168,0.464,137,0.401,0.547,6.4,2.9,7.8,2.8,18.1,1.1,0.26,7.1,2020
3254,Willie Cauley-Stein,Dal,C,27.75,53,17.1,35.6,12,11.8,78,0.628,171,0.667,11,0.091,0.647,5.3,4.5,14.4,0.7,5.3,0.4,0.81,6,2020
3255,Chris Chiozza,Bro,G,25.49,22,10.6,22,20.9,14.4,17,0.765,46,0.391,42,0.31,0.461,4,1.1,5.7,3,36.9,0.32,0.27,8.9,2020
3256,Marquese Chriss,Gol,F,23.87,2,13.4,27.8,28.4,11.3,4,0.5,9,0.444,5,0.2,0.412,6.5,6.5,25.9,1,11.2,0,1,10.4,2020
3257,Brandon Clarke,Mem,F-G,24.66,59,24,50,17.3,5.7,113,0.69,418,0.565,77,0.26,0.56,10.3,5.6,12.3,1.6,9.5,1.03,0.86,7.5,2020
3258,Gary Clark,Orl,F,26.5,35,18.2,37.9,10.3,11.2,10,0.8,23,0.391,108,0.287,0.439,3.4,3.2,9.1,0.9,6.4,0.34,0.2,4.7,2020
3259,Gary Clark,Den,F,26.5,2,2.1,4.3,0,,0,0,0,0,0,0,,0,0.5,13.8,0,0,0,0,0,2020
3260,Gary Clark,Phi,F,26.5,2,6.4,13.3,3.4,0,0,0,1,0,0,0,0,0,1,8.6,0.5,9.1,0.5,0,0,2020
3261,Jordan Clarkson,Uta,G,28.94,68,26.7,55.7,29.8,9.2,144,0.896,476,0.523,599,0.347,0.549,18.4,4,8,2.5,15.3,0.9,0.15,8.5,2020
3262,Nicolas Claxton,Bro,F-C,22.08,32,18.6,38.7,14,9.4,64,0.484,140,0.636,5,0.2,0.612,6.6,5.2,15.4,0.9,6.4,0.72,1.25,6.7,2020
3263,Amir Coffey,Lac,G-F,23.92,44,9,18.7,15.1,11.1,38,0.711,47,0.468,56,0.411,0.585,3.2,1,6.3,0.5,7.4,0.23,0,5.2,2020
3264,John Collins,Atl,F-C,23.65,63,29.3,61.1,22.2,8.9,204,0.833,563,0.615,208,0.399,0.645,17.6,7.4,13.8,1.2,6.9,0.54,1,7.4,2020
3265,Mike Conley,Uta,G,33.6,51,29.4,61.2,23.1,12.4,142,0.852,305,0.479,335,0.412,0.589,16.2,3.5,6.2,6,30.6,1.37,0.18,9.5,2020
3266,Pat Connaughton,Mil,G,28.36,69,22.8,47.5,11.6,7.5,40,0.775,115,0.583,272,0.371,0.578,6.8,4.8,11.1,1.2,6.3,0.68,0.33,6,2020
3267,Quinn Cook,Lal,G,28.15,16,3.9,8.1,21.8,9.6,5,0.8,13,0.538,13,0.385,0.585,2.1,0.3,4.5,0.3,12.5,0.06,0.06,5.9,2020
3268,Quinn Cook,Cle,G,28.15,7,13.6,28.4,21.6,8.5,3,1,29,0.379,13,0.462,0.496,6.1,1.7,7,1.9,22.1,0.43,0,7.9,2020
3269,Tyler Cook,Bro,F,23.65,4,4.2,8.6,10.5,25,0,0,3,0.333,0,0,0.333,0.5,0.5,6.7,0.5,14.5,0,0,4.8,2020
3270,Tyler Cook,Det,F,23.65,28,15,31.3,14.2,15.4,35,0.486,98,0.684,2,0.5,0.667,5.5,3.4,12.4,0.5,5.6,0.29,0.07,5.6,2020
3271,DeMarcus Cousins,Hou,C,30.76,25,20.2,42.2,23.1,14.2,59,0.746,94,0.426,116,0.336,0.511,9.6,7.6,20.1,2.4,18,0.84,0.72,11.1,2020
3272,DeMarcus Cousins,Lac,C,30.76,16,12.9,26.9,27.8,19.3,22,0.682,76,0.566,19,0.421,0.597,7.8,4.5,19.6,1,12.4,0.81,0.38,10.2,2020
3273,Robert Covington,Por,F,30.42,70,32,66.8,11.5,10.7,62,0.806,153,0.451,356,0.379,0.553,8.5,6.7,11.1,1.7,6.8,1.44,1.2,5.7,2020
3274,Torrey Craig,Mil,F,30.41,18,11.2,23.3,10.8,9.6,2,0.5,24,0.417,22,0.364,0.48,2.5,2.4,11.2,0.9,9.5,0.5,0.39,6.3,2020
3275,Torrey Craig,Pho,F,30.41,32,18.8,39.2,15.5,9.5,20,0.8,97,0.619,84,0.369,0.603,7.2,4.8,14.5,1,7.4,0.59,0.59,6.9,2020
3276,Jae Crowder,Pho,F,30.86,60,27.5,57.2,15.7,9.5,75,0.76,112,0.455,380,0.389,0.574,10.1,4.7,9.7,2.1,10,0.82,0.43,6.7,2020
3277,Jarrett Culver,Min,G-F,22.24,34,14.7,30.6,18.2,12.9,48,0.604,115,0.487,53,0.245,0.476,5.3,3.1,11.3,0.7,6.8,0.5,0.26,6.1,2020
3278,Seth Curry,Phi,G,30.73,57,28.7,59.9,17.1,10,77,0.896,272,0.485,280,0.45,0.607,12.5,2.4,4.6,2.7,13.6,0.77,0.14,6,2020
3279,Stephen Curry,Gol,G,33.17,63,34.2,71.1,34.8,12.2,395,0.916,564,0.569,801,0.421,0.655,32,5.5,8.6,5.8,30.5,1.21,0.13,11.8,2020
3280,Nate Darling,Cha,G,22.71,7,3.7,7.8,15.4,10.7,3,1,0,0,7,0.286,0.541,1.3,0.1,2.1,0.1,5.1,0,0.14,2.5,2020
3281,Anthony Davis,Lal,F-C,28.18,36,32.3,67.2,29.2,9.5,214,0.738,513,0.536,100,0.26,0.556,21.8,7.9,13.8,3.1,16.4,1.25,1.64,10,2020
3282,Ed Davis,Min,C-F,31.95,23,13,27.1,7.9,12.4,12,0.833,44,0.432,0,0,0.487,2.1,5,20.8,0.9,9,0.57,0.57,6.5,2020
3283,Terence Davis,Tor,G,24,34,14.5,30.2,21.6,11.7,18,0.889,88,0.489,122,0.361,0.537,6.9,1.9,7.4,1.1,11.5,0.5,0.21,6.7,2020
3284,Terence Davis,Sac,G,24,27,21.5,44.8,22,11.5,37,0.784,101,0.535,145,0.372,0.57,11.1,3.3,8.4,1.7,11.3,1.04,0.26,7.4,2020
3285,Gabriel Deck,Okc,F,26.27,10,21.2,44.1,16.6,7.3,22,0.818,52,0.577,15,0.133,0.548,8.4,4,9.8,2.4,17.3,0.8,0,8.2,2020
3286,Dewayne Dedmon,Mia,C,31.76,16,13.2,27.4,19.3,14.5,27,0.741,60,0.75,5,0.2,0.735,7.1,5.4,23.4,0.8,9.6,0.56,0.38,9.5,2020
3287,Matthew Dellavedova,Cle,G,30.69,13,17.2,35.9,12.4,9.4,4,1,31,0.323,25,0.16,0.312,2.8,1.8,6,4.5,35.2,0.31,0.08,6.6,2020
3288,DeMar DeRozan,San,G-F,31.78,61,33.7,70.2,26.1,9.7,440,0.88,846,0.515,74,0.257,0.591,21.6,4.2,6.7,6.9,32,0.92,0.25,10.2,2020
3289,Mamadi Diakite,Mil,F,24.32,14,10.1,21,14.6,6.1,14,0.786,32,0.469,8,0.125,0.477,3.1,2.4,12.7,0.6,6.9,0.5,0.43,6.5,2020
3290,Hamidou Diallo,Okc,G,22.8,32,23.8,49.5,22.5,12.1,132,0.629,256,0.512,41,0.293,0.536,11.9,5.2,11.3,2.4,16.4,0.97,0.38,8.9,2020
3291,Hamidou Diallo,Det,G,22.8,20,23.3,48.5,21.6,11.7,68,0.662,132,0.492,41,0.39,0.549,11.2,5.4,12.8,1.2,8.3,0.5,0.6,7.2,2020
3292,Gorgui Dieng,Mem,C,31.33,22,16.9,35.2,16.9,14.8,43,0.884,60,0.55,48,0.479,0.682,7.9,4.5,14,1.3,10.6,0.77,0.64,8.5,2020
3293,Gorgui Dieng,San,C,31.33,16,11.3,23.6,18.1,13.2,24,0.833,33,0.667,22,0.318,0.648,5.3,2.6,12.3,1.2,14.9,0.56,0.13,9,2020
3294,Spencer Dinwiddie,Bro,G,28.11,3,21.4,44.7,16,21.2,6,1,9,0.444,7,0.286,0.536,6.7,4.3,11.2,3,17.5,0.67,0.33,8.3,2020
3295,Donte DiVincenzo,Mil,G,24.29,66,27.5,57.3,16.7,12.7,71,0.718,257,0.475,346,0.379,0.542,10.4,5.8,11,3.1,14.2,1.09,0.23,8.3,2020
3296,Luka Doncic,Dal,F-G,22.21,66,34.3,71.4,36,15.3,471,0.73,803,0.567,548,0.35,0.587,27.7,8,12.8,8.6,44.1,0.97,0.55,14.5,2020
3297,Luguentz Dort,Okc,G,22.08,52,29.7,61.8,21.7,10,164,0.744,310,0.432,329,0.343,0.513,14,3.6,6.4,1.7,8.8,0.87,0.37,5.9,2020
3298,Damyean Dotson,Cle,G,27.03,46,19.7,41.1,16.9,12,36,0.667,134,0.545,159,0.289,0.499,6.7,2,5.7,2,15.1,0.35,0.09,6.1,2020
3299,Devon Dotson,Chi,G,21.79,11,4.6,9.5,18.1,0,0,0,14,0.714,7,0.143,0.548,2.1,0.5,5.5,0.6,21.3,0.36,0,7.5,2020
3300,Sekou Doumbouya,Det,F,20.4,56,15.5,32.3,17.8,12.4,64,0.703,167,0.485,115,0.226,0.459,5.1,2.6,9.2,0.8,8,0.43,0.16,5.7,2020
3301,PJ Dozier,Den,G-F,24.56,50,21.8,45.4,17.2,10.9,66,0.636,205,0.493,149,0.315,0.503,7.7,3.6,9.5,1.8,11.2,0.62,0.44,6.8,2020
3302,Goran Dragic,Mia,G,35.03,50,26.7,55.7,24.5,16.4,122,0.828,310,0.481,244,0.373,0.553,13.4,3.3,7.2,4.4,25.9,0.66,0.14,8.7,2020
3303,Andre Drummond,Cle,C,27.77,25,28.9,60.2,31.3,15.6,129,0.597,372,0.484,8,0,0.5,17.5,13.5,26,2.6,16.2,1.6,1.16,11.8,2020
3304,Andre Drummond,Lal,C,27.77,21,24.8,51.6,22.5,16,76,0.605,192,0.531,0,0,0.554,11.9,10.2,23.1,1.4,9,1.1,0.95,8.9,2020
3305,Jared Dudley,Lal,F,35.85,12,6.7,14,5.9,18.2,0,0,3,0,6,0.333,0.333,0.5,1.8,14.6,0.4,7.6,0.08,0.08,4.2,2020
3306,Kris Dunn,Atl,G,27.16,4,11.4,23.6,16.1,17.9,4,0.75,10,0.1,2,0,0.182,1.3,1.5,7.2,0.5,5.4,0.5,0.5,3.5,2020
3307,Kevin Durant,Bro,F,32.63,35,33.1,68.9,31.2,14.5,238,0.882,414,0.577,189,0.45,0.666,26.9,7.1,11.8,5.6,27.5,0.71,1.29,12.4,2020
3308,Anthony Edwards,Min,G,19.78,72,32.1,67,27,10.8,272,0.776,690,0.484,520,0.329,0.523,19.3,4.7,7.9,2.9,14.6,1.14,0.49,8,2020
3309,Carsen Edwards,Bos,G,23.18,31,8.9,18.5,19.3,5.7,13,0.846,48,0.604,63,0.286,0.527,4,0.8,5.3,0.5,7.4,0.23,0.03,5.3,2020
3310,CJ Elleby,Por,F-G,20.92,30,6.4,13.4,17.4,6.4,15,0.733,32,0.563,34,0.206,0.468,2.3,1.1,8.9,0.3,7.1,0.2,0.1,5.7,2020
3311,Henry Ellenson,Tor,F-C,24.34,2,19.2,40,17.7,0,4,0.75,5,0.6,9,0.222,0.476,7.5,6,17.2,2.5,18.7,0,0.5,10.1,2020
3312,Wayne Ellington,Det,G,33.46,46,22,45.8,16.7,8.5,35,0.8,63,0.524,275,0.422,0.625,9.6,1.8,4.7,1.5,10.2,0.39,0.2,5.4,2020
3313,Joel Embiid,Phi,C-F,27.17,51,31.1,64.8,35.3,12.2,548,0.859,745,0.541,154,0.377,0.636,28.5,10.5,18.7,2.8,16.2,0.98,1.35,12.1,2020
3314,James Ennis III,Orl,F,30.88,41,24.1,50.1,13.9,11.6,87,0.805,139,0.504,104,0.433,0.613,8.4,4,8.7,1.5,9.3,0.78,0.17,6.1,2020
3315,Drew Eubanks,San,F-C,24.29,54,14,29.1,17.1,15.2,106,0.726,203,0.562,2,1,0.618,5.8,4.5,17,0.8,7.8,0.33,0.91,7.9,2020
3316,Dante Exum,Cle,G,25.84,6,19.4,40.3,12.7,20.7,2,0.5,15,0.533,11,0.182,0.428,3.8,2.8,8.2,2.2,15.7,0.67,0.33,5.9,2020
3317,Tacko Fall,Bos,C,25.43,18,7.5,15.7,13.2,14.4,15,0.333,29,0.724,0,0,0.66,2.6,2.9,21.4,0.2,3.1,0.06,1.11,6.1,2020
3318,Derrick Favors,Uta,F,29.84,68,15.3,31.8,13,11.5,80,0.738,241,0.643,2,0,0.663,5.4,5.5,19.2,0.6,6,0.47,1,6.8,2020
3319,Cristiano Felicio,Chi,F-C,28.86,18,4.6,9.7,12.5,16.6,16,0.563,11,0.636,2,0,0.574,1.3,1.4,17.2,0.5,13.6,0.22,0,8.4,2020
3320,Terrance Ferguson,Phi,G,23,13,3.8,7.9,9.6,36.4,0,0,2,0.5,5,0,0.143,0.2,0.1,1.1,0.2,4.9,0.08,0,1.7,2020
3321,Bruno Fernando,Atl,F-C,22.75,33,6.8,14.3,14.4,28.1,22,0.682,42,0.429,2,0,0.475,1.5,2.4,18.9,0.3,5.8,0.12,0.09,6,2020
3322,Yogi Ferrell,Cle,G,28.02,2,20.3,42.2,26.8,12.1,2,0,12,0.417,9,0.333,0.434,9.5,3.5,9.6,2.5,20.6,1.5,0.5,8.6,2020
3323,Yogi Ferrell,Lac,G,28.02,8,12.1,25.1,17.9,0,7,1,17,0.353,19,0.316,0.473,4.6,1.5,7,2.1,23.6,0.5,0.25,8.1,2020
3324,Dorian Finney-Smith,Dal,F,28.04,60,32,66.7,12.3,9,41,0.756,164,0.616,302,0.394,0.609,9.8,5.4,9.4,1.7,7.2,0.87,0.4,5.6,2020
3325,Malik Fitts,Lac,F,20,3,3.6,7.5,12.3,0,0,0,1,0,2,0.5,0.5,1,1,15.6,0,0,0,0,0,2020
3326,Malachi Flynn,Tor,G,23.02,47,19.7,41.1,19,10.5,56,0.804,173,0.422,168,0.321,0.483,7.5,2.5,6.9,2.9,21.4,0.83,0.15,7.7,2020
3327,Bryn Forbes,Mil,G,27.82,70,19.3,40.3,18.5,7.3,61,0.77,188,0.511,341,0.452,0.631,10,1.6,4.3,0.6,4.5,0.33,0.01,4.4,2020
3328,Trent Forrest,Uta,G,22.93,30,10.1,21,14.3,20.9,19,1,45,0.6,26,0.192,0.554,2.9,1.5,7.7,1.5,19.9,0.3,0.13,7.4,2020
3329,Evan Fournier,Orl,G-F,28.55,26,30.3,63,26.2,11.3,123,0.797,181,0.536,188,0.388,0.604,19.7,2.9,4.9,3.7,20.9,1.04,0.35,7.9,2020
3330,Evan Fournier,Bos,G-F,28.55,16,29.5,61.5,18,9.6,14,0.714,77,0.429,95,0.463,0.584,13,3.3,6.2,3.1,14.9,1.25,0.63,6.9,2020
3331,De'Aaron Fox,Sac,G,23.41,58,35.1,73.1,31,11.9,417,0.719,790,0.539,320,0.322,0.565,25.2,3.5,5.5,7.2,32.7,1.5,0.47,9.8,2020
3332,Robert Franks,Orl,F,20,7,14.4,30,15.3,5.6,13,0.923,13,0.615,15,0.333,0.638,6.1,2,7.2,0.7,7.5,0.43,0.43,5.7,2020
3333,Tim Frazier,Mem,G,30.54,5,12.4,25.8,18.2,15,6,0.333,12,0.25,8,0,0.177,1.6,1.6,6.8,3.2,30.8,0.4,0.2,6.5,2020
3334,Markelle Fultz,Orl,G,22.97,8,26.9,56,26.2,13.8,19,0.895,88,0.42,16,0.25,0.458,12.9,3.1,6,5.4,33.1,1,0.25,8.9,2020
3335,Wenyen Gabriel,Nor,F,24.14,21,11.5,23.9,14.4,18.2,17,0.647,28,0.393,32,0.406,0.533,3.4,2.6,12.2,0.5,5.9,0.43,0.38,5.7,2020
3336,Daniel Gafford,Chi,F-C,22.63,31,12.4,25.8,14.4,17.3,41,0.659,87,0.69,0,0,0.7,4.7,3.3,14.9,0.5,6.2,0.35,1.1,6.4,2020
3337,Daniel Gafford,Was,F-C,22.63,23,17.8,37,18.9,10.2,67,0.672,138,0.681,0,0,0.696,10.1,5.6,16.6,0.5,4.4,0.65,1.78,6.8,2020
3338,Danilo Gallinari,Atl,F,32.77,51,24,49.9,21.2,7.2,174,0.925,221,0.466,254,0.406,0.613,13.3,4.2,9.5,1.5,9.2,0.59,0.2,7.3,2020
3339,Langston Galloway,Pho,G,29.44,40,10.9,22.8,17.3,7.6,23,0.957,62,0.484,85,0.424,0.605,4.8,1.1,5.4,0.7,8,0.2,0,5.7,2020
3340,Darius Garland,Cle,G,21.3,54,33.1,69.1,24.9,16,132,0.848,536,0.479,266,0.395,0.547,17.4,2.4,4,6.1,30.9,1.22,0.11,7.7,2020
3341,Marc Gasol,Lal,C,36.3,52,19.1,39.8,11.8,19.7,50,0.72,72,0.528,122,0.41,0.606,5,4.1,12.1,2.1,14.6,0.5,1.12,7.3,2020
3342,Rudy Gay,San,F-G,34.75,63,21.5,44.9,23.6,8.8,102,0.804,350,0.451,278,0.381,0.532,11.4,4.8,11.9,1.4,9.7,0.73,0.63,7.9,2020
3343,Paul George,Lac,F,31.04,54,33.7,70.3,30,14.5,228,0.868,537,0.51,416,0.411,0.598,23.3,6.6,11.1,5.2,24.6,1.15,0.44,11,2020
3344,Taj Gibson,Nyk,F,35.9,45,20.8,43.3,9.7,10.8,55,0.727,143,0.671,15,0.2,0.661,5.4,5.6,14.5,0.8,5.4,0.69,1.09,5.6,2020
3345,Harry Giles III,Por,F-C,23.07,38,9.2,19.1,15.9,15.5,27,0.593,74,0.459,23,0.348,0.496,2.8,3.5,20.4,0.8,11.3,0.21,0.34,8.6,2020
3346,Shai Gilgeous-Alexander,Okc,G-F,22.85,35,33.7,70.2,27.8,13.7,229,0.808,395,0.547,170,0.418,0.623,23.7,4.7,7.3,5.9,31.2,0.77,0.66,10.3,2020
3347,Anthony Gill,Was,F,28.58,26,8.4,17.5,14.2,10.7,16,0.813,36,0.639,24,0.292,0.597,3.1,2,12.4,0.4,6.7,0.38,0.15,6.4,2020
3348,Freddie Gillespie,Tor,F,20,20,19.6,40.8,12.2,10.9,33,0.697,84,0.524,0,0,0.563,5.6,4.9,13.6,0.5,3.2,0.65,1.05,4.9,2020
3349,Rudy Gobert,Uta,C,28.89,71,30.8,64.2,17,13.7,374,0.623,575,0.68,4,0,0.683,14.3,13.5,23.3,1.3,6,0.56,2.68,8.2,2020
3350,Brandon Goodwin,Atl,G,25.62,47,13.2,27.5,19.5,13,43,0.651,120,0.433,103,0.311,0.471,4.9,1.5,6.1,2,21.7,0.36,0,7.4,2020
3351,Aaron Gordon,Orl,F,25.67,25,29.4,61.3,23.9,16.5,105,0.629,181,0.475,112,0.375,0.537,14.6,6.6,11.7,4.2,23,0.64,0.8,10.1,2020
3352,Aaron Gordon,Den,F,25.67,25,25.9,54,17.1,11.4,44,0.705,142,0.606,64,0.266,0.564,10.2,4.7,10.3,2.2,11.8,0.68,0.56,7.3,2020
3353,Eric Gordon,Hou,G,32.39,27,29.2,60.9,25.2,10.9,114,0.825,157,0.573,210,0.329,0.577,17.8,2.1,3.9,2.6,14.6,0.52,0.48,6.3,2020
3354,Devonte' Graham,Cha,G,26.23,55,30.2,62.8,21.4,10.2,158,0.842,192,0.38,477,0.375,0.552,14.8,2.7,4.8,5.4,26.3,0.87,0.11,7.9,2020
3355,Jerami Grant,Det,F,27.18,54,33.9,70.6,28.5,9.1,343,0.845,603,0.473,329,0.35,0.556,22.3,4.6,7.6,2.8,14.3,0.65,1.07,7.8,2020
3356,Danny Green,Phi,G,33.9,69,28,58.4,14,10.5,40,0.775,113,0.434,432,0.405,0.581,9.5,3.8,7.4,1.7,8.3,1.33,0.81,5.6,2020
3357,Draymond Green,Gol,F,31.2,63,31.5,65.5,13.1,31,88,0.795,254,0.535,126,0.27,0.53,7,7.1,12.1,8.9,36.5,1.7,0.83,9.7,2020
3358,JaMychal Green,Den,F-C,30.9,58,19.3,40.2,17.6,11.7,57,0.807,176,0.534,198,0.399,0.59,8.1,4.8,14,0.9,6.4,0.45,0.38,6.8,2020
3359,Javonte Green,Bos,G-F,27.82,25,13.8,28.8,12.1,13.4,30,0.667,49,0.653,22,0.318,0.624,4.2,2.1,8.4,0.4,4.3,0.72,0.08,4.4,2020
3360,Javonte Green,Chi,G-F,27.82,16,8,16.7,14,14.5,10,1,23,0.478,8,0.375,0.579,2.6,1.2,8.2,0.4,6.1,0.63,0.25,5.4,2020
3361,Jeff Green,Bro,F,34.72,68,27,56.2,15.6,8.2,161,0.776,280,0.564,250,0.412,0.624,11,3.9,7.9,1.6,7.8,0.53,0.4,6.1,2020
3362,Josh Green,Dal,G,20.5,39,11.4,23.8,11.9,14.2,23,0.565,68,0.559,25,0.16,0.49,2.6,2,9.7,0.7,8.3,0.41,0.08,5.4,2020
3363,Blake Griffin,Det,F,32.17,20,31.3,65.2,19.6,11.4,62,0.71,98,0.429,124,0.315,0.491,12.3,5.2,9.2,3.9,18.4,0.7,0.1,8,2020
3364,Blake Griffin,Bro,F,32.17,26,21.5,44.9,18.9,12.3,55,0.782,108,0.574,81,0.383,0.61,10,4.7,11.9,2.4,15.5,0.69,0.5,9,2020
3365,Kyle Guy,Sac,G,23.77,31,7.6,15.8,19.7,10.2,20,0.8,42,0.381,46,0.283,0.449,2.8,1.1,8.3,1,17.8,0.19,0,7.7,2020
3366,Rui Hachimura,Was,F,23.27,57,31.5,65.7,18.1,8.6,161,0.77,511,0.519,137,0.328,0.549,13.8,5.5,9.2,1.4,6.3,0.79,0.12,6,2020
3367,Ashton Hagans,Min,G-F,21.86,2,2.1,4.3,10.2,100,0,0,0,0,0,0,,0,0,0,0,0,0,0,0,2020
3368,Tyrese Haliburton,Sac,G,21.21,58,30.1,62.7,18.1,12.5,56,0.857,323,0.529,296,0.409,0.585,13,3,5.5,5.3,24.6,1.33,0.48,7.9,2020
3369,Donta Hall,Orl,C,23.78,13,13.8,28.7,14,13.8,34,0.676,35,0.714,0,0,0.731,5.6,4.8,17.9,0.8,9.4,0.38,0.77,8.1,2020
3370,Josh Hall,Okc,F,20.6,21,16,33.3,18.1,17.4,44,0.5,62,0.419,37,0.108,0.363,4.1,2.8,9.1,1.3,11.6,0.19,0.05,6.2,2020
3371,R.J. Hampton,Den,G,20.27,25,9.3,19.4,14.3,14.4,12,0.75,42,0.476,18,0.278,0.49,2.6,2,12.2,0.6,7.7,0.2,0.08,6.3,2020
3372,R.J. Hampton,Orl,G,20.27,26,25.2,52.5,21.5,12.9,70,0.657,184,0.484,69,0.319,0.511,11.2,5,10.2,2.8,17.8,0.62,0.35,8.6,2020
3373,Tim Hardaway Jr.,Dal,G-F,29.17,70,28.4,59.1,23.4,6.1,174,0.816,382,0.524,529,0.391,0.589,16.6,3.3,6.4,1.8,9.8,0.44,0.16,6.5,2020
3374,James Harden,Hou,G,31.72,8,36.3,75.5,28.7,17.4,60,0.883,63,0.556,72,0.347,0.613,24.8,5.1,7.5,10.4,46.9,0.88,0.75,12.1,2020
3375,James Harden,Bro,G,31.72,36,36.6,76.3,28.4,16.7,263,0.856,337,0.552,262,0.366,0.619,24.6,8.6,12.9,10.9,43.8,1.28,0.75,14.4,2020
3376,Maurice Harkless,Mia,F-G,28.02,11,11.2,23.4,6.2,17.8,2,0,2,0,11,0.455,0.54,1.4,1.2,6,0.6,7.3,0.18,0.36,3.6,2020
3377,Maurice Harkless,Sac,F-G,28.02,26,24.9,52,12.6,10.5,41,0.805,79,0.582,73,0.247,0.526,6.9,3,6.6,1.4,7.2,1.08,0.65,4.9,2020
3378,Jared Harper,Nyk,G,23.67,8,2,4.2,24.1,34.2,4,0.75,3,0,1,0,0.26,0.4,0.3,6.7,0.1,7.6,0,0,4.6,2020
3379,Montrezl Harrell,Lal,F-C,27.3,69,22.9,47.7,21.7,9.4,256,0.707,593,0.632,10,0,0.65,13.5,6.2,15.2,1.1,7.7,0.67,0.71,7.9,2020
3380,Gary Harris,Den,G,26.67,19,30.6,63.8,13.7,7.6,30,0.733,81,0.556,75,0.32,0.544,9.7,2.5,4.6,1.7,7.1,0.89,0.21,4.5,2020
3381,Gary Harris,Orl,G,26.67,20,24.9,52,20.2,9.9,48,0.875,123,0.366,66,0.364,0.485,10.2,1.6,3.3,2.3,14.1,0.55,0.3,5.4,2020
3382,Jalen Harris,Tor,G,22.76,13,13.2,27.6,22.6,15.6,9,0.778,36,0.528,36,0.472,0.632,7.4,1.4,5.8,1.3,16,0.62,0,7.2,2020
3383,Joe Harris,Bro,G-F,29.69,69,31,64.7,16.2,7.8,63,0.778,263,0.555,444,0.475,0.663,14.1,3.6,6.4,1.9,8.4,0.68,0.2,5.9,2020
3384,Shaquille Harrison,Uta,G,27.61,17,3.3,6.8,21.4,18.1,6,0.833,18,0.333,2,0,0.375,1,0.5,8.6,0.5,21.6,0.12,0,7.6,2020
3385,Shaquille Harrison,Den,G,27.61,17,16.3,33.9,11.2,8.4,16,0.813,44,0.386,14,0.214,0.431,3.3,2.3,8,0.9,7.1,0.88,0.29,4.7,2020
3386,Tobias Harris,Phi,F,28.84,62,32.5,67.7,23.9,9.5,204,0.892,716,0.546,208,0.394,0.597,19.5,6.8,11.4,3.5,17.6,0.89,0.82,9.5,2020
3387,Isaiah Hartenstein,Den,C-F,23.03,30,9.1,18.9,18.7,18,36,0.611,80,0.513,0,0,0.543,3.5,2.8,17.7,0.5,7.4,0.37,0.67,7.5,2020
3388,Isaiah Hartenstein,Cle,C-F,23.03,16,17.9,37.3,19.7,17.8,35,0.686,85,0.6,6,0.333,0.62,8.3,6,18.7,2.5,22.8,0.5,1.19,11.2,2020
3389,Josh Hart,Nor,G,26.2,47,28.7,59.8,13.5,11.8,89,0.775,150,0.587,193,0.326,0.568,9.2,8,15.2,2.3,10.5,0.81,0.26,7.7,2020
3390,Udonis Haslem,Mia,F,40.94,1,2.7,5.6,33.4,0,0,0,2,1,0,0,1,4,1,21.2,0,0,0,0,0,2020
3391,Jaxson Hayes,Nor,C-F,20.98,60,16.1,33.5,16.2,10.5,120,0.775,266,0.635,14,0.429,0.675,7.5,4.3,14.5,0.6,5.2,0.42,0.63,6.7,2020
3392,Killian Hayes,Det,G,19.81,26,25.8,53.7,19,28.5,17,0.824,129,0.395,72,0.278,0.422,6.8,2.7,5.7,5.3,29.7,1.04,0.38,7.1,2020
3393,Gordon Hayward,Cha,F,31.15,44,34,70.8,23.9,11,185,0.843,453,0.499,205,0.415,0.584,19.6,5.9,9.3,4.1,19.5,1.18,0.32,9.2,2020
3394,Juancho Hernangomez,Min,F,25.63,52,17.3,36.1,17.2,7.3,97,0.619,131,0.573,168,0.327,0.549,7.2,3.9,12.3,0.7,5.6,0.37,0.13,6.2,2020
3395,Willy Hernangomez,Nor,C-F,26.97,47,18,37.5,17,9.9,93,0.667,258,0.581,10,0.1,0.591,7.8,7.1,21.4,1.1,8.4,0.47,0.49,8.7,2020
3396,Tyler Herro,Mia,G,21.32,54,30.3,63.1,23.5,11.9,117,0.803,402,0.498,297,0.36,0.543,15.1,4.9,9.3,3.4,18,0.65,0.31,8.3,2020
3397,Buddy Hield,Sac,G,28.41,71,34.3,71.4,20.7,11.1,104,0.846,271,0.446,721,0.391,0.567,16.6,4.7,7.6,3.6,14.7,0.89,0.42,7.6,2020
3398,George Hill,Okc,G,35.04,14,26.3,54.9,16.5,8.4,25,0.84,63,0.619,57,0.386,0.63,11.8,2.1,4.1,3.1,18.2,0.86,0.14,6.5,2020
3399,George Hill,Phi,G,35.04,16,18.9,39.5,15.2,17.8,25,0.76,54,0.463,23,0.391,0.545,6,2,5.8,1.9,13.3,0.69,0.19,6,2020
3400,Solomon Hill,Atl,F,30.16,71,21.3,44.4,10.3,11.7,46,0.761,85,0.447,212,0.321,0.496,4.4,3,7.7,1.1,6.4,0.7,0.15,4.6,2020
3401,Nate Hinton,Dal,G-F,21.94,21,4.4,9.3,24.3,9.7,10,0.7,23,0.478,19,0.211,0.442,2,0.4,5.3,0.4,12.3,0.29,0.1,6.2,2020
3402,Jaylen Hoard,Okc,F,22.13,19,16.8,35,16.3,13.8,41,0.683,77,0.571,11,0,0.547,6.1,3.4,10.6,1.3,11.2,0.68,0.26,7.1,2020
3403,Aaron Holiday,Ind,G,24.63,66,17.8,37.1,19.5,12.3,83,0.819,254,0.406,182,0.368,0.503,7.2,1.3,4.1,1.9,14.1,0.7,0.2,5.9,2020
3404,Jrue Holiday,Mil,G,30.93,59,32.3,67.3,22.2,12.6,136,0.787,540,0.561,283,0.392,0.592,17.7,4.5,7.4,6.1,26.3,1.64,0.63,9.7,2020
3405,Justin Holiday,Ind,F-G,32.12,72,30.3,63.2,14,7.5,85,0.788,172,0.494,453,0.382,0.571,10.5,3.6,6.4,1.7,7.1,1.03,0.57,5.3,2020
3406,Rondae Hollis-Jefferson,Por,F,26.37,11,9.8,20.3,10.8,7.4,16,0.563,17,0.529,1,0,0.539,2.5,2.4,12.9,1.2,15.6,0.18,0.36,7.9,2020
3407,Richaun Holmes,Sac,F,27.59,61,29.2,60.8,17.5,10.3,170,0.794,564,0.645,11,0.182,0.669,14.2,8.3,15.7,1.7,8.3,0.64,1.56,8,2020
3408,Rodney Hood,Por,G-F,28.57,38,19.1,39.8,14.1,13.1,12,0.75,117,0.41,84,0.298,0.436,4.7,1.9,5.4,1.2,8.5,0.53,0.11,4.6,2020
3409,Rodney Hood,Tor,G-F,28.57,17,12.7,26.5,14.2,7,16,0.938,30,0.4,29,0.31,0.5,3.9,1.8,7.6,0.4,3.8,0.24,0.18,4.4,2020
3410,Al Horford,Okc,C-F,34.95,28,27.9,58.2,21.6,7.3,22,0.818,208,0.51,152,0.368,0.538,14.2,6.7,12.5,3.4,20.1,0.89,0.93,9.8,2020
3411,Talen Horton-Tucker,Lal,G,20.47,65,20.1,41.8,21.7,16.3,129,0.775,357,0.524,131,0.282,0.537,9,2.6,7.3,2.8,20.8,0.97,0.32,8,2020
3412,Danuel House Jr.,Hou,F-G,27.94,36,25.9,54,15.3,10.7,63,0.651,116,0.483,156,0.346,0.525,8.8,3.7,7.5,1.9,10.6,0.58,0.44,6.1,2020
3413,Dwight Howard,Phi,C-F,35.44,69,17.3,36.1,18.3,22.1,210,0.576,283,0.611,20,0.25,0.61,7,8.4,26.7,0.9,7.2,0.43,0.9,8.7,2020
3414,Markus Howard,Den,G,22.21,37,5.5,11.5,27.2,14.1,9,0.778,41,0.537,65,0.277,0.477,2.8,0.6,5.8,0.5,12.6,0.11,0.03,6.9,2020
3415,Kevin Huerter,Atl,G-F,22.72,69,30.8,64.2,17.2,9.4,64,0.781,345,0.51,386,0.363,0.541,11.9,3.3,5.9,3.5,16.3,1.19,0.26,6.7,2020
3416,Elijah Hughes,Uta,G,23.19,18,3.5,7.4,25.6,15.9,4,0.75,7,0.286,23,0.348,0.488,1.7,0.5,7.5,0.3,13.5,0.06,0.06,7.2,2020
3417,De'Andre Hunter,Atl,F-G,23.46,23,29.5,61.4,20.2,9.2,85,0.859,153,0.582,95,0.326,0.603,15,4.8,8.9,1.9,9.7,0.83,0.52,7,2020
3418,Chandler Hutchison,Chi,F-G,25.06,7,9.1,18.9,16.3,20.9,2,1,15,0.267,3,0.333,0.344,1.9,2.9,17.4,0.6,7.9,0.14,0,6.5,2020
3419,Chandler Hutchison,Was,F-G,25.06,18,15.7,32.7,16.1,13.6,23,0.826,66,0.409,19,0.368,0.494,5.2,3.2,10.9,0.7,6,0.61,0.28,5.8,2020
3420,Serge Ibaka,Lac,F,31.66,41,23.3,48.5,20.1,10.2,53,0.811,250,0.588,115,0.339,0.585,11.1,6.7,16.2,1.8,11.5,0.22,1.15,8.8,2020
3421,Andre Iguodala,Mia,G-F,37.3,63,21.3,44.3,11.2,20.2,38,0.658,66,0.53,182,0.33,0.519,4.4,3.5,9.4,2.3,14.3,0.92,0.52,6.2,2020
3422,Ersan Ilyasova,Uta,F,34.01,17,8.7,18.1,18.8,12.5,5,1,13,0.231,41,0.439,0.578,3.8,1.7,10.4,0.2,3.8,0.59,0.18,5,2020
3423,Joe Ingles,Uta,F-G,33.62,67,27.9,58,16.6,16.3,90,0.844,156,0.59,406,0.451,0.672,12.1,3.6,6.9,4.7,24,0.67,0.18,8.4,2020
3424,Brandon Ingram,Nor,F,23.7,61,34.3,71.5,28,11,320,0.878,726,0.51,375,0.381,0.584,23.8,4.9,7.8,4.9,22.4,0.69,0.59,9.7,2020
3425,Kyrie Irving,Bro,G,29.15,54,34.9,72.8,30.3,9.8,218,0.922,708,0.561,378,0.402,0.614,26.9,4.8,7.5,6,28.6,1.41,0.69,10.5,2020
3426,Wes Iwundu,Dal,F,26.41,23,12.5,26.1,9.9,9.4,14,0.857,29,0.483,23,0.13,0.421,2.1,1.9,8.4,0.4,4.4,0.39,0.13,3.7,2020
3427,Wes Iwundu,Nor,F,26.41,18,14,29.1,11.8,18.4,17,0.824,32,0.469,18,0.111,0.435,2.8,2.6,9.9,0.4,3.9,0.33,0.06,4.1,2020
3428,Jaren Jackson Jr.,Mem,F-C,21.67,11,23.5,48.9,25.9,9.5,42,0.833,65,0.554,60,0.283,0.551,14.4,5.6,12.7,1.1,6.8,1.09,1.64,7.6,2020
3429,Frank Jackson,Det,G,23.04,40,18.5,38.4,21.4,9.7,75,0.813,143,0.51,150,0.407,0.598,9.8,2.2,6.5,0.9,7.9,0.38,0.03,5.8,2020
3430,Josh Jackson,Det,G-F,24.26,62,25.2,52.4,26.5,15,218,0.729,451,0.486,257,0.3,0.515,13.4,4.1,9.1,2.3,15.1,0.85,0.76,8,2020
3431,Justin Jackson,Okc,F,26.14,33,16.5,34.4,20.2,12,35,0.857,101,0.515,111,0.306,0.519,7.2,2.2,6.8,1.5,14.5,0.45,0.06,7,2020
3432,Justin Jackson,Mil,F,26.14,1,32.6,67.9,14,9.2,2,0.5,3,0.333,6,0.333,0.455,9,6,9.7,1,3.7,0,0,4.6,2020
3433,Reggie Jackson,Lac,G,31.09,67,23,48,20,10.6,82,0.817,303,0.465,282,0.433,0.576,10.7,2.9,7,3.1,19,0.63,0.1,8,2020
3434,Justin James,Sac,G-F,24.31,36,8.6,18,19.7,10.6,36,0.583,73,0.521,38,0.368,0.548,3.9,0.8,5.4,0.6,9.9,0.22,0.08,5.7,2020
3435,LeBron James,Lal,F,36.38,45,33.4,69.6,31.9,15.2,255,0.698,537,0.592,285,0.365,0.603,25,7.7,12.9,7.8,41.8,1.07,0.56,13.7,2020
3436,Mike James,Bro,G,30.75,13,18.2,37.8,22.9,16.1,27,0.778,61,0.377,31,0.355,0.481,7.7,2.5,7.5,4.2,30.6,0.46,0.08,9.5,2020
3437,DaQuan Jeffries,Sac,G-F,23.71,18,12.9,26.8,12.6,11.8,7,0.857,29,0.517,28,0.321,0.524,3.5,1.6,6.9,0.3,3.3,0.39,0.22,3.7,2020
3438,DaQuan Jeffries,Hou,G-F,23.71,13,20.1,41.8,11.3,8.6,1,1,24,0.625,39,0.282,0.504,4.9,3.2,8.6,1.2,8.6,0.62,0.46,5.3,2020
3439,Ty Jerome,Okc,G-F,23.86,33,23.9,49.7,18.8,13.5,34,0.765,119,0.479,168,0.423,0.585,10.7,2.8,6.1,3.6,23.7,0.61,0.18,8,2020
3440,Isaiah Joe,Phi,G,21.87,41,9.3,19.5,17.4,7.1,24,0.75,27,0.333,106,0.368,0.533,3.7,0.9,5.2,0.5,7.2,0.29,0.1,5.1,2020
3441,Alize Johnson,Bro,F,25.07,18,10.5,21.8,19.1,10.9,13,1,62,0.629,6,0.167,0.638,5.2,5,26.3,0.8,10.9,0.28,0.28,10.5,2020
3442,Cameron Johnson,Pho,F,25.2,60,24,49.9,17,7.3,59,0.847,148,0.581,335,0.349,0.563,9.6,3.3,7.9,1.4,8,0.62,0.27,5.9,2020
3443,James Johnson,Dal,F,34.24,29,17.4,36.2,16.2,14.6,29,0.586,85,0.612,60,0.25,0.526,5.7,3,9.4,1.7,13.7,0.83,0.79,7.1,2020
3444,James Johnson,Nor,F,34.24,22,24.5,51,18,12.1,47,0.596,122,0.516,60,0.267,0.498,9.2,4.1,9.2,2.2,12.2,0.82,0.86,7.1,2020
3445,Keldon Johnson,San,F-G,21.6,69,28.5,59.4,19.2,9,196,0.74,524,0.531,181,0.331,0.557,12.8,6,11.1,1.8,8.9,0.58,0.35,7.3,2020
3446,Stanley Johnson,Tor,F-G,24.97,61,16.5,34.3,13.4,17.4,55,0.8,96,0.458,137,0.328,0.519,4.4,2.5,8.4,1.5,12,0.85,0.31,6.2,2020
3447,Tyler Johnson,Bro,G,29.03,39,17.5,36.5,13.4,8.1,21,0.857,51,0.471,132,0.364,0.546,5.4,2,6.2,1.2,8.7,0.36,0,5.4,2020
3448,Nikola Jokic,Den,C,26.24,72,34.6,72,29.6,13.1,394,0.868,1056,0.606,237,0.388,0.647,26.4,10.8,17.8,8.3,40.4,1.32,0.67,15.4,2020
3449,Derrick Jones Jr.,Por,F,24.25,58,22.7,47.3,12.3,8.5,91,0.648,168,0.619,136,0.316,0.576,6.8,3.5,8.3,0.8,4.8,0.64,0.93,4.7,2020
3450,Damian Jones,Pho,C,25.88,14,6.7,13.9,12.8,22.4,11,0.545,15,0.533,1,0,0.528,1.6,1.3,10.9,0.3,5.3,0.07,0.36,5.1,2020
3451,Damian Jones,Lal,C,25.88,8,14,29.1,10.6,18.3,12,0.917,17,0.941,0,0,0.965,5.4,3.3,13,0.1,1.3,0.13,0.88,3.5,2020
3452,Damian Jones,Sac,C,25.88,17,20,41.7,12.7,14.9,35,0.714,66,0.682,4,0.25,0.691,6.9,4.5,12.5,1.4,9.4,0.53,1,7,2020
3453,Mason Jones,Hou,G,22.82,26,11.8,24.6,23.1,16.8,57,0.614,50,0.48,64,0.359,0.546,5.8,2,8.8,1.5,19.1,0.23,0.04,8.8,2020
3454,Mason Jones,Phi,G,22.82,6,4.5,9.4,20.7,7.6,7,0.714,7,0.571,2,0.5,0.662,2.7,0.7,8.1,0.5,16.4,0.17,0,8.7,2020
3455,Tre Jones,San,G,21.35,37,7.3,15.1,16.1,13.1,19,0.895,73,0.466,5,0.6,0.544,2.5,0.6,4.2,1.1,20,0.22,0,6.5,2020
3456,Tyus Jones,Mem,G,25.02,70,17.5,36.4,16.6,10,45,0.911,273,0.487,140,0.321,0.511,6.3,2,6.1,3.7,28.6,0.9,0.09,8.2,2020
3457,DeAndre Jordan,Bro,C,32.82,57,21.9,45.5,13.2,22.6,92,0.5,249,0.763,1,0,0.733,7.5,7.5,18.9,1.6,10.1,0.3,1.14,8.2,2020
3458,Cory Joseph,Sac,G,29.74,44,21.5,44.7,14.3,14,47,0.766,156,0.513,94,0.33,0.534,6.6,2.3,5.9,2.5,14.9,0.86,0.2,6.3,2020
3459,Cory Joseph,Det,G,29.74,19,26.4,55,19.8,14.9,41,0.878,138,0.543,38,0.368,0.588,12,3.2,6.6,5.5,33.7,1.21,0.47,9,2020
3460,Mfiondu Kabengele,Lac,F-C,23.76,23,4.1,8.5,19.2,14.8,6,0.833,14,0.357,18,0.222,0.39,1.2,0.6,8.4,0.2,6.9,0.09,0.13,5.1,2020
3461,Mfiondu Kabengele,Cle,F-C,23.76,16,11.6,24.2,16.9,12.5,14,0.786,25,0.6,32,0.281,0.538,4.3,2.9,13.8,0.8,9.6,0.38,0.63,7.4,2020
3462,Frank Kaminsky,Pho,F-C,28.12,47,15.2,31.7,19,7.2,60,0.617,172,0.523,85,0.365,0.547,6.6,4,14.9,1.7,15.3,0.3,0.36,9.4,2020
3463,Enes Kanter,Por,C,28.99,72,24.4,50.8,17.4,11,164,0.774,557,0.607,4,0.25,0.636,11.2,11,24.2,1.2,7.2,0.46,0.67,8.7,2020
3464,Luke Kennard,Lac,G,24.89,63,19.6,40.8,17.1,10.1,31,0.839,190,0.511,224,0.446,0.608,8.3,2.6,7.3,1.7,11.9,0.35,0.14,6.8,2020
3465,Louis King,Sac,F,22.11,6,14.2,29.6,20.5,9.8,6,1,23,0.565,11,0.364,0.6,7.3,3,11.7,1.5,15.4,1.17,0.5,9,2020
3466,Maxi Kleber,Dal,F,29.3,50,26.8,55.9,10.6,9.3,37,0.919,63,0.46,212,0.41,0.606,7.1,5.2,10.7,1.4,6.6,0.48,0.7,5.6,2020
3467,Nathan Knight,Atl,F-C,23.66,33,8.4,17.6,21.6,10.9,55,0.8,66,0.47,33,0.182,0.503,3.8,2.2,14.1,0.2,4,0.27,0.3,5.7,2020
3468,Kevin Knox II,Nyk,F,21.77,42,11.1,23,16.2,10.1,20,0.8,54,0.389,89,0.393,0.537,3.9,1.5,7.1,0.5,5.9,0.29,0.14,5.2,2020
3469,John Konchar,Mem,G,25.15,43,13.4,27.9,12.4,10.6,30,0.833,82,0.585,56,0.375,0.608,4.3,3,11.8,1.1,10.7,0.7,0.21,7.2,2020
3470,Furkan Korkmaz,Phi,G-F,23.81,55,19.3,40.2,20.5,9.1,82,0.732,155,0.445,269,0.375,0.544,9.1,2.1,5.9,1.5,11.1,0.89,0.16,6.3,2020
3471,Luke Kornet,Chi,F-C,25.84,13,7.2,15,13.8,3.4,4,0.5,4,0.75,23,0.261,0.452,2,1.2,9.5,0.3,5.5,0.15,0.54,5,2020
3472,Luke Kornet,Bos,F-C,25.84,18,14.1,29.4,13.7,7.4,2,0.5,38,0.684,36,0.25,0.534,4.4,2.9,11.4,1.1,10.9,0.11,1.39,6.8,2020
3473,Rodions Kurucs,Bro,F,23.28,5,3.2,6.6,8.3,0,0,0,1,0,2,0.5,0.5,0.6,0.6,10.5,0.4,15.3,0,0,6.6,2020
3474,Rodions Kurucs,Hou,F,23.28,11,6.8,14.2,17.5,29.1,2,0.5,6,0.5,15,0.133,0.297,1.2,1,7.8,0.4,7.1,0.55,0.36,4.6,2020
3475,Rodions Kurucs,Mil,F,23.28,5,6.7,14,16,31.1,2,1,4,0.5,4,0.75,0.845,3,1.8,14,0.8,15.2,0.6,0,9.7,2020
3476,Kyle Kuzma,Lal,F,25.81,68,28.7,59.9,20.3,12.4,97,0.691,377,0.525,380,0.361,0.546,12.9,6.1,12,1.9,9.8,0.5,0.6,7.4,2020
3477,Anthony Lamb,Hou,F,23.32,24,17.3,36,15,13,21,0.857,47,0.489,71,0.324,0.523,5.5,2.9,9,1,7.8,0.25,0.21,5.8,2020
3478,Jeremy Lamb,Ind,G-F,28.96,36,21.3,44.3,18.4,6.6,75,0.947,148,0.459,128,0.406,0.587,10.1,3.6,9.3,1.5,9.4,0.94,0.64,7.1,2020
3479,Romeo Langford,Bos,G-F,21.56,18,15.7,32.7,11.3,13.5,12,0.75,41,0.39,18,0.278,0.436,3.1,1.9,6.9,0.7,5.9,0.33,0.22,4.1,2020
3480,Zach LaVine,Chi,G-F,26.19,58,35.1,73,31.1,13.9,298,0.849,646,0.571,477,0.419,0.634,27.4,5,7.9,4.9,23.4,0.79,0.47,10,2020
3481,Jake Layman,Min,F,27.2,45,13.9,29,15.1,11.5,37,0.703,106,0.642,78,0.295,0.577,5.1,1.5,5.8,0.6,6.4,0.64,0.42,4.8,2020
3482,T.J. Leaf,Por,F,24.05,7,5.1,10.5,15.7,15.5,2,1,10,0.5,0,0,0.551,1.7,0.7,7.5,0.1,3.9,0.29,0.14,3.9,2020
3483,Jalen Lecque,Ind,G,20.92,4,3,6.3,36.3,0,3,1,8,0.125,1,0,0.242,1.3,1.3,22.4,0.5,20.4,0,0,12.6,2020
3484,Damion Lee,Gol,G-F,28.57,57,18.9,39.4,12.8,9.3,44,0.909,80,0.638,194,0.397,0.636,6.5,3.2,8.9,1.3,9.1,0.67,0.14,6.4,2020
3485,Saben Lee,Det,G,21.9,48,16.3,33.9,17,18.1,89,0.685,187,0.487,23,0.348,0.536,5.6,2,6.9,3.6,33.2,0.67,0.27,8.4,2020
3486,Alex Len,Tor,C,27.92,7,10.8,22.6,11.8,38.8,6,0.5,4,0.5,6,0.5,0.633,2.3,1.6,8,0.4,5.2,0.14,0.86,4.2,2020
3487,Alex Len,Was,C,27.92,57,15.8,33,16.7,12.9,110,0.636,249,0.647,19,0.263,0.643,7.1,4.4,14.6,0.8,7.2,0.33,1.02,7.4,2020
3488,Kawhi Leonard,Lac,F,29.88,52,34.1,71,28.6,9.2,295,0.885,654,0.557,254,0.398,0.622,24.8,6.5,10.7,5.2,24.9,1.56,0.4,11.1,2020
3489,Meyers Leonard,Mia,F-C,29.22,3,9.8,20.4,15.2,20.2,2,0.5,0,0,7,0.429,0.635,3.3,2.3,13.6,0.7,9.6,0,0,7.1,2020
3490,Caris LeVert,Bro,G,26.73,12,27.8,57.9,31.5,10.8,34,0.765,137,0.474,63,0.349,0.516,18.5,4.3,8.6,6,34.2,1.08,0.5,11.2,2020
3491,Caris LeVert,Ind,G,26.73,35,32.9,68.6,27.9,10.1,146,0.822,419,0.501,195,0.318,0.535,20.7,4.6,7.6,4.9,22.8,1.51,0.69,9.4,2020
3492,Kira Lewis Jr.,Nor,G,20.11,54,16.7,34.9,18.3,8.6,51,0.843,217,0.415,120,0.333,0.477,6.4,1.3,4.3,2.3,18.7,0.7,0.19,6.4,2020
3493,Damian Lillard,Por,G,30.84,67,35.8,74.6,31.4,11.6,482,0.927,630,0.519,704,0.391,0.623,28.7,4.2,6.3,7.5,34.6,0.93,0.25,10.8,2020
3494,Nassir Little,Por,F-G,21.26,48,13.3,27.8,13.8,8.8,45,0.8,87,0.575,80,0.35,0.589,4.6,2.7,10.7,0.5,4.9,0.1,0.27,5.5,2020
3495,Kevon Looney,Gol,F,25.27,61,19,39.6,9.4,14.5,48,0.646,180,0.578,17,0.235,0.575,4.1,5.3,14.7,1.9,13.3,0.36,0.36,7.3,2020
3496,Brook Lopez,Mil,C,33.12,70,27.2,56.6,16.9,8.3,142,0.845,359,0.632,281,0.338,0.611,12.3,5,9.6,0.7,3.5,0.57,1.47,5.2,2020
3497,Robin Lopez,Was,C,33.12,71,19.1,39.7,17.1,13.4,137,0.723,406,0.65,18,0.278,0.663,9,3.8,10.6,0.8,5.9,0.21,0.62,6.3,2020
3498,Marcos Louzada Silva,Nor,G,20,3,18.8,39.1,11.9,18.8,0,0,5,0.2,8,0.25,0.308,2.7,1,2.9,1,6.5,0.67,0,3,2020
3499,Kevin Love,Cle,F-C,32.69,25,24.9,51.9,21.9,12.2,51,0.824,96,0.479,156,0.365,0.556,12.2,7.4,16.7,2.5,16,0.64,0.08,9.8,2020
3500,Kyle Lowry,Tor,G,35.15,46,34.8,72.5,21.4,15.9,160,0.875,265,0.487,331,0.396,0.593,17.2,5.3,8.4,7.3,31.8,1.02,0.26,10,2020
3501,Timothe Luwawu-Cabarrot,Bro,G-F,26.02,58,18.1,37.7,17.4,10.3,43,0.814,117,0.47,239,0.314,0.493,6.4,2.2,6.8,1.2,8.5,0.57,0.1,5.7,2020
3502,Trey Lyles,San,F,25.53,23,15.6,32.4,12.9,5.7,23,0.652,50,0.58,40,0.35,0.574,5,3.7,12.8,0.6,5.3,0.26,0.04,5.7,2020
3503,Will Magnay,Nor,C,22.93,1,3.3,6.9,25.5,50,0,0,0,0,1,0,0,0,0,0,0,0,0,0,0,2020
3504,Thon Maker,Cle,F-C,20,8,9.6,19.9,14.7,11.6,11,0.909,16,0.625,2,0,0.657,3.8,2.3,13.1,0.5,7.8,0.25,0.5,6.8,2020
3505,Theo Maledon,Okc,G,19.93,65,27.3,57,19.4,17.3,135,0.748,301,0.402,313,0.335,0.489,10.1,3.2,6.2,3.5,18.8,0.85,0.17,7.1,2020
3506,Karim Mane,Orl,G,21,10,8.8,18.4,8.9,16.5,5,0.8,11,0.182,2,0.5,0.362,1.1,1.4,8.2,0.4,6,0,0.2,3.9,2020
3507,Nico Mannion,Gol,G,20.18,30,12.1,25.3,18.5,20.3,28,0.821,53,0.321,60,0.367,0.491,4.1,1.5,6.7,2.3,25.6,0.53,0.03,8,2020
3508,Terance Mann,Lac,G-F,24.58,67,18.9,39.3,15.1,9.3,94,0.83,259,0.541,91,0.418,0.603,7,3.6,10.8,1.6,11.3,0.45,0.19,7.3,2020
3509,Boban Marjanovic,Dal,C,32.75,33,8.2,17.1,24.6,8,38,0.816,114,0.535,8,0.125,0.562,4.7,3.9,26,0.3,5.9,0.06,0.18,8.6,2020
3510,Lauri Markkanen,Chi,F-C,23.99,51,25.8,53.8,20.2,8.5,92,0.826,224,0.585,296,0.402,0.62,13.6,5.3,11.3,0.9,5,0.51,0.29,6.2,2020
3511,Naji Marshall,Nor,F,23.31,32,21.9,45.6,16.8,13.6,75,0.707,126,0.421,83,0.349,0.508,7.7,4.6,11.5,2.8,16.5,0.81,0.31,8.5,2020
3512,Kenyon Martin Jr.,Hou,F,20.36,45,23.7,49.4,15.7,9.7,84,0.714,222,0.572,96,0.365,0.59,9.3,5.4,12.1,1.1,6.8,0.67,0.91,6.4,2020
3513,Caleb Martin,Cha,F,25.63,53,15.4,32.2,16.7,10.4,64,0.641,131,0.496,125,0.248,0.465,5,2.7,9.3,1.3,11.5,0.7,0.23,6.7,2020
3514,Cody Martin,Cha,F,25.63,52,16.3,34,12.5,16.2,43,0.581,130,0.515,58,0.276,0.5,4,3.1,10.3,1.7,13.9,0.73,0.23,6.8,2020
3515,Jeremiah Martin,Cle,G,24.91,9,8.4,17.4,23.9,14.6,5,0.2,21,0.286,12,0.25,0.313,2.4,0.8,5.2,0.4,7.9,0.56,0.22,4.4,2020
3516,Kelan Martin,Ind,F,25.79,35,9.2,19.2,20.9,10.1,10,0.9,78,0.487,60,0.4,0.551,4.5,2.2,13.1,0.5,7.5,0.29,0.29,7.4,2020
3517,Frank Mason,Orl,G,27.12,4,19.8,41.3,17.5,15.6,7,0.714,19,0.368,5,0.4,0.462,6.3,3,7.8,3,22.2,0,0,7.8,2020
3518,Garrison Mathews,Was,G,24.56,64,16.2,33.8,11.5,3.5,95,0.884,39,0.538,198,0.384,0.635,5.5,1.4,4.4,0.4,3.1,0.45,0.11,3.6,2020
3519,Dakota Mathias,Phi,G,25.85,8,15.4,32.2,18,1.9,6,0.333,22,0.5,26,0.308,0.474,6,0.9,3.1,1.6,15,0.13,0.38,5.3,2020
3520,Wesley Matthews,Lal,G,34.59,58,19.5,40.6,11.4,8.8,41,0.854,55,0.418,197,0.335,0.517,4.8,1.6,4.7,0.9,6.3,0.64,0.28,3.9,2020
3521,Tyrese Maxey,Phi,G,20.53,61,15.3,32,23,8.2,70,0.871,326,0.512,103,0.301,0.531,8,1.7,6.1,2,19.9,0.43,0.21,7.9,2020
3522,Skylar Mays,Atl,G,23.7,33,8.2,17,19.1,7.6,25,0.88,58,0.517,40,0.35,0.569,3.8,1.1,7.1,0.9,16.4,0.42,0.06,7.6,2020
3523,Patrick McCaw,Tor,G,25.56,5,6.7,13.9,3,0,3,1,1,1,0,0,1.078,1,0.6,4.9,0.8,15,0.4,0,4.7,2020
3524,CJ McCollum,Por,G,29.66,47,34,70.9,27.1,6.4,133,0.812,464,0.509,420,0.402,0.577,23.1,3.9,6.2,4.7,23,0.94,0.45,8.8,2020
3525,T.J. McConnell,Ind,G,29.14,69,26,54.2,15.3,20.9,48,0.688,442,0.586,48,0.313,0.583,8.6,3.7,7.7,6.6,34.3,1.86,0.33,9.1,2020
3526,Jalen McDaniels,Cha,F-C,23.29,47,19.2,40.1,17,12.6,64,0.703,179,0.547,105,0.333,0.554,7.4,3.6,10.1,1.1,8.6,0.6,0.4,6.4,2020
3527,Jaden McDaniels,Min,F,20.63,63,24,50,12,10.8,45,0.6,169,0.544,198,0.364,0.552,6.8,3.7,8.3,1.1,6.4,0.56,0.95,5,2020
3528,Doug McDermott,Ind,F,29.37,66,24.5,51.1,20,7,98,0.816,379,0.641,286,0.388,0.635,13.6,3.3,7.4,1.3,7.8,0.3,0.09,6.3,2020
3529,Sean McDermott,Mem,F,24.53,18,8.8,18.3,10.9,9.9,8,1,11,0.727,22,0.227,0.534,2.2,1.1,6.4,0.2,3.2,0.11,0.17,3.6,2020
3530,JaVale McGee,Cle,C-F,33.32,33,15.2,31.8,24.6,15.8,55,0.655,195,0.549,20,0.25,0.554,8,5.2,18.9,1,11.4,0.48,1.21,9.1,2020
3531,JaVale McGee,Den,C-F,33.32,13,13.5,28.1,21.7,17.2,12,0.667,63,0.508,4,0,0.498,5.5,5.3,22.3,0.5,4.8,0.23,1.08,7.2,2020
3532,Rodney McGruder,Det,G,29.8,16,12.1,25.2,18.2,8.7,8,0.75,46,0.565,24,0.458,0.619,5.7,1.4,6.3,1,13.6,0.5,0.06,6.6,2020
3533,Alfonzo McKinnie,Lal,F,28.66,39,6.6,13.8,17.9,4.7,18,0.556,54,0.593,39,0.41,0.604,3.1,1.4,11.7,0.2,3.6,0.18,0,5.8,2020
3534,Jordan McLaughlin,Min,G,25.1,51,18.4,38.3,13.7,16.7,30,0.767,150,0.447,92,0.359,0.502,5,2.1,6.2,3.8,28,1,0.12,7.4,2020
3535,Ben McLemore,Hou,G,28.26,32,16.8,35,21.1,10.5,32,0.719,58,0.431,166,0.331,0.5,7.4,2.1,6.6,0.9,7.8,0.63,0.09,5.7,2020
3536,Ben McLemore,Lal,G,28.26,21,17.5,36.5,19.5,9.1,21,0.762,27,0.481,114,0.368,0.559,8,1.6,5.2,0.5,4.3,0.14,0.29,4.2,2020
3537,Nicolo Melli,Nor,F,30.3,22,11,22.9,12,10.1,7,0.857,22,0.364,37,0.189,0.346,2,2.6,12.8,1.1,12.7,0.41,0.05,6.5,2020
3538,Nicolo Melli,Dal,F,30.3,23,14.1,29.4,12.9,5.3,18,0.722,34,0.441,48,0.333,0.506,4,2.8,11,0.8,7.7,0.26,0.13,5.9,2020
3539,De'Anthony Melton,Mem,G,22.97,52,20.1,41.9,19.5,13.7,51,0.804,182,0.467,211,0.412,0.568,9.1,3.1,8.2,2.5,17.5,1.13,0.6,8.2,2020
3540,Sam Merrill,Mil,G,25,30,7.8,16.2,15.1,11.9,4,1,25,0.44,47,0.447,0.603,3,1,6.8,0.7,11.4,0.27,0.03,6.6,2020
3541,Chimezie Metu,Sac,F-C,24.15,36,13.6,28.2,20,12.8,43,0.721,142,0.549,37,0.351,0.571,6.3,3.1,12.8,0.8,8.2,0.39,0.53,7.4,2020
3542,Khris Middleton,Mil,F,29.76,68,33.4,69.5,25,13.1,236,0.898,709,0.508,365,0.414,0.588,20.4,6,9.4,5.4,23.2,1.09,0.15,10.4,2020
3543,Darius Miller,Okc,F,31.16,18,10.9,22.8,13.2,13.1,12,1,6,0.833,42,0.405,0.685,4.1,1.3,6.3,1.2,15.4,0.67,0.28,6.8,2020
3544,Paul Millsap,Den,F,36.26,56,20.8,43.2,18.6,10.3,98,0.724,258,0.55,143,0.343,0.565,9,4.7,12.7,1.8,11.6,0.91,0.64,8.2,2020
3545,Patty Mills,San,G,32.76,68,24.8,51.6,18.4,9.1,78,0.91,182,0.5,430,0.374,0.569,10.8,1.7,3.7,2.4,13.5,0.6,0.04,5.7,2020
3546,Shake Milton,Phi,G-F,24.64,63,23.2,48.3,25,12.2,176,0.83,464,0.494,203,0.35,0.549,13,2.3,5.6,3.1,20.3,0.62,0.29,7.8,2020
3547,Donovan Mitchell,Uta,G,24.69,53,33.4,69.6,33.5,10.7,316,0.845,630,0.476,461,0.386,0.569,26.4,4.4,7,5.2,26.7,0.98,0.28,10.1,2020
3548,Adam Mokoka,Chi,G,22.83,14,4,8.4,18.9,20.5,1,0,9,0.667,10,0.1,0.386,1.1,0.4,4.9,0.4,11.9,0.14,0.07,5.6,2020
3549,Malik Monk,Cha,G,23.28,42,20.9,43.6,23.8,11.3,72,0.819,187,0.471,212,0.401,0.569,11.7,2.4,6.2,2.1,15.7,0.45,0.1,7.4,2020
3550,E'Twaun Moore,Pho,G,32.22,27,14.4,30,17.2,15.3,14,0.857,86,0.512,35,0.314,0.523,4.9,1.7,6.6,1.5,13.7,0.56,0.19,6.4,2020
3551,Ja Morant,Mem,G,21.77,63,32.6,67.9,27.2,15.3,372,0.728,716,0.499,241,0.303,0.537,19.1,4,6.5,7.4,33.5,0.9,0.21,10.1,2020
3552,Juwan Morgan,Uta,F,24.08,29,5.1,10.6,10.9,10.8,7,0.429,17,0.588,13,0.308,0.529,1.2,1,10.1,0.3,8,0.14,0.03,5.6,2020
3553,Marcus Morris Sr.,Lac,F,31.7,57,26.3,54.9,20.1,8.4,89,0.82,288,0.472,296,0.473,0.614,13.4,4.1,8.8,1,5.6,0.6,0.26,5.8,2020
3554,Markieff Morris,Lal,F,31.7,61,19.7,41,16.5,11.9,50,0.72,169,0.521,209,0.311,0.509,6.7,4.4,12.4,1.2,8.6,0.36,0.31,6.7,2020
3555,Monte Morris,Den,G,25.89,47,25.5,53,16.5,7.5,73,0.795,253,0.534,134,0.381,0.574,10.2,2,4.6,3.2,17.1,0.72,0.28,6.3,2020
3556,Mychal Mulder,Gol,G,26.93,60,12.8,26.6,16.2,5.5,22,0.636,51,0.667,214,0.397,0.613,5.6,1,4.2,0.4,4.8,0.2,0.2,4.1,2020
3557,Dejounte Murray,San,G,24.66,67,31.9,66.5,23.4,10.2,134,0.791,775,0.488,199,0.317,0.509,15.7,7.1,11.8,5.4,25.9,1.51,0.1,10.6,2020
3558,Jamal Murray,Den,G,24.23,48,35.5,73.9,24.7,11.1,153,0.869,476,0.523,316,0.408,0.592,21.2,4,6.5,4.8,20.3,1.33,0.27,8.4,2020
3559,Mike Muscala,Okc,F-C,29.88,35,18.4,38.4,20,6.9,36,0.917,83,0.614,184,0.37,0.599,9.7,3.8,10.6,0.8,7,0.23,0.31,6.7,2020
3560,Svi Mykhailiuk,Det,G-F,23.93,36,17.6,36.7,19,14.2,30,0.8,52,0.519,171,0.333,0.527,6.9,2.1,6.5,1.6,13.5,0.75,0.17,6.5,2020
3561,Svi Mykhailiuk,Okc,G-F,23.93,30,23,47.9,21,14.4,20,0.7,140,0.543,143,0.336,0.531,10.3,3,6.7,1.8,12.3,0.8,0.2,6.6,2020
3562,Abdel Nader,Pho,F,27.64,24,14.8,30.8,19,12.6,37,0.757,73,0.534,43,0.419,0.605,6.7,2.6,9.9,0.8,7.3,0.42,0.38,6.5,2020
3563,Larry Nance Jr.,Cle,F-C,28.37,35,31.2,65,13.9,15.8,49,0.612,158,0.551,114,0.36,0.557,9.3,6.7,12,3.1,14.4,1.74,0.49,7.4,2020
3564,Aaron Nesmith,Bos,G-F,21.58,46,14.5,30.3,13.7,10.8,28,0.786,70,0.543,108,0.37,0.573,4.7,2.8,10.6,0.5,4.6,0.33,0.2,5.2,2020
3565,Raul Neto,Was,G,28.99,64,21.9,45.7,15.9,9.9,85,0.882,283,0.512,164,0.39,0.575,8.7,2.4,5.9,2.3,14,1.14,0.09,6.6,2020
3566,Georges Niang,Uta,F,27.92,72,16,33.4,17.4,10.9,23,0.957,113,0.469,292,0.425,0.602,6.9,2.4,8.1,0.8,7.3,0.36,0.1,5.9,2020
3567,Zeke Nnaji,Den,F-C,20.35,41,9.5,19.8,12.8,6.1,15,0.8,44,0.591,57,0.421,0.632,3.3,1.6,9.3,0.2,3,0.17,0.1,4.3,2020
3568,Nerlens Noel,Nyk,C-F,27.1,64,24.2,50.3,9.2,20.3,70,0.714,221,0.62,3,0,0.636,5.1,6.4,14.3,0.7,4.1,1.09,2.2,4.7,2020
3569,Jaylen Nowell,Min,G,21.86,42,18.1,37.6,21.4,7.2,55,0.818,185,0.497,150,0.333,0.528,9,2.3,6.8,1.5,12.5,0.52,0.29,6.9,2020
3570,Frank Ntilikina,Nyk,G,22.8,33,9.8,20.3,13.6,11.2,18,0.444,31,0.194,48,0.479,0.512,2.7,0.9,5.2,0.6,8.2,0.55,0.12,4.6,2020
3571,James Nunnally,Nor,F,30.84,9,5.3,11.1,14,12.6,2,0.5,1,1,12,0.333,0.54,1.7,1,10.2,0.3,8.1,0,0,6,2020
3572,Kendrick Nunn,Mia,G,25.79,56,29.5,61.4,20.9,10.5,60,0.933,338,0.583,320,0.381,0.596,14.6,3.2,6.2,2.6,14.5,0.96,0.25,6.7,2020
3573,Jusuf Nurkic,Por,C,26.73,37,23.8,49.6,22.3,16,113,0.619,303,0.525,30,0.4,0.554,11.5,9,20.2,3.4,21.4,1.03,1.08,11.9,2020
3574,David Nwaba,Hou,G-F,28.34,30,22.6,47.1,16.5,6.4,68,0.691,154,0.578,63,0.27,0.559,9.2,3.9,9.3,1,6.9,1,0.7,5.8,2020
3575,Jordan Nwora,Mil,F,22.69,30,9.1,19,26,14.1,25,0.76,73,0.466,62,0.452,0.586,5.7,2,11.5,0.2,3.6,0.53,0.23,5.8,2020
3576,Semi Ojeleye,Bos,F,26.45,56,17,35.3,11.6,8.2,32,0.75,63,0.492,158,0.367,0.553,4.6,2.6,8.6,0.7,5.1,0.3,0,4.8,2020
3577,Jahlil Okafor,Det,C-F,25.42,27,12.9,26.8,16.7,15.8,24,0.708,92,0.663,9,0.222,0.65,5.4,2.4,10.4,0.5,6.1,0.22,0.19,5.8,2020
3578,Chuma Okeke,Orl,F,22.75,45,25.2,52.4,14.5,10,40,0.75,183,0.47,141,0.348,0.511,7.8,4,8.3,2.2,13.2,1.07,0.51,6.5,2020
3579,Josh Okogie,Min,G,22.71,59,20.3,42.3,12.1,12.5,108,0.769,146,0.5,108,0.269,0.524,5.4,2.6,7.1,1.1,7,0.92,0.47,4.9,2020
3580,Onyeka Okongwu,Atl,F-C,20.43,50,12,25.1,14.7,14.3,57,0.632,146,0.658,3,0,0.655,4.6,3.3,14.8,0.4,4.4,0.46,0.66,6.1,2020
3581,Isaac Okoro,Cle,F-G,20.3,67,32.4,67.6,14.3,12,157,0.726,345,0.501,214,0.29,0.514,9.6,3.1,5.3,1.9,8.6,0.93,0.36,4.7,2020
3582,KZ Okpala,Mia,F-G,22.05,37,12.1,25.2,11.9,12.8,15,0.533,46,0.522,50,0.24,0.448,2.5,1.8,8.7,0.5,5.8,0.27,0.3,4.3,2020
3583,Victor Oladipo,Ind,G,29.03,9,33.3,69.3,26.5,9.7,37,0.73,83,0.47,69,0.362,0.535,20,5.7,9.2,4.2,18.7,1.67,0.22,9.4,2020
3584,Victor Oladipo,Hou,G,29.03,20,33.5,69.7,29.8,10.9,83,0.783,228,0.465,153,0.32,0.508,21.2,4.8,7.6,5,25.3,1.2,0.5,9.5,2020
3585,Victor Oladipo,Mia,G,29.03,4,27.8,57.9,26.3,21.6,18,0.667,26,0.462,17,0.235,0.471,12,3.5,7.2,3.5,18.8,1.75,0.5,7.6,2020
3586,Cameron Oliver,Hou,F,20,4,21.9,45.5,18.4,7.9,4,0.25,20,0.75,13,0.308,0.619,10.8,5.3,12.8,1.3,9.5,0.5,1,7.7,2020
3587,Kelly Olynyk,Mia,F-C,30.08,43,26.9,56,17.5,12.3,40,0.775,134,0.634,242,0.318,0.549,10,6.1,12.9,2.1,11.7,0.93,0.6,7.5,2020
3588,Kelly Olynyk,Hou,F-C,30.08,27,31.1,64.8,22.9,15.7,135,0.844,196,0.643,125,0.392,0.674,19,8.4,14.5,4.1,21.9,1.44,0.59,11.2,2020
3589,Royce O'Neale,Uta,F,27.95,71,31.6,65.7,9.6,16.7,46,0.848,116,0.586,278,0.385,0.599,7,6.8,11.5,2.5,10.4,0.8,0.45,6.2,2020
3590,Miye Oni,Uta,G-F,23.78,54,9.6,20,9.8,13.6,6,0.833,11,0.455,88,0.341,0.517,1.9,1.6,8.6,0.5,6.8,0.2,0.15,4.8,2020
3591,Cedi Osman,Cle,F,26.11,59,25.6,53.3,20.4,11.3,95,0.8,262,0.458,324,0.306,0.488,10.4,3.4,7.4,2.9,17.7,0.9,0.15,7.3,2020
3592,Daniel Oturu,Lac,C,21.66,30,5.4,11.2,18.3,13.6,12,0.75,47,0.447,5,0.2,0.471,1.8,1.6,16.8,0.3,8.5,0.17,0.23,7.1,2020
3593,Kelly Oubre Jr.,Gol,F-G,25.44,55,30.7,63.9,22.1,8,177,0.695,439,0.519,285,0.316,0.529,15.4,6,10.4,1.3,6.5,1.04,0.76,6.4,2020
3594,Jabari Parker,Sac,F,26.17,3,9.1,19,15.8,30,0,0,6,0.667,1,0,0.571,2.7,2,12.2,0.3,5,0,0.33,5.2,2020
3595,Jabari Parker,Bos,F,26.17,10,13.8,28.8,18.9,11.5,13,0.769,38,0.632,10,0.2,0.596,6.4,3.6,14.5,1,10.8,0.1,0.4,8.2,2020
3596,Eric Paschall,Gol,F,24.53,40,17.4,36.2,23.5,11.2,94,0.713,244,0.533,54,0.333,0.561,9.5,3.2,9.8,1.3,11.4,0.3,0.18,7.8,2020
3597,Anzejs Pasecniks,Was,C-F,25.41,1,6.3,13.1,39.4,83.3,0,0,0,0,1,0,0,0,1,8.4,1,17.8,0,0,0,2020
3598,Patrick Patterson,Lac,F,32.18,38,15.3,31.9,14,6,17,0.765,53,0.604,112,0.357,0.571,5.2,2,7.3,0.8,6.7,0.37,0.21,5.3,2020
3599,Justin Patton,Hou,C,23.92,13,19,39.5,13.1,5.3,4,0.75,36,0.556,34,0.265,0.488,5.4,3.8,10.6,1.1,8.1,0.92,1.08,5.9,2020
3600,Chris Paul,Pho,G,36.03,70,31.4,65.5,22.6,14,181,0.934,621,0.543,258,0.395,0.599,16.4,4.4,8,8.9,40.8,1.43,0.26,11,2020
3601,Cameron Payne,Pho,G,26.77,60,18,37.5,19.8,12.5,56,0.893,229,0.515,166,0.44,0.602,8.4,2.4,7.6,3.6,28.1,0.6,0.27,9.3,2020
3602,Gary Payton II,Gol,G,28.46,10,4,8.4,16.7,6.3,4,0.75,9,0.889,4,0.5,0.847,2.5,1.1,14.5,0.1,4,0.6,0.1,6.5,2020
3603,Elfrid Payton,Nyk,G,27.23,63,23.6,49.1,23.2,13.3,107,0.682,524,0.46,98,0.286,0.478,10.1,3.4,7.9,3.2,21.6,0.75,0.14,8.1,2020
3604,Norvel Pelle,Bro,C,28.28,3,9.3,19.3,15.7,30,0,0,7,0.429,0,0,0.429,2,2.3,13.9,0,0,0,1,0,2020
3605,Norvel Pelle,Sac,C,28.28,1,3.8,7.9,31.3,0,4,0.75,1,0,0,0,0.543,3,1,14.6,1,29.7,0,0,15.2,2020
3606,Norvel Pelle,Nyk,C,28.28,9,5.8,12,6.8,0,2,0.5,7,0.714,0,0,0.698,1.2,1.2,11.5,0.1,2.7,0.11,0.67,3.6,2020
3607,Reggie Perry,Bro,F-C,21.15,26,8.1,16.9,20.4,15.2,13,0.769,57,0.491,21,0.19,0.466,3,2.8,19.1,0.5,9,0.23,0.23,8,2020
3608,Theo Pinson,Nyk,G-F,25.53,17,2,4.2,13.1,10,0,0,1,1,8,0,0.111,0.1,0.3,8,0.1,3.7,0,0,2.9,2020
3609,Mason Plumlee,Det,F-C,31.2,56,26.8,55.8,16.3,18.8,169,0.669,373,0.627,7,0,0.639,10.4,9.3,19.3,3.6,21,0.77,0.89,10.5,2020
3610,Jakob Poeltl,San,C,25.59,69,26.7,55.7,13.4,14.8,124,0.508,430,0.616,0,0,0.612,8.6,7.9,15.8,1.9,10.1,0.68,1.78,7.6,2020
3611,Vincent Poirier,Phi,C-F,27.58,10,3.9,8.1,19.4,17,6,0.333,11,0.273,1,0,0.273,0.8,1.3,18.3,0.2,6.6,0,0.3,6.1,2020
3612,Aleksej Pokusevski,Okc,C,19.39,45,24.2,50.5,20.5,18.8,42,0.738,201,0.403,207,0.28,0.43,8.2,4.7,10.2,2.2,13.1,0.44,0.93,7.3,2020
3613,Jordan Poole,Gol,G,21.91,51,19.4,40.4,25,8.8,119,0.882,198,0.545,276,0.351,0.581,12,1.8,5,1.9,15.4,0.51,0.18,7.1,2020
3614,Kevin Porter Jr.,Hou,G-F,21.03,26,32.1,66.9,25.4,18.2,94,0.734,206,0.515,161,0.311,0.528,16.6,3.8,6.3,6.3,31.2,0.73,0.31,9.2,2020
3615,Michael Porter Jr.,Den,F,22.88,61,31.3,65.3,21.8,8.2,134,0.791,435,0.628,382,0.445,0.663,19,7.3,13.2,1.1,5.6,0.66,0.89,6.8,2020
3616,Otto Porter Jr.,Chi,F,27.95,25,21.6,45,19.5,10.3,37,0.838,107,0.477,95,0.4,0.566,9.9,5.5,14.2,2,13.1,0.48,0.16,8.8,2020
3617,Otto Porter Jr.,Orl,F,27.95,3,22.2,46.2,17.7,0,5,1,16,0.5,9,0.111,0.441,8,4.7,10.9,1.7,11.4,1.33,0,7.2,2020
3618,Jontay Porter,Mem,C-F,21.5,11,4.9,10.2,18.9,28.9,5,0.6,7,0.714,8,0.375,0.64,2,1.3,13.7,0.1,2.5,0.27,0.09,5.2,2020
3619,Bobby Portis,Mil,F,26.26,66,20.8,43.3,21,8.1,73,0.74,442,0.541,157,0.471,0.597,11.4,7.1,17.9,1.1,7.4,0.79,0.39,8.6,2020
3620,Kristaps Porzingis,Dal,F-C,25.79,43,30.9,64.3,26.5,6.4,138,0.855,425,0.536,258,0.376,0.582,20.1,8.9,15.8,1.6,8.4,0.47,1.35,8.5,2020
3621,Dwight Powell,Dal,F-C,29.83,58,16.6,34.7,13.2,13.9,124,0.782,173,0.665,21,0.238,0.688,5.9,4.1,13.5,1.1,8.9,0.6,0.52,7.2,2020
3622,Norman Powell,Tor,G,27.98,42,30.4,63.4,24.2,10.8,163,0.865,297,0.552,269,0.439,0.645,19.6,3,5.4,1.8,10,1.12,0.19,6.2,2020
3623,Norman Powell,Por,G,27.98,27,34.4,71.6,20.5,9.7,108,0.88,205,0.502,147,0.361,0.576,17,3.3,5.1,1.9,8.1,1.3,0.37,5.5,2020
3624,Taurean Prince,Bro,F,27.15,12,18.2,37.8,19.4,11.4,27,0.889,37,0.459,37,0.351,0.565,8.1,2.8,8.6,0.6,4.3,0.67,0.67,5.2,2020
3625,Taurean Prince,Cle,G,27.15,29,23.7,49.4,19.7,11.6,49,0.837,135,0.385,118,0.415,0.532,10.1,3.7,8.8,2.4,15.4,0.69,0.52,7.6,2020
3626,Payton Pritchard,Bos,G,23.3,66,19.2,40,16.7,10.8,45,0.889,170,0.482,248,0.411,0.582,7.7,2.4,6.9,1.8,13.3,0.56,0.14,6.7,2020
3627,Immanuel Quickley,Nyk,G,21.92,64,19.4,40.5,25.6,8.1,174,0.891,277,0.401,303,0.389,0.557,11.4,2.1,6,2,16.2,0.47,0.19,7.5,2020
3628,Jahmi'us Ramsey,Sac,G,19.94,13,7.3,15.1,19.7,6.9,5,1,19,0.526,19,0.263,0.498,3.1,0.8,5.9,0.5,8.7,0.31,0.08,5.9,2020
3629,Chasson Randle,Orl,G,28.28,41,20.4,42.5,15.7,15.1,48,0.792,107,0.449,130,0.338,0.515,6.5,2,5.1,1.8,12.9,0.56,0.12,5.6,2020
3630,Julius Randle,Nyk,F-C,26.46,71,37.6,78.2,29.3,13.7,429,0.811,933,0.474,389,0.411,0.567,24.1,10.2,14.7,6,27.2,0.9,0.25,12.1,2020
3631,Cam Reddish,Atl,F-G,21.71,26,28.9,60.1,19.3,10.2,82,0.817,137,0.46,126,0.262,0.488,11.2,4,7.6,1.3,6.5,1.27,0.35,5.4,2020
3632,JJ Redick,Nor,G,36.89,31,18.6,38.8,18.9,9.6,47,0.957,74,0.486,140,0.364,0.575,8.7,1.7,4.9,1.3,9.5,0.29,0.06,5.8,2020
3633,JJ Redick,Dal,G,36.89,13,11.3,23.5,19.9,16.6,5,0.8,15,0.267,38,0.395,0.516,4.4,0.9,4.5,0.8,10.3,0.15,0.08,5.2,2020
3634,Paul Reed,Phi,F,21.92,26,6.8,14.2,22.7,12.8,8,0.5,72,0.583,6,0,0.54,3.4,2.3,18.9,0.5,10.9,0.38,0.5,9.3,2020
3635,Naz Reid,Min,C-F,21.72,70,19.2,40.1,22.5,9.5,166,0.693,407,0.597,174,0.351,0.599,11.2,4.6,12.9,1,8.7,0.49,1.07,7.8,2020
3636,Cameron Reynolds,San,F,26.27,3,2.1,4.3,14,0,0,0,2,0.5,0,0,0.5,0.7,0,0,0,0,0,0,0,2020
3637,Cameron Reynolds,Hou,F,26.27,2,17.2,35.7,19.8,0,0,0,4,0.5,12,0.25,0.406,6.5,2.5,7.8,1,8.7,0,0,5.9,2020
3638,Nick Richards,Cha,C,23.46,18,3.5,7.2,11.6,17.8,11,0.636,8,0.5,1,0,0.542,0.8,0.6,9.5,0.1,4.2,0,0,4.2,2020
3639,Josh Richardson,Dal,G,27.67,59,30.3,63.2,18.4,10.6,108,0.917,351,0.501,267,0.33,0.537,12.1,3.3,6,2.6,12.1,1.03,0.41,6.2,2020
3640,Grant Riller,Cha,G,24.27,7,3.9,8.1,20.6,7.7,0,0,8,0.75,4,0.5,0.75,2.6,0.1,2,0.4,20.6,0.14,0,4.8,2020
3641,Austin Rivers,Nyk,G,28.79,21,21.1,43.9,16.5,13.5,14,0.714,58,0.517,77,0.364,0.545,7.3,2.2,5.8,2,13.9,0.57,0,6,2020
3642,Austin Rivers,Den,G,28.79,15,26.9,56,14.2,10.6,17,0.706,38,0.5,72,0.375,0.558,8.7,2.3,4.9,2.6,12.5,1.2,0.13,5.6,2020
3643,Andre Roberson,Bro,G-F,29.45,5,12.6,26.2,11.7,11.8,2,0.5,6,0.167,8,0.125,0.202,1.2,3,13.2,0.8,7.4,0.6,0.2,4.5,2020
3644,Glenn Robinson III,Sac,F,27.35,23,16.1,33.5,14,9.2,23,0.913,55,0.473,44,0.364,0.554,5.3,2,6.8,0.9,7,0.17,0.13,5.3,2020
3645,Duncan Robinson,Mia,F,27.07,72,31.4,65.4,16.6,9.7,75,0.827,104,0.625,613,0.408,0.628,13.1,3.5,6.3,1.8,8.3,0.6,0.28,5.5,2020
3646,Jerome Robinson,Was,G,24.23,17,17.9,37.4,16.7,15.5,20,0.8,53,0.321,42,0.262,0.4,4.9,2.2,6.6,1.5,10.2,0.71,0.35,5.7,2020
3647,Justin Robinson,Okc,G,23.6,9,9.8,20.3,12.2,7.9,5,0.6,7,0.429,14,0.286,0.453,2.3,0.8,4.1,1,14.1,0.33,0,5,2020
3648,Mitchell Robinson,Nyk,C-F,23.13,31,27.5,57.3,11.8,11.5,53,0.491,176,0.653,0,0,0.642,8.3,8.1,16,0.5,2.9,1.13,1.45,4.7,2020
3649,Isaiah Roby,Okc,F,23.28,61,23.4,48.7,17.7,19,117,0.744,320,0.547,109,0.294,0.555,8.7,5.6,12.4,1.8,11.4,0.85,0.61,7.6,2020
3650,Rajon Rondo,Atl,G,35.23,27,14.9,31,16.2,26,2,0.5,65,0.415,45,0.378,0.478,3.9,2,7.5,3.5,32.2,0.7,0.07,8.1,2020
3651,Rajon Rondo,Lac,G,35.23,18,20.4,42.6,18.3,26.4,15,1,61,0.525,44,0.432,0.609,7.6,3.1,8.4,5.8,38.6,0.94,0.11,10.1,2020
3652,Derrick Rose,Det,G,32.61,15,22.8,47.4,30.1,12.3,50,0.84,145,0.455,39,0.333,0.517,14.2,1.9,4.7,4.2,32.5,1.2,0.27,8.5,2020
3653,Derrick Rose,Nyk,G,32.61,35,26.8,55.8,24.3,9.6,77,0.883,337,0.507,90,0.411,0.565,14.9,2.9,5.8,4.2,26.3,0.89,0.43,8.5,2020
3654,Terrence Ross,Orl,G-F,30.28,46,29.3,61,24.1,9.7,138,0.87,352,0.469,264,0.337,0.53,15.6,3.4,6.1,2.4,13.4,1.02,0.46,6.9,2020
3655,Terry Rozier,Cha,G,27.17,69,34.5,72,24.4,9.5,202,0.817,562,0.512,571,0.389,0.576,20.4,4.4,6.9,4.2,20,1.25,0.38,8.4,2020
3656,Ricky Rubio,Min,G,30.57,68,26.1,54.3,16,16.4,150,0.867,284,0.447,214,0.308,0.516,8.6,3.3,6.8,6.4,33.3,1.46,0.06,8.7,2020
3657,D'Angelo Russell,Min,G,25.23,42,28.5,59.3,29.1,13.5,149,0.765,342,0.471,310,0.387,0.555,19,2.6,5,5.8,33.7,1.07,0.43,9.3,2020
3658,Domantas Sabonis,Ind,F-C,25.04,62,36,75,24.1,16.9,328,0.732,742,0.582,162,0.321,0.601,20.3,12,18,6.7,27.5,1.23,0.53,13.1,2020
3659,Luka Samanic,San,F,21.35,33,9.3,19.5,19.4,14.5,29,0.552,62,0.565,43,0.279,0.518,3.7,2.1,11.7,0.5,6.9,0.24,0.24,6.8,2020
3660,JaKarr Sampson,Ind,F,28.16,29,10.9,22.7,18.9,10.7,29,0.655,98,0.541,15,0.2,0.533,4.6,2.7,13.2,0.1,1.8,0.07,0.48,3.9,2020
3661,Dario Saric,Pho,F-C,27.11,50,17.4,36.3,22.6,12.9,99,0.848,207,0.512,135,0.348,0.567,8.7,3.8,12.4,1.3,10.4,0.6,0.08,8.1,2020
3662,Tomas Satoransky,Chi,G,29.55,58,22.5,46.9,15.2,20.9,79,0.848,210,0.605,118,0.356,0.616,7.7,2.4,6,4.7,27.9,0.69,0.24,7.9,2020
3663,Dennis Schroder,Lal,G,27.67,61,32.1,66.8,22.9,15.8,243,0.848,548,0.476,212,0.335,0.543,15.4,3.5,6,5.8,26.9,1.16,0.21,8.5,2020
3664,Mike Scott,Phi,F,32.83,51,16.7,34.8,11.9,8.1,12,0.667,56,0.411,155,0.342,0.492,4.2,2.4,7.8,0.8,6.1,0.47,0.27,4.8,2020
3665,Jay Scrubb,Lac,G,20.71,4,21.1,43.9,23.8,15.5,5,1,27,0.444,9,0.222,0.458,8.8,3.5,9.3,0.3,1.7,1,0,4,2020
3666,Collin Sexton,Cle,G,22.36,60,35.3,73.4,29.7,11.6,383,0.815,841,0.508,264,0.371,0.573,24.3,3.1,4.9,4.4,22.6,1.05,0.17,7.8,2020
3667,Landry Shamet,Bro,G,24.18,61,23,47.9,16.7,8.9,78,0.846,123,0.463,333,0.387,0.578,9.3,1.8,4.4,1.6,9.3,0.52,0.16,5.2,2020
3668,Iman Shumpert,Bro,G,30.89,2,5.5,11.5,19.8,20,0,0,1,1,3,0,0.25,1,0.5,5,0,0,0.5,0,0,2020
3669,Pascal Siakam,Tor,F,27.12,56,35.8,74.6,26.4,10.6,301,0.827,715,0.509,246,0.297,0.547,21.4,7.2,11.1,4.5,20.5,1.14,0.68,9.9,2020
3670,Chris Silva,Mia,F,24.66,11,7.5,15.7,15.6,31.5,15,0.733,12,0.667,1,1,0.765,2.7,2.3,17.3,0.5,10.3,0.09,0.45,7.8,2020
3671,Chris Silva,Sac,F,24.66,4,2.4,4.9,18.1,25,0,0,3,0.333,0,0,0.333,0.5,0.5,11.7,0,0,0,0.25,0,2020
3672,Ben Simmons,Phi,G-F,24.82,58,32.4,67.4,20.2,19.6,287,0.613,573,0.562,10,0.3,0.584,14.3,7.2,12.2,6.9,31.3,1.6,0.6,11,2020
3673,Anfernee Simons,Por,G,21.94,64,17.3,36,18.3,9.2,57,0.807,120,0.4,281,0.427,0.589,7.8,2.2,6.8,1.4,11.4,0.28,0.13,6.7,2020
3674,Deividas Sirvydis,Det,F-G,20.93,20,6.7,13.9,15.6,10.5,6,0.5,12,0.333,28,0.357,0.481,2.1,1.5,12.1,0.3,5.4,0.1,0,5.9,2020
3675,Alen Smailagic,Gol,F,20.74,15,5.6,11.6,17.7,14.4,6,0.333,17,0.412,10,0.4,0.472,1.9,1.1,10.2,0.3,6.6,0.2,0.33,6.1,2020
3676,Marcus Smart,Bos,G,27.2,48,32.9,68.6,18.4,14.2,162,0.79,228,0.482,282,0.33,0.539,13.1,3.5,5.9,5.7,23.6,1.5,0.5,7.8,2020
3677,Dennis Smith Jr.,Nyk,G,23.47,3,9.2,19.2,22,7.3,6,0.833,6,0.333,4,0,0.356,3,0.7,3.9,1,14.6,1,0,5.6,2020
3678,Dennis Smith Jr.,Det,G,23.47,20,19.6,40.9,18.8,14.8,20,0.7,80,0.463,55,0.345,0.504,7.3,2.7,7.5,3.7,28.8,1,0.7,8.5,2020
3679,Ish Smith,Was,G,32.86,44,21,43.7,15.8,11.6,33,0.576,248,0.448,49,0.367,0.473,6.7,3.4,8.6,3.9,24.7,0.73,0.3,8.5,2020
3680,Jalen Smith,Pho,F-C,21.17,27,5.8,12,17.2,11.7,7,0.714,33,0.545,17,0.235,0.499,2,1.4,13.5,0.1,3.4,0.04,0.19,4.5,2020
3681,Tony Snell,Atl,G,29.52,47,21.1,44,8.6,10.7,11,1,62,0.419,109,0.569,0.708,5.3,2.4,6.2,1.3,7.9,0.28,0.23,4.8,2020
3682,Ray Spalding,Hou,F,24.18,2,9.4,19.5,17.9,38.1,2,0,3,0.667,1,0,0.41,2,2,11.4,0,0,0,1,0,2020
3683,Cassius Stanley,Ind,G,21.75,24,3.9,8.1,21.9,2.1,9,0.778,30,0.333,13,0.231,0.383,1.5,0.8,11.6,0,1.4,0.04,0.08,0,2020
3684,Lamar Stevens,Cle,F,23.86,40,12.5,26,15.9,12.7,51,0.725,111,0.523,25,0.16,0.521,4.1,2.4,10.7,0.6,7.5,0.43,0.33,5.8,2020
3685,Isaiah Stewart,Det,F-C,19.99,68,21.4,44.6,15.5,13,92,0.696,346,0.592,63,0.333,0.597,7.9,6.7,17.3,0.9,6.3,0.56,1.26,6.8,2020
3686,Max Strus,Mia,G-F,25.13,39,13,27.1,18.3,3.9,24,0.667,39,0.897,148,0.338,0.597,6.1,1.1,4.6,0.6,7.3,0.28,0.05,4.9,2020
3687,Edmond Sumner,Ind,G,25.38,53,16.2,33.9,18.3,13.8,83,0.819,194,0.582,88,0.398,0.626,7.5,1.8,5.9,0.9,7.9,0.62,0.19,5.7,2020
3688,Jae'Sean Tate,Hou,F,25.55,70,29.2,60.8,16.4,12.5,147,0.694,431,0.594,195,0.308,0.575,11.3,5.3,9.8,2.5,13.2,1.21,0.51,7.3,2020
3689,Jayson Tatum,Bos,F-G,23.21,64,35.8,74.5,30.8,10.4,340,0.868,833,0.502,485,0.386,0.576,26.4,7.4,11.5,4.3,20.3,1.17,0.48,10.5,2020
3690,Jeff Teague,Bos,G,32.93,34,18.1,37.8,17.7,15.4,61,0.836,132,0.394,56,0.464,0.542,6.9,1.7,5.1,2.1,16.2,0.76,0.21,6.4,2020
3691,Jeff Teague,Mil,G,32.93,21,15.9,33.1,17.5,17.9,44,0.864,69,0.507,26,0.385,0.603,6.6,1.5,4.9,2.8,22.2,0.38,0.24,7.6,2020
3692,Garrett Temple,Chi,G-F,35.03,56,27.3,56.9,13,12.4,50,0.8,181,0.503,200,0.335,0.525,7.6,2.8,5.8,2.2,10.5,0.77,0.52,5.3,2020
3693,Tyrell Terry,Dal,G,20.63,11,5.1,10.7,15.2,10.4,3,0.333,9,0.556,7,0,0.318,1,0.5,5.9,0.5,13.9,0.45,0,4.9,2020
3694,Daniel Theis,Bos,F-C,29.12,42,24.5,50.9,15,11.4,67,0.687,193,0.653,95,0.347,0.625,9.5,5.2,11.9,1.6,9.3,0.6,1.02,7,2020
3695,Daniel Theis,Chi,F,29.12,23,24.9,52,16.8,11.3,43,0.651,121,0.636,57,0.281,0.584,10,5.9,13.1,1.8,10,0.7,0.61,7.6,2020
3696,Brodric Thomas,Hou,G,24.3,4,6.1,12.6,24.7,28.4,7,0.714,1,1,6,0.167,0.496,2.5,1,8.8,1,22.5,0.25,0.25,8.9,2020
3697,Brodric Thomas,Cle,G,24.3,28,13.4,27.9,15.8,13.2,39,0.667,48,0.458,53,0.283,0.487,4.1,1.8,7.3,0.9,9.9,0.5,0.32,5.6,2020
3698,Isaiah Thomas,Nor,G,32.27,3,16.1,33.5,29.5,17.7,2,1,15,0.4,12,0.25,0.412,7.7,1.3,4.5,1.7,15,0.33,0,6.4,2020
3699,Khyri Thomas,Hou,G,25.02,5,30.6,63.7,21.1,7.9,9,1,39,0.59,27,0.333,0.586,16.4,3.6,6.3,5,26.9,1.8,1.2,8.7,2020
3700,Matt Thomas,Tor,G,26.78,26,7.4,15.4,16,8.4,7,0.857,21,0.333,41,0.415,0.545,2.7,0.8,6,0.3,6.7,0.08,0,4.7,2020
3701,Matt Thomas,Uta,G,26.78,19,7.1,14.7,24.4,10.5,7,0.857,26,0.615,39,0.256,0.499,3.6,1.2,9.1,0.5,11.2,0.11,0,7.3,2020
3702,Tristan Thompson,Bos,C-F,30.18,54,23.8,49.6,14.8,14.1,120,0.592,323,0.523,3,0,0.54,7.6,8.1,19,1.2,7.2,0.44,0.61,7.1,2020
3703,Sindarius Thornwell,Nor,G,26.5,14,5.2,10.9,14.8,15.5,2,0,12,0.333,9,0.333,0.388,1.2,0.4,3.7,0.3,7,0.36,0.07,4,2020
3704,Sindarius Thornwell,Orl,G,26.5,7,20.5,42.7,9.2,9.8,6,0.667,11,0.364,14,0.286,0.434,3.4,1.9,4.7,2.4,16,1,0.14,4.9,2020
3705,Matisse Thybulle,Phi,G-F,24.2,65,20,41.6,9.4,11.3,18,0.444,100,0.59,143,0.301,0.508,3.9,1.9,5.3,1,6.3,1.62,1.09,3.9,2020
3706,Killian Tillie,Mem,F-C,23.2,18,10.1,21,14.8,3.1,11,0.818,24,0.375,33,0.303,0.461,3.2,1.3,7,0.4,5.6,0.28,0.44,4.7,2020
3707,Xavier Tillman,Mem,F,22.34,59,18.4,38.3,14.3,12.3,53,0.642,234,0.62,65,0.338,0.605,6.6,4.3,12.5,1.3,9.4,0.75,0.56,7.2,2020
3708,Anthony Tolliver,Phi,F,35.96,11,9,18.8,9.8,13.3,6,0.833,3,0,14,0.286,0.433,1.5,0.9,5.6,0.2,2.5,0.27,0.18,2.9,2020
3709,Obi Toppin,Nyk,F,23.2,62,11,23,15.9,9.4,26,0.731,124,0.629,85,0.306,0.574,4.1,2.2,11,0.5,6.4,0.27,0.24,6,2020
3710,Juan Toscano-Anderson,Gol,F,28.1,53,20.9,43.5,11,21.8,31,0.71,117,0.718,92,0.402,0.676,5.7,4.4,11.2,2.8,18.1,0.77,0.49,7.9,2020
3711,Axel Toupane,Mil,G-F,20,8,7.7,15.9,9.6,0,7,0.714,9,0.333,2,0.5,0.497,1.8,0.8,5.2,0.5,7.6,0.25,0.38,4.7,2020
3712,Karl-Anthony Towns,Min,C-F,25.5,50,33.8,70.4,29.1,13.7,311,0.859,560,0.541,315,0.387,0.612,24.8,10.6,17,4.5,22.6,0.76,1.14,12.5,2020
3713,Gary Trent Jr.,Por,G-F,22.33,41,30.8,64.1,20.1,5.3,75,0.773,219,0.438,305,0.397,0.55,15,2.2,3.9,1.4,6.7,0.9,0.15,4.7,2020
3714,Gary Trent Jr.,Tor,G-F,22.33,17,31.8,66.2,22.9,4.2,31,0.806,137,0.431,124,0.355,0.501,16.2,3.6,6.2,1.3,6.4,1.12,0.24,5.3,2020
3715,P.J. Tucker,Hou,F,36.03,32,30,62.4,7.7,19,23,0.783,45,0.467,86,0.314,0.5,4.4,4.6,8.2,1.4,6.1,0.88,0.56,4.1,2020
3716,P.J. Tucker,Mil,F,36.03,20,19.8,41.3,5.8,12.7,5,0.6,13,0.385,33,0.394,0.539,2.6,2.8,7.4,0.8,4.6,0.5,0.1,3.6,2020
3717,Rayjon Tucker,Phi,G,23.64,14,4.9,10.1,19.2,13.2,19,0.737,11,0.636,7,0.286,0.645,2.4,0.8,8.9,0.4,12.2,0.14,0,7.5,2020
3718,Myles Turner,Ind,C-F,25.15,47,31,64.5,16.4,11.9,142,0.782,226,0.606,206,0.335,0.599,12.6,6.5,11.4,1,4.4,0.85,3.38,5.6,2020
3719,Jonas Valanciunas,Mem,C,29.03,62,28.3,59,22.4,10.7,203,0.773,685,0.612,57,0.368,0.636,17.1,12.5,23.4,1.8,10,0.56,0.92,10.3,2020
3720,Denzel Valentine,Chi,G,27.5,62,16.7,34.8,19.5,9,17,0.941,174,0.431,242,0.331,0.479,6.5,3.2,10.5,1.7,14,0.48,0.11,7.9,2020
3721,Jarred Vanderbilt,Min,F,22.12,64,17.8,37.1,12.3,15.9,102,0.559,231,0.615,5,0.2,0.612,5.4,5.8,17.5,1.2,9.3,1,0.73,7.5,2020
3722,Fred VanVleet,Tor,G,27.22,52,36.5,76.1,23.9,9.1,191,0.885,394,0.416,476,0.366,0.534,19.6,4.2,6.4,6.3,26.7,1.67,0.71,8.8,2020
3723,Anderson Varejao,Cle,F,38.63,5,7.2,15,25.4,4.8,9,0.556,15,0.267,1,0,0.326,2.6,4,31.1,0.6,12.2,0,0.4,10.2,2020
3724,Devin Vassell,San,G-F,20.73,62,17,35.5,14.3,6.3,51,0.843,153,0.464,150,0.347,0.524,5.5,2.8,8.8,0.9,7.1,0.69,0.29,5.7,2020
3725,Gabe Vincent,Mia,G,24.92,50,13.1,27.3,19.1,12.3,23,0.87,84,0.5,149,0.309,0.498,4.8,1.1,4.9,1.3,15.1,0.42,0.04,5.8,2020
3726,Noah Vonleh,Bro,F,25.73,4,2.7,5.6,20.2,40,0,0,1,0,2,0,0,0,0.3,5.1,0.3,10.4,0,0,0,2020
3727,Nikola Vucevic,Orl,C,30.56,44,34.1,71,29.9,8,110,0.827,620,0.515,288,0.406,0.565,24.5,11.8,17.9,3.8,22.1,0.95,0.64,12.1,2020
3728,Nikola Vucevic,Chi,C,30.56,26,32.6,67.9,28.2,7.8,46,0.87,336,0.509,152,0.388,0.55,21.5,11.6,19.7,3.9,20,0.88,0.77,12.2,2020
3729,Dean Wade,Cle,F-C,24.49,63,19.2,40.1,12.9,8.4,39,0.769,98,0.571,213,0.366,0.573,6,3.4,9.9,1.2,8.9,0.54,0.33,6,2020
3730,Moritz Wagner,Was,F-C,24.06,25,15,31.3,18.3,12.7,52,0.788,80,0.613,42,0.31,0.614,7.1,2.9,10.3,1.3,11.7,0.88,0.32,8,2020
3731,Moritz Wagner,Bos,F-C,24.06,9,6.8,14.1,16.9,37.7,2,0.5,8,0.25,6,0.333,0.37,1.2,2.1,17.4,0.7,12.4,0,0.11,7.1,2020
3732,Moritz Wagner,Orl,F-C,24.06,11,26,54.1,18.2,10.8,33,0.879,50,0.44,43,0.372,0.563,11,4.9,9.8,1.1,6.4,0.36,0.82,6,2020
3733,Lonnie Walker IV,San,G-F,22.42,60,25.4,52.8,20.2,9.2,70,0.814,327,0.477,282,0.355,0.523,11.2,2.6,5.4,1.7,9.6,0.48,0.25,5.8,2020
3734,Kemba Walker,Bos,G,31.03,43,31.8,66.3,26.1,10.6,149,0.899,323,0.486,353,0.36,0.559,19.3,4,6.9,4.9,23.8,1.12,0.28,9.1,2020
3735,John Wall,Hou,G,30.69,40,32.2,67.1,31.7,14.7,211,0.749,477,0.449,249,0.317,0.503,20.6,3.2,5.3,6.9,36.2,1.05,0.78,9.6,2020
3736,Brad Wanamaker,Gol,G,31.81,39,16,33.4,16,15.8,56,0.893,112,0.429,61,0.213,0.468,4.7,1.7,5.6,2.5,20.8,0.67,0.15,6.8,2020
3737,Brad Wanamaker,Cha,G,31.81,22,19.5,40.5,18.1,18.9,45,0.889,102,0.5,24,0.125,0.518,6.9,1.8,4.9,3.4,24.9,0.73,0.23,7.1,2020
3738,T.J. Warren,Ind,F,27.7,4,29.4,61.1,21.5,6.7,10,0.8,44,0.614,7,0,0.56,15.5,3.5,6.5,1.3,6.4,0.5,0,5.6,2020
3739,P.J. Washington,Cha,F,22.73,64,30.5,63.6,19.4,14.6,145,0.745,397,0.479,290,0.386,0.549,12.9,6.5,11.6,2.5,12.2,1.09,1.23,7.8,2020
3740,Yuta Watanabe,Tor,G-F,26.59,50,14.5,30.1,12.7,9,29,0.828,90,0.478,90,0.4,0.565,4.4,3.2,12,0.8,7.7,0.52,0.4,6.2,2020
3741,Tremont Waters,Bos,G,23.35,26,9.1,19,21.5,22.8,17,0.941,46,0.413,38,0.395,0.541,3.8,0.8,4.9,2.4,36.4,0.58,0.04,8.5,2020
3742,Paul Watson,Tor,G,26.38,27,11,22.9,13.8,9.5,8,0.625,18,0.444,64,0.469,0.649,4.1,1.7,8.3,0.6,8.2,0.19,0.11,5.9,2020
3743,Quinndary Weatherspoon,San,G,24.68,20,6.1,12.6,18.7,19.2,16,0.813,29,0.517,6,0.167,0.547,2.3,0.6,4.8,0.4,9,0.4,0.1,5.4,2020
3744,Russell Westbrook,Was,G,32.51,65,36.4,75.9,30.3,18,413,0.656,965,0.475,273,0.315,0.509,22.2,11.5,16.8,11.7,48.6,1.35,0.35,15.8,2020
3745,Coby White,Chi,G,21.25,69,31.2,65.1,22.5,13.9,142,0.901,448,0.473,454,0.359,0.54,15.1,4.1,7.3,4.8,21.8,0.55,0.22,8.6,2020
3746,Derrick White,San,G,26.87,36,29.5,61.6,22.4,8.2,114,0.851,210,0.486,243,0.346,0.55,15.4,3,5.4,3.5,17.4,0.72,1,7.4,2020
3747,Hassan Whiteside,Sac,C,31.93,36,15.2,31.6,23.5,13.4,79,0.519,223,0.565,1,0,0.566,8.1,6,21.9,0.6,5.6,0.25,1.28,8.1,2020
3748,Greg Whittington,Den,F,28.27,4,3,6.3,10.9,0,0,0,1,0,2,0,0,0,0,0,0,0,0,0,0,2020
3749,Andrew Wiggins,Gol,F,26.23,71,33.3,69.4,23.3,9.7,238,0.714,690,0.529,368,0.38,0.568,18.6,4.9,7.8,2.4,10.9,0.93,0.99,7.2,2020
3750,Robert Williams III,Bos,C-F,23.58,52,18.9,39.5,15,15.2,73,0.616,256,0.727,2,0,0.719,8,6.9,20.2,1.8,14.2,0.83,1.77,9.8,2020
3751,Grant Williams,Bos,F,22.46,63,18.1,37.6,12.3,17.2,51,0.588,118,0.508,129,0.372,0.546,4.7,2.8,8.7,1,7.4,0.51,0.37,5.2,2020
3752,Kenrich Williams,Okc,G-F,26.46,66,21.6,45,15.3,14.8,63,0.571,294,0.568,117,0.444,0.599,8,4.1,9.9,2.3,16.4,0.86,0.26,7.8,2020
3753,Lou Williams,Lac,G,34.55,42,21.9,45.5,26.5,12,119,0.866,311,0.437,119,0.378,0.529,12.1,2.1,5.4,3.4,23.3,0.93,0.1,8.1,2020
3754,Lou Williams,Atl,G,34.55,24,21.1,43.9,24.3,14.6,54,0.87,163,0.368,54,0.444,0.496,10,2.1,5.4,3.4,23.7,0.33,0.08,7.9,2020
3755,Zion Williamson,Nor,F,20.86,61,33.2,69.2,29.8,11.6,529,0.698,1003,0.622,34,0.294,0.649,27,7.2,11.8,3.7,19.8,0.93,0.64,10.8,2020
3756,Patrick Williams,Chi,F,19.72,71,27.9,58.2,14.9,14.4,125,0.728,390,0.515,138,0.391,0.562,9.2,4.6,9.1,1.4,6.7,0.9,0.65,5.6,2020
3757,D.J. Wilson,Mil,F,25.24,12,8.7,18.2,19.2,8.4,2,0.5,15,0.4,28,0.357,0.49,3.6,2.1,12.6,0.3,3.7,0.08,0.33,6,2020
3758,D.J. Wilson,Hou,F-C,25.24,23,14.3,29.7,19.9,11.8,23,0.696,66,0.485,59,0.339,0.518,6.1,3.8,14.1,0.9,9.3,0.43,0.52,7.7,2020
3759,Dylan Windler,Cle,G-F,24.65,31,16.5,34.5,14.9,18.3,27,0.778,53,0.585,78,0.333,0.563,5.2,3.5,11.6,1.1,9.4,0.61,0.39,6.6,2020
3760,Justise Winslow,Mem,F-G,25.14,26,19.5,40.6,21.9,14.1,35,0.571,156,0.41,54,0.185,0.395,6.8,4.5,12.3,1.9,13.3,0.58,0.46,7.9,2020
3761,Cassius Winston,Was,G,23.21,22,4.5,9.3,17.1,12.3,6,0.833,16,0.375,17,0.471,0.575,1.9,0.4,4.9,0.5,16.3,0.09,0.05,6.4,2020
3762,James Wiseman,Gol,C,20.13,39,21.4,44.7,23.8,12.9,86,0.628,330,0.542,38,0.316,0.552,11.5,5.8,14.4,0.7,4.9,0.28,0.92,6.7,2020
3763,Robert Woodard II,Sac,F,21.65,13,3.5,7.3,23.2,4.1,8,0.375,14,0.5,6,0.167,0.425,1.5,1.2,19.6,0.2,6.2,0,0.23,8.1,2020
3764,Christian Wood,Hou,F,25.64,41,32.3,67.4,25.9,9.9,198,0.631,434,0.581,206,0.374,0.591,21,9.6,15.9,1.7,9.4,0.83,1.17,8.7,2020
3765,Delon Wright,Det,G,29.06,36,29.2,60.9,15.8,12.6,90,0.789,204,0.515,89,0.348,0.562,10.4,4.6,8.7,5,25.7,1.58,0.53,8.5,2020
3766,Delon Wright,Sac,G,29.06,27,25.8,53.7,17.1,12.7,36,0.833,142,0.5,83,0.398,0.563,10,3.9,8.4,3.6,18.9,1.56,0.37,8.1,2020
3767,Thaddeus Young,Chi,F,32.9,68,24.3,50.6,22.3,16,113,0.628,618,0.579,45,0.267,0.577,12.1,6.2,14.1,4.3,27.1,1.09,0.59,11.3,2020
3768,Trae Young,Atl,G,22.66,63,33.7,70.3,33,16.2,546,0.886,715,0.491,397,0.343,0.589,25.3,3.9,6.3,9.4,45.5,0.84,0.17,11.6,2020
3769,Cody Zeller,Cha,F-C,28.61,48,20.9,43.6,18.3,11.9,119,0.714,296,0.598,28,0.143,0.599,9.4,6.8,17.7,1.8,13.2,0.56,0.35,9.3,2020
3770,Ivica Zubac,Lac,C,24.16,72,22.3,46.5,15.2,14.7,171,0.789,390,0.656,4,0.25,0.693,9,7.2,18.1,1.3,7.9,0.33,0.86,7.9,2020
3771,Pat Connaughton,Mil,G,28.54,23,23.7,49.4,10.7,8.8,13,0.846,24,0.75,95,0.389,0.633,6.9,4.4,9.9,0.9,4.8,0.43,0.26,5.1,2020
3772,Bryn Forbes,Mil,G,28,20,13.7,28.5,19.2,5.7,8,0.75,23,0.565,89,0.371,0.567,6.6,1.4,5.3,0.3,3.1,0.1,0.1,4.1,2020
3773,Jrue Holiday,Mil,G,31.11,23,39.6,82.6,22.1,11.9,56,0.714,247,0.466,142,0.303,0.482,17.3,5.7,7.8,8.7,31.4,1.65,0.43,9.6,2020
3774,Brook Lopez,Mil,C,33.3,23,29,60.4,16.8,9.6,43,0.86,145,0.662,72,0.319,0.632,13,5.9,10.9,0.3,1.3,0.74,1.48,3.9,2020
3775,Khris Middleton,Mil,F,29.94,23,40.1,83.5,26.4,13,97,0.887,277,0.498,175,0.343,0.548,23.6,7.6,10.1,5.1,19.6,1.52,0.17,9.7,2020
3776,P.J. Tucker,Mil,F,36.21,23,29.6,61.7,6.9,9.1,4,0.75,39,0.487,59,0.322,0.491,4.3,4.8,8.7,1.1,4.5,0.96,0.13,3.8,2020
3777,Nicolas Batum,Lac,G-F,32.6,19,29.2,60.8,10.5,4.8,23,0.826,37,0.676,72,0.389,0.642,8.1,5.5,11,2.1,9.8,1.26,0.53,6.2,2020
3778,Paul George,Lac,F,31.22,19,40.9,85.1,30.5,13.2,154,0.844,222,0.514,152,0.336,0.578,26.9,9.6,13.6,5.4,21.8,1,0.47,10.9,2020
3779,Reggie Jackson,Lac,G,31.26,19,32.7,68.2,22.3,9.4,41,0.878,110,0.582,142,0.408,0.626,17.8,3.2,5.6,3.4,16.9,0.95,0.16,7.1,2020
3780,Terance Mann,Lac,G-F,24.75,19,19.9,41.4,14.8,3.3,28,0.714,67,0.567,37,0.432,0.619,7.6,2.7,8,0.7,5.5,0.53,0.26,4.9,2020
3781,Marcus Morris Sr.,Lac,F,31.88,19,31.8,66.2,17,3.2,32,0.75,104,0.481,96,0.375,0.542,12.2,4.3,7.8,1.5,6.9,0.53,0.53,5.4,2020
3782,Deandre Ayton,Pho,C,23,22,36.4,75.8,16.3,9.8,53,0.736,234,0.658,0,0,0.674,15.8,11.8,18.1,1.1,4.7,0.82,1.09,6.5,2020
3783,Devin Booker,Pho,G,24.72,22,40.4,84.1,31.8,12.9,147,0.905,337,0.499,137,0.321,0.558,27.3,5.6,7.8,4.5,18.3,0.82,0.18,8.7,2020
3784,Mikal Bridges,Pho,F,24.89,22,32.1,66.9,14.2,7.8,28,0.893,95,0.6,95,0.368,0.603,11.1,4.3,7.4,1.6,7.1,1,0.68,5.3,2020
3785,Torrey Craig,Pho,F,30.59,22,12.1,25.2,15.6,11,13,0.615,38,0.447,37,0.405,0.539,4,2.9,13.2,0.4,4.6,0.05,0.36,5.5,2020
3786,Jae Crowder,Pho,F,31.04,22,33.2,69.1,13.7,8.7,35,0.886,42,0.524,142,0.38,0.594,10.8,6.1,10.2,1.9,7.5,0.86,0.82,6,2020
3787,Cameron Payne,Pho,G,26.95,22,19,39.6,24.6,10.7,18,0.889,124,0.46,69,0.362,0.51,9.3,2.5,7.3,3.2,25.5,0.77,0.5,8.9,2020
3788,Bogdan Bogdanovic,Atl,G,28.92,18,33.2,69.2,21,9.5,17,0.706,106,0.472,143,0.329,0.493,14.1,4.2,6.8,2.9,13.4,1.61,0.28,6.7,2020
3789,Clint Capela,Atl,C,27.18,18,31.6,65.8,13.3,10.5,39,0.436,136,0.603,0,0,0.591,10.1,11.2,19.3,0.9,4.5,0.67,1.06,5.9,2020
3790,John Collins,Atl,F-C,23.83,18,32,66.7,17,10.4,36,0.833,126,0.635,56,0.357,0.632,13.9,8.7,14.9,0.9,4.4,0.44,0.61,6,2020
3791,Danilo Gallinari,Atl,F,32.95,18,24.6,51.2,21.2,7.1,52,0.942,90,0.444,84,0.405,0.587,12.8,3.9,8.6,0.8,4.9,0.33,0.17,5.6,2020
3792,Kevin Huerter,Atl,G-F,22.9,18,31,64.6,16.4,9.2,17,0.706,85,0.518,95,0.347,0.531,11.1,3.8,6.7,2.8,13.6,0.78,0.89,6.3,2020
3793,Onyeka Okongwu,Atl,F-C,20.61,18,9.2,19.2,11.8,9,21,0.667,30,0.567,1,0,0.596,2.7,2.7,15.8,0.1,1.7,0.28,0.72,3.9,2020
3794,Lou Williams,Atl,G,34.73,18,15.4,32,23,15.3,27,0.963,80,0.463,30,0.433,0.57,7.7,1.4,5.1,2.2,22.3,0.67,0.06,7.5,2020
3795,Cameron Johnson,Pho,F,25.38,21,21.1,43.9,14.3,10.8,32,0.906,36,0.611,74,0.446,0.693,8.2,3.1,8.3,0.8,5,0.9,0.19,5.2,2020
3796,Giannis Antetokounmpo,Mil,F,26.62,21,38.1,79.3,31.8,10.8,206,0.587,369,0.642,70,0.186,0.599,30.2,12.8,18,5.1,24.3,1,1.19,13.2,2020
3797,Ivica Zubac,Lac,C,24.34,17,17.7,36.9,14.6,16.9,49,0.796,57,0.596,0,0,0.681,6.3,5.8,19,0.4,3.3,0.12,0.71,5.5,2020
3798,Patrick Beverley,Lac,G,33.02,17,19,39.6,11.3,5.1,14,0.857,31,0.516,37,0.351,0.56,4.9,2.4,7.3,1.4,10.3,0.71,0.71,5.4,2020
3799,Chris Paul,Pho,G,36.21,20,34.2,71.2,24.8,11.6,65,0.877,235,0.511,65,0.446,0.584,19.2,3.5,5.7,8.6,39.5,1.15,0.15,9.7,2020
3800,Bobby Portis,Mil,F,26.44,20,18.3,38.1,20,5.3,25,0.72,99,0.525,52,0.346,0.543,8.8,5,14.7,0.6,4.8,0.7,0.35,6.5,2020
3801,Trae Young,Atl,G,22.84,16,37.7,78.6,35.4,13.3,134,0.866,215,0.488,144,0.313,0.551,28.8,2.8,4.1,9.5,44.8,1.25,0,9.7,2020
3802,Luke Kennard,Lac,G,25.07,15,14.6,30.5,14.6,4.4,2,0.5,14,0.714,51,0.412,0.638,5.6,0.9,3.7,0.5,4.7,0.13,0,3.7,2020
3803,Solomon Hill,Atl,F,30.34,14,10.4,21.6,8.2,3.7,4,0.5,6,0.5,18,0.167,0.33,1.2,1.4,7.1,0.2,2.7,0.14,0.07,2.7,2020
3804,Dario Saric,Pho,F-C,27.29,14,10.5,21.8,17.8,10.5,14,0.929,27,0.481,18,0.444,0.616,4.5,2.5,13.3,1,13.4,0.14,0.07,8.5,2020
3805,Rajon Rondo,Lac,G,35.41,13,16.9,35.3,15.3,19.4,12,0.667,25,0.28,28,0.393,0.472,4.2,2.6,8.9,3.8,31,0.38,0.23,8.2,2020
3806,Thanasis Antetokounmpo,Mil,F,29.01,13,3.5,7.2,12.1,23.7,6,0.833,7,0.286,0,0,0.467,0.7,0.8,11.9,0.2,8.1,0.38,0.15,5.5,2020
3807,Jeff Teague,Mil,G,33.11,16,7.5,15.5,15,14.3,11,0.818,20,0.2,11,0.455,0.446,2,0.5,3.6,0.8,13.7,0.19,0,5,2020
3808,Bruce Brown,Bro,G-F,24.93,12,23.1,48.1,15.9,11.3,16,0.813,68,0.559,11,0.182,0.552,7.9,5.1,12.1,2.1,13,0.67,0.42,7.6,2020
3809,Nicolas Claxton,Bro,F-C,22.26,12,10.8,22.5,12,11.7,3,0.667,29,0.483,0,0,0.495,2.5,2.8,14.1,0.6,7.4,0.33,1.08,6,2020
3810,Seth Curry,Phi,G,30.91,12,31.8,66.2,18.7,6,19,0.789,66,0.667,81,0.506,0.727,18.8,2.3,4,2.3,11.1,0.75,0.25,5.8,2020
3811,Kevin Durant,Bro,F,32.81,12,40.4,84.2,34.5,11.4,101,0.871,200,0.56,82,0.402,0.63,34.3,9.3,12.7,4.4,20.2,1.5,1.58,11.1,2020
3812,Blake Griffin,Bro,F,32.35,12,26.5,55.1,12.9,5.5,14,0.714,43,0.651,36,0.389,0.634,9,5.8,12.2,1.8,9.3,0.83,0.5,6.9,2020
3813,Joe Harris,Bro,G-F,29.87,12,36.2,75.4,14,6.7,4,0.75,41,0.39,82,0.402,0.537,11.2,3.6,5.5,1.6,6,0.33,0.17,4.4,2020
3814,Tobias Harris,Phi,F,29.01,12,36.5,76,24.6,7.2,40,0.875,172,0.517,43,0.372,0.561,21.8,8.5,12.8,3.5,14.9,1,0.42,9.5,2020
3815,George Hill,Phi,G,35.21,12,17.1,35.6,12.3,17,13,0.769,24,0.458,19,0.421,0.575,4.7,1.3,4.3,1.5,11.1,0.67,0.25,4.9,2020
3816,Dwight Howard,Phi,C-F,35.62,12,12.4,25.9,17.2,20.1,40,0.6,29,0.552,1,0,0.588,4.7,6.3,27.6,0.7,6.9,0.17,0.5,8.9,2020
3817,Furkan Korkmaz,Phi,G-F,23.99,12,16.2,33.8,18.6,5.9,14,0.714,29,0.552,44,0.318,0.531,7,2,6.8,0.6,4.9,0.58,0.25,5,2020
3818,Tyrese Maxey,Phi,G,20.71,12,13,27.2,22.2,6.2,22,0.636,54,0.463,12,0.333,0.502,6.3,1.8,7.7,1.3,14.6,0.25,0.5,7.5,2020
3819,Shake Milton,Phi,G-F,24.81,12,10.1,21,23,17,15,0.933,28,0.25,19,0.421,0.485,4.3,0.8,4.1,0.8,9.8,0.25,0.08,5.5,2020
3820,Landry Shamet,Bro,G,24.36,12,17.2,35.8,10.8,12.2,5,0.8,14,0.571,27,0.37,0.579,4.2,1.8,5.6,0.6,4.5,0.42,0.08,3.8,2020
3821,Ben Simmons,Phi,G-F,25,12,33.5,69.8,16.5,17.5,73,0.342,94,0.628,1,0,0.562,11.9,7.9,13,8.8,35.7,1.25,0.83,11.2,2020
3822,Matisse Thybulle,Phi,G-F,24.38,12,18.3,38.1,11,3.6,5,0.4,18,0.778,34,0.324,0.581,5.3,1.4,4.2,0.3,1.8,1.33,0.92,2.9,2020
3823,Bojan Bogdanovic,Uta,F,32.26,11,35.5,73.9,20.2,13.5,41,0.878,60,0.483,76,0.461,0.646,18.1,4.3,7,1.5,6.2,0.91,0,5.5,2020
3824,Jordan Clarkson,Uta,G,29.12,11,27.1,56.4,29.7,11.5,26,0.962,68,0.485,97,0.351,0.547,17.5,3.1,6.6,1.5,9.5,0.64,0.27,6.4,2020
3825,Derrick Favors,Uta,F,30.02,11,13.1,27.4,10.1,18.2,9,0.556,23,0.696,0,0,0.686,3.4,4.2,18.5,0.3,2.9,0.18,0.91,5,2020
3826,Rudy Gobert,Uta,C,29.07,11,34.2,71.3,15,13.4,66,0.636,80,0.75,1,0,0.736,14.7,12.3,20.9,0.8,3.6,0.55,2.09,6.1,2020
3827,Joe Ingles,Uta,F-G,33.8,11,27.8,58,13.6,9.6,13,0.769,21,0.714,58,0.414,0.661,10.2,3.1,6.5,3.5,17.7,0.64,0,6.9,2020
3828,Kawhi Leonard,Lac,F,30.06,11,39.2,81.7,29.1,8.9,75,0.88,152,0.645,61,0.393,0.679,30.4,7.7,11.4,4.4,20.9,2.09,0.82,10.3,2020
3829,Georges Niang,Uta,F,28.09,11,11.7,24.4,16.8,16.4,4,1,9,0.222,30,0.3,0.429,3.2,1.7,8.6,0.7,8.4,0,0.09,5.3,2020
3830,Royce O'Neale,Uta,F,28.13,11,36.7,76.5,10.8,8.1,12,0.833,25,0.6,60,0.467,0.687,11.3,7.3,11.5,2.1,7.9,1.09,0.27,6.1,2020
3831,Joel Embiid,Phi,C-F,27.35,11,32.4,67.6,34.6,14.6,109,0.835,156,0.545,41,0.39,0.631,28.1,10.5,17.8,3.4,17.2,1,1.45,12.4,2020
3832,Elijah Bryant,Mil,G,20,11,4.5,9.4,19,9.1,0,0,12,0.583,8,0,0.35,1.3,1.1,13,0.4,11.1,0.18,0.09,7.4,2020
3833,Facundo Campazzo,Den,G,30.33,10,27,56.3,15.7,15.4,19,0.842,26,0.385,48,0.396,0.565,9.3,3,6.3,4.1,20.2,1.4,0.4,7.2,2020
3834,Aaron Gordon,Den,F,25.84,10,29.9,62.2,18.1,11.3,25,0.64,76,0.447,23,0.391,0.505,11.1,5.4,10.2,2,9.4,0.5,0.3,6.6,2020
3835,JaMychal Green,Den,F-C,31.08,10,19,39.5,11.9,5.8,9,0.889,25,0.56,20,0.3,0.551,5.4,5.2,15.5,1.1,7.7,0.2,0.2,6.6,2020
3836,Nikola Jokic,Den,C,26.42,10,34.5,72,34.8,8.7,55,0.836,175,0.549,53,0.377,0.591,29.8,11.6,19,5,27.7,0.6,0.9,13.9,2020
3837,Donovan Mitchell,Uta,G,24.87,10,34.6,72,38,9.4,76,0.829,120,0.458,115,0.435,0.602,32.3,4.2,7.1,5.5,30.4,1.1,0.2,10.5,2020
3838,Monte Morris,Den,G,26.07,10,28.7,59.7,20.6,5.2,29,0.724,76,0.447,40,0.4,0.532,13.7,2.4,4.7,5.5,28,1,0.2,7.9,2020
3839,Michael Porter Jr.,Den,F,23.06,10,33.2,69.2,21,10,21,0.81,62,0.565,73,0.397,0.603,17.4,6.2,10.5,1.3,5.9,1.1,0.3,6.3,2020
3840,Austin Rivers,Den,G,28.97,10,30.5,63.5,12.1,10.6,16,0.813,23,0.478,46,0.413,0.605,9.2,1.7,3.1,2.1,9,0.2,0.3,4.2,2020
3841,Amir Coffey,Lac,G-F,24.09,10,1.6,3.4,15.6,18.4,1,0,3,0.667,1,1,0.788,0.7,0.2,7.1,0.1,9.8,0.1,0,6,2020
3842,Shaquille Harrison,Den,G,27.79,9,4.5,9.3,11.2,48.4,3,0.667,3,0.667,1,1,0.846,1,0.9,11.3,0.3,9.5,0.33,0.33,5.7,2020
3843,Markus Howard,Den,G,22.38,9,12.4,25.9,14.7,0,2,0.5,11,0.364,26,0.423,0.554,4.7,0.8,3.5,0.4,4.9,0,0.11,3.7,2020
3844,Kyrie Irving,Bro,G,29.33,9,36.1,75.3,26,5.9,28,0.929,98,0.541,65,0.369,0.582,22.7,5.8,8.8,3.4,15.8,1,0.56,8.5,2020
3845,Mike James,Bro,G,30.93,9,11.4,23.8,20.3,6.5,0,0,27,0.333,16,0.313,0.384,3.7,1.8,8.6,1.3,16.6,0.22,0,7.2,2020
3846,Paul Millsap,Den,F,36.44,9,12.1,25.3,25.4,12.6,13,0.615,27,0.593,23,0.261,0.52,6.4,3.9,18.1,1.7,20.9,0.33,0.67,11.5,2020
3847,James Harden,Bro,G,31.9,9,35.7,74.5,22.8,16.1,62,0.903,42,0.643,66,0.364,0.673,20.2,6.3,9.8,8.6,35.1,1.67,0.78,11.5,2020
3848,Tony Snell,Atl,G,29.69,9,7.3,15.2,13.5,20,0,0,5,0.2,11,0.091,0.156,0.6,0.6,4.1,0.2,3.9,0.22,0.11,2.3,2020
3849,Yogi Ferrell,Lac,G,28.2,9,1.6,3.4,16.1,0,0,0,4,0.5,1,0,0.4,0.4,0.3,12,0.3,30.6,0,0,8.3,2020
3850,Frank Kaminsky,Pho,F-C,28.3,10,6.8,14.1,17.9,15.1,1,1,17,0.529,5,0.2,0.49,2.2,1.4,11.5,1.4,29.4,0.2,0.3,9.6,2020
3851,Danny Green,Phi,G,34.08,8,24.8,51.7,11.5,9.4,0,0,11,0.636,37,0.378,0.583,7,2.6,5.8,2.6,13.6,1.13,1,5.8,2020
3852,Tyler Johnson,Bro,G,29.2,8,8.7,18,12.4,5.3,2,1,6,0.5,11,0.273,0.475,2.1,0.8,4.8,0.6,9.6,0.25,0,4.6,2020
3853,Miye Oni,Uta,G-F,23.96,8,5.2,10.8,5.4,0,0,0,0,0,5,0,0,0,0.4,4.2,0,0,0.13,0,0,2020
3854,Daniel Oturu,Lac,C,21.83,8,1.9,4,18,0,2,0.5,4,0.5,1,0,0.425,0.6,0.5,15.2,0,0,0,0.13,0,2020
3855,Sam Merrill,Mil,G,25.18,8,3.7,7.7,11.6,12.5,0,0,2,0.5,5,0.2,0.357,0.6,0.6,9.1,0.1,4.2,0.5,0,3.6,2020
3856,Jalen Brunson,Dal,G,24.89,7,16.3,33.9,21.4,7.4,13,0.769,31,0.452,13,0.462,0.563,8,2.6,9.2,1.4,13.7,0,0,7.5,2020
3857,Luka Doncic,Dal,F-G,22.39,7,40.2,83.7,40.4,12.8,51,0.529,120,0.542,76,0.408,0.572,35.7,7.9,11.4,10.3,54,1.29,0.43,14.2,2020
3858,Dorian Finney-Smith,Dal,F,28.21,7,38.7,80.5,13.1,15.3,5,0.8,27,0.37,37,0.432,0.544,10.3,6.6,9.9,2.1,7.7,1.14,0.29,5.4,2020
3859,Tim Hardaway Jr.,Dal,G-F,29.35,7,37.4,77.9,19.8,5.3,16,0.75,44,0.432,57,0.404,0.551,17,3.3,5.1,1.4,5.8,0.43,0,4.6,2020
3860,Maxi Kleber,Dal,F,29.47,7,26.8,55.7,8.3,2.9,7,0.714,10,0.4,20,0.4,0.559,5.3,3.6,7.8,1.4,7.1,0.43,0,4.5,2020
3861,Timothe Luwawu-Cabarrot,Bro,G-F,26.2,7,3.5,7.3,20.4,9.1,0,0,4,0.25,6,0.333,0.4,1.1,0.4,6.8,0.3,11.4,0,0,5.8,2020
3862,Kristaps Porzingis,Dal,F-C,25.97,7,33.3,69.4,16.2,3.6,19,0.842,45,0.578,27,0.296,0.572,13.1,5.4,9.5,1.3,5.8,1.29,0.71,5.4,2020
3863,Dwight Powell,Dal,F-C,30,7,7.5,15.5,10.1,8.6,6,0.833,8,0.875,0,0,0.893,2.7,1.9,14.5,0.9,16.9,0.29,0,8.9,2020
3864,Josh Richardson,Dal,G,27.85,7,13.4,27.9,18.3,15.8,9,1,18,0.444,10,0.3,0.532,4.9,1.6,6.8,0.7,7.6,0.29,0,5.3,2020
3865,Jevon Carter,Pho,G,25.85,7,3.1,6.5,18.5,0,2,0,6,0.5,2,0,0.338,0.9,0.3,5.1,0.6,25.5,0,0,7,2020
3866,Mamadi Diakite,Mil,F,24.5,7,5,10.4,14.6,8.4,2,1,8,0.125,2,0.5,0.322,1,1,10.7,0,0,0.43,0.14,0,2020
3867,E'Twaun Moore,Pho,G,32.4,7,6.6,13.8,20.7,14.3,0,0,13,0.538,5,0.2,0.472,2.4,1.4,12,1.3,28.6,0.14,0,9.9,2020
3868,DeMarcus Cousins,Lac,C,30.94,7,8.3,17.3,42.5,9.4,14,0.786,32,0.469,10,0.4,0.55,7.6,2,13.9,0.7,17.6,0.29,0.43,10.6,2020
3869,Skylar Mays,Atl,G,23.87,7,2.4,5.1,15.5,16.7,0,0,5,0.8,0,0,0.8,1.1,0.3,6.4,0.1,10.1,0.29,0,5.3,2020
3870,Carmelo Anthony,Por,F,37.14,6,23.9,49.8,22.6,9.7,11,0.909,23,0.478,37,0.378,0.571,12.3,3.2,7.7,1.5,9.4,0.33,0.17,6.5,2020
3871,Alex Caruso,Lal,G,27.39,6,20.1,41.9,17,15.3,2,1,21,0.429,17,0.294,0.45,5.8,1.3,3.7,0.5,4.2,0.17,0.67,3.1,2020
3872,Willie Cauley-Stein,Dal,C,27.92,6,10.5,21.8,9.6,22.5,3,1,9,0.667,0,0,0.727,2.5,2.7,14.8,0.5,6.6,0.33,0.67,5.7,2020
3873,Chris Chiozza,Bro,G,25.66,6,3.2,6.6,19.2,12.5,0,0,4,0.25,3,0.333,0.357,0.8,0.2,2.9,0.2,7.2,0.17,0,4,2020
3874,Mike Conley,Uta,G,33.78,6,29.3,61,22.5,15.7,16,1,31,0.355,37,0.486,0.613,15.3,3.5,7,7.7,39.5,0.17,0.5,10.2,2020
3875,Robert Covington,Por,F,30.6,6,38.1,79.3,9.6,16.5,10,0.9,14,0.5,22,0.5,0.693,9.3,7.8,11.9,1.2,4,1.5,1,4.7,2020
3876,LeBron James,Lal,F,36.55,6,37.3,77.6,29.8,16.8,23,0.609,66,0.545,48,0.375,0.564,23.3,7.2,10.9,8,45.3,1.5,0.33,11.8,2020
3877,Kyle Kuzma,Lal,F,25.99,6,21.6,44.9,20,10.4,9,0.667,25,0.4,23,0.174,0.366,6.3,3.8,10,1.2,8.9,0.33,0.17,5.7,2020
3878,Damian Lillard,Por,G,31.02,6,41.3,86.1,30.7,7.7,50,0.94,56,0.482,78,0.449,0.66,34.3,4.3,6.1,10.2,41.3,1,0.67,11.1,2020
3879,Wesley Matthews,Lal,G,34.77,6,18.4,38.3,14.4,0,6,1,8,0.375,25,0.28,0.463,5.5,1.7,5.1,0.3,2.9,0.33,0,3.1,2020
3880,CJ McCollum,Por,G,29.84,6,39.9,83.2,24.8,9.1,13,0.769,72,0.5,42,0.333,0.518,20.7,6,8.7,4.3,17,0.33,0.67,8.1,2020
3881,Jusuf Nurkic,Por,C,26.91,6,28.9,60.2,20.8,17.5,25,0.72,50,0.58,5,0.2,0.598,13.2,10.3,20.6,2.7,13.7,0.5,1.17,9.9,2020
3882,Norman Powell,Por,G,28.16,6,36,75,19,7.7,18,0.889,50,0.56,26,0.385,0.608,17,2.2,3.5,2,8.3,0.83,1,4.7,2020
3883,Dennis Schroder,Lal,G,27.85,6,32.8,68.2,20.8,10.9,26,0.846,44,0.455,26,0.308,0.528,14.3,3,5.2,2.8,15.1,1,0.17,6,2020
3884,Anfernee Simons,Por,G,22.12,6,17.9,37.3,10.9,3.8,0,0,7,0.429,18,0.611,0.78,6.5,2.7,8.6,0.8,6.5,0.33,0.17,5.4,2020
3885,Jeff Green,Bro,F,34.9,6,24.7,51.5,12.1,7.6,8,0.875,15,0.4,18,0.556,0.671,8.2,2.8,6.3,1.7,9.2,0.5,0.33,5.5,2020
3886,Jay Scrubb,Lac,G,20.88,6,1.3,2.6,0,,0,0,0,0,0,0,,0,0.2,7.6,0,0,0,0,0,2020
3887,Jalen Smith,Pho,F-C,21.35,6,2.9,6.1,13.1,20,0,0,3,0.333,1,1,0.625,0.8,0.8,15.9,0.2,7.7,0,0,7,2020
3888,Bruno Fernando,Atl,F-C,22.93,6,2,4.1,14.7,0,2,1,3,0.667,0,0,0.773,1,0.2,4.7,0,0,0,0,0,2020
3889,Nathan Knight,Atl,F-C,23.83,6,2.3,4.8,25.1,0,2,0,5,0.4,2,0,0.254,0.7,1,23.5,0,0,0,0.33,0,2020
3890,Grayson Allen,Mem,G,25.78,5,23.2,48.3,12.5,2.9,1,0,12,0.333,21,0.381,0.478,6.4,2.6,6.2,0.2,1.1,0.4,0.2,2.6,2020
3891,Kyle Anderson,Mem,F-G,27.83,5,28.4,59.2,14.2,8.4,4,0.75,30,0.5,12,0.25,0.48,8.4,5,9.7,3.2,14.2,2.8,0,7.2,2020
3892,Desmond Bane,Mem,G,23.07,5,19.8,41.3,9.4,13.6,0,0,7,0.714,12,0.5,0.737,5.6,3.4,9.5,2,12.5,0.8,0.4,6.8,2020
3893,RJ Barrett,Nyk,F-G,21.1,5,32.3,67.4,20.7,2.6,15,0.8,39,0.462,28,0.286,0.489,14.4,7.2,11.8,3,16.7,0.8,0.4,8.4,2020
3894,Bradley Beal,Was,G,28.06,5,39.1,81.4,34,12.6,36,0.861,91,0.538,32,0.219,0.54,30,6.2,8.6,4.2,19.2,0.8,0.6,9.4,2020
3895,Dillon Brooks,Mem,G-F,25.49,5,34.9,72.8,28.4,7.7,26,0.808,77,0.545,20,0.4,0.595,25.8,4.2,6.6,2.2,9.9,1.4,0.4,7.1,2020
3896,Reggie Bullock,Nyk,G-F,30.35,5,32.5,67.7,12.3,8.8,5,0.8,10,0.5,29,0.345,0.534,8.8,3.4,5.5,1.2,5.9,0.6,0.2,4.1,2020
3897,Alec Burks,Nyk,G,30,5,25.6,53.3,23.7,5.9,19,0.737,32,0.5,24,0.333,0.544,14,5,10.3,2.6,19.2,0.2,0,8.9,2020
3898,Kentavious Caldwell-Pope,Lal,G,28.42,5,29.1,60.7,10.2,6,5,1,10,0.7,19,0.211,0.497,6.2,2.8,5.4,1,5.4,1,0,3.6,2020
3899,Vlatko Cancar,Den,F,24.28,5,4.2,8.7,13,16.1,5,0.8,2,1,1,1,1.058,2.2,0.6,8.1,0.2,6.7,0.2,0.2,6.1,2020
3900,Anthony Davis,Lal,F-C,28.36,5,28.8,60,26.8,6.9,42,0.833,51,0.451,11,0.182,0.541,17.4,6.6,13,2.6,16.7,0.6,1.6,9.3,2020
3901,Andre Drummond,Lal,C,27.95,5,21,43.7,20.2,23.2,10,0.7,32,0.594,0,0,0.618,9,11,29.6,0,0,0.8,0.6,0,2020
3902,Evan Fournier,Bos,G-F,28.72,5,33.3,69.4,18.6,6.8,12,0.833,33,0.424,30,0.433,0.564,15.4,3.6,6.2,1.4,6.6,1.2,0,5.1,2020
3903,Daniel Gafford,Was,F-C,22.8,5,23.4,48.8,14.1,7.6,24,0.625,26,0.846,0,0,0.807,11.8,5.8,13.5,0.6,3.9,1,2,5.9,2020
3904,Marc Gasol,Lal,C,36.47,5,17.5,36.5,9.6,21.3,4,0.75,2,0.5,11,0.636,0.881,5.2,3.8,12.3,3,27.5,0.8,0.8,8.9,2020
3905,Taj Gibson,Nyk,F,36.07,5,27.6,57.5,7.5,12.8,1,1,20,0.6,0,0,0.612,5,7,13.4,0.8,4.6,1.6,1,4.4,2020
3906,Rui Hachimura,Was,F,23.45,5,34.6,72.2,13.8,8.7,12,0.583,32,0.625,15,0.6,0.708,14.8,7.2,11.3,1,4.3,0.4,0.2,5.5,2020
3907,Rondae Hollis-Jefferson,Por,F,26.55,5,7.1,14.8,8,0,3,0.667,5,0.8,0,0,0.791,2,1.6,13,0,0,0.2,0.2,0,2020
3908,De'Andre Hunter,Atl,F-G,23.63,5,30.3,63.2,17.2,11.9,16,0.75,29,0.414,16,0.375,0.519,10.8,4,7.2,0.6,2.9,0.2,0.6,3.9,2020
3909,Jaren Jackson Jr.,Mem,F-C,21.85,5,27.5,57.3,20,6.2,16,0.875,26,0.577,28,0.286,0.557,13.6,5.6,11.3,1,4.8,1,1.2,6.2,2020
3910,Alize Johnson,Bro,F,25.24,5,4.5,9.5,20,30,0,0,7,0.571,0,0,0.571,1.6,2.6,31.6,0,0,0.6,0,0,2020
3911,Tyus Jones,Mem,G,25.2,5,9.3,19.5,16.2,0,2,1,13,0.385,4,0.25,0.419,3,1.4,8.3,1.2,16.2,0.2,0,7.4,2020
3912,Enes Kanter,Por,C,29.17,5,11.2,23.4,9.5,25.3,2,1,8,0.5,0,0,0.563,2,2.6,13.4,0,0,0,0.4,0,2020
3913,Alex Len,Was,C,28.1,5,8.4,17.6,17.9,5.5,7,0.571,14,0.571,0,0,0.585,4,2.2,14.2,0.4,7.2,0.2,0,7.2,2020
3914,Robin Lopez,Was,C,33.3,5,14.6,30.5,15.9,3.6,4,0.25,25,0.72,0,0,0.691,7.4,1.8,6.7,0,0,0,0.8,0,2020
3915,De'Anthony Melton,Mem,G,23.15,5,16.7,34.8,18.3,8.3,5,0.6,11,0.455,20,0.3,0.467,6.2,3.2,10.6,1,7.6,0.2,0.8,6.5,2020
3916,Ja Morant,Mem,G,21.95,5,40.5,84.4,30.8,11.5,40,0.775,82,0.549,31,0.323,0.578,30.2,4.8,6.6,8.2,31.2,0.4,0,10.5,2020
3917,Aaron Nesmith,Bos,G-F,21.76,5,15,31.2,11.8,9.6,2,1,4,0.25,14,0.286,0.424,3.2,2.6,10,0.2,1.8,0.2,0.2,3.2,2020
3918,Raul Neto,Was,G,29.17,5,22.5,46.8,13.8,2.7,5,0.8,19,0.421,15,0.267,0.442,6.4,2.2,5.3,1,6,0.4,0,4.3,2020
3919,Zeke Nnaji,Den,F-C,20.53,5,3.5,7.4,21.8,0,2,0.5,1,1,7,0.429,0.676,2.4,0.4,6.4,0.4,17.8,0.2,0,8.3,2020
3920,Nerlens Noel,Nyk,C-F,27.28,5,18.4,38.4,10.1,19,16,0.813,10,0.5,0,0,0.675,4.6,4,11.5,0.2,1.6,0.8,0.6,3.4,2020
3921,Reggie Perry,Bro,F-C,21.33,5,4.4,9.3,32.7,18.8,0,0,8,0.625,5,0.4,0.615,3.2,1.2,14.9,0.2,8.6,0.2,0,8.3,2020
3922,Payton Pritchard,Bos,G,23.48,5,13.5,28.1,13.1,14.4,2,1,7,0.429,10,0.3,0.475,3.4,2,8.6,2.4,25,0.4,0,7.5,2020
3923,Immanuel Quickley,Nyk,G,22.09,5,15.4,32.2,24.2,14.3,7,0.714,22,0.273,11,0.364,0.402,5.8,1.4,4.8,1,11,0.6,0,5.2,2020
3924,Julius Randle,Nyk,F-C,26.64,5,36.1,75.1,31.7,17.8,27,0.852,61,0.279,33,0.333,0.425,18,11.6,17,4,19.8,0.6,0,10.4,2020
3925,Derrick Rose,Nyk,G,32.79,5,35,72.9,24.3,8.3,9,1,67,0.478,17,0.471,0.551,19.4,4,6.1,5,29.3,0.4,0.2,8.3,2020
3926,Mike Scott,Phi,F,33.01,5,6.9,14.3,11.3,0,0,0,2,0,7,0.286,0.333,1.2,0.6,4.8,0.6,10.5,0.2,0.2,4.4,2020
3927,Marcus Smart,Bos,G,27.38,5,36.6,76.3,20.6,15.7,21,0.714,23,0.565,43,0.372,0.591,17.8,4.4,6.9,6,25.5,1,0.2,8.5,2020
3928,Ish Smith,Was,G,33.04,5,22.3,46.4,18,10.4,0,0,36,0.389,7,0.286,0.395,6.8,3.2,7.8,2.8,17.9,1.4,0.4,7.1,2020
3929,Jayson Tatum,Bos,F-G,23.38,5,37,77,33.3,8.9,49,0.918,75,0.44,36,0.389,0.577,30.6,5.8,9.1,4.6,22.8,1.2,1.6,10.1,2020
3930,Tristan Thompson,Bos,C-F,30.36,5,26.4,55.1,14.9,10.8,17,0.706,34,0.588,0,0,0.627,10.4,9.8,21.4,1,5.8,0.8,1.2,7.1,2020
3931,Obi Toppin,Nyk,F,23.38,5,13.1,27.2,19.5,10.5,6,0.833,14,0.643,9,0.333,0.624,6.4,2.6,10.5,0.4,5.7,0,0.2,5.7,2020
3932,Jonas Valanciunas,Mem,C,29.21,5,33.1,69,18.2,14,8,0.875,50,0.62,8,0.25,0.61,15,9.8,16.4,2.6,10.9,0.6,0.6,8.8,2020
3933,Russell Westbrook,Was,G,32.69,5,37.2,77.6,27.8,16.9,43,0.791,64,0.359,20,0.25,0.462,19,10.4,15.2,11.8,45.6,0.4,0.2,14.3,2020
3934,Grant Williams,Bos,F,22.64,5,11.4,23.7,11.4,6.5,3,1,8,0.5,5,0.4,0.594,3.4,2,10.2,0.8,10.1,0.2,0.8,6.2,2020
3935,Justin Jackson,Mil,F,26.32,5,3,6.2,17.4,16.7,0,0,3,1,2,0,0.6,1.2,0.4,7.2,0.2,10.1,0.2,0,6.1,2020
3936,Kris Dunn,Atl,G,27.34,5,6.6,13.7,14.5,37.2,4,1,4,0.25,1,0,0.444,1.2,1,8.3,1,19.5,0.4,0.4,6.4,2020
3937,Jordan Nwora,Mil,F,22.86,5,6.2,12.9,30.5,4.5,7,0.714,10,0.2,8,0.25,0.356,3,1.8,15.6,0.2,4.4,0,0.2,6.6,2020
3938,Abdel Nader,Pho,F,27.82,5,5.8,12,9.5,0,0,0,4,0.5,2,0,0.333,0.8,1,9.6,0,0,0,0,0,2020
3939,Bam Adebayo,Mia,C-F,24.01,4,34,70.7,23.8,14.9,13,0.769,57,0.456,0,0,0.494,15.5,9.3,13.3,4.3,23.9,1.25,0.5,10,2020
3940,Trevor Ariza,Mia,F,36.06,4,24,50,11.9,11.5,0,0,6,0.333,17,0.294,0.413,4.8,5.8,11.7,0.5,3.2,0.75,0.25,4,2020
3941,Davis Bertans,Was,F,28.69,4,26.5,55.2,12.3,3.2,7,1,4,0.75,23,0.348,0.615,9.3,2.8,5.7,0.3,1.3,0.25,0.5,3,2020
3942,Isaac Bonga,Was,G,21.7,4,2.4,4.9,22,0,0,0,2,0,3,0,0,0,0,0,0,0,0,0.25,0,2020
3943,Jimmy Butler,Mia,F,31.85,4,38.6,80.3,23.5,10.9,22,0.727,49,0.306,15,0.267,0.394,14.5,7.5,9.5,7,30.6,1.25,0.25,9.5,2020
3944,Dewayne Dedmon,Mia,C,31.94,4,14.3,29.8,20.1,22.9,5,0.8,15,0.6,3,0.333,0.619,6.3,4.5,15.3,0.8,9.7,0,0.5,7.9,2020
3945,Goran Dragic,Mia,G,35.21,4,29.2,60.8,24.6,9.2,12,0.75,28,0.5,26,0.346,0.54,16,1.8,2.9,2.8,18.2,1,0.5,5.9,2020
3946,Trent Forrest,Uta,G,23.11,4,2.4,4.9,18.7,0,0,0,4,0.5,0,0,0.5,1,0,0,0,0,0,0,0,2020
3947,Anthony Gill,Was,F,28.76,4,8.2,17.1,7.6,50,0,0,2,0,1,0,0,0,1,6.6,0,0,0,0,0,2020
3948,Montrezl Harrell,Lal,F-C,27.48,4,9.8,20.5,22.7,10,9,0.778,14,0.571,0,0,0.64,5.8,2.5,14.4,0,0,0.5,0,0,2020
3949,Tyler Herro,Mia,G,21.5,4,23.2,48.3,20.9,6.8,7,1,19,0.316,19,0.316,0.45,9.3,3.3,6.8,1.8,12.9,0.25,0.25,6.6,2020
3950,Talen Horton-Tucker,Lal,G,20.65,4,12.1,25.2,27,10.3,5,0.6,19,0.526,5,0.2,0.496,6.5,3.5,16.3,0.5,8.5,0.25,0,7.4,2020
3951,Andre Iguodala,Mia,G-F,37.48,4,17.8,37,9.9,31.3,0,0,4,0.75,7,0.429,0.682,3.8,3,8.2,1.3,11.1,1,0.5,5.5,2020
3952,Isaiah Joe,Phi,G,22.05,4,2.4,4.9,13.7,0,0,0,1,1,2,0,0.333,0.5,0,0,0.3,13.7,0,0,0,2020
3953,Romeo Langford,Bos,G-F,21.74,4,27.2,56.7,13.5,2.9,4,1,15,0.467,17,0.353,0.533,9,2.5,5.3,1.3,6.7,0.75,0.5,4.5,2020
3954,Boban Marjanovic,Dal,C,32.93,4,20.9,43.4,25.5,8.5,9,0.778,39,0.513,0,0,0.547,11.8,8,22.3,1,8.3,0,0.25,8.7,2020
3955,JaVale McGee,Den,C-F,33.5,4,8.5,17.6,17.6,7.3,6,0.333,8,0.375,2,0,0.316,2,3,20,0.8,11.5,0.25,1.25,7.9,2020
3956,Ben McLemore,Lal,G,28.44,4,8.9,18.6,12.5,10,0,0,3,0,6,0.333,0.333,1.5,1.8,11.1,0.3,4.2,0.25,0,4.2,2020
3957,Markieff Morris,Lal,F,31.88,4,9.5,19.8,16,14.7,6,0.667,5,0.2,4,0.25,0.387,2.3,1,5.9,0.8,11.9,0,0.25,5.2,2020
3958,Kendrick Nunn,Mia,G,25.97,4,23.3,48.5,22.1,6.4,2,1,25,0.48,18,0.278,0.467,10.3,1.5,3.1,1.5,12.1,0.5,0,4.9,2020
3959,Jabari Parker,Bos,F,26.35,4,14.8,30.8,21.8,19.7,8,0.75,16,0.688,5,0.4,0.693,8.5,3.8,14.6,0.5,5.8,0,0.75,6.8,2020
3960,Duncan Robinson,Mia,F,27.25,4,24.9,51.9,16.5,10.7,10,0.9,2,0.5,27,0.37,0.614,10.3,2.8,5.4,0.8,5,0.75,0,4.6,2020
3961,Axel Toupane,Mil,G-F,20,4,2.5,5.1,17.5,0,0,0,2,0.5,2,0.5,0.625,1.3,1,21.9,0,0,0,0,0,2020
3962,Cam Reddish,Atl,F-G,21.89,4,23,47.9,20.8,11.6,5,0.8,22,0.455,14,0.643,0.668,12.8,3.5,8.3,1.8,12.6,1.5,0.5,7.5,2020
3963,Precious Achiuwa,Mia,F,21.84,3,4.1,8.5,34.8,41,4,0.25,4,0.75,0,0,0.608,2.3,2,23.7,0,0,0,0.67,0,2020
3964,Will Barton,Den,G,30.54,3,27.7,57.7,25.5,8.2,4,1,22,0.545,21,0.333,0.547,16.3,4.3,8.8,2.7,15.3,0.67,0.33,8.3,2020
3965,Bol Bol,Den,C-F,21.68,3,2,4.1,7.4,0,0,0,0,0,1,0,0,0,0.3,9.6,0.7,39.5,0,0,0,2020
3966,Donte DiVincenzo,Mil,G,24.47,3,23.3,48.5,13.5,27.3,0,0,4,0.25,12,0.167,0.25,2.7,6.3,14.6,2.7,13.9,1,0.33,6.1,2020
3967,T.J. Leaf,Por,F,24.23,3,2.5,5.2,24.1,0,0,0,4,0.75,0,0,0.75,2,1,23.1,0,0,0,0,0,2020
3968,Nassir Little,Por,F-G,21.44,3,3,6.3,33.5,14.8,4,0.5,0,0,4,0.25,0.434,1.7,0.3,6.3,0,0,0,0.33,0,2020
3969,Garrison Mathews,Was,G,24.74,3,5.7,11.9,15.2,0,5,0.8,0,0,4,0,0.323,1.3,0.7,6.4,0,0,0,0,0,2020
3970,Nicolo Melli,Dal,F,30.48,3,6.4,13.3,9.5,0,0,0,2,0,2,0,0,0,2,18.2,0,0,0.33,0,0,2020
3971,Frank Ntilikina,Nyk,G,22.98,3,1.2,2.4,12.7,0,0,0,0,0,1,0,0,0,0,0,0,0,0,0,0,2020
3972,Paul Reed,Phi,F,22.1,3,3.5,7.3,16.4,0,0,0,4,0.5,0,0,0.5,1.3,2.7,41.8,0,0,0,0.33,0,2020
3973,Matt Thomas,Uta,G,26.96,3,2.3,4.8,12.8,0,0,0,2,0,0,0,0,0,0.3,8.4,0,0,0,0,0,2020
3974,Xavier Tillman,Mem,F,22.52,3,5.9,12.3,14.3,16.7,0,0,4,0.25,1,0,0.2,0.7,1,9.4,0.3,6.5,0.33,0,4,2020
3975,Gabe Vincent,Mia,G,25.1,3,4.7,9.9,12.4,25,0,0,1,1,2,0.5,0.833,1.7,0.3,3.4,0.7,24.5,0,0,6,2020
3976,Kemba Walker,Bos,G,31.2,3,30.3,63.1,24.9,15,10,0.9,24,0.417,17,0.176,0.419,12.7,4,7.6,4,20.1,0.33,0,7.8,2020
3977,Tremont Waters,Bos,G,23.53,3,2,4.1,52.5,27.3,3,0.667,2,0.5,2,0,0.376,1.3,0,0,0.7,53.8,0.33,0,0,2020
3978,Robert Williams III,Bos,C-F,23.76,3,15.2,31.7,14.7,6.3,2,0.5,14,0.643,0,0,0.638,6.3,5,19,0.7,7.3,0.33,3,7.4,2020
3979,Nemanja Bjelica,Mia,F,33.2,2,15.2,31.6,19.8,0,6,0.667,3,0.333,8,0.5,0.66,9,2.5,8,1,12,1,0.5,7.4,2020
3980,Keljin Blevins,Por,G,25.66,2,2,4.1,23.1,0,0,0,1,1,1,0,0.5,1,0,0,0,0,0,0,0,2020
3981,Jarrell Brantley,Uta,F,25.12,2,1.7,3.5,37.5,34.7,2,0.5,1,0,0,0,0.266,0.5,0.5,17.1,0,0,0,0,0,2020
3982,Trey Burke,Dal,G,28.69,2,8.3,17.3,21.5,0,2,0.5,4,0,3,0,0.063,0.5,0.5,3.5,0.5,7.4,0,0,2.4,2020
3983,Brandon Clarke,Mem,F-G,24.83,2,4.8,9.9,8.9,0,0,0,2,0.5,0,0,0.5,1,0.5,5.8,0,0,0,0.5,0,2020
3984,Jared Dudley,Lal,F,36.03,2,2.5,5.1,0,,0,0,0,0,0,0,,0,0,0,0,0,0,0,0,2020
3985,Carsen Edwards,Bos,G,23.36,2,2.7,5.6,23.5,0,0,0,1,1,2,0.5,0.833,2.5,0.5,10.7,0,0,0,0,0,2020
3986,CJ Elleby,Por,F-G,21.09,2,4,8.3,11.3,50,0,0,1,0,0,0,0,0,1.5,21.7,0.5,14.8,0,0,0,2020
3987,Langston Galloway,Pho,G,29.61,2,7.4,15.3,23.1,0,1,0,5,0.2,2,0,0.134,1,1,7.6,0.5,8.7,0,0.5,4.3,2020
3988,Chandler Hutchison,Was,F-G,25.23,2,9.1,19,15.8,14.5,2,1,5,0.4,0,0,0.51,3,1.5,9,0.5,7.5,0,0,5.8,2020
3989,Serge Ibaka,Lac,F,31.84,2,9.2,19.2,22.2,11.4,4,1,4,0.75,2,0,0.644,5,2,12.6,1,16.7,0.5,1.5,9.4,2020
3990,Derrick Jones Jr.,Por,F,24.43,2,5.3,10.9,21.5,0,0,0,3,0.667,2,0,0.4,2,0,0,0,0,0.5,0,0,2020
3991,Luke Kornet,Bos,F-C,26.02,2,2.7,5.6,14.7,0,2,0.5,1,1,0,0,0.798,1.5,1.5,32.1,0,0,0,0,0,2020
3992,Alfonzo McKinnie,Lal,F,28.84,2,5.9,12.2,11.5,0,0,0,1,0,2,0,0,0,0.5,4.8,0,0,0,0,0,2020
3993,Juwan Morgan,Uta,F,24.26,2,2.9,5.9,0,,0,0,0,0,0,0,,0,1,20.4,0.5,21.2,0,0,0,2020
3994,Semi Ojeleye,Bos,F,26.63,2,6,12.5,17.2,0,2,0.5,1,0,3,0,0.102,0.5,0,0,0,0,0.5,0.5,0,2020
3995,KZ Okpala,Mia,F-G,22.23,2,2.9,6,7.6,0,0,0,0,0,1,0,0,0,0,0,0,0,0,0,0,2020
3996,Elfrid Payton,Nyk,G,27.41,2,6.6,13.6,19.9,0,2,0.5,5,0,0,0,0.085,0.5,0,0,0.5,10.7,0.5,0,0,2020
3997,Max Strus,Mia,G-F,25.31,2,2.9,6,7.6,0,0,0,1,0,0,0,0,0,0,0,0,0,0,0,0,2020
3998,Udoka Azubuike,Uta,C-F,21.84,1,1.2,2.5,0,,0,0,0,0,0,0,,0,1,48.5,0,0,0,0,0,2020
3999,Tacko Fall,Bos,C,25.61,1,0.9,1.9,0,,0,0,0,0,0,0,,0,1,64.1,0,0,0,0,0,2020
4000,Harry Giles III,Por,F-C,23.25,1,3.6,7.5,50.1,75,0,0,1,0,0,0,0,0,3,48.1,0,0,0,0,0,2020
4001,Josh Green,Dal,G,20.67,1,4.2,8.8,0,,0,0,0,0,0,0,,0,0,0,0,0,0,0,0,2020
4002,Ersan Ilyasova,Uta,F,34.18,1,3.4,7.1,37.5,0,2,1,1,1,1,0,0.694,4,0,0,0,0,0,0,0,2020
4003,Kevin Knox II,Nyk,F,21.94,1,3.5,7.3,11.2,0,2,1,0,0,0,0,1.136,2,1,15.1,1,39.9,0,1,14.4,2020
4004,John Konchar,Mem,G,25.33,1,2.8,5.8,15.1,0,0,0,0,0,1,0,0,0,1,19.7,0,0,0,1,0,2020
4005,Anthony Tolliver,Phi,F,36.14,1,1.7,3.5,0,,0,0,0,0,0,0,,0,0,0,0,0,0,0,0,2020
4006,Rayjon Tucker,Phi,G,23.82,1,1.7,3.5,22.3,0,2,0.5,0,0,0,0,0.568,1,0,0,0,0,0,0,0,2020
4007,Justise Winslow,Mem,F-G,25.32,1,2.8,5.8,0,,0,0,0,0,0,0,,0,1,19.7,1,38.8,0,0,0,2020
4008,Cassius Winston,Was,G,23.39,1,5.5,11.5,38,40,0,0,2,0.5,1,0,0.333,2,2,19.8,1,27.4,0,0,11.5,2020
4009,Ty-Shon Alexander,Pho,G,23.01,1,1.3,2.7,35.1,0,0,0,1,1,0,0,1,2,0,0,0,0,0,0,0,2020
4010,Precious Achiuwa,Tor,F,22.56,73,23.6,49.2,18.5,11.3,131,0.595,447,0.468,156,0.359,0.503,9.1,6.5,14.9,1.1,6.9,0.51,0.56,6.8,2021
4011,Steven Adams,Mem,C,28.73,76,26.3,54.8,12,19.6,199,0.543,383,0.548,1,0,0.56,6.9,10,19.9,3.4,16.1,0.87,0.79,9.4,2021
4012,Bam Adebayo,Mia,C-F,24.73,56,32.6,67.9,25,14.4,340,0.753,723,0.562,6,0,0.608,19.1,10.1,17.5,3.4,17.5,1.43,0.79,10.7,2021
4013,Santi Aldama,Mem,F-C,21.25,32,11.2,23.4,18.5,9.9,32,0.625,84,0.56,48,0.125,0.452,4.1,2.7,12.6,0.7,7.7,0.19,0.31,7.1,2021
4014,LaMarcus Aldridge,Bro,C-F,36.73,47,22.3,46.5,22.4,8,102,0.873,412,0.578,46,0.304,0.604,12.9,5.5,13.4,0.9,6.3,0.3,1,7.2,2021
4015,Nickeil Alexander-Walker,Nor,G,23.61,50,26.3,54.9,24.8,11.2,97,0.722,327,0.434,305,0.311,0.474,12.8,3.3,6.9,2.8,16.1,0.82,0.38,7.5,2021
4016,Nickeil Alexander-Walker,Uta,G,23.61,15,9.9,20.7,17.9,13.1,12,0.917,15,0.4,33,0.303,0.497,3.5,1.5,8.4,1.1,15.5,0.33,0.27,7.2,2021
4017,Grayson Allen,Mil,G,26.51,66,27.3,57,15.2,6.7,74,0.865,180,0.533,389,0.409,0.609,11.1,3.4,6.5,1.5,7.6,0.7,0.27,5.6,2021
4018,Jarrett Allen,Cle,C,23.97,56,32.3,67.3,18.1,12.7,233,0.708,535,0.688,10,0.1,0.698,16.1,10.7,18.4,1.6,8.2,0.77,1.34,8.1,2021
4019,Jose Alvarado,Nor,G,24,54,15.4,32.2,18.4,11.2,53,0.679,184,0.538,110,0.291,0.52,6.1,1.9,6.6,2.8,26.9,1.31,0.13,8.3,2021
4020,Justin Anderson,Cle,F-G,28.39,3,15.5,32.4,11.2,17,4,0.75,2,1,6,0.333,0.666,4.3,2,7.1,2,17.4,0.33,0,6.7,2021
4021,Justin Anderson,Ind,F-G,28.39,13,20.7,43.2,15.8,6,15,0.8,34,0.559,53,0.245,0.475,6.8,3.1,8.3,2.1,13.6,0.54,0.46,6.8,2021
4022,Kyle Anderson,Mem,F-G,28.56,69,21.5,44.8,16.2,12.1,105,0.638,360,0.481,109,0.33,0.506,7.6,5.3,12.9,2.7,16.2,1.12,0.67,8.9,2021
4023,Giannis Antetokounmpo,Mil,F,27.35,67,32.9,68.5,34.9,12.2,766,0.722,1003,0.616,242,0.293,0.633,29.9,11.6,18.7,5.8,31.7,1.07,1.36,15.3,2021
4024,Thanasis Antetokounmpo,Mil,F,29.73,48,9.9,20.5,15.7,14.9,46,0.63,114,0.596,14,0.143,0.577,3.6,2.1,11.3,0.5,6.5,0.33,0.25,6.3,2021
4025,Carmelo Anthony,Lal,F,37.87,69,26,54.1,20.4,6.9,159,0.83,326,0.521,397,0.375,0.579,13.3,4.2,8.6,1,5.6,0.68,0.75,5.9,2021
4026,Cole Anthony,Orl,G,21.9,65,31.7,66,25.1,14.2,253,0.854,521,0.432,391,0.338,0.519,16.3,5.4,8.9,5.7,28.9,0.71,0.26,10,2021
4027,OG Anunoby,Tor,F,24.74,48,36,75,20.5,9.7,118,0.754,380,0.511,317,0.363,0.549,17.1,5.5,8.3,2.6,11,1.48,0.52,6.9,2021
4028,Ryan Arcidiacono,Nyk,G,28.04,10,7.6,15.9,8.6,20,0,0,3,0.667,9,0.444,0.667,1.6,0.8,5.6,0.4,7.5,0.1,0,4.2,2021
4029,Trevor Ariza,Lal,F,36.78,24,19.3,40.1,11,9.3,18,0.556,25,0.52,74,0.27,0.449,4,3.4,9.5,1.1,7.5,0.5,0.25,5.1,2021
4030,D.J. Augustin,Hou,G,34.42,34,15,31.2,16.4,22.8,38,0.868,40,0.4,96,0.406,0.596,5.4,1.2,4.4,2.2,20.5,0.29,0,6.5,2021
4031,D.J. Augustin,Lal,G,34.42,21,17.8,37.1,11.4,11.1,5,1,18,0.556,68,0.426,0.635,5.3,1.3,3.9,1.6,11.8,0.33,0.05,5,2021
4032,Deni Avdija,Was,F,21.27,82,24.2,50.4,16.3,12,136,0.757,320,0.525,259,0.317,0.536,8.4,5.2,11.8,2,11.8,0.72,0.54,7.3,2021
4033,Joel Ayayi,Was,G,22.1,7,2.9,6,13.2,0,0,0,5,0.2,1,0,0.167,0.3,0.4,8.2,0.6,25.1,0,0,5.7,2021
4034,Deandre Ayton,Pho,C,23.72,58,29.5,61.5,21.4,10.7,142,0.746,678,0.642,19,0.368,0.656,17.2,10.2,18.5,1.4,7.6,0.69,0.69,8.5,2021
4035,Udoka Azubuike,Uta,C-F,22.57,17,11.5,23.9,14.7,18.2,11,0.545,49,0.755,0,0,0.743,4.7,4.2,19.9,0,0,0.06,0.65,0,2021
4036,Marvin Bagley III,Sac,F,23.08,30,21.9,45.6,18.8,7.3,47,0.745,184,0.538,62,0.242,0.521,9.3,7.2,17.8,0.6,3.9,0.3,0.37,6.3,2021
4037,Marvin Bagley III,Det,F,23.08,18,27.2,56.7,21.2,7.4,54,0.593,165,0.624,35,0.229,0.585,14.6,6.8,13.6,1.1,6.9,0.72,0.39,7,2021
4038,LaMelo Ball,Cha,G,20.64,75,32.3,67.3,28.2,15.3,243,0.872,689,0.462,565,0.389,0.554,20.1,6.7,11,7.6,35.7,1.57,0.4,12.5,2021
4039,Lonzo Ball,Chi,G,24.46,35,34.6,72.2,17.3,17.2,28,0.75,123,0.423,260,0.423,0.575,13,5.4,8.8,5.1,20,1.83,0.89,8.2,2021
4040,Mo Bamba,Orl,C,23.92,71,25.7,53.5,17.2,10.5,73,0.781,337,0.561,281,0.381,0.581,10.6,8.1,16.6,1.2,7.4,0.54,1.68,7.3,2021
4041,Desmond Bane,Mem,G,23.8,76,29.8,62.1,23.1,8.7,155,0.903,578,0.484,523,0.436,0.592,18.2,4.4,7.7,2.7,13.5,1.21,0.38,8.1,2021
4042,Dalano Banton,Tor,F,22.43,64,10.9,22.6,16.9,19.3,44,0.591,151,0.464,51,0.255,0.463,3.2,1.9,9.7,1.5,19.8,0.42,0.16,7.7,2021
4043,Cat Barber,Atl,G,20,3,4.3,8.9,23.1,14.8,4,0,4,0,0,0,0,0,1,12.8,1,27.2,0,0,0,2021
4044,Harrison Barnes,Sac,F,29.86,77,33.6,70,18.8,10.5,413,0.826,473,0.526,360,0.394,0.623,16.4,5.6,9,2.4,10.5,0.69,0.18,7.2,2021
4045,Scottie Barnes,Tor,F,20.69,74,35.4,73.7,19,11.7,215,0.735,739,0.543,193,0.301,0.552,15.3,7.5,11.5,3.5,14.7,1.08,0.74,8.3,2021
4046,RJ Barrett,Nyk,F-G,21.82,70,34.5,71.9,27.6,9.9,406,0.714,790,0.442,404,0.342,0.511,20,5.8,9,3,14.9,0.61,0.23,8.2,2021
4047,Will Barton,Den,G,31.26,71,32.1,66.8,20.8,11.8,127,0.803,466,0.504,430,0.365,0.548,14.7,4.8,8.3,3.9,17.6,0.77,0.44,8.1,2021
4048,Charles Bassey,Phi,C-F,21.45,23,7.3,15.2,16.1,13.3,12,0.75,43,0.698,4,0,0.66,3,2.7,20.6,0.3,6.5,0.22,0.74,7.4,2021
4049,Paris Bass,Pho,F,26.62,2,3.7,7.7,51.7,22.5,2,1,4,0.5,2,0,0.436,3,2,28.9,0,0,0.5,0,0,2021
4050,Keita Bates-Diop,San,F,26.21,59,16.2,33.8,14.8,13.4,61,0.754,208,0.572,55,0.309,0.578,5.7,3.9,12.7,0.7,5.7,0.44,0.24,6.2,2021
4051,Nicolas Batum,Lac,G-F,33.32,59,24.8,51.6,13.3,9,38,0.658,117,0.607,270,0.4,0.608,8.3,4.3,9.1,1.7,9.7,1,0.71,6.3,2021
4052,Kent Bazemore,Lal,G-F,32.78,39,14,29.1,13.2,12.5,17,0.765,59,0.271,80,0.363,0.451,3.4,1.8,6.8,0.9,8.1,0.64,0.23,5,2021
4053,Darius Bazley,Okc,F-G,21.83,69,27.9,58.1,18.3,11.1,170,0.688,380,0.511,269,0.297,0.515,10.8,6.3,11.6,1.4,7.7,0.84,1.01,6.5,2021
4054,Bradley Beal,Was,G,28.79,40,36,74.9,30.8,13.6,203,0.833,561,0.508,210,0.3,0.539,23.2,4.7,7.3,6.6,30.8,0.9,0.38,10,2021
4055,Malik Beasley,Min,G,25.37,79,25,52.1,19.4,4.7,60,0.817,213,0.432,637,0.377,0.544,12.1,2.9,6.1,1.5,8.5,0.54,0.15,6,2021
4056,Jordan Bell,Chi,F,27.26,1,2,4.2,0,,0,0,0,0,0,0,,0,1,28.1,0,0,1,0,0,2021
4057,DeAndre' Bembry,Bro,G-F,27.77,48,19.8,41.2,11.7,11.6,35,0.6,177,0.599,36,0.417,0.609,5.8,3.2,8.7,1.3,8.5,0.98,0.52,5.8,2021
4058,DeAndre' Bembry,Mil,G-F,27.77,8,9.6,20.1,5,11.1,0,0,8,0.375,0,0,0.375,0.8,1.4,7.6,0.8,9.4,0.25,0,4,2021
4059,Davis Bertans,Was,F,29.41,34,14.7,30.7,17.6,7.1,30,0.933,27,0.519,144,0.319,0.527,5.7,1.8,6.7,0.5,4.4,0.32,0.18,4.7,2021
4060,Davis Bertans,Dal,F,29.41,22,13.9,28.9,16.7,4.4,10,0.8,18,0.444,86,0.36,0.54,5.3,2.5,10,0.7,7.1,0.27,0.27,6,2021
4061,Patrick Beverley,Min,G,33.75,58,25.4,53,16.1,12.9,133,0.722,194,0.485,242,0.343,0.539,9.2,4.1,8.7,4.6,24.5,1.16,0.9,8.8,2021
4062,Saddiq Bey,Det,F,23.01,82,33,68.7,21.3,7.1,254,0.827,526,0.454,610,0.346,0.529,16.1,5.4,8.8,2.8,13.8,0.89,0.2,7.6,2021
4063,Khem Birch,Tor,C,29.53,55,18,37.5,11.2,11.1,71,0.746,186,0.522,14,0,0.534,4.5,4.3,13.1,1,7.6,0.55,0.47,6,2021
4064,Goga Bitadze,Ind,C-F,22.73,50,14.6,30.4,19.9,13.6,94,0.681,172,0.628,80,0.288,0.595,7,3.5,13.5,1.1,11.2,0.42,0.84,8.2,2021
4065,Bismack Biyombo,Pho,C,29.62,36,14.1,29.3,17.1,12.4,71,0.535,145,0.593,0,0,0.596,5.8,4.6,17.7,0.6,6.2,0.33,0.72,7.1,2021
4066,Nemanja Bjelica,Gol,F,33.92,71,16.1,33.5,17.8,18.7,81,0.728,193,0.549,149,0.362,0.573,6.1,4.2,14,2.2,19.8,0.59,0.37,9.5,2021
4067,Eric Bledsoe,Lac,G,32.34,54,25.2,52.5,20.5,18.3,117,0.761,305,0.479,163,0.313,0.514,9.9,3.4,7,4.2,24.1,1.28,0.35,8.3,2021
4068,Keljin Blevins,Por,G,26.38,31,11.3,23.5,16.5,12.8,11,0.545,39,0.333,72,0.292,0.41,3.1,1.5,7.1,0.6,8.1,0.42,0.03,5,2021
4069,Bojan Bogdanovic,Uta,F,32.98,69,30.9,64.4,23.7,10.1,260,0.858,461,0.523,468,0.387,0.598,18.1,4.3,7.6,1.7,8.7,0.49,0.01,6.6,2021
4070,Bogdan Bogdanovic,Atl,G,29.64,63,29.3,61.1,21.6,7.7,115,0.843,335,0.516,459,0.368,0.562,15.1,4,7.4,3.1,15.5,1.08,0.22,7.8,2021
4071,Bol Bol,Den,C-F,22.4,13,6.2,12.9,17.6,12.4,3,0.667,23,0.609,4,0.25,0.583,2.5,1.5,13.8,0.4,9.1,0.08,0.15,7.4,2021
4072,Leandro Bolmaro,Min,F,21.58,35,6.9,14.3,12.6,17.9,13,0.846,36,0.333,18,0.278,0.419,1.4,1.2,9.5,0.6,11,0.17,0,5.8,2021
4073,Isaac Bonga,Tor,G,22.42,15,4.6,9.5,11.5,10.8,8,0.625,9,0.222,4,0.25,0.363,0.8,0.5,5.5,0.3,7.3,0.53,0.13,4.3,2021
4074,Devin Booker,Pho,G,25.44,68,34.5,71.8,32,9.3,363,0.868,943,0.508,478,0.383,0.576,26.8,5,7.8,4.8,22.4,1.13,0.38,10,2021
4075,Brandon Boston Jr.,Lac,G,20.37,51,14.9,31.1,22.4,8,72,0.819,214,0.425,111,0.306,0.481,6.7,2.2,7.6,1,10.1,0.51,0.25,6.6,2021
4076,Chris Boucher,Tor,F-C,29.25,80,21.1,44,17.8,6.1,193,0.777,348,0.575,229,0.297,0.57,9.4,6.2,15.8,0.3,2.2,0.6,0.94,4.9,2021
4077,James Bouknight,Cha,G,21.56,31,9.8,20.5,23.7,8.8,31,0.871,92,0.348,49,0.347,0.459,4.6,1.7,9,0.8,11.8,0.23,0.03,7.5,2021
4078,Avery Bradley,Lal,G,31.37,62,22.7,47.2,12.1,9.6,18,0.889,140,0.471,210,0.39,0.55,6.4,2.2,5.2,0.8,4.5,0.87,0.15,4,2021
4079,Tony Bradley,Chi,C-F,24.26,55,10,20.8,13.6,20,29,0.655,123,0.585,0,0,0.6,3,3.4,19.1,0.5,6.7,0.2,0.6,6.9,2021
4080,Ignas Brazdeikis,Orl,F,23.26,42,12.8,26.6,17.7,7.8,32,0.656,101,0.535,87,0.31,0.52,5,1.7,7.1,0.9,10.8,0.24,0.07,6.2,2021
4081,Miles Bridges,Cha,F,24.06,80,35.5,73.9,22.6,9.9,333,0.802,748,0.59,464,0.332,0.593,20.1,7,10.4,3.8,15.7,0.93,0.84,9.1,2021
4082,Mikal Bridges,Pho,F,25.61,82,34.8,72.5,15,6.8,157,0.834,546,0.628,311,0.37,0.627,14.2,4.2,6.5,2.3,8.7,1.17,0.44,5.9,2021
4083,Oshae Brissett,Ind,F-G,23.81,67,23.3,48.6,17.3,8.5,164,0.695,269,0.465,237,0.35,0.53,9.1,5.3,12.8,1.1,6.4,0.64,0.43,6.5,2021
4084,Malcolm Brogdon,Ind,G,29.33,36,33.5,69.8,24.6,11.1,167,0.856,357,0.518,186,0.312,0.557,19.1,5.1,8.6,5.9,26.9,0.86,0.39,9.9,2021
4085,Armoni Brooks,Hou,G,23.85,41,16.8,35.1,17.4,8.1,19,0.842,38,0.605,213,0.3,0.49,6.2,2,6.4,1.2,10.3,0.51,0.2,5.9,2021
4086,Armoni Brooks,Tor,G,23.85,13,11.8,24.6,11.9,9.3,2,1,2,0.5,36,0.278,0.437,2.6,1.7,7.8,1,11,0.54,0.23,5.6,2021
4087,Dillon Brooks,Mem,G-F,26.22,32,27.7,57.6,28.8,8,106,0.849,377,0.48,149,0.309,0.515,18.4,3.2,6,2.8,15.4,1.13,0.25,7.9,2021
4088,Chaundee Brown Jr.,Lal,G,23.35,2,10.3,21.5,16.7,12.5,0,0,4,0.25,3,0,0.143,1,1,5.2,0,0,0,0,0,2021
4089,Charlie Brown Jr.,Dal,G,24.19,3,5.1,10.7,14.6,0,0,0,2,0.5,3,0,0.2,0.7,0.3,3.6,0.3,8.7,0.67,0.33,3.1,2021
4090,Chaundee Brown Jr.,Atl,G,23.35,3,27.7,57.7,14.5,0,6,0.833,10,0.3,15,0.4,0.525,9.7,4.7,9.2,1.3,6.4,0.67,0,5.6,2021
4091,Charlie Brown Jr.,Phi,G,24.19,19,8.5,17.8,12,11.5,10,0.9,25,0.32,9,0.111,0.365,1.5,1.6,10.7,0.3,4.1,0.42,0.16,4.2,2021
4092,Greg Brown III,Por,F,20.61,48,13.3,27.8,17.2,14.1,65,0.677,129,0.481,61,0.311,0.515,4.7,2.8,11.6,0.7,8.1,0.52,0.5,6.3,2021
4093,Troy Brown Jr.,Chi,G-F,22.7,66,16,33.3,12.3,8.8,26,0.769,125,0.488,133,0.353,0.525,4.3,3.1,10.8,1,8.2,0.53,0.08,5.9,2021
4094,Bruce Brown,Bro,G-F,25.65,72,24.6,51.3,15,9.1,128,0.758,412,0.529,94,0.404,0.575,9,4.8,10.6,2.1,11.5,1.07,0.72,7.3,2021
4095,Jaylen Brown,Bos,G-F,25.46,66,33.6,70.1,30.5,11.6,318,0.758,753,0.544,464,0.358,0.574,23.6,6.1,9.8,3.5,17.9,1.05,0.27,9.5,2021
4096,Moses Brown,Dal,C,22.49,26,6.5,13.5,22.1,16.9,43,0.628,50,0.54,0,0,0.588,3.1,2.3,20.1,0,0.9,0.12,0.35,0,2021
4097,Moses Brown,Cle,C,22.49,14,12.5,26.1,19.3,7.8,29,0.552,58,0.638,0,0,0.636,6.4,5.3,23.3,0,0,0.29,0.57,0,2021
4098,Sterling Brown,Dal,G-F,27.16,49,12.8,26.7,13.2,12.5,15,0.933,63,0.492,92,0.304,0.495,3.3,3,13.2,0.7,7.5,0.29,0.14,6,2021
4099,Jalen Brunson,Dal,G,25.61,79,31.9,66.6,21.9,10.1,213,0.84,756,0.545,252,0.373,0.583,16.3,3.9,6.8,4.8,24.3,0.84,0.04,8.4,2021
4100,Thomas Bryant,Was,C-F,24.7,27,16.3,33.9,18.7,10.3,40,0.875,106,0.613,42,0.286,0.607,7.4,4,13.6,0.9,7.9,0.22,0.78,7.3,2021
4101,Shaq Buchanan,Mem,G,20,2,4.9,10.2,25.1,33.3,0,0,2,0.5,2,0,0.25,1,1,10.6,1,25.5,0.5,0,8.2,2021
4102,Reggie Bullock,Dal,G-F,31.07,68,28,58.3,13.3,7.1,48,0.833,109,0.55,392,0.36,0.558,8.6,3.5,7,1.2,6.1,0.6,0.21,4.7,2021
4103,Trey Burke,Dal,G,29.41,42,10.5,21.9,25.6,10.4,23,0.87,133,0.436,82,0.317,0.475,5.1,0.8,4.2,1.4,20.7,0.29,0,6.8,2021
4104,Alec Burks,Nyk,G,30.73,81,28.6,59.6,17.7,9.7,264,0.822,339,0.378,389,0.404,0.559,11.7,4.9,9.1,3,15.7,1.05,0.32,7.8,2021
4105,Jared Butler,Uta,G,21.63,42,8.6,17.8,23.1,17.3,16,0.688,63,0.524,88,0.318,0.509,3.8,1.1,6.8,1.5,26,0.4,0.19,8.6,2021
4106,Jimmy Butler,Mia,F,32.57,57,33.9,70.6,26.5,10.5,455,0.87,714,0.52,116,0.233,0.592,21.4,5.9,9.9,5.5,26.4,1.65,0.47,10.4,2021
4107,Devontae Cacok,San,F,25.51,15,8.1,16.8,12.9,8.1,7,0.571,31,0.677,0,0,0.675,3.1,2.8,18.2,0.4,6.9,0.53,0.47,7.5,2021
4108,Kentavious Caldwell-Pope,Was,G,29.14,77,30.2,63,19,9.8,154,0.89,422,0.479,408,0.39,0.567,13.2,3.4,6.2,1.9,9.1,1.08,0.34,5.8,2021
4109,Facundo Campazzo,Den,G,31.05,65,18.2,38,14.7,16.9,78,0.769,103,0.476,193,0.301,0.503,5.1,1.8,5.5,3.4,24.1,0.97,0.35,6.9,2021
4110,Vlatko Cancar,Den,F,25,15,11.8,24.5,14,16,14,0.643,29,0.552,12,0.583,0.657,4.1,2.1,9.8,1.1,13.2,0.13,0.2,7.2,2021
4111,Devin Cannady,Orl,G,25.89,5,28.9,60.2,15.6,9.6,7,0.714,7,0,37,0.405,0.531,10,1.2,2.2,2,10,1,0.6,4,2021
4112,Clint Capela,Atl,C,27.9,74,27.6,57.5,15.5,6.1,169,0.473,603,0.614,1,0,0.604,11.1,11.9,23.5,1.2,6.6,0.76,1.26,7.8,2021
4113,Vernon Carey Jr.,Cha,F-C,21.12,4,4.2,8.8,20.9,12,3,0.667,6,0.5,0,0,0.546,2,1.3,15.7,0,0,0.25,0,0,2021
4114,Vernon Carey Jr.,Was,F-C,21.12,3,9.1,19,21.8,14.9,10,0.4,7,0.571,0,0,0.526,4,2.3,14.2,0,0,0.33,0.33,0,2021
4115,Wendell Carter Jr.,Orl,C-F,22.99,62,29.9,62.2,20.9,13.1,207,0.691,470,0.615,214,0.327,0.601,15,10.4,18.4,2.8,15.4,0.58,0.69,10.2,2021
4116,Jevon Carter,Bro,G,26.57,46,12,25,15.9,12.7,10,0.7,47,0.34,127,0.331,0.462,3.6,1.5,6.6,1,10.9,0.3,0.22,5.8,2021
4117,Jevon Carter,Mil,G,26.57,20,17.7,36.8,10.9,8.8,8,1,36,0.444,43,0.558,0.679,5.6,2.2,6.5,2.5,18.8,0.5,0.2,7.1,2021
4118,Alex Caruso,Chi,G,28.12,41,28,58.3,13.3,16.5,73,0.795,130,0.462,126,0.333,0.528,7.4,3.6,7.3,4,18.5,1.73,0.37,6.8,2021
4119,Willie Cauley-Stein,Dal,C,28.65,18,9.8,20.5,10.9,16.3,2,0.5,33,0.455,2,0.5,0.474,1.9,2.1,11.9,0.5,7,0.33,0.17,5.1,2021
4120,Willie Cauley-Stein,Phi,C,28.65,2,2.9,5.9,0,,0,0,0,0,0,0,,0,1,19.6,0.5,21.5,0,0,0,2021
4121,Ahmad Caver,Ind,G,20,1,0.9,1.9,47.5,0,0,0,1,1,0,0,1,2,0,0,0,0,0,0,0,2021
4122,Justin Champagnie,Tor,G-F,20.78,36,7.8,16.3,12,10.1,9,1,39,0.538,28,0.357,0.571,2.3,2,13.9,0.3,5.4,0.22,0.11,5.7,2021
4123,Zylan Cheatham,Uta,F,26.4,1,5.2,10.8,25.1,0,0,0,1,0,2,0,0,0,0,0,0,0,0,0,0,2021
4124,Chris Chiozza,Gol,G,26.39,34,10.9,22.8,13.4,28,3,0.667,28,0.25,53,0.321,0.407,2,1.1,5.2,1.9,22.5,0.38,0,5.9,2021
4125,Marquese Chriss,Dal,F,24.78,34,10.2,21.2,21.6,10.3,33,0.667,109,0.495,25,0.32,0.518,4.5,3,16.6,0.5,7.7,0.38,0.35,7.4,2021
4126,Josh Christopher,Hou,G,20.34,74,18,37.5,21.1,17.2,113,0.735,311,0.54,189,0.296,0.534,7.9,2.5,7.6,2,17.3,0.91,0.18,7.6,2021
4127,Brandon Clarke,Mem,F,25.56,64,19.5,40.6,17.7,6.3,130,0.654,425,0.666,22,0.227,0.66,10.4,5.3,14.3,1.3,10.3,0.59,1.06,8.5,2021
4128,Gary Clark,Nor,F,27.4,38,10,20.7,11.5,9.9,10,0.7,18,0.278,69,0.406,0.553,2.7,2.4,13.2,0.5,6.4,0.34,0.18,5.9,2021
4129,Jordan Clarkson,Uta,G,29.84,79,27.1,56.5,26.8,9.8,174,0.828,516,0.535,597,0.318,0.532,16,3.5,7,2.5,14.5,0.84,0.2,7.7,2021
4130,Nic Claxton,Bro,F-C,22.98,47,20.7,43.2,15.1,11.1,93,0.581,264,0.674,0,0,0.672,8.7,5.6,14.8,0.9,6.4,0.51,1.09,6.8,2021
4131,Amir Coffey,Lac,G-F,24.82,69,22.7,47.3,15.8,8,117,0.863,212,0.542,254,0.378,0.598,9,2.9,6.6,1.8,11.4,0.55,0.22,6.4,2021
4132,John Collins,Atl,F-C,24.55,54,30.8,64.1,20.5,7.7,169,0.793,468,0.588,176,0.364,0.61,16.2,7.8,13.9,1.8,8.9,0.61,1.04,7.9,2021
4133,Zach Collins,San,F-C,24.39,28,17.9,37.4,19.2,19.7,65,0.8,114,0.544,41,0.341,0.594,7.8,5.5,16,2.2,16.3,0.5,0.79,10.2,2021
4134,Darren Collison,Lal,G,34.63,3,12.4,25.8,9.3,12.5,0,0,4,0.5,3,0,0.286,1.3,1.3,5.8,0.7,6.7,0.33,0,3.4,2021
4135,Mike Conley,Uta,G,34.5,72,28.6,59.6,20.9,12.5,162,0.796,377,0.464,414,0.408,0.572,13.7,3,5.8,5.3,27.7,1.33,0.29,8.4,2021
4136,Pat Connaughton,Mil,G,29.26,65,26,54.2,14,6.3,54,0.833,126,0.643,370,0.395,0.62,9.9,4.2,8.6,1.3,6.6,0.89,0.23,5.8,2021
4137,Tyler Cook,Chi,F,24.55,20,10,20.8,13,11.8,32,0.656,38,0.605,0,0,0.643,3.4,2.7,14.9,0.2,2,0.2,0.2,4.9,2021
4138,Sharife Cooper,Atl,G,20.83,13,3,6.2,21.5,26.3,0,0,8,0.25,6,0.167,0.25,0.5,0.4,7.1,0.4,16.5,0,0,5.7,2021
4139,Petr Cornelie,Den,F,26.71,13,2.9,6.1,24,19.3,4,0.75,7,0.571,8,0.125,0.418,1.1,1.1,20.6,0.2,10.8,0.08,0.08,8.6,2021
4140,DeMarcus Cousins,Mil,C,31.66,17,16.9,35.1,22.4,10.6,38,0.816,70,0.6,48,0.271,0.572,9.1,5.8,18.1,1.1,9.3,0.94,0.47,9.2,2021
4141,DeMarcus Cousins,Den,C,31.66,31,13.9,28.9,31.9,22,87,0.736,132,0.53,74,0.324,0.565,8.9,5.5,22.3,1.7,19.1,0.61,0.42,12.6,2021
4142,Robert Covington,Por,F,31.32,48,29.8,62.1,12.4,14.2,36,0.833,106,0.462,230,0.343,0.519,7.6,5.7,10.5,1.4,6.7,1.54,1.31,5.3,2021
4143,Robert Covington,Lac,F,31.32,23,22.1,46.1,16.7,8.8,33,0.848,53,0.604,109,0.45,0.677,10.4,5.1,12,1,7,1.22,1.22,6.8,2021
4144,Torrey Craig,Ind,F,31.31,51,20.3,42.2,13.9,11.6,35,0.771,143,0.573,138,0.333,0.555,6.5,3.8,10.5,1.1,7.7,0.47,0.37,5.9,2021
4145,Torrey Craig,Pho,F,31.31,27,20.8,43.4,15,14.3,17,0.706,64,0.641,96,0.323,0.558,6.9,4.3,11,1.2,7.5,0.81,0.63,6.3,2021
4146,Jae Crowder,Pho,F,31.77,67,28.1,58.6,14.6,8.6,90,0.789,179,0.503,365,0.348,0.541,9.4,5.3,10.1,1.9,8.3,1.42,0.45,6.5,2021
4147,Jarrett Culver,Mem,G-F,23.14,37,9.1,19,20.6,11.8,34,0.471,88,0.443,47,0.255,0.433,3.5,1.3,7.4,0.9,13,0.54,0.14,7,2021
4148,Jarron Cumberland,Por,G,24.55,3,4.1,8.5,7,0,0,0,1,1,1,0,0.5,0.7,1,13.4,0.3,11.3,0,0,5.8,2021
4149,Cade Cunningham,Det,G,20.54,64,32.6,68,27.5,17.5,168,0.845,668,0.472,363,0.314,0.504,17.4,5.5,9.2,5.6,29.1,1.22,0.67,10,2021
4150,Seth Curry,Phi,G,31.63,45,34.8,72.5,18.5,13,73,0.877,278,0.561,250,0.4,0.603,15,3.4,5.4,4,17.7,0.8,0.24,6.8,2021
4151,Seth Curry,Bro,G,31.63,19,29.9,62.3,18.5,10.2,21,0.857,87,0.529,124,0.468,0.645,14.9,2.6,4.7,2.6,12.5,0.95,0.16,6.2,2021
4152,Stephen Curry,Gol,G,34.07,64,34.6,72,30.8,13.2,298,0.923,474,0.527,750,0.38,0.601,25.5,5.2,8.2,6.3,30.4,1.33,0.36,10.9,2021
4153,Anthony Davis,Lal,F-C,29.09,40,35.1,73.1,27.1,9.3,244,0.713,625,0.571,70,0.186,0.578,23.2,9.9,15,3.1,14.7,1.23,2.25,10.2,2021
4154,Ed Davis,Cle,C-F,32.85,31,6.5,13.5,6,18.4,14,0.429,16,0.688,0,0,0.632,0.9,2.1,17.6,0.2,4.5,0.1,0.29,4.4,2021
4155,Terence Davis,Sac,G,24.9,30,17.9,37.2,25.6,10.3,44,0.818,118,0.542,149,0.329,0.543,10.4,3.1,9.5,1.3,11.9,0.83,0.37,7.8,2021
4156,Gabriel Deck,Okc,F,27.17,7,7.9,16.5,12.4,12.5,0,0,10,0.6,4,0.5,0.643,2.6,0.9,5.5,0.7,13.9,0.14,0,6,2021
4157,Dewayne Dedmon,Mia,C,32.66,67,15.9,33.1,16.9,17.3,100,0.75,243,0.597,47,0.404,0.632,6.3,5.7,20.5,0.7,6.7,0.36,0.63,7.4,2021
4158,Sam Dekker,Tor,F,27.93,1,0.9,1.9,0,,0,0,0,0,0,0,,0,0,0,0,0,0,0,0,2021
4159,Javin DeLaurier,Mil,C,20,1,2.8,5.8,0,,0,0,0,0,0,0,,0,1,18.9,0,0,1,0,0,2021
4160,DeMar DeRozan,Chi,G-F,32.68,76,36.1,75.2,31.8,9.2,593,0.877,1393,0.52,142,0.352,0.59,27.9,5.2,8,4.9,23.3,0.89,0.32,9.9,2021
4161,Mamadi Diakite,Okc,F,25.22,13,14.4,30.1,13.3,10.4,11,0.545,42,0.595,5,0,0.54,4.3,4.5,15.9,0.2,1.6,0.38,0.69,4.4,2021
4162,Cheick Diallo,Det,F-C,25.57,3,10.2,21.3,16.3,8.6,6,0.833,8,0.375,0,0,0.517,3.7,4,21.2,0,0,0.33,0,0,2021
4163,Hamidou Diallo,Det,G,23.7,58,21.9,45.6,21.8,9,140,0.65,433,0.55,93,0.247,0.541,11,4.8,11.8,1.3,9.8,1.22,0.29,7.5,2021
4164,Gorgui Dieng,Atl,C,32.23,44,8.4,17.6,16.9,13.9,26,0.731,44,0.545,68,0.426,0.624,3.5,2.8,17.8,0.8,12.7,0.25,0.3,9.5,2021
4165,Spencer Dinwiddie,Was,G,29.01,44,30.2,63,21,11.6,143,0.811,266,0.432,226,0.31,0.501,12.6,4.7,8.6,5.8,27.5,0.61,0.16,9.3,2021
4166,Spencer Dinwiddie,Dal,G,29.01,23,28.3,58.9,22.3,9.6,109,0.725,139,0.568,104,0.404,0.624,15.8,3.2,6.2,3.9,22,0.74,0.26,8.2,2021
4167,Donte DiVincenzo,Mil,G,25.19,17,20.1,41.8,19.8,17.7,27,0.852,44,0.409,74,0.284,0.47,7.2,3.5,9.3,1.7,11.3,0.65,0.18,7,2021
4168,Donte DiVincenzo,Sac,G,25.19,25,26.6,55.4,18.5,15.4,56,0.839,74,0.351,144,0.368,0.532,10.3,4.4,9,3.6,18.6,1.48,0.2,8.2,2021
4169,Luka Doncic,Dal,F-G,23.12,65,35.4,73.7,37.4,15.3,489,0.744,834,0.528,569,0.353,0.571,28.4,9.1,14.3,8.7,46,1.15,0.55,14.8,2021
4170,Luguentz Dort,Okc,G,22.98,51,32.7,68,23.3,9.8,191,0.843,335,0.487,391,0.332,0.541,17.2,4.2,6.5,1.7,8.6,0.9,0.35,6.1,2021
4171,Ayo Dosunmu,Chi,G,22.23,77,27.4,57.1,14.1,15.9,78,0.679,349,0.596,186,0.376,0.596,8.8,2.8,5.7,3.3,16.5,0.79,0.38,6.3,2021
4172,Damyean Dotson,Nyk,G,27.93,2,10.3,21.5,8.5,0,0,0,3,0.667,1,0,0.5,2,1,5.2,0.5,7.1,0,0,3.9,2021
4173,Devon Dotson,Chi,G,22.69,11,7.7,16.1,16.5,15.6,9,0.556,14,0.643,9,0.222,0.538,2.6,0.8,5.9,1.4,23.9,0.09,0,7.4,2021
4174,Sekou Doumbouya,Lal,F,21.3,2,8.2,17.1,30.9,17,4,0.75,6,0.667,2,0.5,0.717,7,3,19.6,0,0,1.5,1,0,2021
4175,Jeff Dowtin,Gol,G,24.92,4,6.9,14.4,11,14.3,0,0,5,0.6,1,0,0.5,1.5,1.8,13.7,0.8,14.8,0,0.25,7.5,2021
4176,Jeff Dowtin,Mil,G,24.92,1,3,6.3,14.2,0,0,0,0,0,1,0,0,0,0,0,0,0,0,0,0,2021
4177,Jeff Dowtin,Orl,G,24.92,4,19.3,40.3,13.4,16.8,2,1,12,0.333,7,0.143,0.327,3.3,2.8,7.5,1.8,12.4,1.25,0,5.3,2021
4178,P.J. Dozier,Den,G-F,25.46,18,18.9,39.4,15.2,11,13,0.769,51,0.412,48,0.313,0.463,5.4,3.5,10.3,1.6,11.3,0.61,0.33,6.6,2021
4179,Goran Dragic,Tor,G,35.93,5,18,37.4,18.8,2.5,10,1,20,0.45,14,0.286,0.521,8,2.8,8.4,1.8,14.4,1,0.2,7.6,2021
4180,Goran Dragic,Bro,G,35.93,16,25.5,53.1,16.9,20.6,23,0.739,68,0.471,49,0.245,0.46,7.3,3.2,6.8,4.8,24.7,0.88,0.19,7.6,2021
4181,Andre Drummond,Phi,C,28.67,49,18.4,38.4,17.6,22.4,82,0.512,236,0.542,2,0,0.544,6.1,8.8,26.8,2,16,1.16,0.92,10.3,2021
4182,Andre Drummond,Bro,C,28.67,24,22.3,46.4,21.5,13.5,82,0.537,194,0.613,1,0,0.61,11.8,10.3,25.3,1.4,9.8,0.88,1,9.9,2021
4183,Chris Duarte,Ind,G,24.83,55,28,58.4,21.1,11.8,112,0.804,366,0.475,255,0.369,0.537,13.1,4.1,8.2,2.1,10.9,1.02,0.18,6.9,2021
4184,David Duke Jr.,Bro,G,22.49,22,15.5,32.3,15.9,7.1,21,0.81,71,0.423,37,0.243,0.444,4.7,3,10.7,0.8,6.6,0.64,0.32,5.8,2021
4185,Kris Dunn,Por,G,28.07,14,24,50.1,18.3,22.5,18,0.944,91,0.473,11,0.091,0.482,7.6,3.5,8,5.6,35,1.64,0.21,8.8,2021
4186,Kevin Durant,Bro,F,33.53,55,37.2,77.6,31.2,12.9,409,0.91,815,0.568,300,0.383,0.634,29.9,7.4,10.8,6.4,29.1,0.87,0.95,12.1,2021
4187,Jaime Echenique,Was,C,24.96,1,3.1,6.5,0,,0,0,0,0,0,0,,0,0,0,0,0,0,0,0,2021
4188,Anthony Edwards,Min,G,20.68,72,34.3,71.4,26.4,12.3,280,0.786,642,0.52,602,0.357,0.561,21.3,4.8,7.4,3.8,17.4,1.46,0.64,8.5,2021
4189,Carsen Edwards,Det,G,24.08,4,19.8,41.3,19.2,14.1,1,1,14,0.357,16,0.25,0.378,5.8,1.5,4.1,3.5,26.1,0.5,0,6.3,2021
4190,Kessler Edwards,Bro,F,21.67,48,20.6,42.9,13.8,13.2,19,0.842,131,0.473,136,0.353,0.516,5.9,3.6,9.5,0.6,4.1,0.6,0.5,4.5,2021
4191,Rob Edwards,Okc,G,25.22,2,5.5,11.4,19.8,20,0,0,0,0,4,0.25,0.375,1.5,1.5,14.1,0,0,0,0,0,2021
4192,CJ Elleby,Por,F-G,21.82,58,20.2,42.2,14.8,14,84,0.714,182,0.462,126,0.294,0.491,5.8,3.9,10.6,1.5,10.6,0.6,0.33,6.4,2021
4193,Wayne Ellington,Lal,G,34.37,43,18.8,39.3,13.9,7.3,11,0.818,26,0.615,211,0.389,0.593,6.7,1.8,5.1,0.7,5,0.53,0.12,4.3,2021
4194,Joel Embiid,Phi,C-F,28.07,68,33.8,70.4,37.2,11.3,803,0.814,1083,0.529,251,0.371,0.616,30.6,11.7,19.4,4.2,23.6,1.13,1.47,13.6,2021
4195,James Ennis III,Bro,F,31.78,2,6.9,14.3,22,0,0,0,5,0.2,2,0.5,0.357,2.5,2.5,19.9,0,0,0.5,0.5,0,2021
4196,James Ennis III,Lac,F,31.78,2,14.1,29.3,21.5,7.3,4,1,7,0.714,4,0.5,0.784,10,2.5,9.3,0,0,0.5,0.5,0,2021
4197,James Ennis III,Den,F,31.78,3,4.6,9.7,23.5,13.4,1,0,4,0.5,2,0,0.311,1.3,0.7,8,1,30,0,0,8.4,2021
4198,Drew Eubanks,San,F-C,25.19,49,12.1,25.3,17,19.2,79,0.747,151,0.55,8,0.125,0.588,4.7,4,17.3,1,11.2,0.27,0.61,8.8,2021
4199,Drew Eubanks,Por,F-C,25.19,22,29.5,61.6,18,13,51,0.784,197,0.675,15,0.267,0.678,14.5,8.5,15.7,1.6,9.1,0.82,0.45,7.9,2021
4200,Tacko Fall,Cle,C,26.34,11,5.3,11.1,13.6,16.6,7,0.286,12,0.417,0,0,0.398,1.1,2.1,21.6,0.2,4.6,0,0.55,5.8,2021
4201,Derrick Favors,Okc,F,30.74,39,16.7,34.9,13.4,4.5,25,0.64,166,0.554,16,0.125,0.534,5.3,4.7,14.5,0.6,5.9,0.44,0.31,5.9,2021
4202,Bruno Fernando,Bos,F-C,23.66,20,2.9,6.1,16,23.6,5,0.8,13,0.462,1,1,0.586,1,0.8,13.9,0.2,9.6,0,0.15,7.5,2021
4203,Bruno Fernando,Hou,F-C,23.66,10,9.4,19.6,26.2,15.4,19,0.579,40,0.725,1,0,0.699,6.9,4,23.3,0.3,6.2,0.1,0.8,8.6,2021
4204,Dorian Finney-Smith,Dal,F,28.94,80,33,68.8,13.8,9.9,83,0.675,257,0.599,435,0.395,0.604,11,4.7,7.9,1.9,8.2,1.1,0.49,5.6,2021
4205,Malik Fitts,Uta,F,20,7,5,10.4,13.7,18.2,0,0,5,0,4,0.5,0.333,0.9,1.4,15.7,0,0,0,0,0,2021
4206,Malik Fitts,Bos,F,20,8,3.5,7.3,15.8,0,0,0,4,0.75,6,0.5,0.75,1.9,0.9,13.6,0.6,28.7,0,0,11.5,2021
4207,Malachi Flynn,Tor,G,23.92,44,12.2,25.4,16.5,6.3,24,0.625,93,0.452,90,0.333,0.488,4.3,1.4,6.4,1.6,18.5,0.45,0.09,7,2021
4208,Bryn Forbes,San,G,28.72,40,16.9,35.2,21.9,9.4,49,0.898,145,0.448,151,0.417,0.572,9.1,1.6,4.9,1,8.6,0.43,0.08,5.8,2021
4209,Bryn Forbes,Den,G,28.72,35,17.4,36.3,20.3,8.1,38,0.921,99,0.444,144,0.41,0.578,8.6,0.9,2.7,1,8,0.23,0.06,4.5,2021
4210,Aleem Ford,Orl,F,20,5,14.7,30.6,14.1,16.7,0,0,5,0.8,15,0.133,0.35,2.8,3,10.8,0.4,3.8,0.2,0,4.1,2021
4211,Trent Forrest,Uta,G,23.83,60,12.8,26.6,12.8,21.4,48,0.792,128,0.555,27,0.185,0.554,3.3,1.7,7.1,1.8,18.6,0.5,0.1,6.8,2021
4212,Evan Fournier,Nyk,G-F,29.45,80,29.5,61.4,20.8,9.4,113,0.708,346,0.465,619,0.389,0.554,14.1,2.6,4.7,2.1,11.9,0.99,0.25,5.8,2021
4213,De'Aaron Fox,Sac,G,24.31,59,35.3,73.6,29.1,11.9,348,0.75,843,0.524,249,0.297,0.549,23.2,3.9,6,5.6,26.8,1.15,0.42,9,2021
4214,Melvin Frazier Jr.,Okc,G-F,25.61,3,39.9,83.1,19.5,5.5,7,0.714,27,0.444,21,0.048,0.313,10.7,4.3,5.6,0.3,1.2,0.33,0,2.4,2021
4215,Tim Frazier,Orl,G,31.44,10,20,41.6,13,21.7,9,0.556,26,0.269,17,0.353,0.394,3.7,1.9,5,3.3,22.7,0.3,0.1,5.7,2021
4216,Tim Frazier,Cle,G,31.44,2,4.1,8.4,21.8,50,0,0,2,0.5,0,0,0.5,1,0,0,0.5,17.6,0,0,0,2021
4217,Enes Freedom,Bos,C,29.89,35,11.8,24.5,13.8,15.5,28,0.857,92,0.533,5,0.4,0.585,3.7,4.6,21,0.2,2.7,0.14,0.4,5.1,2021
4218,Markelle Fultz,Orl,G,23.87,18,20,41.6,27.5,17.5,31,0.806,158,0.5,17,0.235,0.517,10.8,2.7,7.2,5.5,48.9,1.11,0.28,10.9,2021
4219,Wenyen Gabriel,Bro,F,25.04,1,1.3,2.7,0,,0,0,0,0,0,0,,0,1,41.9,0,0,0,0,0,2021
4220,Wenyen Gabriel,Lac,F,25.04,6,7.7,16.1,16.9,16.9,4,0.5,8,0.375,5,0.4,0.474,2.3,2.3,15.8,0.3,6,0.17,0.33,6.1,2021
4221,Wenyen Gabriel,Lal,F,25.04,19,16.4,34.1,17.5,10.3,38,0.605,74,0.581,23,0.261,0.558,6.7,4.3,14.1,0.6,5.5,0.21,0.47,6.3,2021
4222,Daniel Gafford,Was,F-C,23.53,72,20.1,41.8,16.7,12,153,0.699,409,0.697,1,0,0.709,9.4,5.7,15.6,0.9,7.3,0.42,1.38,7.2,2021
4223,Danilo Gallinari,Atl,F,33.67,66,25.3,52.8,18.4,5.4,156,0.904,303,0.485,294,0.381,0.579,11.7,4.7,10.1,1.5,8.5,0.42,0.18,6.9,2021
4224,Langston Galloway,Bro,G,30.34,4,14.6,30.3,13.3,27.8,0,0,5,0.6,8,0.25,0.462,3,2,7.5,1.3,10.9,0,0,5.4,2021
4225,Langston Galloway,Mil,G,30.34,3,16.2,33.7,12.3,7.1,0,0,5,0.2,8,0,0.077,0.7,3.3,10.9,2.3,17,0.33,0,4.3,2021
4226,Darius Garland,Cle,G,22.21,68,35.7,74.4,27.8,16.2,241,0.892,719,0.512,454,0.383,0.576,21.7,3.3,5.1,8.6,39.9,1.31,0.1,9.5,2021
4227,Marcus Garrett,Mia,G,23.42,12,10.7,22.3,8.8,7.9,5,0.4,17,0.235,4,0.25,0.28,1.1,1.9,10.2,0.6,7,0.42,0.25,4,2021
4228,Usman Garuba,Hou,F,20.09,24,10,20.8,9.4,11.3,7,0.714,24,0.583,20,0.25,0.51,2,3.5,19,0.7,9.6,0.42,0.46,6.8,2021
4229,Luka Garza,Det,C,23.29,32,12.2,25.3,21.2,9.4,61,0.623,98,0.51,49,0.327,0.535,5.8,3.1,13.9,0.6,8.3,0.28,0.19,7.2,2021
4230,Rudy Gay,Uta,F-G,35.65,55,18.9,39.3,19.3,10.2,79,0.785,176,0.494,203,0.345,0.539,8.1,4.4,12.7,1,7.8,0.45,0.35,7,2021
4231,Paul George,Lac,F,31.94,31,34.8,72.4,33.8,15.2,148,0.858,379,0.467,257,0.354,0.538,24.3,6.9,10.4,5.7,28.1,2.16,0.42,11.3,2021
4232,Taj Gibson,Nyk,F,36.8,52,18.2,37.9,10,12.5,52,0.808,128,0.555,38,0.395,0.606,4.4,4.4,12.9,0.6,4.9,0.42,0.77,5,2021
4233,Josh Giddey,Okc,G,19.5,54,31.5,65.6,22.2,19.5,79,0.709,457,0.492,213,0.263,0.478,12.5,7.8,12.7,6.4,32.3,0.94,0.37,10.9,2021
4234,Shai Gilgeous-Alexander,Okc,G-F,23.75,56,34.7,72.2,30.8,11.1,405,0.81,755,0.514,297,0.3,0.557,24.5,5,7.4,5.9,31.1,1.29,0.8,10.3,2021
4235,Anthony Gill,Was,F,29.48,44,10.5,21.9,14.4,12,52,0.808,83,0.578,26,0.538,0.682,4.1,1.9,10.1,0.6,8.3,0.11,0.25,6.4,2021
4236,Freddie Gillespie,Orl,F,20,9,13.2,27.5,11,16.6,7,0.429,21,0.429,1,0,0.419,2.3,4,16,0.6,5.9,0.33,1,5.4,2021
4237,Rudy Gobert,Uta,C,29.79,66,32.1,66.9,16.9,14.5,439,0.69,504,0.718,4,0,0.732,15.6,14.7,24.9,1.1,5,0.68,2.09,7.9,2021
4238,Brandon Goodwin,Cle,G,26.52,36,13.9,29,18.3,17.8,38,0.632,99,0.455,55,0.345,0.501,4.8,1.9,7.4,2.5,26,0.69,0.03,8.2,2021
4239,Jordan Goodwin,Was,G,23.47,2,3,6.1,22.6,0,0,0,2,0,1,0,0,0,0.5,9.4,0,0,0,0,0,2021
4240,Aaron Gordon,Den,F,26.57,75,31.7,66,19.7,12.5,230,0.743,574,0.605,260,0.335,0.602,15,5.8,10.3,2.5,11.6,0.59,0.59,7.6,2021
4241,Eric Gordon,Hou,G,33.29,57,29.3,61,18.6,14.6,135,0.778,263,0.548,301,0.412,0.614,13.4,2,3.7,2.7,14,0.49,0.32,5.7,2021
4242,Devonte' Graham,Nor,G,27.13,76,28.4,59.3,19.5,10.7,140,0.843,252,0.413,563,0.341,0.514,11.9,2.3,4.5,4.2,21,0.91,0.16,6.8,2021
4243,Jerami Grant,Det,F,28.08,47,31.9,66.5,25.7,9.5,259,0.838,445,0.465,254,0.358,0.556,19.2,4.1,6.9,2.4,12.5,0.94,1.04,7.2,2021
4244,Hassani Gravett,Orl,G,25.74,8,21.4,44.6,12.3,18.5,4,0.75,12,0.583,26,0.423,0.629,6.3,2.6,6.5,2.5,17,0.63,0.13,6.4,2021
4245,Danny Green,Phi,G,34.8,62,21.8,45.5,12.3,12.1,14,0.786,49,0.469,271,0.38,0.561,5.9,2.5,6.5,1,6.5,0.95,0.6,4.5,2021
4246,Draymond Green,Gol,F,32.1,46,28.9,60.2,14.3,31.9,91,0.659,203,0.586,54,0.296,0.582,7.5,7.3,13.7,7,32.5,1.35,1.09,10.1,2021
4247,Javonte Green,Chi,G-F,28.72,65,23.4,48.7,11.5,7.6,96,0.833,224,0.625,101,0.356,0.637,7.2,4.2,10.2,0.9,5.3,1,0.49,5.1,2021
4248,Jalen Green,Hou,G,20.17,67,31.9,66.5,23.7,11.3,236,0.797,496,0.502,458,0.343,0.547,17.3,3.4,5.8,2.6,13.1,0.64,0.27,6.7,2021
4249,JaMychal Green,Den,F-C,31.81,67,16.2,33.8,17.2,13.4,93,0.871,203,0.621,124,0.266,0.587,6.4,4.2,14.5,0.9,7.6,0.64,0.39,7.1,2021
4250,Jeff Green,Den,F,35.62,75,24.7,51.4,16.3,10.3,198,0.833,361,0.62,168,0.315,0.627,10.3,3.1,7,1.3,7.3,0.39,0.36,5.6,2021
4251,Josh Green,Dal,G,21.4,67,15.5,32.3,13.9,13.8,45,0.689,178,0.573,78,0.359,0.578,4.8,2.4,8.7,1.2,11,0.67,0.21,6.2,2021
4252,Blake Griffin,Bro,F,33.07,56,17.1,35.6,16.9,8.2,76,0.724,168,0.565,145,0.262,0.518,6.4,4.1,13,1.9,15,0.48,0.25,8.6,2021
4253,Quentin Grimes,Nyk,G,21.92,46,17.1,35.6,15.1,10.3,19,0.684,46,0.5,189,0.381,0.565,6,2,6.4,1,8.5,0.67,0.24,5.4,2021
4254,Kyle Guy,Mia,G,24.67,19,9.8,20.4,20,15.6,12,0.667,25,0.48,40,0.35,0.526,3.9,0.9,5.2,0.9,13.5,0.37,0.05,6,2021
4255,Rui Hachimura,Was,F,24.17,42,22.5,46.8,20.9,7.4,66,0.697,258,0.512,123,0.447,0.579,11.3,3.8,9.4,1.1,7.9,0.55,0.21,6.4,2021
4256,Tyrese Haliburton,Sac,G,22.11,51,34.4,71.8,18.3,15.4,104,0.837,334,0.491,252,0.413,0.575,14.3,3.9,6.1,7.4,31.5,1.69,0.67,8.7,2021
4257,Tyrese Haliburton,Ind,G,22.11,26,36.1,75.1,20.3,19.3,86,0.849,184,0.571,137,0.416,0.633,17.5,4.3,6.6,9.6,38.9,1.85,0.58,9.9,2021
4258,Tyler Hall,Nyk,G,25.05,1,1.9,4,0,,0,0,0,0,0,0,,0,0,0,0,0,0,0,0,2021
4259,R.J. Hampton,Orl,G,21.17,64,21.9,45.6,18.4,14.6,117,0.641,274,0.405,183,0.35,0.481,7.6,3,7.3,2.5,16.8,0.66,0.2,7,2021
4260,Tim Hardaway Jr.,Dal,G-F,30.07,42,29.6,61.8,22,5.6,103,0.757,226,0.473,304,0.336,0.52,14.2,3.7,7,2.2,11.4,0.9,0.14,6.6,2021
4261,James Harden,Bro,G,32.63,44,37,77.1,28.3,19.8,350,0.869,399,0.476,307,0.332,0.576,22.5,8,11.7,10.2,39.7,1.27,0.7,13.2,2021
4262,James Harden,Phi,G,32.63,21,37.7,78.6,24.9,16.4,186,0.892,145,0.476,141,0.326,0.601,21,7,10.4,10.5,41.4,1.29,0.24,12.3,2021
4263,Maurice Harkless,Sac,F-G,28.92,47,18.4,38.3,11.2,13.8,28,0.714,80,0.65,101,0.307,0.561,4.6,2.4,7,0.5,3.6,0.62,0.51,3.8,2021
4264,Jared Harper,Nor,G,24.57,5,8.6,17.9,29.8,6.7,4,1,14,0.643,12,0.417,0.666,7.4,0.4,2.6,2.8,64.3,0.8,0.2,9.4,2021
4265,Montrezl Harrell,Was,F-C,28.21,46,24.3,50.6,20.8,9.6,205,0.727,368,0.66,15,0.267,0.684,14.1,6.7,15.3,2.1,13.9,0.39,0.67,9.6,2021
4266,Montrezl Harrell,Cha,F-C,28.21,25,20.9,43.6,19,9,91,0.692,171,0.649,2,0,0.669,11.4,4.8,12.2,2,14,0.44,0.48,9.2,2021
4267,Gary Harris,Orl,G,27.57,61,28.4,59.1,16.4,9.3,95,0.874,251,0.494,302,0.384,0.571,11.1,2,3.7,1.8,9.5,0.97,0.15,4.8,2021
4268,Joe Harris,Bro,G-F,30.6,14,30.2,62.9,14.5,11.2,6,0.833,36,0.417,88,0.466,0.624,11.3,4,7.2,1,4.5,0.5,0.14,4.7,2021
4269,Shaquille Harrison,Bro,G,28.51,2,11.3,23.5,15.2,25,0,0,4,0.5,2,0,0.333,2,2,9.6,1.5,17,0.5,0.5,6.4,2021
4270,Tobias Harris,Phi,F,29.74,73,34.8,72.6,21.7,9.5,202,0.842,747,0.525,275,0.367,0.566,17.2,6.8,10.9,3.4,15.9,0.64,0.59,8.5,2021
4271,Isaiah Hartenstein,Lac,C-F,23.93,68,17.9,37.2,18.4,16.5,132,0.689,336,0.64,30,0.467,0.664,8.3,4.9,14.3,2.4,20.5,0.75,1.13,10.3,2021
4272,Josh Hart,Nor,G,27.1,41,33.5,69.8,16.7,15.1,154,0.753,256,0.598,130,0.323,0.604,13.4,7.8,12.8,4.1,17.7,1.1,0.27,9,2021
4273,Josh Hart,Por,G,27.1,13,32.1,66.8,25.1,13.7,57,0.772,100,0.61,83,0.373,0.622,19.9,5.4,9.2,4.3,23.1,1.23,0.15,9.6,2021
4274,Udonis Haslem,Mia,F,41.84,13,6.4,13.3,20,13.4,3,1,27,0.481,4,0.25,0.495,2.5,1.9,17,0.3,7.4,0.08,0.08,7,2021
4275,Sam Hauser,Bos,F,24.34,26,6.1,12.6,14.5,3.8,0,0,6,0.667,44,0.432,0.65,2.5,1.1,10,0.4,9.2,0.04,0.08,6.8,2021
4276,Jaxson Hayes,Nor,C-F,21.88,70,20,41.6,16.5,10.1,188,0.766,341,0.66,58,0.345,0.679,9.3,4.5,12.5,0.6,4.7,0.49,0.79,5.9,2021
4277,Killian Hayes,Det,G,20.71,66,25,52,15.7,18.4,74,0.77,292,0.452,167,0.263,0.461,6.9,3.2,6.9,4.2,24.6,1.18,0.53,7.2,2021
4278,Gordon Hayward,Cha,F,32.05,49,31.9,66.5,20.8,10.6,149,0.846,397,0.496,220,0.391,0.57,15.9,4.6,7.6,3.6,16.1,0.96,0.45,8,2021
4279,Aaron Henry,Phi,F,22.61,6,2.8,5.9,18.5,28.6,0,0,4,0.25,1,0,0.2,0.3,0.2,3.3,0,0,0,0.33,0,2021
4280,Juancho Hernangomez,Bos,F,26.54,18,5.3,11.1,17,16.2,9,0.667,9,0.222,18,0.167,0.307,1.1,1.4,14.1,0.2,4,0.22,0.11,5.1,2021
4281,Juancho Hernangomez,San,F,26.54,5,10.1,21.1,8.1,20.5,4,0.75,3,0.667,3,0,0.451,1.4,3,15.6,0.6,6.9,0.2,0.2,5.4,2021
4282,Juancho Hernangomez,Uta,F,26.54,17,17.5,36.5,13.2,8.9,21,0.476,25,0.64,48,0.438,0.638,6.2,3.5,11,0.8,6.5,0.53,0.41,5.9,2021
4283,Willy Hernangomez,Nor,C-F,27.87,49,17.1,35.7,22.5,11.6,141,0.773,315,0.527,12,0.333,0.582,9.2,6.9,22.3,1.3,11.9,0.43,0.39,10.2,2021
4284,Tyler Herro,Mia,G,22.22,66,32.6,67.9,28.8,12.5,219,0.868,683,0.477,439,0.399,0.561,20.7,5,8.7,4,20.9,0.67,0.12,9.1,2021
4285,Buddy Hield,Sac,G,29.31,55,28.6,59.6,22.5,10.9,92,0.87,198,0.419,495,0.368,0.54,14.4,4,7.6,1.9,10,0.87,0.27,6.7,2021
4286,Buddy Hield,Ind,G,29.31,26,35.6,74.1,22.4,13,35,0.886,184,0.549,221,0.362,0.563,18.2,5.1,8,4.8,20.3,0.92,0.38,8.6,2021
4287,Haywood Highsmith,Mia,F,25.34,19,8.6,17.9,14,5.9,5,0.4,18,0.389,28,0.321,0.446,2.3,1.4,9,0.3,5.1,0.11,0.16,4.6,2021
4288,George Hill,Mil,G,35.94,54,23.2,48.3,11.7,11.9,62,0.919,141,0.546,134,0.306,0.552,6.2,2.9,6.6,2.2,12.4,0.78,0.11,5.9,2021
4289,Malcolm Hill,Atl,F,26.46,3,15.3,31.9,9.3,0,4,1,3,0.667,5,0.6,0.871,5.7,2,7.2,0.3,2.9,1.33,0.33,3.9,2021
4290,Malcolm Hill,Chi,F,26.46,16,10.4,21.6,13.6,5.8,10,0.7,13,0.692,31,0.323,0.568,3.4,1.8,9.8,0.4,5.6,0.19,0.13,5.2,2021
4291,Solomon Hill,Atl,F,31.07,13,10.7,22.3,6.6,4.8,0,0,7,0.143,13,0.154,0.2,0.6,1.8,9,0.9,10.2,0.31,0.15,3.7,2021
4292,Nate Hinton,Ind,G-F,22.84,2,1.2,2.5,35.7,50,0,0,1,0,0,0,0,0,0,0,0,0,0,0,0,2021
4293,Jaylen Hoard,Okc,F,23.03,7,34.2,71.3,18.8,7.7,14,0.429,65,0.538,25,0.36,0.536,14.7,12,18,2.4,11.6,0.86,0.71,8.8,2021
4294,Aaron Holiday,Was,G,25.53,41,16.2,33.7,18,14.5,35,0.8,147,0.524,67,0.343,0.547,6.1,1.6,5.6,1.9,17.1,0.59,0.22,6.5,2021
4295,Aaron Holiday,Pho,G,25.53,22,16.3,33.9,19.9,16.3,33,0.939,88,0.398,36,0.444,0.538,6.8,2.5,8.2,3.4,27.4,0.82,0,9.5,2021
4296,Jrue Holiday,Mil,G,31.83,67,32.9,68.6,23.5,15,180,0.761,633,0.547,321,0.411,0.593,18.3,4.5,7.3,6.8,31.8,1.6,0.43,10,2021
4297,Justin Holiday,Ind,F-G,33.02,49,28.9,60.2,15.9,9.3,41,0.829,122,0.516,336,0.378,0.568,11,2.8,5.3,1.8,8.8,0.73,0.37,5.3,2021
4298,Justin Holiday,Sac,F-G,33.02,25,25.6,53.4,15.7,9,21,0.762,58,0.362,146,0.342,0.488,8.3,2.2,4.7,1.5,8.1,0.84,0.6,4.7,2021
4299,Richaun Holmes,Sac,F,28.49,45,23.9,49.7,15.8,14.2,90,0.778,295,0.664,5,0.4,0.689,10.4,7,16,1.1,6.8,0.38,0.93,7.2,2021
4300,Rodney Hood,Mil,G-F,29.47,39,14.9,31.1,10.6,4.9,14,0.929,51,0.431,80,0.3,0.47,3.3,1.7,6.1,0.8,6.5,0.31,0.1,4.4,2021
4301,Rodney Hood,Lac,G-F,29.47,13,9.9,20.5,11.1,12.4,5,0.8,15,0.4,11,0.545,0.603,2.6,0.8,4.1,0.6,8.5,0.23,0.15,4.4,2021
4302,Scotty Hopson,Okc,G-F,32.68,1,17.7,36.9,14.6,33.3,0,0,3,0.667,1,0,0.5,4,1,2.9,1,8.3,0,0,3.6,2021
4303,Al Horford,Bos,C-F,35.86,69,29.1,60.5,14.8,9.6,95,0.842,304,0.582,265,0.336,0.574,10.2,7.7,14.3,3.4,16.4,0.71,1.33,8.9,2021
4304,Talen Horton-Tucker,Lal,G,21.37,60,25.2,52.5,19.2,12.1,125,0.8,356,0.492,182,0.269,0.503,10,3.2,6.8,2.7,14.9,0.98,0.48,7,2021
4305,Danuel House Jr.,Hou,F-G,28.84,16,14.5,30.3,18.3,17.9,19,0.895,40,0.375,34,0.294,0.467,4.8,2.7,10.1,1.2,11.5,0.31,0.31,6.9,2021
4306,Danuel House Jr.,Nyk,F-G,28.84,1,3.4,7.1,12.9,0,0,0,0,0,1,0,0,0,0,0,0,0,0,0,0,2021
4307,Danuel House Jr.,Uta,F-G,28.84,25,19.6,40.9,13.8,9.7,39,0.692,41,0.512,82,0.415,0.61,6.8,2.7,7.6,1,7,0.64,0.48,5.4,2021
4308,Dwight Howard,Lal,C-F,36.34,60,16.2,33.7,14.6,14.2,146,0.658,204,0.618,15,0.533,0.657,6.2,5.9,19.6,0.6,5,0.57,0.6,6.9,2021
4309,Markus Howard,Den,G,23.11,31,5.7,11.9,29.4,5.9,23,0.87,31,0.355,70,0.4,0.567,4.1,0.4,3.8,0.2,6.2,0.29,0,4.8,2021
4310,Kevin Huerter,Atl,G-F,23.62,74,29.6,61.6,17.5,10.4,52,0.808,349,0.53,411,0.389,0.57,12.1,3.4,6.4,2.7,13.2,0.73,0.35,6.5,2021
4311,Jay Huff,Lal,C,24.63,4,5.1,10.6,8.5,25,0,0,1,0,2,0,0,0,1,10.6,0.3,5.8,0.25,0.25,0,2021
4312,Elijah Hughes,Uta,G,24.09,14,8,16.7,17.2,15.8,3,1,8,0.625,28,0.357,0.576,3.1,1.2,8.3,0.4,7.6,0.29,0.07,5.7,2021
4313,Elijah Hughes,Por,G,24.09,22,14.7,30.5,16.2,8.3,6,0.667,41,0.415,67,0.224,0.375,3.8,1.9,7,0.7,7.1,0.45,0.32,4.7,2021
4314,De'Andre Hunter,Atl,F-G,24.36,53,29.8,62,19.9,9.6,166,0.765,380,0.474,195,0.379,0.547,13.4,3.3,6.1,1.3,6.1,0.68,0.4,5.2,2021
4315,Feron Hunt,Nyk,F,22.77,2,4.2,8.8,15.7,33.3,0,0,2,0,0,0,0,0,0.5,6.4,0.5,15.3,0.5,0,0,2021
4316,Chandler Hutchison,Pho,F-G,25.96,6,3.7,7.8,13.2,58.1,2,1,2,0.5,0,0,0.694,0.7,0.8,12,0.3,10.3,0,0,6,2021
4317,Bones Hyland,Den,G,21.57,69,19,39.5,23.9,12.1,125,0.856,213,0.465,358,0.366,0.558,10.1,2.7,8,2.8,21.2,0.59,0.29,8.9,2021
4318,Serge Ibaka,Lac,F,32.56,35,15.4,32.1,19.4,13.9,29,0.69,130,0.538,62,0.387,0.567,6.6,4.3,14.6,1,10.2,0.2,0.74,7.9,2021
4319,Serge Ibaka,Mil,F,32.56,19,17.8,37.2,15.2,8.3,15,0.8,67,0.612,37,0.351,0.601,7,5.3,15.6,0.7,5.4,0.21,0.37,6.7,2021
4320,Andre Iguodala,Gol,G-F,38.2,31,19.4,40.5,11.4,17.7,20,0.75,47,0.617,74,0.23,0.478,4,3.2,9,3.7,24.7,0.87,0.71,7.5,2021
4321,Joe Ingles,Uta,F-G,34.52,45,24.9,51.9,13.2,13.5,22,0.773,60,0.617,225,0.347,0.551,7.2,2.9,6.4,3.5,19,0.51,0.11,6.7,2021
4322,Brandon Ingram,Nor,F,24.61,55,34,70.8,29.3,11.8,322,0.826,757,0.501,226,0.327,0.554,22.7,5.8,9.5,5.6,27.8,0.62,0.45,10.6,2021
4323,Kyrie Irving,Bro,G,30.05,29,37.6,78.4,29.4,9.8,129,0.915,377,0.501,239,0.418,0.592,27.4,4.3,6.3,5.8,25.2,1.41,0.59,9.4,2021
4324,Wes Iwundu,Atl,F,27.31,3,27.4,57.1,11,4.8,4,0.75,13,0.385,5,0.6,0.557,7.3,4.3,8.7,0,0,0.33,0,0,2021
4325,Jaren Jackson Jr.,Mem,F-C,22.57,78,27.3,56.8,25.4,9.9,345,0.823,635,0.476,401,0.319,0.535,16.3,5.8,11.1,1.1,5.8,0.92,2.28,6.9,2021
4326,Frank Jackson,Det,G,23.94,53,22,45.8,20.9,6.7,104,0.827,204,0.529,279,0.308,0.53,10.6,1.6,4,1,7.6,0.51,0.17,4.7,2021
4327,Isaiah Jackson,Ind,F,20.25,36,15,31.3,22.5,14,88,0.682,190,0.584,16,0.313,0.607,8.3,4.2,15.5,0.3,2.9,0.67,1.44,5.8,2021
4328,Josh Jackson,Det,G-F,25.16,39,18.1,37.8,19,12.1,56,0.714,138,0.529,113,0.265,0.501,7.1,3.2,9.4,1.3,10.7,0.54,0.46,6.8,2021
4329,Josh Jackson,Sac,G-F,25.16,12,10.2,21.3,23.5,13.4,21,0.714,32,0.438,17,0.176,0.446,4.3,1.5,7.9,0.4,5.8,0.42,0.33,5.4,2021
4330,Justin Jackson,Bos,F,27.04,1,2,4.2,41.4,0,2,1,1,0,0,0,0.532,2,0,0,0,0,0,0,0,2021
4331,Justin Jackson,Pho,F,27.04,6,5.8,12,18.7,6.7,0,0,5,0.4,9,0.333,0.464,2.2,1.2,10.9,0.3,7.6,0,0,6.4,2021
4332,Reggie Jackson,Lac,G,31.99,75,31.2,64.9,27.6,11.8,163,0.847,710,0.439,512,0.326,0.488,16.8,3.6,6.1,4.8,24.6,0.73,0.2,8.5,2021
4333,LeBron James,Lal,F,37.28,56,37.2,77.5,32.3,12.5,336,0.756,773,0.62,448,0.359,0.619,30.3,8.2,11.8,6.2,30.6,1.3,1.05,12.4,2021
4334,DeJon Jarreau,Ind,G,24.21,1,0.9,1.9,0,,0,0,0,0,0,0,,0,0,0,0,0,0,0,0,2021
4335,DaQuan Jeffries,Mem,G-F,24.61,3,2.9,6.1,9.3,0,0,0,1,1,1,0,0.5,0.7,0.7,11.9,0.3,14.4,0,0,7.3,2021
4336,Ty Jerome,Okc,G-F,24.76,48,16.7,34.8,20.8,9.6,47,0.809,142,0.493,186,0.29,0.488,7.1,1.6,5,2.3,21.3,0.63,0.1,7.1,2021
4337,Isaiah Joe,Phi,G,22.78,55,11.1,23.1,15.4,9.1,31,0.935,42,0.405,135,0.333,0.519,3.6,1,5.1,0.6,8,0.25,0.05,4.7,2021
4338,Alize Johnson,Chi,F,25.97,16,7.5,15.7,12.5,23.5,7,0.571,21,0.571,2,0,0.537,1.8,2.3,16.8,0.5,8.6,0.19,0,6.8,2021
4339,Alize Johnson,Was,F,25.97,3,6.1,12.6,23.1,31.8,1,0,4,0.5,2,0,0.311,1.3,4,36.5,0,0,0,0,0,2021
4340,Alize Johnson,Nor,F,25.97,4,7.1,14.8,19.2,7.8,4,0.75,10,0.3,0,0,0.383,2.3,3.3,25.3,0.3,4.8,0.5,0,7.4,2021
4341,BJ Johnson,Orl,F,26.31,4,16.2,33.6,16.8,0,0,0,15,0.467,10,0.4,0.52,6.5,3.8,12.3,0,0,0,0.25,0,2021
4342,Cameron Johnson,Pho,F,26.1,66,26.2,54.6,17.6,6.8,114,0.86,216,0.523,391,0.425,0.625,12.5,4.1,8.5,1.5,7.7,0.86,0.24,6.5,2021
4343,David Johnson,Tor,G,21.12,2,1,2.1,21.4,0,0,0,0,0,1,0,0,0,0,0,0,0,0,0,0,2021
4344,James Johnson,Bro,F,35.14,62,19.2,40,13.7,12.7,55,0.527,221,0.548,85,0.271,0.515,5.5,3.5,9.8,2.1,14.5,0.48,0.55,7.2,2021
4345,Jalen Johnson,Atl,F,20.31,22,5.5,11.4,19.3,17,7,0.714,28,0.679,13,0.231,0.59,2.4,1.2,11.8,0.1,3.7,0.14,0.09,4.8,2021
4346,Joe Johnson,Bos,G-F,40.79,1,2,4.2,22,0,0,0,1,1,0,0,1,2,0,0,0,0,0,0,0,2021
4347,Keldon Johnson,San,F-G,22.5,75,31.9,66.4,21.3,7.6,234,0.756,612,0.51,399,0.398,0.574,17,6.1,10,2.1,9.5,0.77,0.19,7.5,2021
4348,Keon Johnson,Lac,G,20.09,15,9,18.7,22,10.4,21,0.762,40,0.35,11,0.273,0.44,3.5,1.4,8.2,0.9,13.7,0.47,0.13,7.3,2021
4349,Keon Johnson,Por,G,20.09,22,25.5,53.2,21,14.3,30,0.833,131,0.366,89,0.348,0.459,9.7,2.7,5.8,2.8,16.7,0.95,0.45,6.6,2021
4350,Stanley Johnson,Lal,F-G,25.87,48,22.8,47.5,12.5,11,74,0.716,146,0.575,105,0.314,0.564,6.7,3.2,7.6,1.7,9.8,0.9,0.29,5.8,2021
4351,Tyler Johnson,Phi,G,29.93,3,12.7,26.5,12.9,9.1,0,0,3,0.333,7,0.429,0.55,3.7,2,8.8,0.7,7.4,0.33,0.33,5.4,2021
4352,Tyler Johnson,San,G,29.93,3,17.7,36.9,8.7,9.1,0,0,4,0,6,0.333,0.3,2,2,5.9,1.7,11,0.67,0.67,4.3,2021
4353,Nikola Jokic,Den,C,27.14,74,33.5,69.7,31.9,15.6,468,0.81,1023,0.652,288,0.337,0.661,27.1,13.8,23,7.9,42.6,1.47,0.86,17.1,2021
4354,Derrick Jones Jr.,Chi,F,25.15,51,17.6,36.7,12.5,11.7,70,0.8,134,0.634,61,0.328,0.633,5.6,3.3,10.6,0.6,4.4,0.49,0.67,5.1,2021
4355,Carlik Jones,Dal,G,24.3,3,6.4,13.3,25.5,27.6,2,1,6,0,1,0,0.127,0.7,1,8.7,1.7,31.9,0.33,0,6.6,2021
4356,Carlik Jones,Den,G,24.3,2,2,4.2,21.9,0,0,0,2,0.5,0,0,0.5,1,0,0,0,0,0,0,0,2021
4357,Damian Jones,Sac,C,26.78,56,18.2,37.8,16.2,15.4,131,0.718,237,0.696,29,0.345,0.701,8.1,4.4,13.1,1.2,10.2,0.46,0.84,7.7,2021
4358,Herbert Jones,Nor,F,23.51,78,29.9,62.4,13.7,13.4,163,0.84,407,0.533,169,0.337,0.573,9.5,3.8,7,2.1,10,1.67,0.77,5.7,2021
4359,Jemerrio Jones,Lal,F,27.01,2,7.4,15.3,8.8,0,0,0,3,0.667,0,0,0.667,2,1.5,10.9,0,0,0.5,0,0,2021
4360,Kai Jones,Cha,C-F,21.23,21,3,6.2,15.9,25.5,8,0.375,12,0.667,2,0.5,0.628,1,0.6,10.1,0.2,8.6,0.05,0.1,6.6,2021
4361,Mason Jones,Lal,G,23.72,4,12.7,26.4,19.2,4.4,15,0.8,11,0.545,4,0.25,0.625,6.8,2.5,10.6,1,11,0.5,0,8.1,2021
4362,Tre Jones,San,G,22.26,69,16.6,34.7,15.6,10.8,91,0.78,288,0.542,51,0.196,0.545,6,2.2,7.1,3.4,27,0.61,0.1,8.6,2021
4363,Tyus Jones,Mem,G,25.92,73,21.2,44.2,16.6,7.3,66,0.818,347,0.487,205,0.39,0.544,8.7,2.4,5.9,4.4,28.1,0.9,0.03,8.5,2021
4364,DeAndre Jordan,Lal,C,33.72,32,12.8,26.6,12.8,17.3,26,0.462,89,0.674,0,0,0.657,4.1,5.4,22.6,0.4,4.5,0.31,0.81,6.5,2021
4365,DeAndre Jordan,Phi,C,33.72,16,13.4,27.9,16,21,14,0.714,54,0.593,0,0,0.615,4.6,5.8,24,0.5,5.6,0.13,0.56,7.1,2021
4366,Cory Joseph,Det,G,30.64,65,24.6,51.3,14.3,15.9,113,0.885,243,0.465,157,0.414,0.579,8,2.7,5.9,3.6,21.8,0.65,0.26,6.9,2021
4367,Georgios Kalaitzakis,Mil,F,23.27,9,5.3,11.1,16.9,21.1,9,0.444,7,0.429,4,0.5,0.535,1.8,0.9,8.9,0,0,0.11,0.11,0,2021
4368,Georgios Kalaitzakis,Okc,F,23.27,4,41.4,86.3,21.2,19.7,21,0.476,34,0.529,22,0.364,0.536,17.5,3.3,4,3,11.4,2.5,0.25,5.4,2021
4369,Frank Kaminsky,Pho,F-C,29.02,9,20.1,41.9,19,6.3,20,0.9,51,0.608,15,0.333,0.635,10.6,4.6,12.1,1.4,10.1,0.89,0.78,8.1,2021
4370,Luke Kennard,Lac,G,25.8,70,27.4,57.1,16.8,8.2,77,0.896,216,0.449,423,0.449,0.619,11.9,3.3,6.3,2.1,11.2,0.6,0.09,6.4,2021
4371,Braxton Key,Phi,F,25.15,2,3.2,6.7,28.1,50,0,0,1,1,1,0,0.5,1,1,17.5,0.5,23.7,0.5,0,9.9,2021
4372,Braxton Key,Det,F,25.15,9,21.2,44.2,19,10.6,13,0.538,50,0.52,20,0.3,0.508,8.6,5.4,13.9,1.1,8.4,1.11,1.33,7,2021
4373,George King,Dal,F-G,28.24,4,4.8,10,16.1,14.5,2,0.5,1,0,4,0,0.085,0.3,1.3,14.5,0,0,0,0,0,2021
4374,Louis King,Sac,F,23.01,10,10.4,21.6,21.3,0,10,0.7,20,0.35,27,0.296,0.438,4.5,1.2,6.3,0.9,12.5,0.2,0.1,6.5,2021
4375,Corey Kispert,Was,F,23.11,77,23.4,48.7,14.6,8.5,62,0.871,194,0.629,320,0.35,0.586,8.2,2.7,6.4,1.1,6.7,0.44,0.29,5,2021
4376,Maxi Kleber,Dal,F,30.2,59,24.6,51.2,13.3,10.9,65,0.708,99,0.586,255,0.325,0.537,7,5.9,13.4,1.2,6.5,0.51,0.98,6,2021
4377,Brandon Knight,Dal,G,30.36,5,12.9,26.9,22.7,12.3,8,1,8,0.75,17,0.235,0.561,6.4,1.6,6.9,1.6,18.8,0.2,0,7.9,2021
4378,Nathan Knight,Min,F-C,24.56,37,7.2,15.1,20.7,13.6,60,0.733,75,0.547,13,0.308,0.603,3.7,2.3,17,0.6,11.9,0.19,0.22,9.6,2021
4379,Kevin Knox II,Nyk,F,22.67,13,8.5,17.8,19.5,10.1,10,0.7,12,0.417,28,0.357,0.529,3.6,1.7,10.6,0.2,4.2,0.15,0.08,5,2021
4380,Kevin Knox II,Atl,F,22.67,17,6.6,13.7,20.5,3.8,12,0.75,19,0.579,26,0.192,0.457,2.7,1.3,10.8,0.4,8.7,0.12,0.06,6.8,2021
4381,John Konchar,Mem,G,26.05,72,17.9,37.4,9.9,9.3,49,0.551,136,0.61,126,0.413,0.615,4.8,4.6,13.3,1.5,10.6,0.64,0.31,7.2,2021
4382,Furkan Korkmaz,Phi,G-F,24.72,67,21.1,44,17.6,8.6,84,0.81,204,0.515,266,0.289,0.502,7.6,2.6,6.9,1.9,13.1,0.49,0.13,6.3,2021
4383,Luke Kornet,Cle,F-C,26.74,2,7.5,15.5,18.8,0,3,0.667,4,0.25,1,0,0.316,2,1.5,11.1,0.5,8.9,0,0.5,6.1,2021
4384,Luke Kornet,Mil,F-C,26.74,1,3,6.3,14.2,0,0,0,1,0,0,0,0,0,1,17.7,0,0,0,0,0,2021
4385,Luke Kornet,Bos,F-C,26.74,12,7.1,14.8,11.5,0,3,0.667,17,0.706,4,0,0.582,2.2,2.1,15.8,0.7,13.4,0.33,0.17,8.3,2021
4386,Vit Krejci,Okc,G,21.81,30,23,47.9,12.9,14.1,22,0.864,69,0.522,98,0.327,0.529,6.2,3.4,7.5,1.9,11.9,0.63,0.27,6,2021
4387,Arnoldas Kulboka,Cha,F,24.27,2,2.7,5.5,8,0,0,0,0,0,1,0,0,0,0,0,0,0,0,0,0,2021
4388,Jonathan Kuminga,Gol,F,19.51,70,16.9,35.3,22.8,12,190,0.684,311,0.598,149,0.336,0.6,9.3,3.3,10.7,0.9,8.4,0.44,0.31,7.2,2021
4389,Kyle Kuzma,Was,F,26.72,66,33.4,69.6,24.2,14,219,0.712,561,0.526,375,0.341,0.547,17.1,8.5,14.1,3.5,16.3,0.64,0.86,9.6,2021
4390,Anthony Lamb,San,F,24.22,2,3.9,8,11,0,0,0,0,0,2,0,0,0,0.5,6.8,1,29,0,0,0,2021
4391,Jeremy Lamb,Ind,G-F,29.86,39,15.7,32.8,20,8.4,80,0.838,111,0.414,117,0.333,0.524,7.1,2.4,8.6,1.3,11.6,0.59,0.36,7.2,2021
4392,Jeremy Lamb,Sac,G-F,29.86,17,19,39.5,19.1,9.1,26,0.846,66,0.485,53,0.302,0.514,7.9,3.5,10.1,1.8,13.5,0.47,0.47,7.7,2021
4393,Jock Landale,San,C,26.46,54,10.9,22.7,18.2,12.3,41,0.829,115,0.626,89,0.326,0.597,4.9,2.6,12.3,0.8,10.6,0.19,0.26,8,2021
4394,Romeo Langford,Bos,G-F,22.46,44,16.6,34.5,13,7.4,34,0.588,101,0.495,83,0.349,0.52,4.7,2.4,7.7,0.4,3.6,0.48,0.36,4,2021
4395,Romeo Langford,San,G-F,22.46,4,10.7,22.2,10.4,0,8,0.375,5,0.8,2,0,0.523,2.8,1,4.9,0.5,5.9,0.25,0,4.2,2021
4396,Zach LaVine,Chi,G-F,27.09,67,34.7,72.4,28.8,11.2,375,0.853,711,0.534,475,0.389,0.605,24.4,4.6,7.5,4.5,20.8,0.61,0.34,9.2,2021
4397,Jake Layman,Min,F,28.1,34,6.8,14.1,16.5,11,18,0.722,38,0.579,35,0.229,0.5,2.4,1.1,8.3,0.3,5.3,0.21,0.15,5.4,2021
4398,Damion Lee,Gol,G-F,29.47,63,19.9,41.6,15.8,8.4,75,0.88,196,0.541,187,0.337,0.561,7.4,3.2,8.8,1,7.1,0.6,0.1,5.8,2021
4399,Saben Lee,Det,G,22.8,37,16.3,34,17.3,14.7,71,0.789,117,0.47,60,0.233,0.499,5.6,2.3,7.7,2.9,26.2,0.95,0.3,8.2,2021
4400,Alex Len,Sac,C,28.82,39,15.9,33.1,17.1,17.4,63,0.651,155,0.568,21,0.286,0.577,6,4.1,14.1,1.2,10.6,0.33,0.64,7.8,2021
4401,Caris LeVert,Ind,G,27.63,39,31.1,64.8,26.8,9.9,146,0.76,433,0.501,189,0.323,0.53,18.7,3.8,6.9,4.4,22.8,0.9,0.46,8.7,2021
4402,Caris LeVert,Cle,G,27.63,19,29.8,62.2,22.3,11.6,47,0.745,165,0.485,67,0.313,0.511,13.6,3.4,6.2,3.9,20.5,0.84,0.26,7.6,2021
4403,Kira Lewis Jr.,Nor,G,21.01,24,14.2,29.6,22.3,14.7,12,0.833,88,0.523,58,0.224,0.466,5.9,1.6,6.3,2,21.7,0.46,0.04,7.5,2021
4404,Scottie Lewis,Cha,G,22.08,2,3.3,6.9,5.7,0,2,0.5,0,0,0,0,0.568,0.5,0,0,0.5,17.2,0.5,0,0,2021
4405,Damian Lillard,Por,G,31.74,29,36.4,75.9,29.3,11.6,181,0.878,268,0.485,284,0.324,0.55,24,4.1,6.2,7.3,34,0.59,0.38,9.8,2021
4406,Nassir Little,Por,F-G,22.16,42,25.9,54,15.8,10.1,94,0.734,161,0.584,154,0.331,0.575,9.8,5.6,11.9,1.3,7.4,0.6,0.86,6.4,2021
4407,Isaiah Livers,Det,F,23.7,19,20.2,42,12.4,13.5,14,0.857,26,0.538,64,0.422,0.629,6.4,3,8,1.2,8.4,0.68,0.37,5.6,2021
4408,Kevon Looney,Gol,F,26.18,82,21.1,44,12.3,13.8,125,0.6,363,0.573,1,0,0.586,6,7.3,18.7,2,13.2,0.61,0.63,8.4,2021
4409,Brook Lopez,Mil,C,34.03,13,23,47.8,21.9,7.8,23,0.87,78,0.538,53,0.358,0.57,12.4,4.1,9.4,0.5,3,0.62,1.15,5.1,2021
4410,Robin Lopez,Orl,C,34.03,36,17,35.4,18.9,16.5,54,0.593,193,0.56,6,0.333,0.57,7.1,3.5,10.9,1.5,14.4,0.06,0.5,7.9,2021
4411,Didi Louzada,Nor,G,20,2,3.5,7.2,18.7,0,0,0,0,0,3,0,0,0,1,16.1,0.5,17.4,0,0,0,2021
4412,Didi Louzada,Por,G,20,7,17.5,36.4,12.7,13.9,2,1,10,0.3,20,0.45,0.567,5,2.1,6.7,0.6,4.6,0.29,0.29,4.2,2021
4413,Kevin Love,Cle,F-C,33.59,74,22.5,46.9,25.1,10.4,198,0.838,284,0.493,477,0.392,0.594,13.6,7.2,17.8,2.2,15.3,0.35,0.24,10.7,2021
4414,Kyle Lowry,Mia,G,36.05,63,33.9,70.5,18.2,19.3,174,0.851,245,0.539,382,0.377,0.6,13.4,4.5,7.5,7.5,32.3,1.06,0.27,9.1,2021
4415,Gabriel Lundberg,Pho,G,27.35,4,11.1,23,21.4,13.6,0,0,11,0.182,8,0.375,0.342,3.3,1.8,8.5,2.8,31.3,0.75,0,9.2,2021
4416,Timothe Luwawu-Cabarrot,Atl,G-F,26.92,52,13.2,27.4,14.3,8.9,41,0.854,64,0.469,122,0.361,0.556,4.4,1.6,6.6,0.8,7.7,0.35,0.12,5.4,2021
4417,Trey Lyles,Det,F,26.43,51,19.4,40.4,22.3,10.5,176,0.784,238,0.55,146,0.301,0.576,10.4,4.8,13.3,1.1,9.5,0.43,0.51,7.8,2021
4418,Trey Lyles,Sac,F,26.43,24,22.8,47.5,17.8,8.4,67,0.851,115,0.557,63,0.365,0.612,10.6,5.6,13.4,1.3,8.1,0.29,0.25,7.5,2021
4419,Theo Maledon,Okc,G,20.83,51,17.8,37.1,20.3,15.3,100,0.79,167,0.449,150,0.293,0.5,7.1,2.6,7.4,2.2,18.5,0.61,0.22,7.7,2021
4420,Sandro Mamukelashvili,Mil,F-C,22.89,41,9.9,20.7,14.6,10.7,22,0.818,63,0.556,52,0.423,0.618,3.8,2,10.7,0.5,7.4,0.22,0.22,6.3,2021
4421,Terance Mann,Lac,G-F,25.48,81,28.6,59.6,16.1,9.9,164,0.78,482,0.535,208,0.365,0.572,10.8,5.2,9.6,2.6,13.1,0.68,0.26,7.4,2021
4422,Tre Mann,Okc,G,21.18,60,22.8,47.5,22,10.2,82,0.793,316,0.421,272,0.36,0.501,10.4,2.9,6.4,1.5,10.7,0.78,0.2,6.3,2021
4423,Boban Marjanovic,Dal,C,33.65,22,5.8,12.1,33.3,15.8,22,0.591,66,0.621,4,0.25,0.615,4.5,1.8,17,0.1,4.8,0,0.14,6.4,2021
4424,Lauri Markkanen,Cle,F-C,24.89,61,30.8,64.1,19.5,6.5,159,0.868,323,0.548,380,0.358,0.582,14.8,5.7,10.2,1.3,6.6,0.74,0.49,6.2,2021
4425,Naji Marshall,Nor,F,24.21,55,13.4,27.9,20.8,12.9,93,0.796,164,0.537,105,0.2,0.505,5.7,2.6,10.7,1.1,12.3,0.58,0.15,7.6,2021
4426,Kenyon Martin Jr.,Hou,F,21.26,79,21,43.7,16.3,9.4,123,0.634,355,0.617,168,0.357,0.603,8.8,3.8,9.8,1.3,9.4,0.43,0.51,6.7,2021
4427,Caleb Martin,Mia,F,26.54,60,22.9,47.6,16.3,10.3,93,0.763,255,0.565,155,0.413,0.611,9.2,3.8,9.5,1.1,7,0.97,0.5,5.9,2021
4428,Cody Martin,Cha,F,26.54,71,26.3,54.7,12.1,11.5,107,0.701,264,0.542,159,0.384,0.579,7.7,4,8.1,2.5,12.4,1.24,0.45,6.5,2021
4429,Kelan Martin,Ind,F,26.69,27,16.4,34.3,18.1,7.5,13,0.692,94,0.511,74,0.297,0.492,6.3,2,6.7,0.8,6.8,0.48,0.33,5.3,2021
4430,Kelan Martin,Bos,F,26.69,3,1.9,4,23.2,0,0,0,2,0,1,0,0,0,0.7,19,0,0,0,0,0,2021
4431,Garrison Mathews,Hou,G,25.46,65,26.3,54.9,14.4,7.1,180,0.794,75,0.6,386,0.36,0.602,10,2.9,6.1,1,5.3,0.88,0.37,4.7,2021
4432,Dakota Mathias,Mem,G,26.75,6,2.7,5.6,15.2,0,0,0,0,0,6,0.333,0.5,1,0.3,6.4,0.2,7.9,0.17,0,5.8,2021
4433,Dakota Mathias,Mem,G,26.75,6,2.7,5.6,15.2,0,0,0,0,0,6,0.333,0.5,1,0.3,6.4,0.2,7.9,0.17,0,5.8,2021
4434,Wesley Matthews,Mil,G,35.49,49,20.5,42.6,10.7,7.2,28,0.786,63,0.54,157,0.338,0.536,5.1,1.9,4.9,0.7,4.6,0.47,0.16,3.7,2021
4435,Tyrese Maxey,Phi,G,21.43,75,35.3,73.6,20.2,7.4,246,0.866,686,0.512,309,0.427,0.594,17.5,3.2,5.1,4.3,19.1,0.73,0.43,7,2021
4436,Skylar Mays,Atl,G,24.6,28,7.9,16.4,15.5,12.8,9,0.889,39,0.615,25,0.32,0.589,2.9,0.9,6.2,0.6,10.8,0.25,0,5.9,2021
4437,Miles McBride,Nyk,G,21.59,40,9.3,19.4,13.9,4.2,12,0.667,40,0.375,68,0.25,0.393,2.2,1,5.9,1,15.9,0.35,0.03,5.6,2021
4438,Mac McClung,Chi,G,23.26,1,2.6,5.4,33.9,50,0,0,1,1,0,0,1,2,0,0,0,0,0,0,0,2021
4439,Mac McClung,Lal,G,23.26,1,21.8,45.4,14.7,26.9,1,1,2,0.5,3,0.333,0.551,6,3,7.4,1,6,1,1,4.8,2021
4440,CJ McCollum,Por,G,30.56,36,35.2,73.3,26.2,9.2,68,0.706,376,0.476,289,0.384,0.532,20.5,4.3,6.6,4.5,22.4,0.97,0.58,8.3,2021
4441,CJ McCollum,Nor,G,30.56,26,33.8,70.4,29.4,9.5,102,0.667,319,0.549,180,0.394,0.58,24.3,4.5,7.3,5.8,31.3,1.35,0.04,10.2,2021
4442,T.J. McConnell,Ind,G,30.04,27,24.2,50.3,16.2,11.7,23,0.826,175,0.514,33,0.303,0.525,8.5,3.3,7.7,4.9,28.6,1.11,0.37,8.5,2021
4443,Jalen McDaniels,Cha,F-C,24.19,55,16.3,33.9,15.3,11.2,72,0.736,146,0.562,108,0.38,0.595,6.2,3.1,10.1,1.1,8.7,0.47,0.4,6.8,2021
4444,Jaden McDaniels,Min,F,21.53,70,25.8,53.7,15.3,11.4,71,0.803,302,0.579,252,0.317,0.553,9.2,4.2,8.7,1.1,6.1,0.74,0.77,5.4,2021
4445,Doug McDermott,San,F,30.27,51,24,50,18.3,8.1,51,0.784,209,0.512,256,0.422,0.593,11.3,2.3,4.9,1.3,7.3,0.27,0.12,5.4,2021
4446,JaVale McGee,Pho,C-F,34.23,74,15.8,33,22.8,15.8,146,0.699,449,0.637,9,0.222,0.651,9.2,6.7,22.7,0.6,5.4,0.3,1.09,8.4,2021
4447,Cameron McGriff,Por,F,24.53,3,15.3,31.9,14,0,2,1,8,0.375,6,0.333,0.47,4.7,5,17.9,1,9.4,0,0.33,7.5,2021
4448,Rodney McGruder,Det,G,30.7,51,14.8,30.8,14.9,9.2,26,0.731,80,0.5,146,0.397,0.575,5.4,2.2,8,0.9,9.6,0.41,0.14,6,2021
4449,Alfonzo McKinnie,Chi,F,29.56,17,12.1,25.3,15.3,9.8,8,0.25,34,0.441,27,0.333,0.457,3.5,1.9,9,0.3,3.2,0.12,0.18,4.2,2021
4450,JaQuori McLaughlin,Dal,G,24.2,4,2.7,5.7,8.3,0,0,0,1,0,1,0,0,0,0,0,0.5,22.5,0,0,0,2021
4451,Jordan McLaughlin,Min,G,26,62,14.5,30.3,11.8,14.9,40,0.75,115,0.53,85,0.318,0.535,3.8,1.5,5.6,2.9,26.1,0.92,0.16,7,2021
4452,Ben McLemore,Por,G,29.16,64,20.1,41.8,21.3,8.7,88,0.818,122,0.533,417,0.362,0.567,10.2,1.6,4.4,0.9,7.3,0.59,0.16,4.9,2021
4453,De'Anthony Melton,Mem,G,23.87,73,22.7,47.3,21.3,13,120,0.75,323,0.44,372,0.374,0.529,10.8,4.5,10.3,2.7,16.1,1.41,0.53,9,2021
4454,Sam Merrill,Mem,G,25.9,6,9.6,20.1,19.7,7.2,4,0.5,1,1,23,0.304,0.485,4.2,1.2,6.3,0.7,9.1,0,0,6.3,2021
4455,Chimezie Metu,Sac,F-C,25.06,60,21.3,44.4,18.5,11.1,91,0.78,263,0.555,186,0.306,0.546,8.9,5.6,14.2,1,6.9,0.85,0.53,6.9,2021
4456,Khris Middleton,Mil,F,30.66,66,32.4,67.6,26.7,14.2,291,0.89,587,0.494,434,0.373,0.577,20.1,5.4,8.8,5.4,25.5,1.15,0.27,10.3,2021
4457,CJ Miles,Bos,G,35.07,1,2,4.2,0,,0,0,0,0,0,0,,0,0,0,0,0,0,0,0,2021
4458,Paul Millsap,Bro,F,37.16,24,11.3,23.4,16.5,10.6,17,0.706,58,0.448,27,0.222,0.443,3.4,3.7,17.9,1,11.8,0.21,0.46,8.2,2021
4459,Paul Millsap,Phi,F,37.16,9,11.7,24.4,17.5,19.5,7,0.714,22,0.5,8,0.25,0.499,3.7,2.8,13.2,0.6,6.8,0.56,0.22,6.3,2021
4460,Patty Mills,Bro,G,33.66,81,29,60.3,16.4,8.2,59,0.814,227,0.427,568,0.4,0.562,11.4,1.9,3.6,2.3,10.6,0.62,0.21,5.1,2021
4461,Shake Milton,Phi,G-F,25.54,55,21.4,44.7,18.2,9.2,73,0.836,270,0.481,133,0.323,0.517,8.2,2.6,6.7,2.5,17.6,0.51,0.31,7,2021
4462,Davion Mitchell,Sac,G,23.6,75,27.7,57.7,20.6,11.5,85,0.659,523,0.48,320,0.316,0.489,11.5,2.2,4.3,4.2,22.5,0.73,0.32,6.8,2021
4463,Donovan Mitchell,Uta,G,25.59,67,33.8,70.5,33,11.7,313,0.853,722,0.533,654,0.355,0.572,25.9,4.2,6.8,5.3,27.7,1.48,0.18,9.8,2021
4464,Evan Mobley,Cle,C,20.81,69,33.8,70.4,20.4,12.3,252,0.663,738,0.541,92,0.25,0.549,15,8.3,13.5,2.5,11.6,0.81,1.67,8,2021
4465,Malik Monk,Lal,G,24.18,76,28.1,58.6,20.1,12.2,117,0.795,384,0.568,442,0.391,0.597,13.8,3.4,6.4,2.9,15.2,0.82,0.38,7.3,2021
4466,Greg Monroe,Min,F-C,31.85,4,20.4,42.4,16.4,21.8,7,0.429,22,0.591,0,0,0.578,7.3,6,15.7,4,27.9,1,1.5,11,2021
4467,Greg Monroe,Was,F-C,31.85,2,8.8,18.3,25.3,20,0,0,8,0.5,0,0,0.5,4,5,31.4,0.5,9.3,0.5,0.5,9.8,2021
4468,Greg Monroe,Mil,F-C,31.85,5,13.9,29,17.8,10.4,9,0.556,22,0.5,0,0,0.52,5.4,4.2,16,0.4,4,0.6,0.4,6,2021
4469,Greg Monroe,Uta,F-C,31.85,3,8.7,18.1,13.5,0,7,0.571,5,0.8,0,0,0.743,4,3,18.8,1,16.7,0,0.33,10.5,2021
4470,Moses Moody,Gol,G,19.86,52,11.7,24.3,15.2,6.1,36,0.778,73,0.548,110,0.364,0.573,4.4,1.5,7.1,0.4,5.3,0.13,0.19,4.7,2021
4471,Matt Mooney,Nyk,G,25.17,1,1.9,4,46.2,50,0,0,0,0,1,0,0,0,0,0,0,0,1,0,0,2021
4472,Xavier Moon,Lac,G,27.27,10,13.7,28.6,19,10.1,5,0.6,37,0.541,14,0.357,0.545,5.8,1.4,5.3,2.4,26.9,0.7,0.3,7.9,2021
4473,Ja Morant,Mem,G,22.67,57,33.1,69,33.7,12.6,415,0.761,920,0.535,256,0.344,0.576,27.4,5.7,9,6.7,34.1,1.16,0.39,12.3,2021
4474,Juwan Morgan,Tor,F,24.98,1,27.4,57.1,4.7,0,0,0,1,1,2,0.5,0.833,5,4,7.9,1,4.8,0,0,4,2021
4475,Juwan Morgan,Bos,F,24.98,1,3.6,7.5,0,,0,0,0,0,0,0,,0,0,0,0,0,0,0,0,2021
4476,Marcus Morris Sr.,Lac,F,32.61,54,29,60.4,23.2,8.4,148,0.872,416,0.478,275,0.367,0.549,15.4,4.4,8,2.1,11.3,0.52,0.33,7.2,2021
4477,Jaylen Morris,San,G,26.56,3,5.3,11.1,23.1,11.4,4,0.5,4,0,2,0,0.129,0.7,0.7,6.6,0.7,14,0,0,5.3,2021
4478,Markieff Morris,Mia,F,32.61,17,17.6,36.6,20.6,14.5,9,0.889,75,0.547,39,0.333,0.547,7.6,2.6,8.6,1.4,12.1,0.35,0.06,6.9,2021
4479,Monte Morris,Den,G,26.79,75,29.9,62.2,17.4,8.8,84,0.869,459,0.545,314,0.395,0.583,12.6,3,5.6,4.4,21.4,0.73,0.19,7.4,2021
4480,Emmanuel Mudiay,Sac,G,26.1,2,5.5,11.5,18.6,21,4,0.75,2,0,0,0,0.399,1.5,0,0,2,43.4,0.5,0,0,2021
4481,Mychal Mulder,Orl,G,27.83,15,13,27.1,16.8,10.5,2,1,21,0.333,46,0.283,0.405,3.7,1.4,5.7,0.2,2.2,0.27,0.07,3.1,2021
4482,Mychal Mulder,Mia,G,27.83,2,22.2,46.1,10.9,0,2,1,2,0,8,0.5,0.643,7,1.5,3.8,1,6.2,0,0.5,3.9,2021
4483,Ade Murkey,Sac,G,20,1,1.5,3.1,0,,0,0,0,0,0,0,,0,0,0,0,0,0,0,0,2021
4484,Trey Murphy III,Nor,F,21.81,62,13.9,29,15.7,5.1,51,0.882,91,0.418,186,0.382,0.558,5.4,2.4,9.4,0.6,6.2,0.37,0.11,5.7,2021
4485,Dejounte Murray,San,G,25.56,68,34.8,72.5,27.3,11.8,247,0.794,947,0.504,294,0.327,0.533,21.1,8.3,12.5,9.2,40.6,2.04,0.34,13.5,2021
4486,Mike Muscala,Okc,F-C,30.78,43,13.8,28.7,20.9,4.9,57,0.842,85,0.506,163,0.429,0.63,8,3,11.2,0.5,6.2,0.42,0.6,6.6,2021
4487,Svi Mykhailiuk,Tor,G-F,24.84,56,12.8,26.6,16.9,11.3,37,0.865,100,0.5,134,0.306,0.509,4.6,1.6,7,0.8,8.8,0.46,0.07,5.6,2021
4488,Abdel Nader,Pho,F,28.54,14,10.4,21.6,14.9,21.8,10,0.6,21,0.381,14,0.286,0.431,2.4,1.9,10,0.5,5.8,0.57,0.29,5.1,2021
4489,Larry Nance Jr.,Por,F-C,29.27,37,23.2,48.3,12.4,11,49,0.653,136,0.61,62,0.306,0.581,6.9,5.6,13.3,2,12.5,1.03,0.35,7.3,2021
4490,Larry Nance Jr.,Nor,F-C,29.27,9,20.2,42,14.8,16,8,1,41,0.561,8,0.5,0.628,7.3,4.3,11.9,0.9,6.4,0.56,0.78,6,2021
4491,RJ Nembhard Jr.,Cle,G,23.06,14,4.5,9.3,16.1,13.2,4,0.75,16,0.375,2,0,0.38,1.1,0.5,6.2,0.9,26.2,0.07,0,7,2021
4492,Aaron Nesmith,Bos,G-F,22.49,52,11,23,17.2,13.8,26,0.808,67,0.612,115,0.27,0.507,3.8,1.7,8.4,0.4,5.4,0.38,0.08,5,2021
4493,Raul Neto,Was,G,29.89,70,19.6,40.8,18.4,13.9,108,0.769,321,0.526,120,0.292,0.538,7.5,1.9,5.4,3.1,22.9,0.79,0.04,7.2,2021
4494,Malik Newman,Cle,G,25.13,1,7.7,16,39.5,14.5,2,1,4,0.75,1,0,0.68,8,1,7.2,1,29.8,0,0,10.4,2021
4495,Georges Niang,Phi,F,28.82,76,22.8,47.6,16.8,9.1,59,0.881,176,0.511,387,0.403,0.594,9.2,2.7,6.5,1.3,8.7,0.39,0.16,5.6,2021
4496,Daishen Nix,Hou,G,20.16,24,10.9,22.6,17.3,24.5,30,0.533,41,0.488,26,0.269,0.48,3.2,1.4,6.9,1.7,21.5,0.58,0,7.2,2021
4497,Zeke Nnaji,Den,F-C,21.25,41,17,35.4,14.9,9.7,65,0.631,106,0.557,80,0.463,0.629,6.6,3.6,11.8,0.4,3.4,0.39,0.32,5,2021
4498,Nerlens Noel,Nyk,C-F,28,25,22.5,46.8,7.3,21.5,30,0.7,57,0.561,3,0,0.581,3.4,5.6,13.4,0.9,5.7,1.2,1.24,4.6,2021
4499,Jaylen Nowell,Min,G,22.76,62,15.7,32.8,21,7.4,92,0.783,253,0.526,160,0.394,0.581,8.5,2,6.7,2.1,20.2,0.44,0.16,8.4,2021
4500,Frank Ntilikina,Dal,G,23.7,58,11.8,24.6,17.4,11.7,25,0.96,113,0.451,110,0.345,0.513,4.1,1.4,6.4,1.2,14.7,0.47,0.12,6.4,2021
4501,Jusuf Nurkic,Por,C,27.63,56,28.2,58.7,23.6,16.6,268,0.69,544,0.563,56,0.268,0.586,15,11.1,21.5,2.8,16.6,1.11,0.61,11,2021
4502,David Nwaba,Hou,G-F,29.24,46,13.2,27.6,15.8,9.3,67,0.716,127,0.551,49,0.306,0.567,5.1,3.3,13.6,0.8,8.5,0.61,0.43,7.2,2021
4503,Jordan Nwora,Mil,F,23.59,62,19.1,39.8,19.4,10.6,43,0.837,235,0.455,227,0.348,0.506,7.9,3.6,9.9,1,7,0.39,0.27,6.4,2021
4504,Semi Ojeleye,Mil,F,27.35,20,15.4,32,11.2,6.2,13,0.769,29,0.241,41,0.268,0.376,2.9,2.9,10,0.3,2,0.25,0.25,3.5,2021
4505,Semi Ojeleye,Lac,F,27.35,10,9.8,20.5,17.9,10,16,0.813,20,0.4,9,0.444,0.569,4.1,1.6,8.5,0.4,5.7,0.2,0.1,5.6,2021
4506,Chuma Okeke,Orl,F,23.65,70,25,52,16.4,8.6,65,0.846,204,0.48,371,0.318,0.501,8.6,5,10.5,1.7,10.1,1.39,0.6,6.7,2021
4507,Josh Okogie,Min,G,23.61,49,10.5,21.9,12.1,15.4,51,0.686,57,0.491,47,0.298,0.526,2.7,1.4,7.3,0.5,6.2,0.53,0.24,4.7,2021
4508,Onyeka Okongwu,Atl,F-C,21.33,48,20.7,43.1,14,13.8,110,0.727,226,0.69,0,0,0.714,8.2,5.9,15.6,1.1,7.6,0.63,1.25,7.3,2021
4509,Isaac Okoro,Cle,F-G,21.21,67,29.6,61.6,12.4,10.4,155,0.768,274,0.555,157,0.35,0.589,8.8,3,5.6,1.8,8.5,0.84,0.33,4.9,2021
4510,KZ Okpala,Mia,F-G,22.95,21,11.6,24.2,14.4,6.3,11,0.727,43,0.488,26,0.346,0.521,3.7,2,9.5,0.7,8.3,0.19,0.33,6,2021
4511,Victor Oladipo,Mia,G,29.93,8,21.6,45.1,25,16.4,19,0.737,37,0.541,36,0.417,0.608,12.4,2.9,7.5,3.5,26.3,0.63,0.13,9.3,2021
4512,Cameron Oliver,Atl,F,20,2,21.7,45.1,16.5,0,3,0.667,12,0.75,3,0.333,0.705,11.5,3,7.6,1.5,11,0.5,0.5,6.9,2021
4513,Kelly Olynyk,Det,F-C,30.98,40,19.1,39.8,21.5,15.1,89,0.775,167,0.527,119,0.336,0.561,9.1,4.4,12.5,2.8,23.1,0.78,0.48,10.1,2021
4514,Eugene Omoruyi,Dal,F,25.15,4,4.5,9.3,17.1,0,4,0.5,3,0.333,2,0.5,0.518,1.8,1.8,21.9,0.5,16,0,0,10.4,2021
4515,Royce O'Neale,Uta,F,28.85,77,31.2,65.1,9.9,14.3,56,0.804,138,0.609,306,0.389,0.608,7.4,4.8,8.4,2.5,10.5,1.1,0.42,5.7,2021
4516,Miye Oni,Uta,G-F,24.69,16,2.8,5.8,10.3,9.6,1,0,1,1,8,0.125,0.265,0.3,0.4,8.7,0.3,14.2,0,0,4.7,2021
4517,Cedi Osman,Cle,F,27.01,66,22.1,46.1,21.1,9.6,131,0.664,214,0.556,359,0.357,0.562,10.7,2.2,5.6,2,14.1,0.79,0.15,6.5,2021
4518,Daniel Oturu,Tor,C,22.56,3,9.1,19,12.9,0,5,0.6,5,0.6,1,0,0.549,3,1.7,9.9,0,0,0,0.67,0,2021
4519,Kelly Oubre Jr.,Cha,F-G,26.34,76,26.3,54.8,23,6.2,189,0.667,380,0.576,553,0.345,0.559,15,4,8,1.1,6.2,1.01,0.41,6.1,2021
4520,Jaysean Paige,Det,G,27.7,1,6.6,13.8,26,25,0,0,1,0,2,0,0,0,1,8.2,1,19.2,0,0,0,2021
4521,Trayvon Palmer,Det,G,27.41,1,16.8,35,5.1,50,0,0,1,0,0,0,0,0,2,6.4,0,0,0,0,0,2021
4522,Kevin Pangos,Cle,G,29.21,24,6.9,14.4,14.6,12.8,4,0.75,20,0.45,26,0.231,0.408,1.6,0.5,3.7,1.3,24.6,0.13,0,5.9,2021
4523,Jabari Parker,Bos,F,27.07,12,9.4,19.5,19.6,16,9,1,22,0.455,16,0.5,0.632,4.4,2.3,13.5,0.5,7.9,0.33,0.08,7.3,2021
4524,Eric Paschall,Uta,F,25.43,58,12.7,26.5,17.7,9,86,0.767,127,0.583,108,0.37,0.612,5.8,1.8,7.9,0.6,7.1,0.16,0.09,5.8,2021
4525,Chris Paul,Pho,G,36.93,65,32.9,68.6,19.7,15.6,202,0.837,537,0.559,199,0.317,0.581,14.7,4.4,7.1,10.8,44.5,1.86,0.31,10.8,2021
4526,Cameron Payne,Pho,G,27.67,58,22,45.9,24.6,14.1,89,0.843,376,0.449,211,0.336,0.5,10.8,3,7.3,4.9,30.7,0.69,0.29,9.8,2021
4527,Gary Payton II,Gol,G,29.36,71,17.6,36.6,14.3,9.8,58,0.603,224,0.754,120,0.358,0.679,7.1,3.5,10.7,0.9,7.5,1.34,0.31,6.4,2021
4528,Elfrid Payton,Pho,G,28.13,50,11,22.9,18.5,19.9,32,0.375,157,0.401,18,0.222,0.397,3,1.8,8.6,2,22.9,0.5,0.12,8,2021
4529,Norvel Pelle,Uta,C,29.18,3,6.3,13.2,16.1,28.6,0,0,5,0.6,0,0,0.6,2,2,17.3,0,0,0,0.33,0,2021
4530,Reggie Perry,Por,F-C,22.06,9,19.7,41.1,23.3,11.5,15,0.6,62,0.581,16,0.188,0.532,10,5.1,14.2,1.3,11.6,1,0.67,8.2,2021
4531,Reggie Perry,Ind,F-C,22.06,1,9.9,20.6,4.3,0,0,0,1,1,0,0,1,2,1,5.6,0,0,0,0,0,2021
4532,Jamorko Pickett,Det,F,24.3,13,13.6,28.3,13.6,8.9,2,0.5,11,0.455,39,0.333,0.491,3.8,2.5,9.8,0.5,5.8,0,0.54,4.9,2021
4533,Theo Pinson,Dal,G-F,26.43,19,7.8,16.2,14.7,10.3,10,1,9,0.444,30,0.333,0.553,2.5,1.1,7.9,0.9,15.9,0.26,0.11,6.9,2021
4534,Mason Plumlee,Cha,F-C,32.1,73,24.6,51.2,11.7,20.2,171,0.392,318,0.645,2,0,0.603,6.5,7.8,16.8,3.1,16.4,0.82,0.71,8.8,2021
4535,Jakob Poeltl,San,C,26.49,68,29,60.3,18.3,12.7,190,0.495,662,0.618,1,1,0.613,13.5,9.3,16.9,2.8,14,0.66,1.72,9.7,2021
4536,Aleksej Pokusevski,Okc,C,20.29,61,20.2,42.1,20,16.4,50,0.7,259,0.498,197,0.289,0.485,7.6,5.2,13.3,2.1,16.6,0.64,0.61,8.6,2021
4537,Yves Pons,Mem,F,22.93,12,5.9,12.3,10.3,5.6,2,0,7,0.286,9,0.333,0.385,1.1,1,8.8,0.1,1.7,0.08,0.33,3.2,2021
4538,Jordan Poole,Gol,G,22.81,76,30,62.6,26.1,13.7,266,0.925,478,0.55,580,0.364,0.598,18.5,3.4,6.2,4,21.1,0.79,0.3,8.4,2021
4539,Kevin Porter Jr.,Hou,G-F,21.94,61,31.3,65.1,24.1,17.7,193,0.642,395,0.456,413,0.375,0.531,15.6,4.4,7.7,6.2,30.7,1.11,0.38,9.6,2021
4540,Michael Porter Jr.,Den,F,23.78,9,29.5,61.4,19.7,10.1,9,0.556,55,0.491,48,0.208,0.416,9.9,6.6,12.4,1.9,8.9,1.11,0.22,6.8,2021
4541,Otto Porter Jr.,Gol,F,28.86,63,22.2,46.1,15.1,7.7,61,0.803,201,0.562,216,0.37,0.58,8.2,5.8,14.1,1.5,9.6,1.06,0.44,7.5,2021
4542,Bobby Portis,Mil,F,27.16,72,28.2,58.7,21.3,8.9,113,0.752,533,0.533,338,0.393,0.571,14.6,9.1,17.2,1.2,6.4,0.74,0.71,7.7,2021
4543,Kristaps Porzingis,Dal,F-C,26.69,34,29.5,61.4,28.6,8.3,170,0.865,335,0.537,173,0.283,0.561,19.2,7.7,14.5,2,11.7,0.74,1.74,9,2021
4544,Kristaps Porzingis,Was,F-C,26.69,17,28.2,58.7,31.4,8.3,116,0.871,180,0.522,79,0.367,0.606,22.1,8.8,17.3,2.9,17.9,0.71,1.47,11.7,2021
4545,Micah Potter,Det,F,24.01,3,10.3,21.5,17.9,7.8,2,1,9,0.556,2,0,0.505,4,3,15.7,0,0,0.33,0.33,0,2021
4546,Dwight Powell,Dal,F-C,30.73,82,21.9,45.7,14,11.5,212,0.783,364,0.703,37,0.351,0.725,8.7,4.9,12.5,1.2,8.1,0.45,0.48,6.8,2021
4547,Myles Powell,Phi,G,20,11,4.7,9.9,18,14.4,2,1,11,0.364,6,0.167,0.364,1.2,0.5,6.4,0.3,8,0.09,0,4.8,2021
4548,Norman Powell,Por,G,28.88,40,33.3,69.4,22.5,9,198,0.803,313,0.492,229,0.406,0.593,18.7,3.3,5.4,2.1,10,1,0.43,6.1,2021
4549,Norman Powell,Lac,G,28.88,5,25.1,52.3,30,8.2,35,0.857,39,0.487,24,0.542,0.682,21.4,2.8,5.8,2.8,19.4,0.4,0.8,8.8,2021
4550,Joshua Primo,San,G,19.3,50,19.3,40.2,15.4,15.9,59,0.746,133,0.444,137,0.307,0.487,5.8,2.3,6.1,1.6,10.6,0.4,0.46,5.7,2021
4551,Taurean Prince,Min,F,28.06,69,17.1,35.5,17.1,11,82,0.756,162,0.562,229,0.376,0.588,7.3,2.5,7.9,1,8.1,0.68,0.33,6.2,2021
4552,Payton Pritchard,Bos,G,24.2,71,14.1,29.4,18.6,9.7,21,1,128,0.461,245,0.412,0.578,6.2,1.9,7.2,2,20.4,0.34,0.08,8.1,2021
4553,Trevelin Queen,Hou,G,20,10,7.4,15.5,23.8,16.8,4,1,9,0.667,24,0.375,0.619,4.3,1.6,11.8,0.4,8.7,0.5,0.1,7.6,2021
4554,Neemias Queta,Sac,C,22.75,14,8.5,17.8,18.5,11.7,17,0.647,38,0.447,0,0,0.495,3.2,2.2,14,0.4,7.2,0.07,0.57,6.6,2021
4555,Immanuel Quickley,Nyk,G,22.82,78,23.1,48.1,22.2,10.9,201,0.881,328,0.448,396,0.346,0.543,11.3,3.2,7.3,3.5,24.5,0.69,0.04,8.7,2021
4556,Jahmi'us Ramsey,Sac,G,20.84,19,7.1,14.7,22.2,7.2,14,0.5,40,0.475,18,0.278,0.468,3.2,0.7,5.3,0.4,7.9,0.05,0.05,5.4,2021
4557,Julius Randle,Nyk,F-C,27.37,72,35.3,73.6,28.7,14.7,401,0.756,856,0.458,390,0.308,0.509,20.1,10,15,5.1,25.1,0.74,0.54,11.4,2021
4558,Austin Reaves,Lal,G,23.87,61,23.2,48.4,12.4,9.8,118,0.839,150,0.62,168,0.315,0.6,7.3,3.2,7.3,1.8,10.3,0.46,0.33,6,2021
4559,Cam Reddish,Atl,F-G,22.61,34,23.4,48.8,23.2,10.4,80,0.9,190,0.421,153,0.379,0.537,11.9,2.5,5.8,1.1,6.9,1.03,0.32,5.5,2021
4560,Cam Reddish,Nyk,F-G,22.61,15,14.4,29.9,18.7,14.1,32,0.906,34,0.559,31,0.258,0.575,6.1,1.4,5.2,0.7,7.1,0.87,0.27,5,2021
4561,Davon Reed,Den,G,26.83,48,13.9,29,12.1,8.7,15,0.667,75,0.587,86,0.43,0.624,4.4,2.3,9,1.1,10.7,0.5,0.19,6.4,2021
4562,Paul Reed,Phi,F,22.83,38,8,16.6,16.6,8.9,14,0.429,88,0.591,8,0.25,0.568,3.1,2.4,17,0.4,8.3,0.87,0.37,7.2,2021
4563,Naz Reid,Min,C-F,22.63,77,15.8,32.9,21.4,13.2,149,0.765,310,0.568,166,0.343,0.588,8.3,3.9,13.2,0.9,8.7,0.52,0.92,7.8,2021
4564,Nick Richards,Cha,C,24.37,50,7.3,15.3,15.4,18.1,43,0.698,90,0.667,0,0,0.689,3,1.7,12.4,0.3,4.9,0.18,0.42,6.3,2021
4565,Josh Richardson,Bos,G,28.57,44,24.7,51.5,16.7,9.4,71,0.859,187,0.481,156,0.397,0.57,9.7,2.8,6.2,1.5,8.7,0.77,0.52,5.6,2021
4566,Josh Richardson,San,G,28.57,21,24.4,50.9,19.3,11.5,37,0.946,101,0.416,90,0.444,0.577,11.4,2.9,6.1,2.3,13,1.05,0.29,6.9,2021
4567,Austin Rivers,Den,G,29.69,67,22.1,46,12.6,12.8,44,0.727,119,0.563,231,0.342,0.546,6,1.7,4.3,1.3,8,0.76,0.09,4.3,2021
4568,Duncan Robinson,Mia,F,27.97,79,25.9,53.9,17.7,7.4,61,0.836,102,0.569,624,0.372,0.573,10.9,2.6,5.6,1.6,9.3,0.53,0.18,5.5,2021
4569,Jeremiah Robinson-Earl,Okc,F,21.43,49,22.2,46.2,15.4,10.1,54,0.741,159,0.478,165,0.352,0.526,7.5,5.6,13,1,6.7,0.59,0.31,6.3,2021
4570,Justin Robinson,Mil,G,24.5,17,11.6,24.2,14.9,16,2,1,20,0.4,37,0.27,0.415,2.8,0.8,3.5,1.2,13.7,0.47,0,4.8,2021
4571,Justin Robinson,Sac,G,24.5,3,5,10.4,25.8,11.1,0,0,5,0.2,3,0,0.125,0.7,0.3,3.6,0.7,17.3,0,0,4.2,2021
4572,Justin Robinson,Det,G,24.5,5,18.2,37.9,16.8,14,6,0.333,7,0.143,21,0.381,0.457,5.6,1.4,4.2,1.8,14.3,0.2,0.2,5.3,2021
4573,Mitchell Robinson,Nyk,C-F,24.03,72,25.7,53.5,11.4,12.4,181,0.486,343,0.761,0,0,0.722,8.5,8.6,17.8,0.5,3.2,0.79,1.85,5.2,2021
4574,Isaiah Roby,Okc,F,24.18,45,21.1,43.9,19,10.3,116,0.672,224,0.545,99,0.444,0.607,10.1,4.8,11.8,1.6,12.1,0.8,0.76,8.1,2021
4575,Rajon Rondo,Lal,G,36.13,18,16.1,33.5,15.7,32.1,2,0.5,41,0.366,30,0.267,0.383,3.1,2.7,9.1,3.7,29.9,0.67,0.28,7.8,2021
4576,Rajon Rondo,Cle,G,36.13,21,19.5,40.5,16.2,22.1,24,0.75,48,0.458,58,0.397,0.562,6.2,2.8,8,4.9,35.3,0.86,0.05,9,2021
4577,Derrick Rose,Nyk,G,33.52,26,24.5,51,22.5,11.9,31,0.968,182,0.467,92,0.402,0.541,12,3,6.5,4,27.5,0.85,0.46,8.6,2021
4578,Terrence Ross,Orl,G-F,31.18,63,23,47.9,20.5,10.9,130,0.862,290,0.493,264,0.292,0.515,10,2.6,5.9,1.8,12.5,0.44,0.19,6.3,2021
4579,Terry Rozier,Cha,G,28.07,73,33.7,70.1,23.2,7.1,176,0.852,575,0.517,593,0.374,0.566,19.3,4.3,6.8,4.5,19.8,1.27,0.34,8.5,2021
4580,Ricky Rubio,Cle,G,31.47,34,28.5,59.4,24.9,16.5,103,0.854,237,0.38,174,0.339,0.488,13.1,4.1,8,6.6,34.5,1.44,0.21,9.9,2021
4581,D'Angelo Russell,Min,G,26.13,65,31.9,66.6,25.1,13.2,240,0.825,457,0.492,518,0.34,0.544,18.1,3.3,5.6,7.1,33.1,0.95,0.34,9.4,2021
4582,Matt Ryan,Bos,F,24.98,1,5.3,11,41.6,0,0,0,0,0,5,0.2,0.3,3,0,0,0,0,1,0,0,2021
4583,Domantas Sabonis,Ind,F-C,25.94,47,34.7,72.3,21.7,17.3,258,0.74,463,0.639,108,0.324,0.649,18.9,12.1,19.4,5,22.2,0.98,0.47,12.1,2021
4584,Domantas Sabonis,Sac,F-C,25.94,15,33.6,70,24.4,18.1,74,0.743,185,0.584,17,0.235,0.603,18.9,12.3,19.9,5.8,28,0.87,0.33,13.2,2021
4585,Olivier Sarr,Okc,C,23.14,22,19.1,39.9,13.9,16.2,29,0.828,72,0.625,29,0.448,0.672,7,4.2,11.4,0.9,6.9,0.27,0.68,6.2,2021
4586,Tomas Satoransky,Nor,G,30.45,32,15,31.3,12.6,16.3,25,0.76,76,0.355,31,0.161,0.373,2.8,2,7.4,2.4,20.6,0.44,0.03,6.3,2021
4587,Tomas Satoransky,San,G,30.45,1,9.2,19.2,8.1,0,4,0.75,0,0,0,0,0.852,3,1,5.7,0,0,0,0,0,2021
4588,Tomas Satoransky,Was,G,30.45,22,18.9,39.4,12.6,19.5,25,0.84,62,0.548,22,0.273,0.563,4.9,2.8,8.1,4.9,35,0.68,0.18,8.6,2021
4589,Jordan Schakel,Was,G,23.83,4,7.6,15.8,18.9,7.8,2,1,5,0,6,0.167,0.21,1.3,2,14.6,0,0,0.25,0,0,2021
4590,Admiral Schofield,Orl,F,25.03,38,12.3,25.7,14.5,13.4,15,0.8,50,0.56,79,0.329,0.538,3.8,2.3,10,0.7,7.9,0.11,0.13,5.9,2021
4591,Dennis Schroder,Bos,G,28.57,49,29.2,60.9,23.1,13.8,145,0.848,392,0.485,192,0.349,0.543,14.4,3.3,6.2,4.2,22,0.84,0.1,8,2021
4592,Dennis Schroder,Hou,G,28.57,15,27,56.2,20.6,19.9,39,0.872,82,0.439,58,0.328,0.519,10.9,3.3,6.8,5.9,31.9,0.87,0.2,8.8,2021
4593,Trevon Scott,Cle,F,25.37,2,5.7,11.9,23.3,0,0,0,5,0.6,1,0,0.5,3,1,9.7,0,0,0.5,0.5,0,2021
4594,Jay Scrubb,Lac,G,21.61,18,6.7,14.1,20.8,12.2,10,0.7,25,0.48,21,0.286,0.486,2.7,0.9,6.9,0.4,9.7,0.22,0.17,5.9,2021
4595,Wayne Selden,Nyk,G,27.53,3,6.4,13.3,13.2,0,4,0.5,2,0,2,0.5,0.434,1.7,0.3,2.8,0.3,7.2,0,0,3.3,2021
4596,Alperen Sengun,Hou,C,19.71,72,20.7,43.1,22,18.8,232,0.711,408,0.539,117,0.248,0.552,9.6,5.5,14.5,2.6,19.1,0.81,0.94,10,2021
4597,Collin Sexton,Cle,G,23.27,11,28.8,59.9,27.9,15.6,39,0.744,106,0.538,45,0.244,0.523,16,3.3,6.3,2.1,11.9,0.91,0,6.7,2021
4598,Landry Shamet,Pho,G,25.08,69,20.8,43.4,16.8,7.3,81,0.84,151,0.45,334,0.368,0.55,8.3,1.8,4.7,1.6,9.7,0.41,0.13,5.5,2021
4599,Day'Ron Sharpe,Bro,F,20.43,32,12.2,25.4,21.7,15.2,41,0.585,142,0.592,7,0.286,0.593,6.2,5,22.3,0.5,6.7,0.31,0.47,8.2,2021
4600,Pascal Siakam,Tor,F,28.03,68,37.9,79,25.8,11.6,379,0.749,989,0.527,218,0.344,0.565,22.8,8.5,12.2,5.3,23,1.25,0.62,10.6,2021
4601,Chris Silva,Min,F,25.56,1,3.5,7.3,0,,0,0,0,0,0,0,,0,1,15.3,0,0,0,0,0,2021
4602,Chris Silva,Mia,F,25.56,9,9.7,20.3,14.4,28.3,12,0.833,15,0.533,0,0,0.641,2.9,3.9,22.6,0.8,11,0,0.11,8.6,2021
4603,Marko Simonovic,Chi,C,22.49,9,3.9,8.1,27.3,9.2,11,0.727,10,0.3,5,0.2,0.428,1.9,1.1,16,0,0,0.11,0.11,0,2021
4604,Anfernee Simons,Por,G,22.84,57,29.5,61.4,24.8,11.9,116,0.888,355,0.49,442,0.405,0.583,17.3,2.6,4.9,3.9,22.2,0.53,0.11,7.6,2021
4605,Zavier Simpson,Okc,G,25.16,4,43.5,90.7,15.9,15.6,5,1,44,0.409,8,0.125,0.406,11,5.3,6.2,7.5,25.2,1.25,1,7,2021
4606,Jericho Sims,Nyk,C,23.47,41,13.5,28.2,6.9,23.1,29,0.414,54,0.722,0,0,0.674,2.2,4.1,16.3,0.5,5.3,0.27,0.54,4.9,2021
4607,Deividas Sirvydis,Det,F-G,21.83,3,8.9,18.5,16.1,0,0,0,3,0,7,0.143,0.15,1,2,12.2,0.3,5,1,0.33,3.8,2021
4608,Javonte Smart,Mil,G,22.86,13,12.3,25.6,14.6,16.5,6,0.833,25,0.28,18,0.222,0.34,2.4,1.5,6.3,1.1,10.9,0.31,0.15,5.1,2021
4609,Javonte Smart,Mia,G,22.86,4,10,20.8,21.2,10.5,0,0,8,0.5,9,0.444,0.588,5,1.3,7.1,0.5,8.1,0.5,0.25,5.9,2021
4610,Marcus Smart,Bos,G,28.1,71,32.3,67.4,18.3,16.7,179,0.793,357,0.507,360,0.331,0.541,12.1,3.8,6.3,5.9,25.6,1.72,0.25,8,2021
4611,Dennis Smith Jr.,Por,G,24.38,37,17.3,36,18.2,19,64,0.656,162,0.451,27,0.222,0.474,5.6,2.4,7.5,3.6,30.5,1.22,0.32,8.4,2021
4612,Ish Smith,Cha,G,33.77,37,13.8,28.8,19.1,15.7,19,0.632,160,0.394,25,0.4,0.434,4.5,1.5,5.9,2.6,25.9,0.54,0.27,7.5,2021
4613,Ish Smith,Was,G,33.77,28,22,45.8,20.9,14.5,5,0.6,203,0.478,42,0.357,0.489,8.6,3,7.5,5.2,36.1,1,0.46,9.3,2021
4614,Jalen Smith,Pho,F-C,22.07,29,13.2,27.4,20.5,12.1,52,0.769,98,0.551,39,0.231,0.547,6,4.8,19.5,0.2,2.1,0.21,0.62,5.4,2021
4615,Jalen Smith,Ind,F-C,22.07,22,24.7,51.4,20.1,7.8,50,0.76,130,0.631,83,0.373,0.628,13.4,7.7,17.4,0.8,5.1,0.41,1.05,7.1,2021
4616,Xavier Sneed,Mem,F,20,2,3.9,8,10.6,0,0,0,0,0,2,0,0,0,1,13.6,0,0,0,0,0,2021
4617,Xavier Sneed,Uta,F,20,7,4.4,9.2,11.2,0,0,0,2,0.5,6,0.167,0.313,0.7,0.6,7.1,0.1,4.1,0,0,3.2,2021
4618,Tony Snell,Por,G,30.42,38,14.4,29.9,8.7,10.1,3,1,22,0.545,75,0.32,0.503,2.6,1.9,7.2,0.6,5.2,0.21,0.18,4,2021
4619,Tony Snell,Nor,G,30.42,15,18.4,38.4,12.8,9.7,1,1,21,0.571,53,0.396,0.591,5.9,2.1,6.4,0.5,4,0.53,0.13,4,2021
4620,Jaden Springer,Phi,G,19.54,2,2.8,5.8,16,50,0,0,1,1,0,0,1,1,1,19.9,0,0,0,1,0,2021
4621,Cassius Stanley,Det,G,22.65,9,17.2,35.9,15.6,10.6,10,1,29,0.517,17,0.235,0.516,5.8,2.1,6.6,0.4,3.9,0.56,0.22,3.9,2021
4622,Nik Stauskas,Mia,G,28.51,2,11.9,24.7,18.3,0,4,0.75,4,0.25,4,0.5,0.564,5.5,1.5,7.2,0.5,6.1,0,0,5.4,2021
4623,Nik Stauskas,Bos,G,28.51,6,2.5,5.2,23,12.7,2,0.5,0,0,6,0.333,0.509,1.2,0,0,0.2,9.4,0,0,0,2021
4624,Lance Stephenson,Atl,F,31.6,6,11.6,24.1,11.2,22.4,2,0.5,10,0.5,3,0,0.396,1.8,2.5,11.8,1.8,20,0,0,6.9,2021
4625,Lance Stephenson,Ind,F,31.6,40,18.6,38.8,23.7,16.5,78,0.795,223,0.516,87,0.31,0.542,9.3,2.8,8.4,3.9,31.2,0.6,0.1,10,2021
4626,Lamar Stevens,Cle,F,24.76,63,16.1,33.6,17.1,10.4,75,0.707,254,0.543,65,0.277,0.544,6.1,2.6,8.9,0.7,6.5,0.49,0.29,5.5,2021
4627,Isaiah Stewart,Det,F-C,20.89,71,25.6,53.3,14.7,13.7,103,0.718,445,0.528,46,0.326,0.549,8.3,8.7,18.4,1.2,6.9,0.31,1.1,6.9,2021
4628,Max Strus,Mia,G-F,26.04,68,23.3,48.6,18.1,8.8,53,0.792,122,0.557,442,0.41,0.614,10.6,3,7.2,1.4,8.8,0.43,0.24,6.1,2021
4629,Jalen Suggs,Orl,G,20.86,48,27.2,56.7,25.3,18.7,163,0.773,352,0.443,196,0.214,0.455,11.8,3.6,6.9,4.4,24.9,1.23,0.4,8.4,2021
4630,Craig Sword,Was,G,28.23,3,6.3,13.2,11.7,20,0,0,3,1,1,0,0.75,2,0,0,0.3,7.7,1.33,0,0,2021
4631,Keifer Sykes,Ind,G,28.28,32,17.7,36.9,17.4,14.3,17,0.882,100,0.42,90,0.3,0.456,5.6,1.4,4.4,1.9,14.9,0.38,0.13,5.6,2021
4632,Jae'Sean Tate,Hou,F,26.45,78,26.4,54.9,19.6,14.6,184,0.707,527,0.569,202,0.312,0.567,11.8,5.4,11.2,2.8,16.8,0.94,0.53,8.5,2021
4633,Jayson Tatum,Bos,F-G,24.11,76,35.9,74.9,32.1,10.9,469,0.853,913,0.524,651,0.353,0.578,26.9,8,12.1,4.4,21.1,0.97,0.64,10.9,2021
4634,Terry Taylor,Ind,G,22.55,33,21.6,45.1,15.9,9,51,0.706,181,0.68,38,0.316,0.659,9.6,5.2,13.4,1.2,8.6,0.42,0.27,7.2,2021
4635,Garrett Temple,Nor,G-F,35.93,59,18.6,38.8,13.9,11.8,41,0.683,110,0.473,185,0.319,0.494,5.2,2.4,7.2,1.3,9.2,0.73,0.39,5.4,2021
4636,Emanuel Terry,Pho,F,26.64,3,6.1,12.6,23.7,50,0,0,5,0,0,0,0,0,5,44.1,0.7,12.1,0.33,0,0,2021
4637,Tyrell Terry,Mem,G,21.53,2,1.6,3.2,13.2,0,0,0,1,1,0,0,1,1,0,0,0,0,0,0,0,2021
4638,Jon Teske,Mem,C,20,3,2.6,5.4,9.9,0,2,0,1,0,0,0,0,0,0.7,13.4,0.3,14.2,0.33,0,0,2021
4639,Daniel Theis,Hou,F-C,30.02,26,22.5,46.8,16.5,13.6,40,0.675,100,0.61,79,0.291,0.554,8.4,5,12.2,0.8,5.1,0.42,0.65,5.7,2021
4640,Daniel Theis,Bos,F-C,30.02,21,18.7,39,15.8,10.6,32,0.688,84,0.679,28,0.357,0.658,7.9,4.7,13.6,1,8,0.43,0.71,7.1,2021
4641,Brodric Thomas,Bos,G,25.2,12,5,10.4,19.3,22.9,5,0.6,9,0.667,9,0.222,0.52,1.8,0.8,9,0.9,26,0.08,0.08,8.7,2021
4642,Cam Thomas,Bro,G,20.49,67,17.6,36.6,22.1,9.1,105,0.829,329,0.52,174,0.27,0.519,8.5,2.4,7.5,1.2,9.7,0.49,0.12,6.6,2021
4643,Isaiah Thomas,Lal,G,33.17,4,25.3,52.6,20.8,10.2,11,0.727,17,0.412,22,0.227,0.422,9.3,2,4.2,1.5,8.1,0,0.5,4.8,2021
4644,Isaiah Thomas,Dal,G,33.17,1,13.3,27.7,27.1,0,0,0,5,0.6,3,0,0.375,6,0,0,4,51,0,0,0,2021
4645,Isaiah Thomas,Cha,G,33.17,17,12.9,26.9,26.5,7.3,15,0.933,62,0.468,58,0.397,0.557,8.3,1.2,5.1,1.4,17,0.41,0.18,7.5,2021
4646,Matt Thomas,Chi,G,27.69,40,11.5,23.9,14.5,5.3,20,0.8,43,0.465,91,0.385,0.564,4,1.3,6.1,0.5,5.8,0.2,0.08,4.8,2021
4647,Klay Thompson,Gol,G,32.17,32,29.4,61.3,29.6,6.7,51,0.902,277,0.477,296,0.385,0.547,20.4,3.9,7.2,2.8,16.1,0.5,0.53,8.2,2021
4648,Tristan Thompson,Sac,C-F,31.08,30,15.2,31.6,19.5,14.1,60,0.533,150,0.5,1,1,0.521,6.2,5.4,19.2,0.6,5.9,0.37,0.4,7.2,2021
4649,Tristan Thompson,Ind,C-F,31.08,4,16.4,34.2,20.5,12.7,8,0.375,24,0.542,0,0,0.527,7.3,4.5,15.3,0.5,4.6,0,0.5,6.2,2021
4650,Tristan Thompson,Chi,C-F,31.08,23,16.3,34.1,14.7,9.6,48,0.542,90,0.578,2,0,0.575,5.7,4.7,16.3,0.6,5.1,0.52,0.3,6.2,2021
4651,JT Thor,Cha,F,19.63,33,7.9,16.5,12,13.6,20,0.6,28,0.607,27,0.259,0.525,2,1.3,8.7,0.6,9.2,0.24,0.33,5.9,2021
4652,Matisse Thybulle,Phi,G-F,25.1,66,25.5,53.2,9.5,10.9,43,0.791,156,0.673,144,0.313,0.594,5.7,2.3,5,1.1,6.1,1.74,1.08,3.8,2021
4653,Killian Tillie,Mem,F-C,24.1,36,12.8,26.7,12.8,9.1,8,0.625,41,0.39,86,0.314,0.452,3.3,1.7,6.8,0.6,5.9,0.64,0.42,4.7,2021
4654,Xavier Tillman,Mem,F,23.24,53,13.2,27.5,16.4,12.1,71,0.648,167,0.527,49,0.204,0.51,4.8,3,12,1.2,11.6,0.94,0.28,7.8,2021
4655,Isaiah Todd,Was,F,20.48,12,6.2,12.9,19.6,12.3,6,0.333,10,0.3,16,0.25,0.349,1.7,1,8.9,0.3,7.2,0.33,0.17,5.2,2021
4656,Obi Toppin,Nyk,F,24.1,72,17.1,35.6,20.8,9.6,124,0.758,304,0.655,169,0.308,0.614,9,3.7,11.6,1.1,10.9,0.35,0.46,7.8,2021
4657,Juan Toscano-Anderson,Gol,F,29,73,13.6,28.4,14.7,20.4,70,0.571,148,0.588,87,0.322,0.561,4.1,2.4,9.6,1.7,17.6,0.66,0.23,7.5,2021
4658,Karl-Anthony Towns,Min,C-F,26.4,74,33.5,69.7,27.8,13.7,467,0.822,846,0.582,367,0.409,0.641,24.6,9.8,15.7,3.6,18,0.97,1.12,11.4,2021
4659,Gary Trent Jr.,Tor,G-F,23.23,70,35,72.9,21.8,5.8,204,0.853,541,0.445,545,0.383,0.546,18.3,2.7,4.2,2,8.8,1.79,0.26,5.3,2021
4660,P.J. Tucker,Mia,F,36.93,71,27.9,58.1,11.7,12.7,61,0.738,235,0.54,193,0.415,0.593,7.6,5.5,11.1,2.1,10.6,0.82,0.21,6.4,2021
4661,Rayjon Tucker,Den,G,24.55,3,9.8,20.3,5.6,0,4,0.75,0,0,2,0.5,0.798,2,1.3,7.6,1.3,16.5,0.33,0,6.1,2021
4662,Rayjon Tucker,Mil,G,24.55,2,20.8,43.3,9.6,10.7,3,0.667,4,0.5,3,1,0.901,7.5,2,5.1,3,19.3,1.5,0,6.8,2021
4663,Myles Turner,Ind,C-F,26.05,42,29.4,61.2,17.1,10.9,105,0.752,210,0.662,183,0.333,0.615,12.9,7.1,13.4,1,5.1,0.67,2.81,6.1,2021
4664,Jonas Valanciunas,Nor,C,29.93,74,30.3,63.1,23.8,14.4,289,0.82,780,0.581,158,0.361,0.617,17.8,11.4,20.8,2.6,14,0.57,0.81,10.7,2021
4665,Denzel Valentine,Cle,G,28.4,22,9.3,19.3,15.6,13.9,0,0,18,0.278,44,0.409,0.516,2.9,1.7,10.3,0.5,7.6,0.32,0,5.8,2021
4666,Denzel Valentine,Uta,G,28.4,2,9.3,19.3,14.1,33.3,0,0,1,1,3,0.333,0.625,2.5,2,11.8,0,0,0.5,0,0,2021
4667,Jarred Vanderbilt,Min,F,23.02,74,25.4,52.9,10.9,14.8,131,0.656,347,0.605,14,0.143,0.612,6.9,8.4,17.7,1.3,6.7,1.34,0.62,6.7,2021
4668,Fred VanVleet,Tor,G,28.12,65,37.9,78.9,23.7,12.5,222,0.874,455,0.44,642,0.377,0.552,20.3,4.5,6.4,6.7,26.7,1.71,0.55,9,2021
4669,Devin Vassell,San,G-F,21.63,71,27.3,56.8,18.9,6.7,99,0.838,384,0.492,380,0.361,0.54,12.3,4.3,8.3,1.9,9.7,1.06,0.59,6.8,2021
4670,Gabe Vincent,Mia,G,25.82,68,23.4,48.7,17.8,15.4,54,0.815,190,0.5,323,0.368,0.551,8.7,1.9,4.5,3.1,19.4,0.9,0.18,6.3,2021
4671,Nikola Vucevic,Chi,C,31.46,73,33.1,69,24.5,10.1,121,0.76,823,0.537,331,0.314,0.533,17.6,11,18.7,3.2,15.2,0.97,0.97,10.3,2021
4672,Dean Wade,Cle,F-C,25.39,51,19.2,40,11.1,6.5,30,0.667,75,0.64,142,0.359,0.584,5.3,2.9,8.5,1,7.3,0.57,0.14,5.2,2021
4673,Franz Wagner,Orl,F,20.62,79,30.7,64.1,21.2,10,219,0.863,705,0.511,270,0.356,0.559,15.2,4.5,7.7,2.9,15.7,0.86,0.43,7.6,2021
4674,Moritz Wagner,Orl,F-C,24.96,63,15.2,31.7,23,11,129,0.806,195,0.672,201,0.328,0.623,9,3.7,12.8,1.4,15.4,0.32,0.21,9.5,2021
4675,Ish Wainright,Pho,F,27.58,45,8,16.6,14.7,10.6,12,0.583,45,0.489,59,0.322,0.494,2.4,1.2,8.1,0.3,5.3,0.44,0.13,4.8,2021
4676,Lonnie Walker IV,San,G-F,23.32,70,23,48,23.6,8,148,0.784,411,0.487,353,0.314,0.512,12.1,2.6,5.9,2.2,13.4,0.63,0.27,7.1,2021
4677,Kemba Walker,Nyk,G,31.93,37,25.6,53.4,20.8,10.7,71,0.845,171,0.444,199,0.367,0.537,11.6,3,6.3,3.5,22.2,0.7,0.19,7.7,2021
4678,MJ Walker,Pho,G,24.04,2,4.2,8.8,20.5,0,0,0,2,0,2,0,0,0,0.5,6.4,0.5,13.1,1,0,0,2021
4679,Tyrone Wallace,Nor,G,27.84,6,12.5,26,13.9,8.3,5,0.2,12,0.417,8,0.25,0.383,2.8,1.3,5.9,0.2,1.8,0.5,0.17,2.9,2021
4680,Derrick Walton Jr.,Det,G,27.03,3,36.1,75.1,15.4,28.4,4,1,13,0.231,13,0.231,0.342,6.3,3.3,5,7,26.4,2.33,1.33,5.8,2021
4681,Brad Wanamaker,Ind,G,32.71,22,13.3,27.7,15.3,22,22,0.909,55,0.4,17,0.235,0.465,3.5,1.6,6.7,2.2,21.4,0.23,0.27,6.9,2021
4682,Brad Wanamaker,Was,G,32.71,1,27.1,56.5,10.4,0,3,1,5,0.4,0,0,0.554,7,4,8.2,7,33.8,2,0,8.6,2021
4683,Duane Washington Jr.,Ind,G,22.05,48,20.2,42,22.6,11.2,61,0.754,212,0.434,215,0.377,0.521,9.9,1.7,4.8,1.8,13,0.54,0.06,6.2,2021
4684,P.J. Washington,Cha,F,23.63,65,27.2,56.7,15.6,12.6,81,0.716,231,0.606,301,0.365,0.588,10.3,5.2,10.1,2.3,11.2,0.88,0.94,7.3,2021
4685,Yuta Watanabe,Tor,G-F,27.49,38,11.7,24.4,16.8,10.9,40,0.6,59,0.492,79,0.342,0.524,4.3,2.4,11.2,0.6,6.6,0.29,0.42,6.3,2021
4686,Lindy Waters III,Okc,F,24.7,25,18.6,38.8,17.5,5.8,5,0.8,29,0.621,146,0.363,0.562,8,2.9,8.1,1,8.1,0.76,0.32,6.1,2021
4687,Tremont Waters,Tor,G,24.25,2,20.9,43.5,16.4,25,0,0,3,0.333,9,0.222,0.333,4,2,5.2,3.5,21.8,2,0,5.8,2021
4688,Tremont Waters,Was,G,24.25,1,8.5,17.7,10.5,0,0,0,2,0.5,0,0,0.5,2,0,0,0,0,1,0,0,2021
4689,Trendon Watford,Por,F,21.42,48,18.1,37.7,17.6,12.5,94,0.755,229,0.581,38,0.237,0.59,7.6,4.1,12.5,1.7,14.6,0.54,0.58,8.3,2021
4690,Paul Watson,Okc,G,27.28,9,17.4,36.2,11,10,2,0.5,9,0.667,26,0.231,0.432,3.4,3,8.9,0.9,7.2,0.33,0.33,4.8,2021
4691,Quinndary Weatherspoon,Gol,G,25.58,11,6.7,13.9,15.6,11.5,5,1,16,0.688,5,0.2,0.647,2.7,1.3,10.3,0.5,10,0.09,0.09,7.2,2021
4692,Russell Westbrook,Lal,G,33.41,78,34.3,71.5,27.4,17.3,399,0.667,968,0.485,265,0.298,0.512,18.5,7.4,11.6,7.1,31.6,0.95,0.26,11.6,2021
4693,Coby White,Chi,G,22.15,61,27.5,57.2,19.8,9.3,91,0.857,291,0.491,353,0.385,0.564,12.7,3,6.1,2.9,15,0.48,0.18,7,2021
4694,Derrick White,San,G,27.78,49,30.3,63.2,20.7,12,160,0.869,312,0.519,258,0.314,0.551,14.4,3.5,6.1,5.6,25.2,1,0.86,8.7,2021
4695,Derrick White,Bos,G,27.78,26,27.4,57.1,18.2,10.5,75,0.853,119,0.504,111,0.306,0.544,11,3.3,6.6,3.5,18.2,0.54,0.62,7.3,2021
4696,Hassan Whiteside,Uta,C,32.83,65,17.9,37.3,17.1,11.6,167,0.623,330,0.652,0,0,0.662,8.2,7.6,23.2,0.4,3.4,0.34,1.58,6.5,2021
4697,Joe Wieskamp,San,G-F,22.63,29,7.1,14.7,13.1,3.1,13,0.538,13,0.462,43,0.326,0.494,2.1,0.5,3.6,0.3,5.5,0.14,0.1,3.8,2021
4698,Aaron Wiggins,Okc,G-F,23.27,50,24.2,50.4,15.3,12.6,85,0.729,199,0.573,138,0.304,0.556,8.3,3.6,7.6,1.4,8.5,0.6,0.2,5.7,2021
4699,Andrew Wiggins,Gol,F,27.13,73,31.9,66.5,23.1,9,235,0.634,620,0.513,399,0.393,0.56,17.2,4.4,7.5,2.2,10.8,1.05,0.7,6.9,2021
4700,Lindell Wigginton,Mil,G,24.04,19,10.5,21.8,18.9,13.6,35,0.543,35,0.486,26,0.346,0.524,4.2,1.3,6.7,1.2,15.7,0.32,0.05,7.1,2021
4701,Robert Williams III,Bos,C-F,24.48,61,29.6,61.6,11.5,13.4,90,0.722,367,0.738,1,0,0.745,10,9.6,17.6,2,9.7,0.92,2.2,7.8,2021
4702,Brandon Williams,Por,G,22.38,24,26.7,55.5,25.9,15.2,97,0.701,176,0.42,106,0.292,0.476,12.9,3.1,6.3,3.9,23.1,1,0.42,8.1,2021
4703,Grant Williams,Bos,F,23.36,77,24.4,50.7,12.6,11.6,95,0.905,174,0.569,258,0.411,0.635,7.8,3.6,7.9,1,5.8,0.49,0.74,5,2021
4704,Kenrich Williams,Okc,G-F,27.36,49,21.9,45.6,15.6,11.9,55,0.545,196,0.536,121,0.339,0.532,7.4,4.5,10.5,2.2,15.3,0.9,0.2,7.6,2021
4705,Lou Williams,Atl,G,35.46,56,14.3,29.7,21.7,10.8,78,0.859,218,0.404,102,0.363,0.5,6.3,1.6,6,1.9,18.6,0.5,0.05,7.5,2021
4706,Patrick Williams,Chi,F,20.63,17,24.8,51.8,14.2,11.8,41,0.732,73,0.534,29,0.517,0.637,9,4.1,9.2,0.9,4.8,0.53,0.53,5.2,2021
4707,Ziaire Williams,Mem,F,20.58,62,21.7,45.2,14.9,8.4,55,0.782,182,0.632,242,0.314,0.559,8.1,2.1,5,1,6.3,0.58,0.18,4.7,2021
4708,D.J. Wilson,Tor,F,26.14,4,13.5,28.2,16.9,9.3,10,0.8,13,0.846,2,0,0.773,7.5,4,16,1.3,14.5,1.25,0.25,10,2021
4709,Dylan Windler,Cle,G-F,25.55,50,9.2,19.1,11.7,13.1,18,0.833,28,0.571,70,0.3,0.519,2.2,1.8,10.7,0.7,9.9,0.28,0.06,6.1,2021
4710,Justise Winslow,Lac,F-G,26.04,37,13,27,17.9,18.5,41,0.61,112,0.518,29,0.172,0.49,4.2,3.6,14.4,1.4,15.5,0.57,0.49,8.5,2021
4711,Justise Winslow,Por,F-G,26.04,11,26.8,55.9,20.4,8.6,25,0.56,79,0.468,37,0.27,0.465,10.7,6.3,12.8,2.9,16.9,1.27,0.64,8.7,2021
4712,Cassius Winston,Was,G,24.12,7,5.6,11.6,18,19,4,1,5,0.4,6,0.333,0.549,2,0.1,1.4,1,24.4,0,0,4.2,2021
4713,Robert Woodard II,Sac,F,22.55,12,3.5,7.3,18.2,5.6,2,1,12,0.083,4,0.25,0.207,0.6,0.9,14.1,0.3,9,0.08,0.08,6.2,2021
4714,Christian Wood,Hou,F,26.54,68,30.8,64.1,23.3,11,332,0.623,542,0.57,336,0.39,0.595,17.9,10.1,18,2.3,12.2,0.78,0.97,9.7,2021
4715,McKinley Wright IV,Min,G,23.46,5,3.8,7.9,8.8,25,0,0,1,1,2,0.5,0.833,1,0,0,0.6,21,0,0,0,2021
4716,Delon Wright,Atl,G,29.96,77,18.9,39.3,10.3,13.2,63,0.857,153,0.51,116,0.379,0.576,4.4,2.9,8.3,2.4,16.6,1.21,0.25,6.6,2021
4717,Moses Wright,Lac,F,23.3,1,1.5,3.1,0,,0,0,0,0,0,0,,0,0,0,1,80.3,0,0,0,2021
4718,Moses Wright,Dal,F,23.3,3,4.4,9.2,18,0,3,1,3,0.333,1,0,0.47,1.7,1,12.5,0.3,10.2,0,0.33,7.3,2021
4719,Gabe York,Ind,G,20,2,10.7,22.2,20.5,9.8,5,0.6,1,1,6,0.167,0.435,4,1,5.2,2,24.7,1,0.5,7.5,2021
4720,Thaddeus Young,San,F,33.8,26,14.2,29.7,19.1,17.9,22,0.455,123,0.602,5,0,0.574,6.1,3.6,13.2,2.3,22.9,0.88,0.27,10.4,2021
4721,Thaddeus Young,Tor,F,33.8,26,18.3,38.1,16,12.4,27,0.481,101,0.495,43,0.395,0.526,6.3,4.4,13,1.7,13.6,1.19,0.42,7.9,2021
4722,Trae Young,Atl,G,23.56,76,34.9,72.7,34.4,14.5,553,0.904,933,0.512,611,0.381,0.603,28.4,3.7,5.9,9.7,46.8,0.96,0.09,11.5,2021
4723,Omer Yurtseven,Mia,C,23.81,56,12.6,26.3,19.8,13,61,0.623,236,0.547,11,0.091,0.546,5.3,5.3,23.6,0.9,11,0.3,0.36,9.3,2021
4724,Cody Zeller,Por,F-C,29.51,27,13.1,27.4,16,14.6,49,0.776,86,0.593,4,0,0.627,5.2,4.6,19.3,0.8,9.4,0.3,0.22,8.2,2021
4725,Ivica Zubac,Lac,C,25.07,76,24.4,50.8,16.8,16,227,0.727,495,0.626,0,0,0.66,10.3,8.5,18.2,1.6,9.8,0.47,1.01,8.5,2021
4726,Precious Achiuwa,Tor,F,22.74,6,27.8,57.8,18.2,13.8,10,0.6,36,0.556,16,0.313,0.541,10.2,4.8,10.7,1,5.7,0.17,0.83,5.3,2021
4727,Steven Adams,Mem,C,28.91,7,16.2,33.8,10.8,13.4,11,0.545,21,0.429,0,0,0.464,3.4,6.4,20.9,2.1,17.6,0.14,0.14,8.8,2021
4728,Bam Adebayo,Mia,C-F,24.92,18,34.1,71,17.9,15.4,76,0.763,174,0.598,1,0,0.638,14.8,8,13.8,2.7,12.6,1,0.72,8,2021
4729,Nickeil Alexander-Walker,Uta,G,23.79,1,4.7,9.8,24.4,0,1,1,2,1,0,0,1.025,5,1,12.4,1,70.1,1,0,14.6,2021
4730,Grayson Allen,Mil,G,26.69,12,25.4,53,13.6,9.4,11,0.636,34,0.529,48,0.396,0.576,8.3,2.9,5.9,1.3,7.2,0.67,0.33,5,2021
4731,Jose Alvarado,Nor,G,24.18,6,19.5,40.6,16.8,15.3,13,0.769,17,0.588,16,0.375,0.62,8,1.3,4,1.5,11.4,1.17,0.17,5.1,2021
4732,Kyle Anderson,Mem,F-G,28.74,12,18.4,38.3,12.8,14.5,18,0.611,39,0.667,12,0.25,0.611,6,4.3,12.4,1.8,13.7,0.92,0.67,7.8,2021
4733,Giannis Antetokounmpo,Mil,F,27.53,12,37.3,77.7,38.5,13.6,134,0.679,244,0.537,41,0.22,0.552,31.7,14.2,19.5,6.8,37,0.67,1.33,15.6,2021
4734,Thanasis Antetokounmpo,Mil,F,29.91,8,2.6,5.3,9.2,0,3,0.333,3,0.667,0,0,0.579,0.6,0.5,10,0.1,7,0.13,0,4.8,2021
4735,OG Anunoby,Tor,F,24.92,6,36.1,75.2,21.2,10.1,16,0.75,41,0.61,41,0.341,0.584,17.3,4,6.8,2.5,11.5,1,0.17,6.2,2021
4736,Deandre Ayton,Pho,C,23.9,13,30.5,63.6,22.9,9.6,33,0.636,160,0.644,4,0.5,0.653,17.9,8.9,17.1,1.7,9.3,0.38,0.77,8.5,2021
4737,Desmond Bane,Mem,G,23.98,12,35.6,74.2,18.3,8.4,35,0.857,71,0.465,88,0.489,0.645,18.8,3.7,5.4,2.3,9.7,1,0.67,6.1,2021
4738,Dalano Banton,Tor,F,22.61,4,1.9,4,34.4,17.7,6,0.5,2,1,0,0,0.754,1.8,0.5,16.2,0.3,25.2,0.25,0,13.6,2021
4739,Scottie Barnes,Tor,F,20.88,4,33.3,69.3,18.9,9.3,16,0.813,30,0.533,12,0.167,0.52,12.8,9,16.6,4.3,19.7,1,0.25,9.5,2021
4740,Will Barton,Den,G,31.44,5,34.4,71.7,19.9,12.7,6,0.667,38,0.421,28,0.393,0.503,13.8,5.6,10.1,2.8,12.3,0.8,0.2,7,2021
4741,Charles Bassey,Phi,C-F,21.63,3,4.2,8.7,9.2,0,1,0,2,0.5,0,0,0.41,0.7,1.7,24.5,0.3,11.9,0,0.33,6.8,2021
4742,Malik Beasley,Min,G,25.55,6,19.9,41.4,19.3,13,6,0.833,19,0.579,25,0.32,0.547,8.5,3.3,9.3,0.7,5.6,0.33,0.17,5.4,2021
4743,Davis Bertans,Dal,F,29.59,18,10.7,22.3,15.6,4.7,12,0.833,4,0.75,51,0.373,0.606,4.1,1.4,7.9,0.3,4.9,0.44,0.11,4.5,2021
4744,Patrick Beverley,Min,G,33.93,6,32.3,67.2,15.6,17,22,0.682,23,0.522,26,0.346,0.562,11,3.2,5.5,4.8,23.1,1.17,1.17,6.8,2021
4745,Khem Birch,Tor,C,29.72,6,10.5,21.9,13.9,15.8,0,0,12,0.5,4,0.5,0.563,3,1.5,8.7,0.5,7.2,0.17,0.17,5,2021
4746,Bismack Biyombo,Pho,C,29.8,9,9.5,19.9,13.7,23.4,6,0.5,17,0.647,0,0,0.636,2.8,2.1,12.9,0.6,8,0.11,0.22,6.4,2021
4747,Nemanja Bjelica,Gol,F,34.1,15,10,20.8,12.9,15.9,7,0.571,26,0.577,8,0.375,0.58,2.9,2.1,11.6,1.1,15.3,0.27,0.13,7.5,2021
4748,Bojan Bogdanovic,Uta,F,33.16,6,35.7,74.4,22.7,11.6,24,0.792,48,0.583,33,0.333,0.59,18,4.2,6.8,1.7,8.5,0.33,0,5.7,2021
4749,Bogdan Bogdanovic,Atl,G,29.83,4,26.7,55.7,24.7,7,10,0.8,23,0.478,26,0.346,0.534,14.3,4.8,10.7,3,21.2,0.25,0.25,8.8,2021
4750,Isaac Bonga,Tor,G,22.61,1,2.8,5.8,14.6,0,2,1,0,0,0,0,1.136,2,1,21.9,0,0,0,0,0,2021
4751,Devin Booker,Pho,G,25.63,10,36.6,76.2,28.9,13.9,53,0.887,110,0.464,65,0.431,0.587,23.3,4.8,7.7,4.4,18.7,0.5,0.4,8.6,2021
4752,Chris Boucher,Tor,F-C,29.43,6,21.6,45.1,17.3,4.1,10,0.9,27,0.741,15,0.4,0.722,11.2,5.8,16.6,0.2,1.3,0.17,1.17,4.4,2021
4753,Tony Bradley,Chi,C-F,24.44,2,3.9,8.1,28.1,0,0,0,5,1,0,0,1,5,2,25.7,0.5,109.3,0,0,17.5,2021
4754,Mikal Bridges,Pho,F,25.8,13,38.5,80.2,14.9,6.8,30,0.933,105,0.505,33,0.394,0.572,13.3,4.7,7.1,2.8,10.2,1.08,1,5.8,2021
4755,Armoni Brooks,Tor,G,24.03,4,1.9,4,24.4,0,0,0,0,0,4,0,0,0,0.5,16.2,0,0,0,0,0,2021
4756,Dillon Brooks,Mem,G-F,26.4,11,30.5,63.5,25.1,10.7,25,0.64,100,0.35,72,0.347,0.44,14.6,2.7,4.7,2.7,13.8,1,0.27,6.2,2021
4757,Troy Brown Jr.,Chi,G-F,22.89,3,12.2,25.4,23.9,15,0,0,6,0.5,11,0.182,0.353,4,2.7,11,1,13.2,0.67,0,7.2,2021
4758,Bruce Brown,Bro,G-F,25.84,4,34.7,72.2,16.7,17.9,10,0.8,23,0.652,14,0.429,0.676,14,4.8,9,2.8,11.9,1.25,0.75,6.6,2021
4759,Jaylen Brown,Bos,G-F,25.64,24,38.3,79.8,26.9,13.4,131,0.763,258,0.531,161,0.373,0.581,23.1,6.9,10.1,3.5,16.8,1.17,0.42,8.6,2021
4760,Sterling Brown,Dal,G-F,27.35,9,2.8,5.9,27.9,13.3,7,0.714,6,0.5,4,0,0.42,1.2,0.9,18.2,0.3,18.4,0.44,0.22,9.8,2021
4761,Jalen Brunson,Dal,G,25.79,18,35,72.8,27.8,5.1,90,0.8,236,0.504,75,0.347,0.553,21.6,4.6,7.7,3.7,20,0.78,0.06,8.2,2021
4762,Reggie Bullock,Dal,G-F,31.26,18,39.3,81.9,11.2,4.8,18,0.889,20,0.45,131,0.397,0.598,10.6,4.6,6.7,1.7,6.3,1.22,0.06,4.4,2021
4763,Trey Burke,Dal,G,29.59,10,3.7,7.7,32.8,3.9,6,1,12,0.583,10,0.4,0.649,3.2,0.3,4.7,0.4,23.5,0.1,0,7.9,2021
4764,Jared Butler,Uta,G,21.81,1,4.7,9.8,20,0,0,0,2,0,0,0,0,0,1,12.4,0,0,0,0,0,2021
4765,Jimmy Butler,Mia,F,32.76,17,37,77.1,29,5.9,132,0.841,260,0.55,68,0.338,0.604,27.4,7.3,11.6,4.6,23.5,2.06,0.65,10.5,2021
4766,Facundo Campazzo,Den,G,31.24,4,3.4,7,13,50,0,0,0,0,2,0,0,0,0.8,13.8,0.5,18.2,0,0,0,2021
4767,Vlatko Cancar,Den,F,25.19,2,4.3,9,25.3,40,0,0,1,1,2,0.5,0.833,2.5,1,14.4,0.5,19.8,0,0,10,2021
4768,Clint Capela,Atl,C,28.08,2,20.2,42.1,8,14.3,0,0,6,0.333,0,0,0.333,2,7.5,22.4,0,0,0.5,0.5,0,2021
4769,Jevon Carter,Mil,G,26.76,11,11.4,23.8,8.9,23.2,2,1,12,0.5,7,0.429,0.578,2.1,1.5,6.5,0.9,10.9,0.73,0,5,2021
4770,Alex Caruso,Chi,G,28.3,4,28.4,59.1,9.3,4.2,0,0,5,0.4,18,0.389,0.543,6.3,2.8,4.9,4.3,22.1,1.25,1,6,2021
4771,Marquese Chriss,Dal,F,24.96,8,3.8,7.8,18.3,8.6,6,0.833,6,0.5,2,0.5,0.658,1.8,1.1,17.4,0,0,0,0,0,2021
4772,Brandon Clarke,Mem,F,25.74,12,24.7,51.5,17.4,8.7,54,0.667,90,0.622,1,0,0.645,12.3,6.9,14.8,2,12.7,0.75,0.83,9,2021
4773,Jordan Clarkson,Uta,G,30.03,6,28.4,59.1,25.1,11,18,0.889,49,0.633,24,0.375,0.649,17.5,3.2,6.5,1.3,9.5,0.5,0.17,5.9,2021
4774,Nic Claxton,Bro,F-C,23.17,4,24.5,51,16.7,5.6,22,0.182,24,0.792,0,0,0.624,10.5,6.3,16.7,1.5,9.8,1.25,2.25,7.6,2021
4775,John Collins,Atl,F-C,24.73,5,24.3,50.7,18.3,10.3,10,0.5,28,0.536,11,0.364,0.541,9.4,4.6,11.4,1.2,8.8,0.4,0.2,6.1,2021
4776,Mike Conley,Uta,G,34.68,6,29,60.4,20.7,17,15,0.8,32,0.438,25,0.2,0.432,9.2,3.2,6.4,4.8,26.9,0.83,0.33,7.2,2021
4777,Pat Connaughton,Mil,G,29.44,12,26.5,55.2,13.2,7.2,5,1,24,0.708,64,0.391,0.632,9.5,4.3,8.2,0.9,5.2,0.42,0.33,5,2021
4778,DeMarcus Cousins,Den,C,31.84,5,11.4,23.7,32.6,16.4,15,0.733,23,0.652,6,0.667,0.744,10.6,3.4,18.5,1.2,21.7,0.6,0.2,12.3,2021
4779,Torrey Craig,Pho,F,31.49,9,7.6,15.9,18,14.9,2,0.5,12,0.417,10,0.3,0.437,2.2,1.7,12.8,0.6,9.8,0.44,0.22,6.9,2021
4780,Jae Crowder,Pho,F,31.95,13,29.5,61.4,16.2,14,26,0.731,42,0.548,63,0.302,0.524,9.4,4.7,9.3,2.4,10.8,1,0.54,6.4,2021
4781,Jarrett Culver,Mem,G-F,23.32,3,7.4,15.5,23.7,15.5,2,0.5,8,0.375,2,0,0.322,2.3,2.3,16.6,0.3,6.5,0.67,0,6.3,2021
4782,Seth Curry,Bro,G,31.82,4,33.1,68.9,15,6.9,3,0.667,16,0.625,23,0.522,0.719,14.5,2.5,4.9,3,13.9,0.25,0.75,5.8,2021
4783,Stephen Curry,Gol,G,34.26,22,34.7,72.3,31.8,10.3,129,0.829,211,0.526,229,0.397,0.606,27.4,5.2,8.4,5.9,28.3,1.23,0.36,10.9,2021
4784,Dewayne Dedmon,Mia,C,32.85,14,9.8,20.5,18.6,12.2,12,0.833,35,0.571,10,0.1,0.527,3.8,3,18,0.4,5.7,0.07,0.21,6.8,2021
4785,DeMar DeRozan,Chi,G-F,32.86,5,40.7,84.7,25.7,9.2,30,0.867,86,0.453,9,0,0.481,20.8,5.4,6.7,4.8,20.8,1.8,0.4,8,2021
4786,Gorgui Dieng,Atl,C,32.41,2,5.2,10.8,10.8,0,1,1,1,1,1,0,0.615,1.5,1.5,17.4,0,0,0,0,0,2021
4787,Spencer Dinwiddie,Dal,G,29.2,18,27.8,58,23.7,11.6,67,0.821,96,0.417,96,0.417,0.576,14.2,2.4,5.1,3.6,21.8,0.83,0.33,7.1,2021
4788,Luka Doncic,Dal,F-G,23.3,15,36.8,76.7,40.4,12.5,135,0.77,204,0.534,148,0.345,0.577,31.7,9.8,15.5,6.4,37.3,1.8,0.6,13.7,2021
4789,Ayo Dosunmu,Chi,G,22.41,5,17.1,35.7,15.1,10.2,1,1,13,0.385,13,0.231,0.378,4,2.6,7.6,2.2,19.3,0.2,0,6.6,2021
4790,Goran Dragic,Bro,G,36.12,4,19.8,41.3,22,13.2,2,1,20,0.7,12,0.333,0.639,10.5,4.5,14.8,1.5,12.8,0.75,0,8.4,2021
4791,Andre Drummond,Bro,C,28.85,4,15,31.2,14.7,31.3,5,0.6,11,0.545,0,0,0.568,3.8,3,13.1,0.8,7,1.25,0.75,5.6,2021
4792,Kevin Durant,Bro,F,33.71,4,44,91.7,31.5,17.4,38,0.895,62,0.403,21,0.333,0.526,26.3,5.8,8.5,6.3,22.3,1,0.25,9,2021
4793,Anthony Edwards,Min,G,20.87,6,37.8,78.8,26.4,10.7,34,0.824,53,0.509,57,0.404,0.604,25.2,4.2,6.1,3,14.8,1.17,1.17,7.2,2021
4794,Kessler Edwards,Bro,F,21.85,2,3.6,7.5,6.4,100,0,0,0,0,0,0,,0,0,0,0.5,17,0.5,0,0,2021
4795,Joel Embiid,Phi,C-F,28.26,10,38.5,80.3,28.3,13.8,89,0.82,128,0.555,33,0.212,0.59,23.6,10.7,17,2.1,9.9,0.4,0.8,8.4,2021
4796,Dorian Finney-Smith,Dal,F,29.12,18,38.2,79.6,12.8,9.7,24,0.708,49,0.571,108,0.426,0.63,11.7,5.5,8.4,1.9,7.8,0.94,0.39,5.2,2021
4797,Malik Fitts,Bos,F,20,9,1.8,3.7,11.3,0,0,0,2,0.5,2,1,1,0.9,0.2,7.1,0,0,0,0,0,2021
4798,Malachi Flynn,Tor,G,24.1,6,6.1,12.6,10.2,12.5,0,0,4,0,3,0,0,0,0.5,5.1,0.5,10.5,0.17,0,0,2021
4799,Bryn Forbes,Den,G,28.9,5,15.3,31.8,10.9,10.4,5,0.8,4,0.5,11,0.364,0.581,4,0.6,2.4,1.4,12.3,0.2,0,3.9,2021
4800,Danilo Gallinari,Atl,F,33.86,5,22.3,46.5,22.6,9.1,11,1,30,0.467,15,0.267,0.512,10.2,4.2,11.4,0.8,6.5,0.2,0,5.8,2021
4801,Rudy Gobert,Uta,C,29.97,6,32.8,68.4,14.4,13.3,44,0.682,33,0.636,0,0,0.688,12,13.2,23.3,0.5,2.4,0.17,1,5.2,2021
4802,Aaron Gordon,Den,F,26.75,5,32,66.8,20.2,10.8,28,0.714,39,0.513,15,0.2,0.52,13.8,7.2,13.9,2.6,12,0.4,1.2,8,2021
4803,Devonte' Graham,Nor,G,27.32,6,10,20.9,18.3,15.7,8,0.875,4,0.25,14,0.357,0.558,4,1.5,8.8,0.7,9.3,0.17,0.17,6.5,2021
4804,Danny Green,Phi,G,34.99,12,26.6,55.5,15.1,12.7,1,0,13,0.385,76,0.408,0.576,8.6,3.1,7.1,0.8,4.9,0.92,0.33,4.2,2021
4805,Draymond Green,Gol,F,32.29,22,32,66.6,14,26.4,47,0.638,105,0.581,39,0.205,0.534,8,7.3,12.8,6.3,25.7,1.14,1,9,2021
4806,Javonte Green,Chi,G-F,28.9,5,14.3,29.8,13.4,18.3,2,0.5,11,0.273,6,0,0.196,1.4,3,10.5,0.4,3.9,1.8,0,3.3,2021
4807,JaMychal Green,Den,F-C,31.99,5,13.7,28.6,13.4,9.5,7,1,11,0.455,5,0.2,0.524,4,2.4,10.8,0.4,4,0,0.2,4.6,2021
4808,Jeff Green,Den,F,35.8,5,22.7,47.3,8.1,9.4,5,0.8,9,0.333,8,0.375,0.495,3.8,3.6,9.8,0.4,2.3,0.6,0.4,3.1,2021
4809,Josh Green,Dal,G,21.58,16,7.6,15.8,12.3,0,8,0.25,6,0.5,22,0.227,0.365,1.4,0.8,5.8,0.4,8.4,0.31,0,4,2021
4810,Blake Griffin,Bro,F,33.26,2,12.8,26.6,16,11.3,2,1,2,0,5,0.4,0.508,4,2,10.2,2,21.2,0.5,0.5,7.9,2021
4811,James Harden,Phi,G,32.81,12,39.9,83.1,23.7,20.7,75,0.893,82,0.439,76,0.368,0.584,18.6,5.7,8.7,8.6,34.8,0.75,0.75,9.7,2021
4812,Tobias Harris,Phi,F,29.92,12,38.8,80.9,19.1,9.5,22,0.864,105,0.562,57,0.386,0.591,16.9,7.6,12,2.9,13,1.08,0.83,7.4,2021
4813,Sam Hauser,Bos,F,24.52,7,2.1,4.4,14.9,0,2,1,1,0,3,0.333,0.512,0.7,0.1,3.8,0.3,19.5,0,0,5.3,2021
4814,Jaxson Hayes,Nor,C-F,22.07,6,13.8,28.8,17.6,11.8,11,0.636,22,0.636,3,0,0.586,5.8,2.5,10.7,0.2,1.9,0,0.33,4.1,2021
4815,Juancho Hernangomez,Uta,F,26.72,6,9.3,19.4,16.8,10,0,0,6,0.167,12,0.333,0.389,2.3,2,12.5,0.8,14,0.33,0,6.6,2021
4816,Willy Hernangomez,Nor,C-F,28.06,1,1.9,4,90.6,0,0,0,3,0.333,1,0,0.25,2,2,62.1,0,0,0,0,0,2021
4817,Tyler Herro,Mia,G,22.41,15,25.4,52.9,25.7,12.3,27,0.926,111,0.523,70,0.229,0.49,12.6,3.8,8.8,2.8,18.4,0.6,0.4,8.1,2021
4818,Haywood Highsmith,Mia,F,25.52,8,3.9,8.1,14.3,30,0,0,2,0,5,0.6,0.643,1.1,0.6,9.5,0.4,13.9,0,0,6.6,2021
4819,George Hill,Mil,G,36.12,5,15.3,31.8,3.9,14.5,2,1,3,0,2,0.5,0.425,1,1.2,4,0.6,5,0,0,2.3,2021
4820,Aaron Holiday,Pho,G,25.71,6,3.3,6.8,33.7,0,1,0,7,0.429,7,0.714,0.727,3.5,0.5,8.9,1.5,101.2,0.5,0.17,16.7,2021
4821,Jrue Holiday,Mil,G,32.01,12,38.6,80.4,26.4,12,31,0.839,156,0.41,79,0.316,0.461,19.1,5.6,7.4,6.5,27.6,1.75,0.58,9.2,2021
4822,Al Horford,Bos,C-F,36.04,23,35.4,73.8,13.1,12.2,36,0.778,95,0.568,98,0.48,0.663,12,9.3,14.8,3.3,14.6,0.83,1.35,8.1,2021
4823,Danuel House Jr.,Uta,F-G,29.03,6,18.6,38.8,13.2,19,8,0.75,12,0.583,10,0.2,0.509,4.3,2.8,8.9,0.7,5.5,0,0.17,4.4,2021
4824,Kevin Huerter,Atl,G-F,23.81,5,30.7,64,17.9,18.4,4,0.75,16,0.5,31,0.29,0.472,9.2,3,5.9,3.8,20.4,1.2,0.6,6.1,2021
4825,De'Andre Hunter,Atl,F-G,24.54,5,34.9,72.8,23.7,12.2,20,0.8,44,0.614,26,0.462,0.673,21.2,3.8,6.6,0.6,3.5,0.8,0.2,4.2,2021
4826,Bones Hyland,Den,G,21.75,5,17.3,36.1,24.2,12.5,14,0.857,13,0.385,23,0.348,0.546,9.2,2,7.1,3.2,27.5,0.2,0,9,2021
4827,Serge Ibaka,Mil,F,32.75,6,3.7,7.7,37,10.6,2,0.5,13,0.308,3,0,0.267,1.5,1.7,23.2,0,0,0,0,0,2021
4828,Andre Iguodala,Gol,G-F,38.38,7,8.8,18.3,10.2,27.9,3,0.667,6,0.5,3,0.333,0.533,1.6,1,6.4,1.7,24.5,0,0.29,6.3,2021
4829,Brandon Ingram,Nor,F,24.79,6,39.3,81.8,29.5,14.2,47,0.83,91,0.495,27,0.407,0.584,27,6.2,9.3,6.2,27.3,0.67,0.33,10.3,2021
4830,Kyrie Irving,Bro,G,30.23,4,42.6,88.8,21.9,11.1,21,1,42,0.476,21,0.381,0.588,21.3,5.3,8,5.3,18.8,1.75,1.25,7.9,2021
4831,Jaren Jackson Jr.,Mem,F-C,22.75,12,27.7,57.6,24.1,8.2,53,0.755,84,0.381,72,0.375,0.516,15.4,6.7,12.7,0.9,5.1,0.75,2.5,6.5,2021
4832,Isaiah Joe,Phi,G,22.96,7,2.1,4.4,25.6,37.5,0,0,2,0.5,3,0.333,0.5,0.7,0.3,8.3,0,0,0,0,0,2021
4833,Cameron Johnson,Pho,F,26.29,13,24.6,51.3,18,9.6,32,0.813,40,0.6,59,0.373,0.619,10.8,3.5,8.4,1.5,8.7,0.38,0.08,6.2,2021
4834,Jalen Johnson,Atl,F,20.5,2,4.6,9.6,20,25,0,0,2,0,1,0,0,0,0,0,0,0,0,0,0,2021
4835,Nikola Jokic,Den,C,27.32,5,34.2,71.3,36.8,16.6,33,0.848,88,0.636,18,0.278,0.643,31,13.2,23.9,5.8,36.5,1.6,1,15.6,2021
4836,Derrick Jones Jr.,Chi,F,25.33,5,11.8,24.6,15.8,14.1,3,0.667,6,0.667,11,0.273,0.519,3.8,1.4,5.9,0.4,5.3,0.2,0,4.4,2021
4837,Herbert Jones,Nor,F,23.7,6,37.7,78.5,11.7,13,22,0.773,32,0.5,12,0.417,0.596,10.7,3.3,5.2,1.8,6.8,1.83,0.83,4.2,2021
4838,Tyus Jones,Mem,G,26.1,12,21.9,45.5,18.5,11,15,0.933,54,0.389,45,0.4,0.521,9.2,3.3,7.9,4.5,30.3,1.17,0.17,9.4,2021
4839,DeAndre Jordan,Phi,C,33.9,3,10.2,21.3,10.7,28.6,0,0,5,1,0,0,1,3.3,2.3,14,0.3,5.5,0,0.67,5.2,2021
4840,Maxi Kleber,Dal,F,30.38,18,25.4,52.8,13.1,8.7,21,0.714,28,0.714,78,0.436,0.681,8.7,4.6,10.5,1.1,6.9,0.22,0.83,5.6,2021
4841,Kevin Knox II,Atl,F,22.85,2,4.6,9.6,74.4,20.2,2,1,1,1,10,0.6,0.926,11,1,13.1,0,0,1,0,0,2021
4842,John Konchar,Mem,G,26.24,8,7,14.5,9.5,7.8,2,1,5,0.4,6,0.167,0.379,1.1,2.4,18,0.6,11.6,0.38,0.13,6.7,2021
4843,Furkan Korkmaz,Phi,G-F,24.9,9,6.8,14.2,19.8,7.7,2,1,13,0.538,10,0.4,0.586,3.1,1.3,11.9,0.4,11.3,0.11,0.11,6.9,2021
4844,Luke Kornet,Bos,F-C,26.92,10,2,4.1,11.5,20,0,0,3,0.667,1,1,0.875,0.7,0.5,14.4,0.1,8.3,0,0,6.5,2021
4845,Jonathan Kuminga,Gol,F,19.7,16,8.6,17.9,26.3,13.3,26,0.769,47,0.574,13,0.231,0.581,5.2,1.7,11,0.5,9,0.19,0.13,7.6,2021
4846,Zach LaVine,Chi,G-F,27.27,4,38.2,79.5,23.4,14.7,15,0.933,39,0.462,24,0.375,0.553,19.3,5.3,6.9,6,27.1,0.75,0.25,8.9,2021
4847,Damion Lee,Gol,G-F,29.65,16,7.8,16.1,14.6,14.5,3,0.667,18,0.5,16,0.25,0.453,2,1.6,11.8,0.4,7.5,0.06,0,5.6,2021
4848,Kevon Looney,Gol,F,26.36,22,20.4,42.4,11.3,16.5,18,0.611,88,0.659,0,0,0.662,5.8,7.6,21,2.2,14.6,0.41,0.45,9,2021
4849,Brook Lopez,Mil,C,34.21,12,27.7,57.6,16.1,8.9,23,0.913,74,0.595,28,0.214,0.566,10.6,5.9,11,0.7,3.7,0.5,1.5,5.1,2021
4850,Kyle Lowry,Mia,G,36.23,10,29.5,61.4,17.1,16.8,19,0.789,32,0.375,54,0.241,0.413,7.8,3.6,7.2,4.7,22.5,1.2,0.7,6.9,2021
4851,Timothe Luwawu-Cabarrot,Atl,G-F,27.11,4,5.5,11.5,10.4,20,0,0,1,1,3,0.333,0.625,1.3,0.8,8.2,0.5,14.5,0,0,5.8,2021
4852,Boban Marjanovic,Dal,C,33.84,3,2.1,4.3,52.6,29.1,2,1,4,0.25,0,0,0.41,1.3,1,28.2,0,0,0.33,0,0,2021
4853,Naji Marshall,Nor,F,24.39,6,9.4,19.6,11.3,20.3,4,1,10,0.7,0,0,0.765,3,1,6.3,0.8,12.9,0.17,0.17,5.7,2021
4854,Caleb Martin,Mia,F,26.72,17,12.3,25.6,19.8,10.8,6,0.333,47,0.468,33,0.303,0.46,4.5,2.2,10.4,0.3,3.7,0.59,0.12,4.7,2021
4855,Wesley Matthews,Mil,G,35.67,12,28.7,59.8,9.3,8.1,9,0.667,19,0.368,45,0.4,0.544,6.2,3.1,5.5,1.2,5.6,0.75,0.25,4,2021
4856,Tyrese Maxey,Phi,G,21.61,12,40.4,84.2,21.8,9.3,50,0.94,113,0.549,69,0.377,0.61,20.8,3.5,5.3,3.9,17,0.75,0.17,6.5,2021
4857,Skylar Mays,Atl,G,24.78,2,4.6,9.6,5,0,0,0,1,1,0,0,1,1,0.5,6.6,0.5,17.9,0.5,0,5.5,2021
4858,CJ McCollum,Nor,G,30.74,6,39,81.2,27.9,9.9,26,0.692,74,0.432,51,0.333,0.487,22.2,6.7,10.1,4.8,20.6,0.67,0.83,9.2,2021
4859,Jaden McDaniels,Min,F,21.71,6,21.7,45.1,14.9,13.3,12,0.833,14,0.571,20,0.5,0.713,9.3,2.8,7.3,0.7,5,0.33,1.83,4.9,2021
4860,JaVale McGee,Pho,C-F,34.41,12,11.1,23.2,22.3,13.9,13,0.846,49,0.714,1,0,0.727,6.8,4,21,0.6,8.8,0.25,0.42,9.1,2021
4861,Jordan McLaughlin,Min,G,26.19,5,16.6,34.6,10.7,9.6,4,0.75,10,0.8,7,0.571,0.826,6.2,2.4,8,3.4,33.4,1,0,8.9,2021
4862,De'Anthony Melton,Mem,G,24.06,10,17,35.4,19.5,17.3,4,0.75,21,0.476,44,0.25,0.419,5.6,3.1,9.6,1.5,12.5,1,0.5,7,2021
4863,Khris Middleton,Mil,F,30.85,2,35.8,74.5,22,30.3,3,1,10,0.4,14,0.429,0.573,14.5,5,7.2,7,29.6,1.5,0,8.9,2021
4864,Paul Millsap,Phi,F,37.35,1,5.6,11.7,0,,0,0,0,0,0,0,,0,1,10.9,1,23.7,0,0,0,2021
4865,Patty Mills,Bro,G,33.85,4,18.1,37.7,10.8,5.9,0,0,3,0.667,13,0.538,0.781,6.3,1,3.6,0,0,0,0.25,0,2021
4866,Shake Milton,Phi,G-F,25.72,12,13.2,27.5,15.4,9.7,20,0.8,23,0.435,15,0.533,0.641,5,1.6,7.3,0.9,10.9,0.5,0.25,5.9,2021
4867,Donovan Mitchell,Uta,G,25.77,6,38.3,79.7,34.2,9.6,42,0.881,85,0.506,48,0.208,0.505,25.5,4.3,6.6,5.7,29.7,0.67,0.5,8.9,2021
4868,Greg Monroe,Min,F-C,32.04,2,3.6,7.5,35.7,16.7,0,0,5,0.4,0,0,0.4,2,1,15.4,0.5,29,1,0,11.1,2021
4869,Moses Moody,Gol,G,20.05,13,8.1,16.8,14.1,8.9,6,0.667,15,0.533,13,0.538,0.669,3.2,0.6,4.3,0.3,5.3,0.23,0.23,4.1,2021
4870,Ja Morant,Mem,G,22.85,9,37.5,78.1,30.9,12.6,87,0.747,134,0.478,50,0.34,0.549,27.1,8,11.3,9.8,44.3,2,0.44,13.7,2021
4871,Juwan Morgan,Bos,F,25.17,9,1.6,3.4,5.8,0,2,0.5,0,0,1,0,0.266,0.1,0.3,11.6,0,0,0,0,0,2021
4872,Markieff Morris,Mia,F,32.79,1,3.5,7.3,25.5,50,0,0,1,0,0,0,0,0,1,16.8,0,0,0,0,0,2021
4873,Monte Morris,Den,G,26.97,5,31.1,64.9,18,12.4,12,0.75,25,0.56,26,0.423,0.622,14,2.2,4.4,5.4,26.3,1.2,0,7.1,2021
4874,Trey Murphy III,Nor,F,22,6,20,41.6,9.1,4,5,0.8,3,0,19,0.474,0.64,5.2,2.5,7.4,0.5,3.4,0.5,0.17,3.7,2021
4875,Svi Mykhailiuk,Tor,G-F,25.02,3,1.6,3.4,23.1,0,1,1,0,0,2,0,0.205,0.3,0.3,12.5,0,0,0,0,0,2021
4876,Larry Nance Jr.,Nor,F-C,29.46,6,21.6,45.1,16.5,12,11,0.818,30,0.667,9,0.222,0.627,9.2,5.8,15.9,1.8,13.2,0.5,0.33,8.5,2021
4877,Aaron Nesmith,Bos,G-F,22.67,14,3.7,7.7,17.2,5.1,4,0.75,6,0.5,11,0.091,0.32,0.9,1.1,16.3,0.2,8.4,0.14,0.29,6.3,2021
4878,Georges Niang,Phi,F,29,12,16.5,34.4,13.3,12.5,2,1,5,0.8,43,0.372,0.593,4.8,1.5,5.6,0.9,8.5,0.25,0,4.5,2021
4879,Zeke Nnaji,Den,F-C,21.44,2,4.3,9,5.1,0,0,0,0,0,1,1,1.5,1.5,0,0,0,0,0,0,0,2021
4880,Jaylen Nowell,Min,G,22.94,1,11.9,24.8,36,0,0,0,5,0.6,5,0,0.3,6,0,0,1,16.6,1,0,0,2021
4881,Frank Ntilikina,Dal,G,23.89,12,10.4,21.6,12,22.3,1,1,4,0.5,20,0.3,0.471,1.9,1,5.6,0.8,10.4,0.67,0.08,4.4,2021
4882,Jordan Nwora,Mil,F,23.77,8,2.5,5.2,21.4,0,2,0,5,0.4,4,0,0.202,0.5,0.4,7.7,0.3,14.2,0,0,6.3,2021
4883,Josh Okogie,Min,G,23.79,1,2.2,4.6,0,,0,0,0,0,0,0,,0,0,0,0,0,0,0,0,2021
4884,Onyeka Okongwu,Atl,F-C,21.51,5,21.6,44.9,10.4,16.4,10,0.8,16,0.563,0,0,0.637,5.2,5.4,15.1,0.4,2.9,0.8,0.8,4.1,2021
4885,Victor Oladipo,Mia,G,30.12,15,24.5,51.1,22.3,13.6,53,0.792,74,0.446,62,0.274,0.499,10.6,3.4,8.2,2.1,12.9,1.27,0.27,6.9,2021
4886,Royce O'Neale,Uta,F,29.03,6,31.4,65.3,9.7,7.7,2,1,10,0.7,25,0.28,0.516,6.2,5.7,10.5,1.5,7.3,0.5,0.17,4.8,2021
4887,Eric Paschall,Uta,F,25.61,4,6.1,12.7,12.4,0,1,1,4,0.5,2,0.5,0.621,2,1.3,12,0,0,0.25,0,0,2021
4888,Chris Paul,Pho,G,37.12,13,34.4,71.7,20.8,15.3,37,0.946,106,0.642,49,0.388,0.666,17.5,4.2,7.1,8.3,36.4,1.46,0.15,9.9,2021
4889,Cameron Payne,Pho,G,27.86,13,13.2,27.6,24,14.5,6,0.833,44,0.386,30,0.167,0.352,4.2,1.5,6.8,2.1,21.5,0.54,0.08,7.2,2021
4890,Gary Payton II,Gol,G,29.54,12,17,35.3,12.5,10.4,18,0.667,29,0.724,15,0.533,0.751,6.5,3.1,10.2,1.3,10.9,1.17,0.58,7,2021
4891,Elfrid Payton,Pho,G,28.32,2,3.9,8,17.9,0,0,0,3,0.667,0,0,0.667,2,0,0,1.5,65.2,0,0,0,2021
4892,Jordan Poole,Gol,G,23,22,27.5,57.3,24.5,15.7,71,0.915,126,0.627,128,0.391,0.654,17,2.8,5.7,3.8,21.1,0.82,0.36,8.2,2021
4893,Otto Porter Jr.,Gol,F,29.04,19,19.5,40.7,11,12.9,9,0.778,30,0.633,47,0.404,0.63,5.4,3.4,9.8,1.8,12.1,0.89,0.32,6.6,2021
4894,Bobby Portis,Mil,F,27.35,12,24.8,51.6,20.5,11.4,22,0.773,68,0.5,47,0.298,0.509,10.6,10,20.7,0.8,4.7,0.42,0.25,7.1,2021
4895,Dwight Powell,Dal,F-C,30.91,18,13.8,28.8,10.3,16.6,23,0.609,33,0.667,2,0,0.643,3.2,2.6,11,0.2,2.4,0.17,0.33,3.4,2021
4896,Taurean Prince,Min,F,28.24,5,13.1,27.2,22.4,11.7,7,0.857,13,0.462,14,0.286,0.499,6,1.6,6.8,1.2,15.2,0.4,0.2,6.9,2021
4897,Payton Pritchard,Bos,G,24.38,24,12.9,26.8,16.6,7.9,6,0.667,30,0.633,72,0.333,0.545,4.8,1.9,8.4,1.6,19.7,0.25,0.08,7.6,2021
4898,Paul Reed,Phi,F,23.01,12,11.6,24.2,16.2,18.7,7,0.571,33,0.515,3,0.667,0.563,3.7,3.9,20.6,0.8,11.6,0.75,0.5,7.8,2021
4899,Naz Reid,Min,C-F,22.81,5,10.8,22.5,19.9,19.9,7,1,10,0.4,7,0.429,0.598,4.8,2.8,14.4,0,0,0.2,1.2,0,2021
4900,Austin Rivers,Den,G,29.87,5,21.7,45.2,9,17.8,1,1,6,0.667,12,0.333,0.569,4.2,0.6,1.7,1.2,7.4,1.4,0.2,2.7,2021
4901,Duncan Robinson,Mia,F,28.15,13,12.3,25.5,17.5,4.8,6,0.833,10,0.7,47,0.383,0.612,5.6,1.8,8.5,0.4,4.9,0.31,0.08,5.2,2021
4902,D'Angelo Russell,Min,G,26.31,6,32.7,68.2,21,17.7,16,0.75,41,0.293,31,0.387,0.455,12,2.5,4.2,6.7,32.1,1.5,0,7.2,2021
4903,Landry Shamet,Pho,G,25.26,12,16,33.3,13.9,12.1,7,0.714,22,0.455,26,0.346,0.509,4.3,1.7,6.1,1.3,10.3,0.5,0,5.3,2021
4904,Day'Ron Sharpe,Bro,F,20.61,1,0.4,0.8,0,,0,0,0,0,0,0,,0,0,0,0,0,0,0,0,2021
4905,Pascal Siakam,Tor,F,28.21,6,43.4,90.4,24.2,9.6,36,0.861,90,0.522,17,0.235,0.558,22.8,7.2,10.1,5.8,22.8,1.17,1,9.1,2021
4906,Marcus Smart,Bos,G,28.28,21,36.2,75.4,21.2,14.5,62,0.806,142,0.458,137,0.35,0.529,15.4,4.5,7,5.9,26.3,1.24,0.24,8.2,2021
4907,Jaden Springer,Phi,G,19.73,5,2.6,5.5,21.5,0,0,0,5,0.6,1,0,0.5,1.2,0.8,18.7,0.4,29.2,0,0,11.2,2021
4908,Nik Stauskas,Bos,G,28.69,13,1.8,3.8,25.9,0,4,1,2,0,10,0.3,0.472,1,0.3,9.4,0.3,26.2,0,0,10,2021
4909,Max Strus,Mia,G-F,26.22,18,29,60.5,17.9,9.5,18,0.722,40,0.525,142,0.331,0.516,10.9,4.1,8.3,2.1,11,0.78,0.44,6.3,2021
4910,Jayson Tatum,Bos,F-G,24.29,24,41,85.3,29.6,15.5,170,0.8,276,0.449,196,0.393,0.562,25.6,6.7,9.2,6.2,26.9,1.21,0.88,10,2021
4911,Garrett Temple,Nor,G-F,36.11,1,1.9,4,0,,0,0,0,0,0,0,,0,1,31.1,0,0,0,0,0,2021
4912,Daniel Theis,Bos,F-C,30.2,16,12.5,26,14.7,16.8,8,0.75,37,0.73,14,0.214,0.633,4.3,3.3,14.6,0.7,8.9,0.25,0.5,6.9,2021
4913,Cam Thomas,Bro,G,20.68,1,0.4,0.8,0,,0,0,0,0,0,0,,0,0,0,0,0,0,0,0,2021
4914,Klay Thompson,Gol,G,32.35,22,36,75,22.7,7.1,30,0.867,167,0.485,200,0.385,0.551,19,3.9,6.1,2.3,9.5,1.09,0.68,6.2,2021
4915,Tristan Thompson,Chi,C-F,31.26,5,7.6,15.9,11.5,50,0,0,5,0.4,0,0,0.4,0.8,1.6,10.5,0.4,7.4,0.2,0,4.2,2021
4916,Matisse Thybulle,Phi,G-F,25.29,9,15.2,31.7,9.4,7.3,3,0.333,10,0.7,14,0.286,0.533,3,1,4,0.4,4.4,0.78,0.78,2.8,2021
4917,Xavier Tillman,Mem,F,23.43,9,15.5,32.2,11.1,26.6,6,0.5,23,0.739,2,0.5,0.724,4.4,3.2,11,0.7,6.2,0.67,0.11,5.5,2021
4918,Juan Toscano-Anderson,Gol,F,29.19,14,3.5,7.3,17.3,41.4,3,0.333,5,0.4,5,0.4,0.486,0.8,0.7,11.5,0.6,21,0.14,0.07,7.9,2021
4919,Karl-Anthony Towns,Min,C-F,26.59,6,37,77,24.9,20.9,50,0.86,58,0.5,22,0.455,0.642,21.8,10.8,16.3,2.2,10.1,0.67,2,8.7,2021
4920,Gary Trent Jr.,Tor,G-F,23.41,6,33.2,69.2,21.7,3.2,19,0.895,43,0.419,39,0.333,0.509,15.3,1.8,3.4,1.3,6.4,1,0.5,4,2021
4921,P.J. Tucker,Mia,F,37.12,18,28.3,58.9,11.3,10.1,16,0.688,58,0.534,51,0.451,0.612,7.9,5.7,11.8,1.8,9.2,0.78,0.28,6.1,2021
4922,Rayjon Tucker,Mil,G,24.73,8,2.4,4.9,6.9,0,0,0,2,0.5,1,0,0.333,0.3,0.4,8.2,0,0,0,0,0,2021
4923,Jonas Valanciunas,Nor,C,30.11,6,29.1,60.6,22.5,13.1,26,0.769,62,0.516,6,0.167,0.548,14.5,14.3,29.1,3,16.5,0.67,0.17,11.7,2021
4924,Jarred Vanderbilt,Min,F,23.21,6,21.5,44.8,12.1,13.7,10,0.7,27,0.481,0,0,0.525,5.5,7.2,18.5,0.7,4.7,1.17,0.33,5.6,2021
4925,Fred VanVleet,Tor,G,28.31,4,35,72.9,20.1,6.6,6,0.833,18,0.389,36,0.333,0.486,13.8,3,5.3,6.3,27.5,1.75,1,7.3,2021
4926,Luca Vildoza,Mil,G,20,7,2.4,5,15.4,0,0,0,1,1,5,0.2,0.417,0.7,0.3,6.1,0.6,34.6,0.29,0,8.4,2021
4927,Gabe Vincent,Mia,G,26.01,18,23.5,49,17.4,15.2,20,0.95,50,0.5,81,0.309,0.515,8,1.9,4.9,3.2,20,0.78,0.28,6.2,2021
4928,Nikola Vucevic,Chi,C,31.65,5,36.2,75.3,24.5,7.9,5,0.8,49,0.551,42,0.31,0.52,19.4,12.4,17.2,3.2,16.5,0.4,1.2,10.1,2021
4929,Ish Wainright,Pho,F,27.76,7,3.8,7.9,26.1,20,0,0,6,0.333,6,0.5,0.542,1.9,1.6,24.4,0.1,5.7,0.14,0.14,7.1,2021
4930,Yuta Watanabe,Tor,G-F,27.68,4,2.6,5.4,31.5,14.3,0,0,5,0.4,1,0,0.333,1,0,0,0,0,0,0,0,2021
4931,Coby White,Chi,G,22.33,5,19.6,40.9,23.8,11.3,5,0.8,16,0.438,29,0.276,0.445,8.4,3.4,8.7,1.8,15.2,0.2,0,7.6,2021
4932,Derrick White,Bos,G,27.96,23,25.4,53,17.5,12.8,51,0.824,93,0.409,83,0.313,0.494,8.5,3,6.7,2.7,15.9,0.91,0.57,6.5,2021
4933,Hassan Whiteside,Uta,C,33.01,6,10.9,22.7,9.9,0,4,0.25,12,0.417,0,0,0.4,1.8,5.2,27.6,0,0,0.33,1.33,0,2021
4934,Andrew Wiggins,Gol,F,27.31,22,34.9,72.6,20.8,8.3,65,0.646,200,0.54,105,0.333,0.544,16.5,7.5,12.1,1.8,7.7,1.05,1.05,6.9,2021
4935,Robert Williams III,Bos,C-F,24.67,17,23.2,48.3,11.5,10,28,0.893,77,0.688,1,0,0.725,7.7,6.2,15.2,1,6.8,0.65,2.24,6.3,2021
4936,Grant Williams,Bos,F,23.55,24,27.2,56.8,13.3,10.4,52,0.808,61,0.492,89,0.393,0.599,8.6,3.8,7.8,0.8,4.4,0.33,0.75,4.4,2021
4937,Patrick Williams,Chi,F,20.81,5,30.6,63.7,16.9,11.9,11,0.727,26,0.577,21,0.333,0.569,11.8,5.4,8.9,0.8,4.3,1,0.6,4.8,2021
4938,Ziaire Williams,Mem,F,20.76,10,16.8,34.9,14.6,3.3,13,0.923,16,0.75,36,0.306,0.598,6.9,1.7,5.4,0.5,4.3,0.5,0,4.3,2021
4939,Delon Wright,Atl,G,30.14,5,27.4,57,12.8,13.2,9,0.667,16,0.625,13,0.385,0.622,8.2,4.8,10.6,2.8,16.8,0.8,0.2,7,2021
4940,Thaddeus Young,Tor,F,33.99,6,14.5,30.2,12.2,13.2,4,0.25,11,0.727,7,0.143,0.506,3.3,3,12.7,1.7,16.9,0.83,0.17,7.1,2021
4941,Trae Young,Atl,G,23.74,5,37.3,77.7,28.3,27.1,33,0.788,31,0.484,38,0.184,0.461,15.4,5,8.1,6,26.9,0.6,0,8.3,2021
4942,Omer Yurtseven,Mia,C,24,9,4.2,8.8,22.8,0,3,0.333,16,0.75,2,0,0.647,2.8,0.8,10.9,0.3,16.7,0,0.11,8.3,2021
4943,Precious Achiuwa,Tor,F,23.6,55,20.7,,19.3,12.7,124,0.702,296,0.564,108,0.269,0.554,9.2,6,,0.9,,0.6,0.5,7.1,2022
4944,Steven Adams,Mem,C,29.7,42,27,,14.6,23.1,129,0.364,262,0.599,1,0,0.564,8.6,11.5,,2.3,,0.9,1.1,9,2022
4945,Bam Adebayo,Mia,C-F,25.7,75,34.6,,25.3,14.4,402,0.806,1102,0.545,12,0.083,0.592,20.4,9.2,,3.2,,1.2,0.8,9.8,2022
4946,Ochai Agbaji,Uta,G,23,59,20.5,,15.8,9.6,69,0.812,158,0.532,228,0.355,0.561,7.9,2,,1.1,,0.3,0.3,5.1,2022
4947,Santi Aldama,Mem,F-C,22.2,77,21.8,,16,10.3,144,0.75,259,0.591,266,0.353,0.591,9,4.8,,1.3,,0.6,0.6,7,2022
4948,Nickeil Alexander-Walker,Uta,G,24.6,36,14.7,,18.4,20.9,39,0.692,83,0.578,87,0.402,0.609,6.3,1.6,,2.1,,0.7,0.4,7.5,2022
4949,Nickeil Alexander-Walker,Min,G,24.6,23,15.5,,17.3,7.4,21,0.619,53,0.415,72,0.361,0.503,5.9,1.8,,1.4,,0.3,0.3,6.3,2022
4950,Grayson Allen,Mil,G,27.5,72,27.4,,14.6,11.4,126,0.905,191,0.518,366,0.399,0.612,10.4,3.3,,2.3,,0.9,0.2,6.3,2022
4951,Jarrett Allen,Cle,C,25,68,32.6,,16.5,12.9,221,0.733,616,0.653,10,0.1,0.67,14.3,9.8,,1.7,,0.8,1.2,7.6,2022
4952,Jose Alvarado,Nor,G,25,61,21.5,,19.8,14.2,80,0.813,242,0.488,247,0.336,0.525,9,2.3,,3,,1.1,0.2,7.4,2022
4953,Kyle Anderson,Min,F-G,29.6,69,28.4,,14.4,17.2,136,0.735,390,0.536,105,0.41,0.583,9.4,5.3,,4.9,,1.1,0.9,8.8,2022
4954,Giannis Antetokounmpo,Mil,F,28.3,63,32.1,,38.8,16.2,772,0.645,1108,0.596,171,0.275,0.605,31.1,11.8,,5.7,,0.8,0.8,15.9,2022
4955,Thanasis Antetokounmpo,Mil,F,30.7,37,5.6,,13.8,20.6,22,0.5,38,0.526,8,0,0.458,1.4,1.2,,0.4,,0.1,0.1,6.3,2022
4956,Cole Anthony,Orl,G,22.9,60,25.9,,21.5,13,170,0.894,404,0.5,206,0.364,0.57,13,4.8,,3.9,,0.6,0.5,9.6,2022
4957,O.G. Anunoby,Tor,F,25.7,67,35.6,,19.5,13,167,0.838,518,0.539,367,0.387,0.586,16.8,5,,2,,1.9,0.7,6.2,2022
4958,Ryan Arcidiacono,Nyk,G,29,11,2.4,,9.8,16.7,0,0,2,0,3,0.333,0.3,0.3,0.4,,0.2,,0.2,0,4.8,2022
4959,Ryan Arcidiacono,Por,G,29,9,16.2,,11.3,15.8,0,0,12,0.083,20,0.35,0.359,2.6,1.2,,2.3,,0.3,0,4.8,2022
4960,Deni Avdija,Was,F,22.3,76,26.6,,16.7,17.5,165,0.739,347,0.53,232,0.297,0.535,9.2,6.4,,2.8,,0.9,0.4,8.2,2022
4961,Deandre Ayton,Pho,C,24.7,67,30.4,,22.9,11.9,200,0.76,863,0.597,24,0.292,0.617,18,10,,1.7,,0.6,0.8,8.9,2022
4962,Udoka Azubuike,Uta,C-F,23.6,36,10,,11.5,20,20,0.35,72,0.819,0,0,0.774,3.5,3.3,,0.3,,0.2,0.4,6.1,2022
4963,Marvin Bagley III,Det,F,24.1,42,23.6,,20.5,10.7,108,0.75,317,0.577,66,0.288,0.585,12,6.4,,0.9,,0.5,0.7,7,2022
4964,Patrick Baldwin Jr.,Gol,F,20.4,31,7.3,,22.7,9.1,6,0.667,25,0.44,84,0.381,0.546,3.9,1.3,,0.4,,0.2,0.1,6.9,2022
4965,LaMelo Ball,Cha,G,21.6,36,35.2,,30,15.2,121,0.843,338,0.45,383,0.376,0.541,23.3,6.4,,8.4,,1.3,0.3,12.2,2022
4966,Mo Bamba,Orl,C,24.9,40,17,,16.3,9.3,51,0.686,106,0.594,108,0.398,0.613,7.3,4.6,,1.1,,0.3,1,7.8,2022
4967,Mo Bamba,Lal,C,24.9,9,9.8,,19.2,22.7,11,0.545,11,0.545,16,0.313,0.518,3.7,4.6,,0.4,,0.1,0.6,7.7,2022
4968,Paolo Banchero,Orl,F,20.4,72,33.7,,27.5,15.1,534,0.738,837,0.471,285,0.298,0.529,20,6.9,,3.7,,0.8,0.5,9.5,2022
4969,Desmond Bane,Mem,G,24.8,58,31.8,,26.1,11.8,205,0.883,532,0.534,407,0.408,0.606,21.5,5,,4.4,,1,0.4,9.8,2022
4970,Dalano Banton,Tor,F,23.4,31,9,,24.4,12.1,24,0.708,80,0.5,51,0.294,0.502,4.6,1.5,,1.2,,0.4,0.4,9,2022
4971,Dominick Barlow,San,F,19.9,28,14.6,,11.4,14.8,25,0.72,82,0.561,4,0,0.567,3.9,3.6,,0.9,,0.4,0.7,6.4,2022
4972,Harrison Barnes,Sac,F,30.9,82,32.5,,17.1,9.8,413,0.847,439,0.551,353,0.374,0.632,15,4.5,,1.6,,0.7,0.1,5.9,2022
4973,Scottie Barnes,Tor,F,21.7,77,34.8,,20.4,13.2,246,0.772,792,0.505,224,0.281,0.524,15.3,6.6,,4.8,,1.1,0.8,9,2022
4974,RJ Barrett,Nyk,F-G,22.8,73,33.9,,26.2,12.2,392,0.74,786,0.495,390,0.31,0.531,19.6,5.1,,2.8,,0.4,0.2,7.7,2022
4975,Will Barton,Was,G,32.3,40,19.6,,19.4,13.7,45,0.778,147,0.395,137,0.38,0.505,7.7,2.8,,2.4,,0.4,0.3,7.6,2022
4976,Will Barton,Tor,G,32.3,16,13.2,,16.7,3.6,2,1,37,0.378,42,0.333,0.451,4.5,1.6,,1.1,,0.7,0.2,6,2022
4977,Charles Bassey,San,C-F,22.4,35,14.5,,15.6,23.3,37,0.595,127,0.661,8,0.375,0.658,5.7,5.5,,1.3,,0.5,0.9,9.5,2022
4978,Keita Bates-Diop,San,F,27.2,67,21.7,,16.7,10.7,150,0.793,323,0.557,142,0.394,0.609,9.7,3.7,,1.5,,0.7,0.3,7,2022
4979,Nicolas Batum,Lac,G-F,34.3,78,21.9,,11.5,11.6,48,0.708,64,0.563,317,0.391,0.594,6.1,3.8,,1.6,,0.7,0.6,6.1,2022
4980,Darius Bazley,Okc,F-G,22.8,36,15.4,,15.7,12.2,65,0.554,113,0.469,45,0.4,0.525,5.4,3.4,,0.9,,0.5,0.8,6.6,2022
4981,Darius Bazley,Pho,F-G,22.8,7,8.7,,22.5,16.6,5,0.4,17,0.588,8,0.25,0.515,4,2.3,,0.9,,0.4,0.7,9.3,2022
4982,Bradley Beal,Was,G,29.8,50,33.5,,29.2,14.2,228,0.842,659,0.552,219,0.365,0.593,23.2,3.9,,5.4,,0.9,0.7,9.4,2022
4983,Malik Beasley,Uta,G,26.4,55,26.7,,21.3,8.2,44,0.841,198,0.485,471,0.359,0.535,13.4,3.6,,1.7,,0.8,0.1,6.5,2022
4984,Malik Beasley,Lal,G,26.4,26,23.9,,20.9,10.1,21,0.619,81,0.481,187,0.353,0.521,11.1,3.3,,1.2,,0.8,0,5.9,2022
4985,MarJon Beauchamp,Mil,F,22.5,52,13.5,,18.3,15.6,37,0.73,101,0.485,142,0.331,0.513,5.1,2.2,,0.7,,0.4,0.1,5.9,2022
4986,Davis Bertans,Dal,F,30.4,45,10.9,,16.2,5.9,15,0.867,19,0.737,141,0.39,0.618,4.6,1.2,,0.5,,0.2,0.2,5.1,2022
4987,Patrick Beverley,Lal,G,34.7,45,26.9,,10.6,14.8,50,0.78,83,0.506,158,0.348,0.548,6.4,3.1,,2.6,,0.9,0.6,5.5,2022
4988,Patrick Beverley,Chi,G,34.7,22,27.5,,10.5,13.1,15,0.533,38,0.579,81,0.309,0.506,5.8,4.9,,3.5,,1,0.7,6.7,2022
4989,Saddiq Bey,Det,F,24,52,28.8,,21.4,8.2,209,0.861,313,0.46,293,0.345,0.552,14.8,4.7,,1.6,,1,0.2,6.7,2022
4990,Saddiq Bey,Atl,F,24,25,25.1,,17.4,6.9,29,0.862,105,0.552,125,0.4,0.599,11.6,4.8,,1.4,,0.8,0,6.8,2022
4991,Khem Birch,Tor,C,30.5,20,8.1,,11.1,19.8,5,0.8,30,0.6,2,0.5,0.629,2.2,1.3,,0.4,,0.3,0.3,5.2,2022
4992,Goga Bitadze,Ind,C-F,23.7,21,9.6,,15.5,18.7,24,0.458,38,0.605,14,0.286,0.551,3.3,2.3,,0.9,,0.4,0.5,7.9,2022
4993,Goga Bitadze,Orl,C-F,23.7,17,15,,15.3,12,18,0.667,61,0.656,12,0.167,0.606,5.8,5.2,,1.2,,0.4,0.9,8.8,2022
4994,Bismack Biyombo,Pho,C,30.6,61,14.3,,14,19.8,70,0.357,206,0.578,0,0,0.555,4.3,4.2,,0.9,,0.3,1.4,7.1,2022
4995,Buddy Boeheim,Det,F,23.4,10,9,,13.2,0,2,1,2,0.5,25,0.16,0.287,1.6,0.6,,0.4,,0.2,0,3.2,2022
4996,Bojan Bogdanovic,Det,F,34,59,32.1,,25.9,13.3,303,0.884,529,0.539,353,0.411,0.627,21.6,3.8,,2.6,,0.6,0.1,7.4,2022
4997,Bogdan Bogdanovic,Atl,G,30.6,54,27.9,,19.8,9.6,77,0.831,251,0.506,360,0.406,0.586,14,3,,2.8,,0.8,0.3,7,2022
4998,Bol Bol,Orl,C-F,23.4,70,21.5,,18.2,19,108,0.759,365,0.633,113,0.265,0.603,9.1,5.8,,1,,0.4,1.2,7,2022
4999,Leandro Bolmaro,Uta,F,22.6,14,4.9,,15.9,26.9,0,0,15,0.2,4,0,0.158,0.4,0.5,,0.5,,0.1,0.1,3.8,2022
5000,Devin Booker,Pho,G,26.4,53,34.6,,31.8,12,358,0.855,751,0.554,316,0.351,0.601,27.8,4.5,,5.5,,1,0.3,10.2,2022
5001,Brandon Boston Jr.,Lac,G,21.4,22,11.3,,26.5,8.9,38,0.763,93,0.419,29,0.414,0.515,6.5,1.4,,0.9,,0.4,0,7.1,2022
5002,Chris Boucher,Tor,F-C,30.2,76,20,,18,7.2,168,0.762,339,0.587,189,0.328,0.591,9.4,5.5,,0.4,,0.6,0.8,5.5,2022
5003,James Bouknight,Cha,G,22.6,34,15.2,,19.5,14.2,30,0.667,84,0.429,109,0.303,0.463,5.6,2.1,,1.2,,0.4,0.1,6.4,2022
5004,Jamaree Bouyea,Mia,G,23.8,4,16.3,,12.2,23.2,2,0.5,8,0.5,5,0.4,0.54,3.8,1.3,,1,,1,0.5,4.2,2022
5005,Tony Bradley,Chi,C-F,25.3,12,2.8,,19.6,7.4,4,1,7,0.429,5,0.6,0.69,1.6,0.9,,0.1,,0.1,0.1,7.5,2022
5006,Malaki Branham,San,F,19.9,66,23.5,,19.1,11.1,70,0.829,355,0.538,255,0.302,0.524,10.2,2.7,,1.9,,0.5,0.1,6.4,2022
5007,Christian Braun,Den,G,22,76,15.5,,13,10.8,64,0.625,193,0.565,96,0.354,0.568,4.7,2.4,,0.8,,0.5,0.2,5.4,2022
5008,Mikal Bridges,Pho,F,26.6,56,36.4,,19.2,9.3,174,0.897,503,0.503,261,0.387,0.574,17.2,4.3,,3.6,,1.2,0.8,7.1,2022
5009,Mikal Bridges,Bro,F,26.6,27,34.2,,30.3,8.9,179,0.894,322,0.531,181,0.376,0.607,26.1,4.5,,2.7,,1,0.6,8,2022
5010,Oshae Brissett,Ind,F-G,24.8,65,16.7,,16.1,9.4,145,0.717,164,0.457,155,0.31,0.52,6.1,3.4,,0.7,,0.5,0.2,5.8,2022
5011,Malcolm Brogdon,Bos,G,30.3,67,26,,22.8,11.8,184,0.87,435,0.51,297,0.444,0.615,14.9,4.2,,3.7,,0.7,0.3,9.4,2022
5012,Dillon Brooks,Mem,G-F,27.2,73,30.3,,21.8,9.5,154,0.779,552,0.451,439,0.326,0.494,14.3,3.3,,2.6,,0.9,0.2,6.6,2022
5013,Greg Brown III,Por,F,21.6,16,5.8,,18.3,17.6,12,0.417,21,0.476,7,0.143,0.421,1.8,1.2,,0.2,,0.3,0.3,5.2,2022
5014,Troy Brown Jr.,Lal,G-F,23.7,76,24.5,,12.1,9.5,39,0.872,184,0.505,281,0.381,0.561,7.1,4.1,,1.3,,0.8,0.2,5.5,2022
5015,Bruce Brown,Den,G-F,26.7,80,28.5,,17.8,14.2,153,0.758,487,0.548,254,0.358,0.571,11.5,4.1,,3.4,,1.1,0.6,7.6,2022
5016,Jaylen Brown,Bos,G-F,26.5,67,35.9,,31.5,12.5,344,0.765,896,0.576,487,0.335,0.581,26.6,6.9,,3.5,,1.1,0.4,9.6,2022
5017,Kendall Brown,Ind,G,19.9,6,6.7,,10.3,21.7,2,0.5,6,0.667,1,0,0.571,1.5,1,,0.5,,0.7,0,5.4,2022
5018,Moses Brown,Lac,C,23.5,34,8.5,,21.5,12.7,72,0.458,96,0.635,0,0,0.607,4.6,4.1,,0.1,,0.1,0.4,5.8,2022
5019,Sterling Brown,Lal,G-F,28.2,4,6.1,,6.9,0,0,0,2,0,2,0,0,0,2,,0.5,,0.8,0,0,2022
5020,Jalen Brunson,Nyk,G,26.6,68,35,,27.2,10.6,392,0.829,873,0.519,322,0.416,0.597,24,3.5,,6.2,,0.9,0.2,9.2,2022
5021,Thomas Bryant,Lal,C-F,25.7,41,21.3,,18.2,8.5,108,0.741,251,0.697,50,0.44,0.712,12.1,6.8,,0.7,,0.3,0.6,7.3,2022
5022,Thomas Bryant,Den,C-F,25.7,18,11.3,,18.3,12.8,18,0.722,59,0.492,9,0.444,0.547,4.6,3.3,,0.1,,0.1,0.4,4.1,2022
5023,Reggie Bullock,Dal,G-F,32.1,78,30.3,,10,7.3,37,0.703,73,0.562,397,0.38,0.577,7.2,3.6,,1.4,,0.7,0.2,4.4,2022
5024,Alec Burks,Det,G,31.7,51,22,,22.8,11.2,188,0.814,220,0.459,239,0.414,0.602,12.8,3.1,,2.2,,0.7,0.2,8.1,2022
5025,Deonte Burton,Sac,G-F,29.2,2,3.3,,13.2,0,0,0,1,0,1,0,0,0,0,,0,,0,0,0,2022
5026,John Butler Jr.,Por,F,20.3,19,11.6,,11,1.8,4,0.75,18,0.5,35,0.229,0.411,2.4,0.9,,0.6,,0.4,0.5,3.8,2022
5027,Jared Butler,Okc,G,22.6,6,12.8,,20.2,13.5,0,0,18,0.444,14,0.5,0.578,6.2,0.7,,1.3,,0.8,0,5.6,2022
5028,Jimmy Butler,Mia,F,33.6,64,33.4,,25.6,10.2,555,0.85,785,0.564,103,0.35,0.647,22.9,5.8,,5.3,,1.8,0.3,10.7,2022
5029,Jamal Cain,Mia,F,24.1,18,13.3,,15.1,8.3,22,0.773,46,0.652,20,0.35,0.647,5.4,2.9,,0.7,,0.6,0.1,6.7,2022
5030,Kentavious Caldwell-Pope,Den,G,30.1,76,31.3,,14.1,12,125,0.824,313,0.502,319,0.423,0.598,10.8,2.8,,2.4,,1.5,0.5,5.3,2022
5031,Facundo Campazzo,Dal,G,32,8,6.5,,14.6,18.5,2,0.5,2,0,11,0.273,0.36,1.3,0.3,,1.1,,0.8,0,4.6,2022
5032,Vlatko Cancar,Den,F,26,60,14.8,,13.8,14,43,0.907,112,0.58,115,0.374,0.606,5,2.1,,1.3,,0.4,0.2,6.5,2022
5033,Clint Capela,Atl,C,28.9,65,26.6,,15.7,9.1,131,0.603,535,0.654,1,0,0.656,12,11,,0.9,,0.7,1.2,7.4,2022
5034,Vernon Carey Jr.,Was,F-C,22.1,11,2.6,,16.6,19.2,2,1,8,0.25,0,0,0.338,0.5,1,,0.3,,0.2,0.2,8.2,2022
5035,Wendell Carter Jr.,Orl,C-F,24,57,29.6,,20.5,14.7,195,0.738,388,0.624,225,0.356,0.621,15.2,8.7,,2.3,,0.5,0.6,9.1,2022
5036,Jevon Carter,Mil,G,27.6,81,22.4,,15.3,12.1,38,0.816,229,0.424,336,0.423,0.56,8,2.5,,2.4,,0.8,0.4,6.5,2022
5037,Alex Caruso,Chi,G,29.1,67,23.5,,11.1,21.2,73,0.808,135,0.556,151,0.364,0.588,5.6,2.9,,2.9,,1.5,0.7,6.1,2022
5038,Justin Champagnie,Tor,G-F,21.8,3,3.6,,11.7,0,0,0,3,1,0,0,1,2,1.3,,0.3,,0,0,10.2,2022
5039,Julian Champagnie,Phi,F,21.8,2,3.4,,13.3,0,0,0,1,0,1,0,0,0,0,,0,,0.5,0,0,2022
5040,Julian Champagnie,San,F,21.8,15,20.8,,19.4,7.9,17,0.824,47,0.553,81,0.407,0.609,11,4,,0.7,,0.3,0.3,6,2022
5041,Kennedy Chandler,Mem,G,20.6,36,7.8,,15.7,17.8,13,0.462,68,0.485,15,0.133,0.44,2.2,1.1,,1.6,,0.3,0.1,8.1,2022
5042,Max Christie,Lal,G,20.2,41,12.5,,10.3,10.1,16,0.875,44,0.409,62,0.419,0.566,3.1,1.8,,0.5,,0.2,0.2,4.5,2022
5043,Josh Christopher,Hou,G,21.3,64,12.3,,21.9,15.4,60,0.75,240,0.55,89,0.236,0.523,5.8,1.1,,1.1,,0.5,0.2,6.2,2022
5044,Brandon Clarke,Mem,F,26.6,56,19.5,,17.7,13.6,137,0.723,343,0.665,6,0.167,0.682,10,5.5,,1.3,,0.6,0.7,8.5,2022
5045,Jordan Clarkson,Uta,G,30.8,61,32.6,,27.8,15.3,245,0.816,572,0.53,459,0.338,0.558,20.8,4,,4.4,,0.5,0.2,8.8,2022
5046,Nic Claxton,Bro,F-C,24,76,29.9,,15.5,14.1,246,0.541,585,0.708,2,0,0.691,12.6,9.2,,1.9,,0.9,2.5,8.1,2022
5047,Amir Coffey,Lac,G-F,25.8,50,12.5,,13.5,12.6,63,0.778,105,0.429,40,0.275,0.498,3.4,1.1,,1.1,,0.1,0.1,5.1,2022
5048,John Collins,Atl,F-C,25.5,71,30,,17,10,178,0.803,467,0.619,240,0.292,0.593,13.1,6.5,,1.2,,0.6,1,6.2,2022
5049,Zach Collins,San,F-C,25.4,63,22.9,,21.2,19,142,0.761,401,0.571,147,0.374,0.599,11.6,6.4,,2.9,,0.6,0.8,10.5,2022
5050,Mike Conley,Uta,G,35.5,43,29.7,,16.1,16.5,96,0.813,162,0.469,213,0.362,0.552,10.7,2.5,,7.7,,1,0.2,8,2022
5051,Mike Conley,Min,G,35.5,24,31.4,,16.8,11,73,0.863,97,0.515,138,0.42,0.631,14,3.1,,5,,1.2,0.2,7.7,2022
5052,Pat Connaughton,Mil,G,30.3,61,23.7,,13.8,7.3,41,0.659,99,0.566,322,0.339,0.531,7.6,4.6,,1.3,,0.6,0.2,6,2022
5053,Robert Covington,Lac,F,32.3,48,16.2,,15.6,12.2,40,0.75,93,0.516,136,0.397,0.584,6,3.5,,1.2,,0.8,0.7,7.2,2022
5054,Torrey Craig,Pho,F,32.3,79,24.7,,13,12.7,45,0.711,246,0.52,254,0.394,0.566,7.4,5.4,,1.5,,0.6,0.8,6.3,2022
5055,Jae Crowder,Mil,F,32.8,18,18.9,,13.2,6.9,12,0.833,39,0.538,55,0.436,0.624,6.9,3.8,,1.5,,0.7,0.3,7.2,2022
5056,Jarrett Culver,Atl,G-F,24.1,10,13.7,,17.1,13.9,13,0.692,31,0.516,12,0.083,0.452,4.4,3.8,,0.6,,0.6,0.2,6.3,2022
5057,Cade Cunningham,Det,G,21.5,12,33.4,,30,14.8,43,0.837,163,0.466,61,0.279,0.492,19.9,6.2,,6,,0.8,0.6,10.8,2022
5058,Seth Curry,Bro,G,32.6,61,19.8,,19.2,10.2,55,0.927,217,0.525,232,0.405,0.593,9.2,1.6,,1.6,,0.6,0.1,5.8,2022
5059,Stephen Curry,Gol,G,35.1,56,34.7,,31,13.6,281,0.915,494,0.579,639,0.427,0.656,29.4,6.1,,6.3,,0.9,0.4,12,2022
5060,Dyson Daniels,Nor,G,20.1,59,17.7,,11.6,21.5,40,0.65,122,0.492,86,0.314,0.503,3.8,3.2,,2.3,,0.7,0.2,6.9,2022
5061,Anthony Davis,Lal,F-C,30.1,56,34,,28.4,11.2,444,0.784,889,0.588,74,0.257,0.626,25.9,12.6,,2.6,,1.1,2,11.1,2022
5062,Johnny Davis,Was,G,21.1,28,15.1,,20.5,8.5,27,0.519,101,0.485,70,0.243,0.446,5.8,2.3,,1,,0.4,0.3,6.3,2022
5063,JD Davison,Bos,G,20.5,12,5.5,,15.9,17.2,2,0.5,12,0.5,7,0.286,0.478,1.6,0.8,,0.9,,0.2,0.2,7.6,2022
5064,Terence Davis,Sac,G,25.9,64,13.1,,22.2,12.7,43,0.791,121,0.537,243,0.366,0.563,6.7,2.2,,1,,0.7,0.2,7.5,2022
5065,Darius Days,Hou,F,23.5,4,6.3,,21.4,0,2,1,2,1,10,0.3,0.582,3.8,1.5,,0.3,,0,0.3,7.6,2022
5066,Dewayne Dedmon,Mia,C,33.7,30,11.7,,21.2,12.8,44,0.727,92,0.576,37,0.297,0.576,5.7,3.6,,0.5,,0.2,0.5,7.4,2022
5067,Matthew Dellavedova,Sac,G,32.6,32,6.7,,12.7,16.6,7,0.571,23,0.348,27,0.333,0.443,1.5,0.4,,1.3,,0.2,0,5.5,2022
5068,DeMar DeRozan,Chi,G-F,33.7,74,36.2,,27.8,10.5,523,0.872,1161,0.526,142,0.324,0.592,24.5,4.6,,5.1,,1.1,0.5,9.2,2022
5069,Moussa Diabate,Lac,F,21.2,22,8.9,,14.1,16,16,0.625,45,0.511,2,0.5,0.546,2.7,2.3,,0.2,,0.3,0.4,4.8,2022
5070,Mamadi Diakite,Cle,F,26.2,22,8,,16,19.2,2,1,29,0.586,21,0.333,0.56,2.6,1.4,,0.4,,0.2,0.4,5.7,2022
5071,Hamidou Diallo,Det,G,24.7,56,17.8,,21.9,15.9,148,0.588,354,0.593,21,0.238,0.593,9.3,3.5,,1,,0.9,0.3,7.2,2022
5072,Gorgui Dieng,San,C,33.2,31,11.6,,17.9,21.4,13,0.769,42,0.571,75,0.28,0.493,3.9,3.5,,1.7,,0.1,0.5,9.8,2022
5073,Ousmane Dieng,Okc,F,19.9,39,14.6,,15.9,12.5,23,0.652,83,0.602,98,0.265,0.505,4.9,2.7,,1.2,,0.4,0.2,6.9,2022
5074,Spencer Dinwiddie,Dal,G,30,53,34.1,,21.9,11.4,207,0.821,353,0.504,341,0.405,0.599,17.7,3.1,,5.2,,0.7,0.3,7.7,2022
5075,Spencer Dinwiddie,Bro,G,30,26,35.3,,22.5,13.4,123,0.797,207,0.488,149,0.289,0.523,16.5,4.1,,9.1,,1.1,0.3,9.6,2022
5076,Donte DiVincenzo,Gol,G,26.2,72,26.3,,15.1,17.2,71,0.817,162,0.525,378,0.397,0.593,9.4,4.5,,3.5,,1.3,0.1,8,2022
5077,Luka Doncic,Dal,F-G,24.1,66,36.2,,37.7,14,694,0.742,908,0.588,541,0.342,0.609,32.4,8.6,,8,,1.4,0.5,14.4,2022
5078,Tyler Dorsey,Dal,G,27.2,3,2.8,,27.2,0,0,0,3,1,2,0.5,0.9,3,0.7,,0,,0,0,0,2022
5079,Luguentz Dort,Okc,G,24,74,30.7,,19.8,9.5,259,0.772,464,0.44,409,0.33,0.513,13.7,4.6,,2.1,,1,0.3,6.6,2022
5080,Ayo Dosunmu,Chi,G,23.2,80,26.2,,14.9,14.8,82,0.805,381,0.583,189,0.312,0.567,8.6,2.7,,2.6,,0.8,0.3,6,2022
5081,Devon Dotson,Was,G,23.7,6,8.9,,9.8,25,0,0,6,0,3,0.333,0.167,0.5,1.7,,1.3,,0.8,0,4.6,2022
5082,Jeff Dowtin Jr.,Tor,G,25.9,25,10.3,,10.9,8,9,0.667,41,0.488,16,0.313,0.5,2.4,0.9,,1.2,,0.4,0.1,5.3,2022
5083,PJ Dozier,Sac,G-F,26.5,16,5,,20.5,13.2,0,0,17,0.471,16,0.125,0.333,1.4,0.9,,0.6,,0.4,0.1,7.3,2022
5084,Goran Dragic,Chi,G,36.9,50,15.6,,21,15.6,41,0.659,170,0.482,128,0.352,0.516,6.5,1.4,,2.8,,0.2,0.1,7.5,2022
5085,Andre Drummond,Chi,C,29.7,67,12.7,,21,21.5,125,0.536,271,0.613,3,0,0.606,6,6.6,,0.5,,0.7,0.4,8.5,2022
5086,Chris Duarte,Ind,G,25.8,46,19.5,,19,11,72,0.847,159,0.428,174,0.316,0.496,7.9,2.5,,1.4,,0.5,0.2,6.2,2022
5087,David Duke Jr.,Bro,G,23.5,23,9.9,,20.1,18.7,17,0.706,66,0.53,12,0.083,0.497,3.7,1.3,,0.9,,0.4,0,6.6,2022
5088,Kris Dunn,Uta,G,29.1,22,25.8,,20.2,13.9,53,0.774,180,0.55,36,0.472,0.606,13.2,4.5,,5.6,,1.1,0.5,10.7,2022
5089,Kevin Durant,Bro,F,34.5,39,36,,31.5,15.6,285,0.937,545,0.622,189,0.376,0.674,29.7,6.7,,5.3,,0.8,1.5,11.3,2022
5090,Kevin Durant,Pho,F,34.5,8,33.7,,26.8,13.5,48,0.833,87,0.586,41,0.537,0.697,26,6.4,,3.5,,0.3,1.3,9.9,2022
5091,Jalen Duren,Det,C,19.4,67,24.9,,14.3,18.8,157,0.611,396,0.652,2,0,0.655,9.1,8.9,,1.1,,0.7,0.9,7.2,2022
5092,Tari Eason,Hou,F,21.9,82,21.6,,19.3,13.3,145,0.752,488,0.486,172,0.343,0.525,9.3,6,,1.1,,1.2,0.6,7.3,2022
5093,Anthony Edwards,Min,G,21.7,79,36,,29.9,14.4,422,0.756,963,0.513,579,0.368,0.563,24.6,5.8,,4.4,,1.6,0.7,9.5,2022
5094,Kessler Edwards,Bro,F,22.7,14,5.7,,16.1,14.2,2,0.5,12,0.333,12,0.167,0.301,1.1,1,,0.1,,0.2,0.1,3.4,2022
5095,Kessler Edwards,Sac,F,22.7,22,13.9,,12,11.3,15,0.8,27,0.593,43,0.349,0.581,4,2.1,,1,,0.5,0.2,5.8,2022
5096,Keon Ellis,Sac,G,23.3,16,4.4,,12.2,5.8,7,0.571,4,0.25,12,0.5,0.629,1.5,0.5,,0.4,,0.3,0.1,6.1,2022
5097,Joel Embiid,Phi,C-F,29.1,66,34.6,,37,14.5,771,0.857,1128,0.587,200,0.33,0.655,33.1,10.2,,4.2,,1,1.7,13,2022
5098,Drew Eubanks,Por,F-C,26.2,78,20.3,,12.5,16.7,125,0.664,316,0.655,18,0.389,0.666,6.6,5.4,,1.3,,0.5,1.3,7.1,2022
5099,Bruno Fernando,Hou,F-C,24.7,31,11.7,,15.1,17.7,44,0.682,92,0.522,1,0,0.561,4.1,3.9,,1,,0.2,1,8.6,2022
5100,Bruno Fernando,Atl,F-C,24.7,8,5.2,,27.1,20.5,6,0.833,16,0.688,3,0,0.624,3.4,1.9,,0.1,,0,0.4,6.6,2022
5101,Dorian Finney-Smith,Dal,F,29.9,40,32.2,,12.8,10.4,40,0.75,93,0.559,217,0.355,0.557,9.1,4.7,,1.5,,1,0.5,5,2022
5102,Dorian Finney-Smith,Bro,F,29.9,26,27.7,,13.9,12,19,0.789,70,0.429,121,0.306,0.466,7.2,4.9,,1.6,,0.7,0.6,5.5,2022
5103,Malachi Flynn,Tor,G,24.9,53,13,,17.4,9.4,33,0.758,109,0.367,133,0.353,0.479,4.6,1.4,,1.3,,0.4,0.1,6.2,2022
5104,Simone Fontecchio,Uta,F,27.3,52,14.7,,20.2,11.1,44,0.795,121,0.43,191,0.33,0.495,6.3,1.7,,0.8,,0.3,0.2,5.6,2022
5105,Bryn Forbes,Min,G,29.7,25,10.7,,16.2,12.6,15,1,37,0.432,46,0.304,0.497,3.6,0.6,,0.7,,0.3,0.1,4.3,2022
5106,Trent Forrest,Atl,G,24.8,23,12,,11.6,19.9,3,0.667,58,0.431,2,0,0.424,2.3,1.6,,1.7,,0.3,0.1,6.1,2022
5107,Michael Foster Jr.,Phi,F,20.2,1,1,,0,,0,0,0,0,0,0,,0,0,,0,,0,0,0,2022
5108,Evan Fournier,Nyk,G-F,30.4,27,17,,18.4,11.7,21,0.857,52,0.404,114,0.307,0.471,6.1,1.8,,1.3,,0.6,0.1,5.7,2022
5109,De'Aaron Fox,Sac,G,25.3,73,33.4,,30,12,440,0.78,965,0.583,366,0.325,0.599,25,4.2,,6.1,,1.1,0.3,10.3,2022
5110,Markelle Fultz,Orl,G,24.9,60,29.6,,21.3,17,143,0.783,592,0.544,87,0.31,0.564,14,3.9,,5.7,,1.5,0.4,9.2,2022
5111,Wenyen Gabriel,Lal,F,26,68,15.1,,14.1,15,84,0.619,224,0.647,36,0.278,0.626,5.5,4.2,,0.5,,0.4,0.5,6,2022
5112,Daniel Gafford,Was,F-C,24.5,78,20.6,,15.2,17.7,187,0.679,395,0.732,0,0,0.739,9,5.6,,1.1,,0.4,1.3,7.4,2022
5113,Darius Garland,Cle,G,23.2,69,35.5,,26.9,15,322,0.863,717,0.492,412,0.41,0.587,21.6,2.7,,7.8,,1.2,0.1,8.7,2022
5114,Usman Garuba,Hou,F,21.1,75,12.9,,10.5,21,47,0.617,118,0.525,59,0.407,0.569,3,4.1,,0.9,,0.6,0.4,6.9,2022
5115,Luka Garza,Min,C,24.3,28,8.7,,26.9,10.7,52,0.788,77,0.636,39,0.359,0.652,6.5,2.3,,0.6,,0.1,0.1,9.6,2022
5116,Rudy Gay,Uta,F-G,36.6,56,14.6,,17.7,11.4,49,0.857,157,0.484,130,0.254,0.475,5.2,2.9,,1,,0.3,0.3,6.8,2022
5117,Paul George,Lac,F,32.9,56,34.6,,29.5,14.9,294,0.871,578,0.521,426,0.371,0.588,23.8,6.1,,5.1,,1.5,0.4,10.5,2022
5118,Taj Gibson,Was,F,37.8,48,10,,15.3,17.2,42,0.714,101,0.564,24,0.333,0.585,3.5,1.9,,0.7,,0.3,0.3,6.7,2022
5119,Josh Giddey,Okc,G,20.5,76,31.2,,24.5,15.9,145,0.731,884,0.524,234,0.325,0.533,16.6,7.9,,6.2,,0.8,0.4,12,2022
5120,Shai Gilgeous-Alexander,Okc,G-F,24.7,68,35.5,,32.8,12.2,739,0.905,1213,0.533,168,0.345,0.626,31.4,4.8,,5.5,,1.6,1,10.6,2022
5121,Anthony Gill,Was,F,30.5,59,10.6,,12.3,10.2,67,0.731,103,0.65,29,0.138,0.604,3.3,1.7,,0.6,,0.1,0.2,5.7,2022
5122,Rudy Gobert,Min,C,30.8,70,30.7,,16.3,18.3,340,0.644,543,0.663,3,0,0.675,13.4,11.6,,1.2,,0.8,1.4,7.4,2022
5123,Jordan Goodwin,Was,G,24.5,62,17.8,,17.3,13.9,69,0.768,235,0.511,118,0.322,0.531,6.6,3.3,,2.7,,0.9,0.4,8.7,2022
5124,Aaron Gordon,Den,F,27.6,68,30.3,,21.1,11.4,312,0.609,588,0.628,173,0.347,0.617,16.3,6.6,,3,,0.8,0.8,9.1,2022
5125,Eric Gordon,Hou,G,34.3,47,30.2,,18.1,14.8,135,0.815,233,0.536,245,0.347,0.572,13.1,2.1,,2.9,,0.6,0.4,5.7,2022
5126,Eric Gordon,Lac,G,34.3,22,24.9,,17,10.7,38,0.842,64,0.531,111,0.423,0.629,11,1.7,,2.1,,0.6,0.4,5.5,2022
5127,Devonte' Graham,Nor,G,28.1,53,15.3,,15,10.5,59,0.746,41,0.463,190,0.347,0.545,5.3,1.4,,2.2,,0.6,0.2,6.6,2022
5128,Devonte' Graham,San,G,28.1,20,26.4,,20.2,11.5,72,0.75,52,0.442,148,0.358,0.559,13,2.5,,4,,0.8,0.3,7.7,2022
5129,Jerami Grant,Por,F,29.1,63,35.6,,22.8,11.3,342,0.813,554,0.523,359,0.401,0.606,20.5,4.5,,2.4,,0.8,0.8,6.8,2022
5130,A.J. Green,Mil,G,23.5,35,9.9,,16.5,6.7,4,1,20,0.45,105,0.419,0.607,4.4,1.3,,0.6,,0.1,0,6.1,2022
5131,Danny Green,Mem,G,35.8,3,14.5,,13.4,21.4,0,0,3,0,8,0.375,0.409,3,1.3,,0.7,,0.3,0,3.9,2022
5132,Danny Green,Cle,G,35.8,8,11.9,,21.4,15.4,1,1,9,0.667,29,0.448,0.676,6.5,1.3,,0.5,,0.6,0.4,5.4,2022
5133,Draymond Green,Gol,F,33.1,73,31.5,,13.2,30.1,108,0.713,343,0.612,131,0.305,0.592,8.5,7.2,,6.8,,1,0.8,9.5,2022
5134,JaMychal Green,Gol,F-C,32.8,57,14,,17.5,17.1,67,0.776,141,0.667,111,0.378,0.65,6.4,3.6,,0.9,,0.4,0.4,7.8,2022
5135,Jalen Green,Hou,G,21.2,76,34.2,,28.1,12.8,463,0.786,804,0.471,554,0.338,0.539,22.1,3.7,,3.7,,0.8,0.2,7.9,2022
5136,Javonte Green,Chi,G-F,29.7,32,15,,13.6,15.6,45,0.667,73,0.658,35,0.371,0.646,5.2,2.8,,0.7,,0.8,0.7,5.8,2022
5137,Jeff Green,Den,F,36.6,56,19.5,,17,12.3,117,0.744,224,0.58,104,0.288,0.576,7.8,2.6,,1.2,,0.3,0.3,5.9,2022
5138,Josh Green,Dal,G,22.4,60,25.7,,14.6,15.8,94,0.723,213,0.643,169,0.402,0.645,9.1,3,,1.7,,0.7,0.1,5.6,2022
5139,AJ Griffin,Atl,F,19.6,72,19.5,,17.8,7.3,47,0.894,274,0.536,259,0.39,0.577,8.9,2.1,,1,,0.6,0.2,5.4,2022
5140,Blake Griffin,Bos,F,34.1,41,13.9,,12.8,14.4,32,0.656,64,0.625,66,0.348,0.59,4.1,3.8,,1.5,,0.3,0.2,8.2,2022
5141,Quentin Grimes,Nyk,G,22.9,71,29.9,,14.5,10.4,98,0.796,195,0.641,407,0.386,0.619,11.3,3.2,,2.1,,0.7,0.4,5.7,2022
5142,Rui Hachimura,Was,F,25.2,30,24.3,,23,10,58,0.759,235,0.545,89,0.337,0.558,13,4.3,,1.2,,0.4,0.4,6.7,2022
5143,Rui Hachimura,Lal,F,25.2,33,22.4,,17.4,6.1,61,0.721,189,0.556,71,0.296,0.553,9.6,4.7,,0.7,,0.2,0.4,5.6,2022
5144,Tyrese Haliburton,Ind,G,23.1,56,33.6,,23.9,14.4,203,0.867,439,0.572,402,0.4,0.624,20.7,3.7,,10.4,,1.6,0.4,11,2022
5145,Jordan Hall,San,G,21.2,9,9.1,,19.6,19.8,9,0.778,13,0.462,15,0.2,0.438,3.1,1.3,,1.2,,0.1,0,7.4,2022
5146,R.J. Hampton,Orl,G,22.2,26,13.9,,18,15.5,37,0.838,61,0.525,53,0.34,0.572,5.7,1.5,,1.3,,0.6,0.2,6.4,2022
5147,R.J. Hampton,Det,G,22.2,21,18.5,,17.7,14.6,39,0.667,60,0.483,63,0.365,0.546,7.3,2.3,,1,,0.5,0.2,5.5,2022
5148,Tim Hardaway Jr.,Dal,G-F,31.1,71,30.3,,20.6,6.6,165,0.77,297,0.431,550,0.385,0.554,14.4,3.5,,1.8,,0.7,0.2,5.9,2022
5149,James Harden,Phi,G,33.6,58,36.8,,25,18.8,361,0.867,424,0.495,419,0.384,0.607,21,6.1,,10.7,,1.2,0.5,12.1,2022
5150,Jaden Hardy,Dal,G,20.8,48,14.8,,26.4,12.1,79,0.823,177,0.469,156,0.404,0.571,8.8,1.9,,1.4,,0.4,0.1,7.7,2022
5151,Ron Harper Jr.,Tor,F,23,9,5.3,,14.8,0,1,1,7,0.714,9,0.333,0.608,2.2,0.8,,0.4,,0,0.1,6.7,2022
5152,Montrezl Harrell,Phi,F-C,29.2,57,11.9,,18.9,14.3,101,0.693,203,0.616,6,0,0.631,5.6,2.8,,0.6,,0.3,0.4,7.1,2022
5153,Gary Harris,Orl,G,28.6,48,24.7,,12.6,8.3,30,0.9,89,0.494,218,0.431,0.62,8.3,2,,1.2,,0.9,0.3,4.4,2022
5154,Joe Harris,Bro,G-F,31.6,74,20.6,,14.3,8.5,28,0.643,107,0.551,333,0.426,0.621,7.6,2.2,,1.4,,0.5,0.2,5.6,2022
5155,Kevon Harris,Orl,G,25.8,34,13.4,,13.7,16.4,41,0.756,64,0.484,43,0.372,0.564,4.1,2.1,,0.5,,0.5,0.1,4.9,2022
5156,Tobias Harris,Phi,F,30.7,74,32.9,,18.2,9.5,129,0.876,521,0.57,324,0.389,0.602,14.7,5.7,,2.5,,0.9,0.5,7.2,2022
5157,Isaiah Hartenstein,Nyk,C-F,24.9,82,19.9,,11.2,16.8,71,0.676,290,0.576,37,0.216,0.567,5,6.5,,1.2,,0.6,0.8,6.8,2022
5158,Josh Hart,Por,G,28.1,51,33.4,,12.6,17.9,119,0.731,251,0.594,112,0.304,0.586,9.5,8.2,,3.9,,1.1,0.2,8.1,2022
5159,Josh Hart,Nyk,G,28.1,25,30,,12.6,19.5,57,0.789,105,0.619,52,0.519,0.703,10.2,7,,3.6,,1.4,0.5,8.5,2022
5160,Udonis Haslem,Mia,F,42.8,7,10.1,,20.3,3.3,5,0.8,20,0.35,9,0.333,0.433,3.9,1.6,,0,,0.1,0.3,0,2022
5161,Sam Hauser,Bos,F,25.3,80,16.1,,14.7,7,17,0.706,61,0.656,335,0.418,0.634,6.4,2.6,,0.9,,0.4,0.3,6.1,2022
5162,Jaxson Hayes,Nor,C-F,22.9,47,13,,15.7,16.6,83,0.699,127,0.654,29,0.103,0.605,5,2.8,,0.7,,0.4,0.4,6.6,2022
5163,Killian Hayes,Det,G,21.7,76,28.3,,20.5,17.5,112,0.821,529,0.429,286,0.28,0.455,10.3,2.9,,6.2,,1.4,0.4,8.1,2022
5164,Gordon Hayward,Cha,F,33,50,31.5,,20,14.6,159,0.811,421,0.532,160,0.325,0.563,14.7,4.3,,4.1,,0.8,0.2,8.1,2022
5165,Juancho Hernangomez,Tor,F,27.5,42,14.6,,9.5,11.6,16,0.563,47,0.66,67,0.254,0.504,2.9,2.9,,0.6,,0.4,0.1,4.7,2022
5166,Willy Hernangomez,Nor,C-F,28.9,37,12.4,,23.8,18.7,104,0.779,158,0.544,11,0.273,0.61,7.1,4.9,,0.9,,0.5,0.4,10.2,2022
5167,Tyler Herro,Mia,G,23.2,67,34.9,,25.6,12.5,182,0.934,572,0.497,537,0.378,0.566,20.1,5.4,,4.2,,0.8,0.2,8.8,2022
5168,Buddy Hield,Ind,G,30.3,80,31,,20.9,11.8,129,0.822,361,0.518,677,0.425,0.614,16.8,5,,2.8,,1.2,0.3,8,2022
5169,Haywood Highsmith,Mia,F,26.3,54,18,,12.5,17.2,28,0.464,107,0.523,109,0.339,0.517,4.4,3.5,,0.8,,0.7,0.3,5.1,2022
5170,George Hill,Mil,G,36.9,35,19.1,,11.3,16.9,46,0.739,58,0.621,74,0.311,0.575,5,1.9,,2.5,,0.5,0.1,6,2022
5171,George Hill,Ind,G,36.9,11,15.1,,11.3,16.9,9,0.889,13,0.615,21,0.524,0.751,5.2,1.6,,1.9,,0.6,0.3,6.6,2022
5172,Malcolm Hill,Chi,F,27.5,5,1.8,,19.4,0,0,0,1,1,3,0.333,0.625,1,0.6,,0,,0,0,0,2022
5173,Aaron Holiday,Atl,G,26.5,63,13.4,,13.4,14,32,0.844,132,0.424,88,0.409,0.528,3.9,1.2,,1.4,,0.6,0.2,5.6,2022
5174,Jrue Holiday,Mil,G,32.8,67,32.6,,25,16.1,177,0.859,612,0.542,411,0.384,0.586,19.3,5.1,,7.4,,1.2,0.4,11,2022
5175,Justin Holiday,Atl,F-G,34,28,14.7,,14,8.8,0,0,38,0.474,87,0.345,0.504,4.5,0.8,,0.9,,0.2,0.4,4,2022
5176,Justin Holiday,Dal,F-G,34,18,16.4,,14.2,11.2,8,0.625,23,0.565,56,0.286,0.479,4.4,1.8,,0.9,,0.8,0.5,4.7,2022
5177,Richaun Holmes,Sac,F,29.5,42,8.3,,13.7,13.5,19,0.789,81,0.617,8,0.625,0.668,3.1,1.9,,0.2,,0.1,0.3,5.1,2022
5178,Al Horford,Bos,C-F,36.9,63,30.5,,11.9,7.2,21,0.714,154,0.539,325,0.446,0.631,9.8,6.2,,3,,0.5,1,7.4,2022
5179,Talen Horton-Tucker,Uta,G,22.4,65,20.2,,25.9,17,168,0.75,410,0.485,203,0.286,0.508,10.7,3.2,,3.8,,0.6,0.4,10,2022
5180,Danuel House Jr.,Phi,F-G,29.8,56,14.4,,13.8,11.6,60,0.75,87,0.644,110,0.336,0.6,4.8,1.7,,0.8,,0.3,0.2,5.2,2022
5181,Caleb Houstan,Orl,G,20.2,51,15.9,,11,9,18,0.833,46,0.435,136,0.338,0.508,3.8,1.9,,0.6,,0.2,0.1,4.1,2022
5182,Trevor Hudgins,Hou,G,24,5,5.7,,16.6,9.6,3,1,1,0,8,0.25,0.436,1.8,0,,0.6,,0,0,0,2022
5183,Kevin Huerter,Sac,G-F,24.6,75,29.4,,19.9,10.1,131,0.725,356,0.604,510,0.402,0.617,15.2,3.3,,2.9,,1.1,0.3,7.2,2022
5184,De'Andre Hunter,Atl,F-G,25.4,67,31.7,,19.7,9.1,207,0.826,536,0.521,286,0.35,0.563,15.4,4.2,,1.4,,0.5,0.3,5.7,2022
5185,Bones Hyland,Den,G,22.6,42,19.5,,28.5,13.4,82,0.866,193,0.425,241,0.378,0.54,12.1,2,,3,,0.7,0.3,8.6,2022
5186,Bones Hyland,Lac,G,22.6,14,19,,26.4,9.8,20,0.75,63,0.46,74,0.351,0.518,10.8,3.5,,3.4,,0.8,0.1,10.6,2022
5187,Serge Ibaka,Mil,F,33.6,16,11.6,,16.1,16.9,13,0.615,36,0.556,18,0.333,0.553,4.1,2.8,,0.3,,0.1,0.4,5.2,2022
5188,Andre Iguodala,Gol,G-F,39.2,8,14.1,,9.4,37,3,0.667,6,1,9,0.111,0.521,2.1,2.1,,2.4,,0.5,0.4,6.2,2022
5189,Joe Ingles,Mil,F-G,35.5,46,22.7,,12.6,18.1,21,0.857,45,0.556,203,0.409,0.616,6.9,2.8,,3.3,,0.7,0.1,7,2022
5190,Brandon Ingram,Nor,F,25.6,45,34.2,,30.8,15.1,272,0.882,671,0.507,164,0.39,0.582,24.7,5.5,,5.8,,0.7,0.4,10.8,2022
5191,Kyrie Irving,Bro,G,31,40,36.9,,29.7,10,179,0.883,471,0.569,348,0.374,0.604,27.1,5.1,,5.3,,1,0.8,9.8,2022
5192,Kyrie Irving,Dal,G,31,20,38.1,,27.4,8.8,94,0.947,236,0.585,148,0.392,0.634,27,5,,6,,1.3,0.6,9.8,2022
5193,Jonathan Isaac,Orl,F,25.5,11,11.3,,21.1,7,9,0.556,38,0.421,15,0.4,0.483,5,4,,0.5,,1.3,0.4,7.6,2022
5194,Jaden Ivey,Det,G,21.2,74,31.1,,25.4,19.4,356,0.747,633,0.457,350,0.343,0.528,16.3,3.9,,5.2,,0.8,0.2,8.9,2022
5195,Jaren Jackson Jr.,Mem,F-C,23.6,63,28.4,,24.7,11.5,306,0.788,540,0.585,282,0.355,0.613,18.6,6.8,,1,,1,3,7.1,2022
5196,Frank Jackson,Uta,G,24.9,1,5.1,,24.6,0,0,0,2,0,1,0,0,0,2,,1,,0,0,0,2022
5197,Isaiah Jackson,Ind,F,21.2,63,16.5,,17.5,14,146,0.651,304,0.582,14,0.143,0.595,7.2,4.5,,0.8,,0.5,1.5,7.2,2022
5198,Justin Jackson,Bos,F,28,23,4.7,,12.2,6.8,2,0.5,7,0.286,20,0.25,0.359,0.9,0.7,,0.4,,0.2,0.2,5.4,2022
5199,Quenton Jackson,Was,G,24.6,9,15,,18,8.6,22,0.773,30,0.6,12,0.083,0.542,6.2,0.9,,1.7,,0.4,0.1,5.6,2022
5200,Reggie Jackson,Lac,G,33,52,25.7,,20.8,15.8,66,0.924,292,0.469,220,0.35,0.523,10.9,2.2,,3.5,,0.7,0.1,6.8,2022
5201,Reggie Jackson,Den,G,33,16,19.9,,20.8,12.9,12,0.833,60,0.5,68,0.279,0.476,7.9,1.8,,3.1,,0.6,0.1,7.1,2022
5202,LeBron James,Lal,F,38.3,55,35.5,,33.3,12.7,327,0.768,841,0.58,377,0.321,0.584,28.9,8.3,,6.8,,0.9,0.6,13.3,2022
5203,Ty Jerome,Gol,G-F,25.8,45,18.1,,14.9,11,41,0.927,152,0.546,90,0.389,0.594,6.9,1.7,,3,,0.5,0.1,7.2,2022
5204,Isaiah Joe,Okc,G,23.8,73,19.1,,17.7,7.1,100,0.82,114,0.553,394,0.409,0.626,9.5,2.4,,1.2,,0.7,0.1,6.3,2022
5205,Alize Johnson,San,F,27,4,7.4,,15.2,39.1,2,0.5,4,0.75,2,0,0.509,1.8,2.5,,0.3,,0.3,0,6,2022
5206,Cameron Johnson,Pho,F,27.1,17,25.3,,19.6,5.5,33,0.818,74,0.5,99,0.455,0.629,13.9,3.8,,1.5,,0.9,0.4,6.8,2022
5207,Cameron Johnson,Bro,F,27.1,25,30.8,,21.1,8.2,87,0.851,145,0.572,156,0.372,0.61,16.6,4.8,,2.1,,1.4,0.3,7.2,2022
5208,Jalen Johnson,Atl,F,21.3,69,15.1,,16,11.3,78,0.628,218,0.587,104,0.288,0.554,5.7,4.1,,1.2,,0.6,0.5,8,2022
5209,James Johnson,Ind,F,36.1,18,9,,15.6,14,8,0.5,34,0.559,15,0.2,0.486,2.8,1.7,,0.8,,0.4,0.3,6.9,2022
5210,Keldon Johnson,San,F-G,23.5,63,32.7,,27.9,10.7,327,0.749,706,0.523,407,0.329,0.551,22,5,,2.9,,0.7,0.2,8.4,2022
5211,Keon Johnson,Por,G,21.1,40,10.4,,25,19.4,41,0.659,97,0.402,81,0.346,0.482,4.7,1.1,,1.5,,0.5,0.2,7.6,2022
5212,Stanley Johnson,San,F-G,26.9,30,15.6,,15.2,21.1,39,0.667,83,0.578,40,0.45,0.628,5.9,3.2,,2.2,,0.5,0.2,8.9,2022
5213,Nikola Jokic,Den,C,28.1,69,33.7,,27.2,19.5,415,0.822,873,0.675,149,0.383,0.701,24.5,11.8,,9.8,,1.3,0.7,16.8,2022
5214,Derrick Jones Jr.,Chi,F,26.1,64,14,,14.4,9.8,84,0.738,150,0.587,80,0.338,0.597,5,2.4,,0.5,,0.5,0.6,5.2,2022
5215,Carlik Jones,Chi,G,25.3,7,8,,16.2,11.6,8,0.625,9,0.333,6,0.5,0.54,2.9,0.7,,0.9,,0.3,0,6.1,2022
5216,Damian Jones,Lal,C,27.8,22,8,,13.1,19.4,20,0.75,34,0.588,3,0,0.6,2.5,2.5,,0.2,,0.1,0.5,5.4,2022
5217,Damian Jones,Uta,C,27.8,19,15.8,,9.3,22.1,9,0.778,35,0.714,14,0.714,0.821,4.6,3.5,,0.6,,0.3,0.5,5.4,2022
5218,Herbert Jones,Nor,F,24.5,66,29.5,,14.5,14.9,161,0.764,334,0.536,167,0.335,0.567,9.8,4.1,,2.5,,1.6,0.6,6.3,2022
5219,Kai Jones,Cha,C-F,22.2,46,11.9,,12.4,20.5,26,0.731,101,0.624,19,0.211,0.597,3.4,2.7,,0.3,,0.4,0.7,4.7,2022
5220,Tre Jones,San,G,23.3,68,29.2,,19.3,12.9,172,0.86,585,0.506,158,0.285,0.534,12.9,3.6,,6.6,,1.3,0.1,9.2,2022
5221,Tyus Jones,Mem,G,26.9,80,24.2,,17.7,9.4,100,0.8,384,0.495,326,0.371,0.546,10.3,2.5,,5.2,,1,0.1,8.5,2022
5222,DeAndre Jordan,Den,C,34.7,39,15,,13.7,29.4,48,0.458,114,0.763,1,1,0.731,5.1,5.2,,0.9,,0.3,0.6,7.7,2022
5223,Cory Joseph,Det,G,31.6,62,19.8,,15.2,13.7,72,0.792,171,0.468,180,0.389,0.558,6.9,1.7,,3.5,,0.5,0.1,7,2022
5224,Nikola Jovic,Mia,F,19.8,15,13.6,,19,12.6,19,0.947,34,0.588,35,0.229,0.53,5.5,2.1,,0.7,,0.5,0.1,5.9,2022
5225,Johnny Juzang,Uta,G,22.1,18,12.9,,19.6,2.8,4,0.5,41,0.488,63,0.238,0.411,4.8,2.2,,0.4,,0.2,0.2,5,2022
5226,Mfiondu Kabengele,Bos,F-C,25.7,4,9.1,,10.7,11.8,2,1,4,0.5,3,0,0.381,1.5,2.5,,0,,0.5,0,0,2022
5227,Frank Kaminsky,Atl,F-C,30,26,6.8,,13.9,16.9,12,0.833,21,0.667,23,0.478,0.72,2.7,1.4,,0.8,,0.2,0,8.5,2022
5228,Frank Kaminsky,Hou,F-C,30,10,5.9,,14.6,0,4,1,9,0.444,10,0.2,0.434,1.8,1.6,,1.1,,0.1,0.3,10,2022
5229,Trevor Keels,Nyk,G,19.6,3,2.7,,21.4,0,0,0,0,0,4,0.25,0.375,1,0.7,,0,,0,0,0,2022
5230,Luke Kennard,Lac,G,26.8,35,20.7,,15,12.4,20,0.95,79,0.494,132,0.447,0.623,7.8,2.4,,1.1,,0.5,0.1,5.3,2022
5231,Luke Kennard,Mem,G,26.8,24,24.6,,13.8,8.5,19,0.947,34,0.471,137,0.54,0.758,11.3,3.1,,2.3,,0.5,0,7,2022
5232,Walker Kessler,Uta,C,21.7,74,23,,13.3,12.3,159,0.516,411,0.723,3,0.333,0.702,9.2,8.4,,0.9,,0.4,2.3,7.2,2022
5233,Braxton Key,Det,F,26.2,3,3,,8.8,0,2,1,1,1,0,0,1.064,1.3,0.3,,0,,0,0,0,2022
5234,Corey Kispert,Was,F,24.1,74,28.3,,14.1,8.7,88,0.852,201,0.637,385,0.423,0.656,11.1,2.8,,1.2,,0.4,0.1,4.7,2022
5235,Maxi Kleber,Dal,F,31.2,37,25.1,,10.3,13.8,38,0.711,57,0.667,112,0.348,0.592,5.9,3.6,,1.4,,0.3,0.8,4.9,2022
5236,Nathan Knight,Min,F-C,25.6,38,7.7,,18.7,20.5,57,0.684,59,0.644,22,0.364,0.655,3.7,1.5,,0.3,,0.3,0.2,6.2,2022
5237,Kevin Knox II,Det,F,23.7,42,14.1,,16.2,15.1,33,0.788,63,0.651,116,0.371,0.612,5.6,2.6,,0.4,,0.3,0.3,5.1,2022
5238,Kevin Knox II,Por,F,23.7,21,17.1,,22.2,10.5,27,0.741,83,0.554,70,0.314,0.54,8.5,3.3,,0.9,,0.5,0,6.9,2022
5239,Christian Koloko,Tor,C,22.8,58,13.8,,10.4,11.7,59,0.627,138,0.514,12,0.083,0.517,3.1,2.9,,0.5,,0.4,1,4.8,2022
5240,John Konchar,Mem,G,27,72,20.7,,10.4,10.4,36,0.778,143,0.545,177,0.339,0.542,5.1,4.3,,1.4,,1.1,0.3,6.1,2022
5241,Furkan Korkmaz,Phi,G-F,25.7,37,9.6,,19.1,17.7,36,0.722,65,0.462,46,0.391,0.552,3.8,1.1,,0.6,,0.3,0.1,5.7,2022
5242,Luke Kornet,Bos,F-C,27.7,69,11.7,,11.5,12.8,39,0.821,157,0.701,13,0.231,0.697,3.8,2.9,,0.8,,0.2,0.7,7.1,2022
5243,Vit Krejci,Atl,G,22.8,29,5.7,,10.9,11.8,2,0.5,16,0.625,21,0.238,0.475,1.2,0.9,,0.6,,0.2,0,6.1,2022
5244,Jonathan Kuminga,Gol,F,20.5,67,20.8,,19.6,16,138,0.652,351,0.59,146,0.37,0.597,9.9,3.4,,1.9,,0.6,0.5,7.7,2022
5245,Kyle Kuzma,Was,F,27.7,64,35,,27.9,14.3,237,0.73,661,0.533,481,0.333,0.544,21.2,7.2,,3.7,,0.6,0.5,9.4,2022
5246,Anthony Lamb,Gol,F,25.2,62,19.2,,13.9,14.7,60,0.767,115,0.652,199,0.367,0.61,6.7,3.5,,1.5,,0.5,0.3,6.8,2022
5247,Jock Landale,Pho,C,27.5,69,14.2,,19.3,14.9,105,0.752,253,0.621,84,0.25,0.595,6.6,4.1,,1,,0.2,0.4,8.5,2022
5248,Romeo Langford,San,G-F,23.5,43,19.6,,15.4,10.4,56,0.696,198,0.53,61,0.262,0.524,6.9,2.7,,1.2,,0.6,0.3,5.7,2022
5249,Jake LaRavia,Mem,F,21.4,35,11.8,,11.7,15.9,9,0.778,24,0.542,71,0.338,0.531,3,1.8,,0.6,,0.3,0.1,5,2022
5250,Zach LaVine,Chi,G-F,28.1,77,36,,28.3,12.3,428,0.848,844,0.556,544,0.375,0.607,24.8,4.5,,4.2,,0.9,0.2,8.6,2022
5251,A.J. Lawson,Min,G,22.7,1,1.8,,23.8,0,0,0,1,1,0,0,1,2,1,,0,,0,0,0,2022
5252,A.J. Lawson,Dal,G,22.7,13,8.1,,21.2,6.5,8,0.25,18,0.611,25,0.4,0.58,4.2,1.5,,0.2,,0.2,0,5.3,2022
5253,Damion Lee,Pho,G-F,30.5,74,20.4,,16.3,14.7,104,0.904,205,0.439,247,0.445,0.607,8.2,3.1,,1.3,,0.4,0.1,6.3,2022
5254,Saben Lee,Phi,G,23.8,2,5.1,,31,42.9,0,0,3,1,1,0,0.75,3,0,,1,,0.5,0,0,2022
5255,Saben Lee,Pho,G,23.8,23,15.8,,19.1,15.2,57,0.737,88,0.398,29,0.379,0.51,6.3,2,,2.8,,0.8,0,8.3,2022
5256,Alex Len,Sac,C,29.8,26,6.2,,14.1,34.6,16,0.688,28,0.571,2,0,0.58,1.7,2.3,,0.5,,0.2,0.4,8.1,2022
5257,Kawhi Leonard,Lac,F,31.8,52,33.6,,27,9.2,279,0.871,621,0.551,250,0.416,0.623,23.8,6.5,,3.9,,1.4,0.5,10.1,2022
5258,Meyers Leonard,Mil,F-C,31.1,9,12.6,,14.4,17,9,0.889,11,0.636,18,0.389,0.652,4.8,3.8,,0.1,,0.2,0,3.9,2022
5259,Caris LeVert,Cle,G,28.6,74,30.3,,18.7,13.5,180,0.722,418,0.462,324,0.392,0.546,12.1,3.8,,3.9,,1,0.3,7.4,2022
5260,Kira Lewis Jr.,Nor,G,22,25,9.4,,19.7,10.2,22,0.864,54,0.463,34,0.441,0.584,4.6,1.3,,0.9,,0.4,0.1,7.5,2022
5261,Damian Lillard,Por,G,32.7,58,36.3,,33.8,13.7,558,0.914,544,0.574,658,0.371,0.645,32.2,4.8,,7.3,,0.9,0.3,11.5,2022
5262,Nassir Little,Por,F-G,23.2,54,18.1,,16,10.6,46,0.717,145,0.524,158,0.367,0.555,6.6,2.6,,0.9,,0.4,0.4,5.5,2022
5263,Isaiah Livers,Det,F,24.7,52,23.1,,11.9,9.4,39,0.821,85,0.541,203,0.365,0.567,6.7,2.8,,0.8,,0.5,0.5,4.3,2022
5264,Kenneth Lofton Jr.,Mem,F,20.7,24,7.3,,27.6,11.4,27,0.593,76,0.566,17,0.353,0.572,5,2.1,,0.8,,0.2,0.1,11.1,2022
5265,Kevon Looney,Gol,F,27.2,82,23.9,,10.6,10.5,155,0.606,383,0.632,1,0,0.639,7,9.3,,2.5,,0.6,0.6,9.1,2022
5266,Brook Lopez,Mil,C,35,78,30.4,,19.3,10.6,190,0.784,535,0.637,364,0.374,0.63,15.9,6.7,,1.3,,0.5,2.5,6.8,2022
5267,Robin Lopez,Cle,C,35,37,8.1,,16.2,24.9,18,0.778,71,0.648,4,0.5,0.675,3,1.4,,0.5,,0.1,0.2,6.3,2022
5268,Kevin Love,Cle,F-C,34.6,41,20,,19.6,14.1,63,0.889,90,0.467,195,0.354,0.555,8.5,6.8,,1.9,,0.2,0.2,9.6,2022
5269,Kevin Love,Mia,F-C,34.6,21,19.9,,18.5,14.2,28,0.857,38,0.632,101,0.297,0.535,7.7,5.7,,1.9,,0.4,0.2,8.8,2022
5270,Kyle Lowry,Mia,G,37,55,31.2,,16.7,17.5,135,0.859,175,0.509,310,0.345,0.565,11.2,4.1,,5.1,,1,0.4,7.9,2022
5271,Trey Lyles,Sac,F,27.4,74,16.9,,18.1,13.5,124,0.815,168,0.595,240,0.363,0.607,7.6,4.1,,0.9,,0.4,0.4,7.2,2022
5272,Theo Maledon,Cha,G,21.8,44,19.4,,17,18.8,74,0.851,159,0.465,95,0.295,0.515,6.7,2.8,,3.5,,0.8,0.3,8.3,2022
5273,Sandro Mamukelashvili,Mil,F-C,23.9,24,9.1,,14.5,13.4,18,0.667,26,0.462,32,0.219,0.432,2.4,2.3,,0.7,,0.2,0.2,6.9,2022
5274,Sandro Mamukelashvili,San,F-C,23.9,19,23.3,,20.1,13.1,39,0.692,105,0.524,67,0.343,0.545,10.8,6.8,,2.4,,0.5,0.4,9.6,2022
5275,Terance Mann,Lac,G-F,26.5,81,23.1,,15.3,13.2,118,0.78,326,0.598,198,0.389,0.619,8.8,3.4,,2.3,,0.5,0.3,7.1,2022
5276,Tre Mann,Okc,G,22.2,67,17.7,,20.7,11,55,0.764,244,0.475,257,0.315,0.492,7.7,2.3,,1.8,,0.6,0.2,7.2,2022
5277,Boban Marjanovic,Hou,C,34.7,31,5.5,,20.8,18.8,27,0.741,59,0.695,1,0,0.71,3.3,1.9,,0.3,,0.2,0.1,9,2022
5278,Lauri Markkanen,Uta,F-C,25.9,66,34.4,,26.6,10,399,0.875,634,0.585,511,0.391,0.64,25.6,8.6,,1.9,,0.6,0.6,8.7,2022
5279,Naji Marshall,Nor,F,25.2,77,23.3,,17.8,14.5,175,0.789,353,0.513,218,0.303,0.539,9.1,3.6,,2.5,,0.7,0.2,7.5,2022
5280,Kenyon Martin Jr.,Hou,F,22.3,82,28,,16.4,11.2,222,0.68,504,0.679,216,0.315,0.635,12.7,5.5,,1.5,,0.5,0.4,6.7,2022
5281,Caleb Martin,Mia,F,27.5,71,29.3,,14.5,12.6,113,0.805,312,0.545,236,0.356,0.571,9.6,4.8,,1.6,,1,0.4,5.7,2022
5282,Cody Martin,Cha,F,27.5,7,19.1,,12.9,5.2,7,0.571,22,0.5,14,0.214,0.448,5,3.4,,1.6,,0.6,0.1,6.3,2022
5283,Tyrese Martin,Atl,G,24.1,16,4.1,,16.6,7.9,2,1,16,0.5,7,0.143,0.44,1.3,0.8,,0.1,,0.1,0,4.6,2022
5284,Garrison Mathews,Hou,G,26.5,45,13.4,,14.3,9.6,45,0.911,15,0.467,155,0.342,0.564,4.8,1.4,,0.5,,0.5,0.1,4.5,2022
5285,Garrison Mathews,Atl,G,26.5,9,9.4,,17.7,3.1,8,0.875,6,0.5,25,0.4,0.623,4.8,1.2,,0.3,,0.1,0.1,5.1,2022
5286,Bennedict Mathurin,Ind,G-F,20.8,78,28.5,,24.6,13.8,452,0.83,641,0.488,310,0.323,0.566,16.7,4.1,,1.5,,0.6,0.2,6.6,2022
5287,Wesley Matthews,Mil,G,36.5,52,15.7,,9.8,10.1,28,0.857,36,0.528,124,0.315,0.519,3.4,2.2,,0.7,,0.4,0.3,4.4,2022
5288,Tyrese Maxey,Phi,G,22.4,60,33.6,,24.1,8.1,213,0.845,543,0.514,370,0.432,0.605,20.3,2.9,,3.5,,0.8,0.1,7,2022
5289,Miles McBride,Nyk,G,22.6,64,11.9,,14.6,10.4,42,0.667,81,0.457,134,0.299,0.475,3.5,0.8,,1.1,,0.6,0.1,4.9,2022
5290,CJ McCollum,Nor,G,31.6,75,35.3,,26.4,12,238,0.769,801,0.469,543,0.389,0.541,20.9,4.4,,5.7,,0.9,0.5,9.1,2022
5291,T.J. McConnell,Ind,G,31,75,20.4,,19.1,21.6,68,0.853,462,0.556,59,0.441,0.59,8.7,3.1,,5.3,,1.1,0.1,10.3,2022
5292,Jaden McDaniels,Min,F,22.5,79,30.6,,15.8,13.5,144,0.736,447,0.588,270,0.396,0.611,12.1,3.9,,1.9,,0.9,1,5.9,2022
5293,Jalen McDaniels,Cha,F-C,25.2,56,26.7,,17.4,13.8,104,0.846,292,0.534,202,0.322,0.551,10.6,4.8,,2,,1.2,0.5,7,2022
5294,Jalen McDaniels,Phi,F-C,25.2,24,17.5,,16.1,9.5,34,0.824,93,0.516,30,0.4,0.58,6.7,3.2,,0.8,,0.7,0.2,5.9,2022
5295,Doug McDermott,San,F,31.3,64,20.5,,19.2,10,70,0.757,225,0.516,298,0.413,0.59,10.2,2.2,,1.4,,0.2,0.1,6.2,2022
5296,JaVale McGee,Dal,C-F,35.2,42,8.4,,22.8,22.3,41,0.585,120,0.65,5,0.4,0.65,4.4,2.5,,0.3,,0.1,0.6,7.1,2022
5297,Bryce McGowens,Cha,G,20.4,46,17.1,,15,17.5,80,0.75,122,0.443,80,0.325,0.519,5.3,2,,1.2,,0.3,0.1,5.5,2022
5298,Rodney McGruder,Det,G,31.7,32,16.4,,14,6.7,22,0.818,55,0.382,97,0.423,0.566,5.7,2.3,,0.9,,0.5,0,5.6,2022
5299,Jordan McLaughlin,Min,G,27,43,15.8,,11.7,18.5,18,0.833,67,0.552,78,0.308,0.526,3.7,1.4,,3.4,,0.7,0.1,6.6,2022
5300,De'Anthony Melton,Phi,G,24.9,77,27.9,,16.5,13.5,87,0.793,248,0.484,403,0.39,0.566,10.1,4.1,,2.6,,1.6,0.5,6.8,2022
5301,Sam Merrill,Cle,G,26.9,5,11.7,,17.5,0,2,1,4,1,18,0.278,0.546,5,1.8,,1,,0.8,0,7.1,2022
5302,Chimezie Metu,Sac,F-C,26.1,66,10.4,,17.6,12.7,73,0.74,181,0.663,38,0.237,0.639,4.9,3,,0.6,,0.3,0.3,7.9,2022
5303,Khris Middleton,Mil,F,31.7,33,24.3,,27.4,14.9,102,0.902,244,0.516,162,0.315,0.551,15.1,4.2,,4.9,,0.7,0.2,11.1,2022
5304,Patty Mills,Bro,G,34.7,40,14.2,,19.7,12.5,30,0.833,75,0.493,134,0.366,0.554,6.2,1.1,,1.4,,0.4,0.1,6,2022
5305,Shake Milton,Phi,G-F,26.5,76,20.6,,18.5,15.7,116,0.853,355,0.521,148,0.378,0.575,8.4,2.5,,3.1,,0.3,0.2,7.8,2022
5306,Josh Minott,Min,F,20.4,15,6.4,,18.9,7.6,8,1,30,0.533,6,0.333,0.582,3.1,1.7,,0.3,,0.3,0.4,7.3,2022
5307,Davion Mitchell,Sac,G,24.6,80,18.1,,14.1,13.4,31,0.806,202,0.584,197,0.32,0.545,5.6,1.3,,2.3,,0.6,0.2,5.7,2022
5308,Donovan Mitchell,Cle,G,26.6,68,35.8,,32.1,11.4,368,0.867,767,0.566,635,0.386,0.614,28.3,4.3,,4.4,,1.5,0.4,9.1,2022
5309,Evan Mobley,Cle,C,21.8,79,34.4,,20.2,13.3,303,0.673,847,0.594,102,0.216,0.589,16.2,9,,2.8,,0.8,1.5,8.6,2022
5310,Isaiah Mobley,Cle,F,23.5,12,7,,16.3,3.4,4,1,20,0.45,8,0.375,0.521,2.6,1.7,,0.3,,0.3,0.3,6.3,2022
5311,Chima Moneke,Sac,F,27.3,2,4,,26.5,50,2,0,2,0.5,0,0,0.347,1,1,,0.5,,0,0,7.9,2022
5312,Malik Monk,Sac,G,25.2,77,22.3,,25.8,15.5,207,0.889,398,0.538,398,0.359,0.587,13.5,2.6,,3.9,,0.6,0.3,9.2,2022
5313,Moses Moody,Gol,G,20.9,63,13,,14.6,13,53,0.698,92,0.641,135,0.363,0.603,4.8,1.7,,0.8,,0.3,0.1,5.8,2022
5314,Wendell Moore Jr.,Min,G,21.6,29,5.3,,14.9,15.6,5,0.8,26,0.615,17,0.118,0.465,1.4,0.6,,0.6,,0.3,0.2,6,2022
5315,Ja Morant,Mem,G,23.7,61,31.9,,34.9,14.5,497,0.748,914,0.519,300,0.307,0.557,26.2,5.9,,8.1,,1.1,0.3,13.5,2022
5316,Marcus Morris Sr.,Lac,F,33.6,65,28.1,,17.6,8,87,0.782,336,0.482,307,0.365,0.534,11.2,4,,1.8,,0.6,0.3,6.1,2022
5317,Markieff Morris,Bro,F,33.6,27,10.6,,15.6,14.5,10,1,33,0.394,49,0.408,0.556,3.6,2.2,,0.9,,0.3,0.2,7.3,2022
5318,Markieff Morris,Dal,F,33.6,8,8.7,,24,10.8,0,0,11,0.545,22,0.364,0.545,4.5,1.5,,0.8,,0.1,0,8.1,2022
5319,Monte Morris,Was,G,27.8,62,27.4,,15.6,10.4,77,0.831,311,0.543,204,0.382,0.579,10.3,3.4,,5.3,,0.7,0.2,8.3,2022
5320,Trey Murphy III,Nor,F,22.8,79,31,,16.6,7.2,190,0.905,302,0.613,497,0.406,0.65,14.5,3.6,,1.4,,1.1,0.5,5.4,2022
5321,Dejounte Murray,Atl,G,26.6,74,36.4,,24.4,10.8,190,0.832,932,0.514,387,0.344,0.54,20.5,5.3,,6.1,,1.5,0.3,9.6,2022
5322,Jamal Murray,Den,G,26.1,65,32.8,,26.1,12.2,216,0.833,609,0.494,432,0.398,0.571,20,4,,6.2,,1,0.2,9.7,2022
5323,Keegan Murray,Sac,F,22.6,80,29.8,,15.8,7.1,81,0.765,281,0.527,501,0.411,0.597,12.2,4.6,,1.2,,0.8,0.5,5.5,2022
5324,Mike Muscala,Okc,F-C,31.8,43,14.5,,15.7,6.4,39,0.795,61,0.541,142,0.394,0.602,6.2,3.1,,0.9,,0.3,0.4,7.1,2022
5325,Mike Muscala,Bos,F-C,31.8,20,16.2,,14,9.2,13,0.692,24,0.708,65,0.385,0.623,5.9,3.4,,0.6,,0.2,0.3,5.7,2022
5326,Svi Mykhailiuk,Nyk,G-F,25.8,13,3.1,,17.4,14,5,0.6,2,0,10,0.6,0.739,1.6,0.5,,0.1,,0.1,0,5.6,2022
5327,Svi Mykhailiuk,Cha,G-F,25.8,19,22.5,,19.5,12,34,0.676,72,0.486,89,0.404,0.571,10.6,2.4,,2.7,,0.7,0.2,7.3,2022
5328,Larry Nance Jr.,Nor,F-C,30.3,65,21.2,,11.9,12.1,79,0.696,263,0.654,42,0.333,0.649,6.8,5.4,,1.8,,0.9,0.6,7.6,2022
5329,Andrew Nembhard,Ind,G-F,23.2,75,27.6,,16.1,16.4,62,0.79,381,0.504,263,0.35,0.528,9.5,2.7,,4.5,,0.9,0.2,7.1,2022
5330,Aaron Nesmith,Ind,G-F,23.5,73,24.9,,16.8,11.2,142,0.838,276,0.496,313,0.367,0.566,10.1,3.8,,1.3,,0.8,0.5,5.9,2022
5331,Raul Neto,Cle,G,30.9,48,10.5,,13.1,17.2,34,0.912,68,0.662,42,0.286,0.628,3.3,1,,1.6,,0.4,0.1,6.6,2022
5332,Georges Niang,Phi,F,29.8,78,19.4,,17,9.7,45,0.867,118,0.576,384,0.401,0.61,8.2,2.4,,1,,0.4,0.2,5.6,2022
5333,Daishen Nix,Hou,G,21.2,57,16,,15.4,26.6,36,0.667,97,0.423,140,0.286,0.447,4,1.7,,2.3,,0.5,0.1,6.3,2022
5334,Zeke Nnaji,Den,F-C,22.2,53,13.7,,15.2,13.6,62,0.645,131,0.71,65,0.262,0.62,5.2,2.6,,0.3,,0.3,0.4,4.7,2022
5335,Nerlens Noel,Det,C-F,29,14,10.8,,11.9,20.9,10,0.7,28,0.393,2,0.5,0.465,2.3,2.6,,0.5,,0.9,0.6,5.3,2022
5336,Jaylen Nowell,Min,G,23.8,65,19.3,,25,9.4,99,0.778,393,0.542,231,0.29,0.527,10.8,2.6,,2,,0.6,0.1,7.9,2022
5337,Frank Ntilikina,Dal,G,24.7,47,12.9,,13.1,18,33,0.667,65,0.477,67,0.254,0.461,2.9,1.3,,1.2,,0.3,0.1,5.1,2022
5338,Kendrick Nunn,Lal,G,27.7,39,13.5,,23.4,11,21,0.81,125,0.488,126,0.325,0.503,6.7,1.4,,0.9,,0.3,0.1,6,2022
5339,Kendrick Nunn,Was,G,27.7,31,14.1,,24.2,14.9,20,0.9,102,0.5,97,0.392,0.563,7.5,1.7,,1.8,,0.5,0.1,8.1,2022
5340,Jusuf Nurkic,Por,C,28.6,52,26.7,,22.2,19.1,192,0.661,386,0.567,119,0.361,0.589,13.3,9.1,,2.9,,0.8,0.8,10.6,2022
5341,Jordan Nwora,Mil,F,24.6,38,15.7,,17.7,14.7,43,0.86,95,0.379,102,0.392,0.53,6,3.1,,1,,0.3,0.2,6.8,2022
5342,Jordan Nwora,Ind,F,24.6,24,24.6,,21.2,11.4,43,0.721,139,0.518,109,0.422,0.586,13,4.7,,2.1,,0.5,0.3,8.2,2022
5343,Chuma Okeke,Orl,F,24.6,27,19.2,,12.3,12.2,21,0.762,36,0.472,86,0.302,0.488,4.7,3.6,,1.4,,0.7,0.4,6,2022
5344,Josh Okogie,Pho,G,24.6,72,18.8,,17.7,13.2,192,0.724,217,0.442,197,0.335,0.531,7.3,3.5,,1.5,,0.8,0.5,7.2,2022
5345,Onyeka Okongwu,Atl,F-C,22.3,80,23.1,,15.1,14,196,0.781,484,0.647,13,0.308,0.678,9.9,7.2,,1,,0.7,1.3,7.2,2022
5346,Isaac Okoro,Cle,F-G,22.2,76,21.7,,11.9,10.6,103,0.757,183,0.617,171,0.363,0.614,6.4,2.5,,1.1,,0.7,0.4,4.8,2022
5347,KZ Okpala,Sac,F-G,24,35,7.1,,8.4,15.4,8,0.875,17,0.529,21,0.333,0.554,1.3,1,,0.4,,0.2,0.2,4.5,2022
5348,Victor Oladipo,Mia,G,30.9,42,26.3,,21.1,17.7,79,0.747,191,0.471,212,0.33,0.513,10.7,3,,3.5,,1.4,0.3,7.3,2022
5349,Kelly Olynyk,Uta,F-C,32,68,28.6,,17.8,23.2,232,0.853,321,0.576,235,0.396,0.644,12.5,6.2,,3.7,,0.9,0.5,9.2,2022
5350,Eugene Omoruyi,Okc,F,26.2,23,11.8,,18.7,14.5,28,0.607,63,0.571,31,0.258,0.531,4.9,2.3,,0.5,,0.6,0,6,2022
5351,Eugene Omoruyi,Det,F,26.2,17,21.9,,19.7,11.8,47,0.723,76,0.526,58,0.293,0.533,9.7,3.5,,1,,0.8,0.2,5.9,2022
5352,Royce O'Neale,Bro,F,29.8,76,31.7,,13.6,16.1,69,0.725,174,0.379,419,0.389,0.538,8.8,5.1,,3.7,,0.9,0.6,6.9,2022
5353,Cedi Osman,Cle,F,28,77,20.1,,18.2,8.9,108,0.694,217,0.567,312,0.372,0.58,8.7,2.3,,1.5,,0.5,0.1,6.2,2022
5354,Kelly Oubre Jr.,Cha,F-G,27.3,48,32.2,,26.5,7.2,208,0.76,480,0.51,339,0.319,0.534,20.3,5.2,,1.1,,1.4,0.4,6.1,2022
5355,Chris Paul,Pho,G,37.9,59,32,,19.2,14.6,160,0.831,407,0.482,261,0.375,0.555,13.9,4.3,,8.9,,1.5,0.4,10.1,2022
5356,Cameron Payne,Pho,G,28.7,48,20.2,,24.8,15.2,64,0.766,268,0.448,185,0.368,0.512,10.3,2.2,,4.5,,0.7,0.2,9.3,2022
5357,Gary Payton II,Por,G,30.4,15,17.1,,9.3,22.5,4,1,24,0.625,17,0.529,0.713,4.1,2.6,,1.5,,1,0.1,5.9,2022
5358,Theo Pinson,Dal,G-F,27.4,39,8.3,,14.7,12.1,13,0.846,25,0.36,62,0.355,0.512,2.4,1.6,,1.2,,0.2,0,8,2022
5359,Scotty Pippen Jr.,Lal,G,22.4,6,5.3,,24.1,14,9,0.556,9,0.333,3,0.333,0.439,2.3,0.7,,0.3,,0.3,0.2,5.9,2022
5360,Mason Plumlee,Cha,F-C,33.1,56,28.5,,15.7,17.8,256,0.605,396,0.669,0,0,0.673,12.2,9.6,,3.7,,0.6,0.6,10.6,2022
5361,Mason Plumlee,Lac,F-C,33.1,23,19.9,,13.7,25.4,57,0.772,88,0.727,0,0,0.761,7.5,6.9,,1.7,,0.5,0.5,8.9,2022
5362,Jakob Poeltl,San,C,27.5,46,26.1,,18.6,19.8,129,0.605,387,0.618,1,0,0.625,12.1,9,,3.1,,0.8,1.1,10.7,2022
5363,Jakob Poeltl,Tor,C,27.5,26,27.2,,17.5,11.2,72,0.569,230,0.652,0,0,0.652,13.1,9.1,,2.2,,1.2,1.3,9.4,2022
5364,Aleksej Pokusevski,Okc,C,21.3,34,20.6,,18.3,14.7,35,0.629,145,0.483,104,0.365,0.522,8.1,4.7,,1.9,,0.6,1.3,8.1,2022
5365,Jordan Poole,Gol,G,23.8,82,30,,29.2,16.5,415,0.87,641,0.524,637,0.336,0.573,20.4,2.7,,4.5,,0.8,0.3,8.4,2022
5366,Kevin Porter Jr.,Hou,G-F,22.9,59,34.3,,24.3,17.5,264,0.784,499,0.501,385,0.366,0.565,19.2,5.3,,5.7,,1.4,0.3,9.7,2022
5367,Michael Porter Jr.,Den,F,24.8,62,29,,22.7,7.7,120,0.8,363,0.579,454,0.414,0.621,17.4,5.5,,1,,0.6,0.5,6.3,2022
5368,Otto Porter Jr.,Tor,F,29.9,8,18.3,,10.9,11.6,8,1,13,0.692,17,0.353,0.656,5.5,2.4,,1,,1.4,0,5.2,2022
5369,Bobby Portis,Mil,F,28.2,70,26,,21.7,9.2,125,0.768,546,0.555,257,0.37,0.575,14.1,9.6,,1.5,,0.4,0.2,9,2022
5370,Kristaps Porzingis,Was,F-C,27.7,65,32.6,,27.4,11.8,416,0.851,662,0.559,356,0.385,0.627,23.2,8.4,,2.7,,0.9,1.5,9.9,2022
5371,Micah Potter,Uta,F,25,7,7.5,,13.6,11.8,0,0,8,0.75,7,0.571,0.8,3.4,2.3,,0.6,,0.1,0,8.9,2022
5372,Dwight Powell,Dal,F-C,31.7,76,19.2,,12.6,19.4,168,0.667,264,0.746,5,0,0.738,6.7,4.1,,0.9,,0.6,0.3,6.1,2022
5373,Norman Powell,Lac,G,29.9,60,26.1,,26,12.4,277,0.812,423,0.534,287,0.397,0.612,17,2.9,,1.8,,0.8,0.3,6.8,2022
5374,Jason Preston,Lac,G,23.7,14,8.8,,18.3,19.6,2,0,23,0.565,18,0.278,0.489,2.9,1.6,,1.9,,0.1,0,9.4,2022
5375,Joshua Primo,San,G,20.3,4,23.4,,18.1,29.5,9,0.778,14,0.429,12,0.25,0.467,7,3.3,,4.5,,0.3,0.5,8,2022
5376,Taurean Prince,Min,F,29.1,54,22.1,,17.3,15.4,77,0.844,185,0.557,194,0.381,0.597,9.1,2.4,,1.6,,0.5,0.3,5.9,2022
5377,Payton Pritchard,Bos,G,25.2,48,13.4,,19.9,14,16,0.75,91,0.495,154,0.364,0.536,5.6,1.8,,1.3,,0.3,0,7,2022
5378,Trevelin Queen,Ind,G,26.1,7,10,,22.9,19.2,5,1,14,0.357,15,0.133,0.337,3,2.4,,0.9,,0.3,0.7,7.5,2022
5379,Neemias Queta,Sac,C,23.7,5,5.7,,16.3,10,2,0,9,0.667,0,0,0.607,2.4,2.2,,0.2,,0,0.4,7.1,2022
5380,Immanuel Quickley,Nyk,G,23.8,81,28.9,,20.9,9.6,248,0.819,482,0.521,454,0.37,0.578,14.9,4.2,,3.4,,1,0.2,8.3,2022
5381,Julius Randle,Nyk,F-C,28.4,77,35.5,,29.5,13.1,531,0.757,796,0.553,636,0.343,0.581,25.1,10,,4.1,,0.6,0.3,11.4,2022
5382,Austin Reaves,Lal,G,24.9,64,28.8,,16.2,16.8,265,0.864,274,0.631,216,0.398,0.687,13,3,,3.4,,0.5,0.3,7.1,2022
5383,Cam Reddish,Nyk,F-G,23.6,20,21.9,,16.2,9.9,33,0.879,80,0.55,56,0.304,0.558,8.4,1.6,,1,,0.8,0.4,4.3,2022
5384,Cam Reddish,Por,F-G,23.6,20,27.6,,17.8,15.4,42,0.833,88,0.568,88,0.318,0.563,11,2.9,,1.9,,1.2,0.3,5.7,2022
5385,Davon Reed,Den,G,27.8,35,9,,15,19.9,20,0.75,36,0.25,44,0.364,0.456,2.3,1.5,,0.5,,0.4,0.1,5.3,2022
5386,Davon Reed,Lal,G,27.8,8,3.4,,9,0,4,0.25,2,1,2,0.5,0.694,1,0.5,,0.5,,0.3,0,7.4,2022
5387,Paul Reed,Phi,F,23.8,69,10.9,,16.4,17.7,51,0.745,203,0.606,6,0.167,0.62,4.2,3.8,,0.4,,0.7,0.7,6.8,2022
5388,Naz Reid,Min,C-F,23.6,68,18.4,,24.8,13.7,127,0.677,360,0.653,217,0.346,0.617,11.5,4.9,,1.1,,0.6,0.8,8.6,2022
5389,Jared Rhoden,Det,G,23.6,14,14.1,,10.7,6.3,6,1,24,0.5,20,0.25,0.482,3.2,2.6,,0.3,,0.3,0.1,3.8,2022
5390,Nick Richards,Cha,C,25.4,65,18.7,,15.7,15.8,183,0.749,312,0.628,1,1,0.676,8.2,6.4,,0.6,,0.2,1.1,6.8,2022
5391,Josh Richardson,San,G,29.6,42,23.7,,20.5,13.4,60,0.883,199,0.518,207,0.357,0.556,11.5,2.8,,3.3,,1,0.3,8,2022
5392,Josh Richardson,Nor,G,29.6,23,23.2,,14.5,13.4,21,0.762,62,0.468,86,0.384,0.55,7.5,2.4,,1.6,,1.3,0.4,5.3,2022
5393,Austin Rivers,Min,G,30.7,52,19.5,,10.5,9.9,39,0.769,86,0.558,123,0.35,0.564,4.9,1.6,,1.4,,0.5,0.1,4.6,2022
5394,Duncan Robinson,Mia,F,29,42,16.5,,17.9,10.6,32,0.906,45,0.556,192,0.328,0.534,6.4,1.6,,1.1,,0.3,0,5.4,2022
5395,Jeremiah Robinson-Earl,Okc,F,22.4,43,18.9,,14.6,7.1,42,0.833,137,0.533,111,0.333,0.548,6.8,4.2,,1,,0.6,0.3,6.5,2022
5396,Mitchell Robinson,Nyk,C-F,25,59,26.9,,10.1,12.8,122,0.484,280,0.671,0,0,0.652,7.4,9.4,,0.9,,0.9,1.8,5.9,2022
5397,Orlando Robinson,Mia,C,22.7,31,13.7,,12.4,15.2,31,0.71,83,0.566,6,0,0.565,3.7,4.1,,0.8,,0.4,0.4,6.7,2022
5398,Isaiah Roby,San,F,25.2,42,11.3,,17.8,16.6,41,0.488,95,0.516,60,0.3,0.497,4.1,2.5,,0.9,,0.4,0.2,7.4,2022
5399,David Roddy,Mem,F,22,70,18,,16.7,11.9,65,0.631,208,0.553,212,0.307,0.519,6.7,2.8,,0.8,,0.4,0.3,5.5,2022
5400,Ryan Rollins,Gol,G,20.8,12,5.2,,26.1,43.9,6,1,11,0.364,9,0.333,0.508,1.9,1,,0.5,,0.1,0.1,7.6,2022
5401,Derrick Rose,Nyk,G,34.5,27,12.5,,23.6,12.1,12,0.917,96,0.438,63,0.302,0.463,5.6,1.5,,1.7,,0.3,0.2,7.8,2022
5402,Terrence Ross,Orl,G-F,32.2,42,22.5,,15.7,11,20,0.75,139,0.489,160,0.381,0.543,8,2,,1.3,,0.6,0.2,4.9,2022
5403,Terrence Ross,Pho,G-F,32.2,21,18.4,,19.7,3.5,14,0.857,68,0.544,98,0.347,0.546,9,3.3,,2,,0.5,0.1,8.5,2022
5404,Terry Rozier,Cha,G,29.1,63,35.3,,26.9,10.1,220,0.809,683,0.48,505,0.327,0.517,21.1,4.1,,5.1,,1.2,0.3,8.6,2022
5405,Ricky Rubio,Cle,G,32.5,33,17.2,,17.7,14.8,35,0.8,96,0.417,82,0.256,0.442,5.2,2.1,,3.5,,0.8,0.2,7.8,2022
5406,D'Angelo Russell,Min,G,27.1,54,32.9,,22.8,16.8,167,0.856,348,0.546,378,0.392,0.605,17.9,3.1,,6.2,,1.1,0.4,8.5,2022
5407,D'Angelo Russell,Lal,G,27.1,17,30.9,,22.6,15,49,0.735,110,0.555,111,0.414,0.61,17.4,2.9,,6.1,,0.6,0.5,8.7,2022
5408,Matt Ryan,Lal,F,26,12,10.8,,17.7,5.7,5,0.8,14,0.143,35,0.371,0.459,3.9,1.2,,0.3,,0.2,0,4.1,2022
5409,Matt Ryan,Min,F,26,22,8.2,,15.6,6.3,7,0.857,10,0.6,49,0.388,0.604,3.4,0.5,,0.5,,0.1,0,4.6,2022
5410,Domantas Sabonis,Sac,F-C,26.9,79,34.6,,21.3,19.7,438,0.742,855,0.639,83,0.373,0.668,19.1,12.3,,7.3,,0.8,0.5,13.8,2022
5411,Dario Saric,Pho,F,29,37,14.4,,18.7,16.8,44,0.818,109,0.45,69,0.391,0.545,5.8,3.8,,1.5,,0.4,0.1,8.9,2022
5412,Dario Saric,Okc,F,29,20,13.7,,20.2,16.1,32,0.844,53,0.623,46,0.391,0.65,7.4,3.3,,0.9,,0.4,0.1,8.2,2022
5413,Jordan Schakel,Was,G,24.8,2,3.1,,14,0,0,0,1,0,1,1,0.75,1.5,0,,0.5,,0.5,0,0,2022
5414,Admiral Schofield,Orl,F,26,37,12.2,,14.1,11.6,23,0.913,48,0.646,74,0.324,0.587,4.2,1.7,,0.8,,0.2,0.1,5.9,2022
5415,Dennis Schroder,Lal,G,29.6,66,30.1,,18.6,14.7,252,0.857,426,0.46,225,0.329,0.545,12.6,2.5,,4.5,,0.8,0.2,6.9,2022
5416,Dereon Seabron,Nor,G,22.9,5,2.3,,18.5,0,0,0,5,0.4,0,0,0.4,0.8,0.2,,0,,0,0,0,2022
5417,Alperen Sengun,Hou,C,20.7,75,28.9,,21.4,19.4,288,0.715,742,0.57,57,0.333,0.599,14.8,9,,3.9,,0.9,0.9,11.1,2022
5418,Collin Sexton,Uta,G,24.3,48,23.9,,23.4,15.2,199,0.819,347,0.545,122,0.393,0.615,14.3,2.2,,2.9,,0.6,0.1,7.5,2022
5419,Landry Shamet,Pho,G,26.1,40,20.2,,19,10.7,51,0.882,101,0.376,200,0.375,0.535,8.7,1.7,,2.3,,0.7,0.1,6.4,2022
5420,Day'Ron Sharpe,Bro,F,21.4,48,11.5,,19,19.7,55,0.636,160,0.544,11,0.545,0.581,4.7,4.2,,0.8,,0.3,0.7,8.7,2022
5421,Shaedon Sharpe,Por,G,19.9,80,22.2,,19,11.3,105,0.714,365,0.559,283,0.36,0.568,9.9,3,,1.2,,0.5,0.3,5.9,2022
5422,Pascal Siakam,Tor,F,29,71,37.4,,27.2,11.4,474,0.774,1026,0.523,287,0.324,0.565,24.2,7.8,,5.8,,0.9,0.5,11,2022
5423,Chris Silva,Dal,F,26.6,1,3,,30.2,50,0,0,1,1,0,0,1,2,0,,0,,0,0,0,2022
5424,Ben Simmons,Bro,G-F,26.7,42,26.3,,14.3,29.2,57,0.439,233,0.571,2,0,0.559,6.9,6.3,,6.1,,1.3,0.5,9.8,2022
5425,Marko Simonovic,Chi,C,23.5,7,2.8,,17.8,0,2,0.5,3,0.333,4,0.25,0.381,0.9,0.3,,0,,0,0,0,2022
5426,Anfernee Simons,Por,G,23.8,62,35,,25.1,10.9,179,0.894,483,0.528,562,0.377,0.581,21.1,2.6,,4.1,,0.7,0.2,7,2022
5427,Jericho Sims,Nyk,C,24.5,52,15.6,,7.4,20.1,16,0.75,106,0.783,1,0,0.78,3.4,4.7,,0.5,,0.3,0.5,5.1,2022
5428,Marcus Smart,Bos,G,29.1,61,32.1,,17.8,19.2,118,0.746,260,0.519,342,0.336,0.538,11.5,3.1,,6.3,,1.5,0.4,7.6,2022
5429,Dennis Smith Jr.,Cha,G,25.4,54,25.7,,17.6,15.3,106,0.736,341,0.475,111,0.216,0.475,8.8,3.1,,4.8,,1.4,0.5,7.9,2022
5430,Jabari Smith Jr.,Hou,F,19.9,79,31,,18.4,10.4,206,0.786,501,0.487,391,0.307,0.514,12.8,7.2,,1.3,,0.5,0.9,6.4,2022
5431,Dru Smith,Mia,G,25.3,5,13.4,,10,6.7,0,0,8,0.5,6,0.167,0.393,2.2,1.8,,1,,0.8,0.6,4.7,2022
5432,Dru Smith,Bro,G,25.3,10,9.2,,16.6,6,3,1,18,0.5,13,0.308,0.511,3.3,1.5,,1.7,,0.6,0.1,8.8,2022
5433,Ish Smith,Den,G,34.8,43,9.3,,19.3,25.1,4,0.5,119,0.42,12,0.167,0.407,2.5,1.3,,2.3,,0.2,0.2,8.4,2022
5434,Jalen Smith,Ind,F-C,23.1,68,18.8,,21,12.4,137,0.759,317,0.593,191,0.283,0.565,9.4,5.8,,1,,0.3,0.9,8.1,2022
5435,Jeremy Sochan,San,F,19.9,56,26,,19.8,14.9,116,0.698,418,0.519,134,0.246,0.509,11,5.3,,2.5,,0.8,0.4,8.1,2022
5436,Jaden Springer,Phi,G,20.5,16,5.6,,20.8,7.8,8,0.75,30,0.5,5,0.4,0.545,2.6,0.9,,0.5,,0.4,0.2,7.5,2022
5437,Lamar Stevens,Cle,F,25.8,62,18.1,,13.6,8.6,57,0.702,193,0.513,95,0.316,0.524,5.3,3.4,,0.5,,0.4,0.3,4.6,2022
5438,Isaiah Stewart,Det,F-C,21.9,50,28.3,,17.3,13.4,149,0.738,236,0.542,205,0.327,0.56,11.3,8.1,,1.4,,0.4,0.7,7.1,2022
5439,Max Strus,Mia,G-F,27,80,28.4,,17.6,8,89,0.876,227,0.559,563,0.35,0.557,11.5,3.2,,2.1,,0.5,0.2,6,2022
5440,Jalen Suggs,Orl,G,21.9,53,23.5,,20.4,17.5,119,0.723,242,0.496,202,0.327,0.528,9.9,3,,2.9,,1.3,0.5,7.5,2022
5441,Edmond Sumner,Bro,G,27.3,53,13.9,,22,15.7,108,0.917,182,0.511,87,0.356,0.597,7.1,1.5,,1.3,,0.6,0.2,6.9,2022
5442,Cole Swider,Lal,F,23.9,7,5.8,,9.3,0,0,0,1,0,8,0.375,0.5,1.3,1,,0.6,,0,0,6.3,2022
5443,Jae'Sean Tate,Hou,F,27.5,31,21.8,,18.8,17,69,0.725,183,0.53,46,0.283,0.546,9.1,3.8,,2.7,,0.7,0.2,8.3,2022
5444,Jayson Tatum,Bos,F-G,25.1,74,36.9,,32.7,12,622,0.854,873,0.558,686,0.35,0.607,30.1,8.8,,4.6,,1.1,0.7,11.6,2022
5445,Terry Taylor,Ind,G,23.5,26,8.8,,14.2,12.1,7,0.714,47,0.553,18,0.222,0.507,2.7,1.5,,0.4,,0.1,0.2,5.3,2022
5446,Terry Taylor,Chi,G,23.5,5,7.1,,14.6,0,4,0.25,9,0.889,1,1,0.85,4,1.6,,0,,0,0.2,0,2022
5447,Garrett Temple,Nor,G-F,36.9,21,6.6,,14.2,9,4,0.75,17,0.412,23,0.478,0.599,2.4,0.8,,0.6,,0.3,0.1,6.4,2022
5448,Dalen Terry,Chi,F,20.7,38,5.6,,18.4,10,21,0.667,45,0.556,27,0.259,0.523,2.2,1,,0.6,,0.3,0.1,7.8,2022
5449,Daniel Theis,Ind,F-C,31,7,15.5,,20.2,6.4,12,0.417,33,0.576,11,0.182,0.497,7,3.1,,1.3,,0.3,0.9,7.9,2022
5450,Cam Thomas,Bro,G,21.5,57,16.6,,27.9,12.1,174,0.868,323,0.464,133,0.383,0.567,10.6,1.7,,1.4,,0.4,0.1,7.1,2022
5451,Klay Thompson,Gol,G,33.2,69,33,,26.4,8.9,132,0.879,521,0.47,731,0.412,0.576,21.9,4.1,,2.4,,0.7,0.4,7.3,2022
5452,JT Thor,Cha,F,20.6,69,14,,13.2,15.6,47,0.702,115,0.487,123,0.317,0.506,3.8,2.2,,0.5,,0.3,0.3,4.6,2022
5453,Matisse Thybulle,Phi,G-F,26.1,49,12.1,,9.8,6.4,12,0.75,53,0.547,63,0.333,0.536,2.7,1.3,,0.5,,0.9,0.3,4,2022
5454,Matisse Thybulle,Por,G-F,26.1,22,27.7,,11.4,10.4,16,0.625,52,0.519,85,0.388,0.566,7.4,3.5,,1.4,,1.7,0.8,4.8,2022
5455,Xavier Tillman,Mem,F,24.2,61,19.3,,13.7,12.6,89,0.551,291,0.632,15,0.267,0.621,7,5,,1.6,,1,0.5,7.9,2022
5456,Isaiah Todd,Was,F,21.5,6,10.2,,14.8,9.8,2,1,8,0.25,10,0.1,0.238,1.5,2,,0.7,,0.2,0,5,2022
5457,Obi Toppin,Nyk,F,25.1,67,15.7,,19.5,8.3,47,0.809,172,0.593,247,0.344,0.565,7.4,2.8,,1,,0.3,0.2,7,2022
5458,Juan Toscano-Anderson,Lal,F,30,30,12.2,,10.4,20.4,15,0.733,46,0.63,20,0.2,0.558,2.7,2,,0.8,,0.3,0.2,5.3,2022
5459,Juan Toscano-Anderson,Uta,F,30,22,15.2,,12.2,18,9,0.889,54,0.5,23,0.174,0.457,3.4,2.9,,1.8,,0.3,0.1,6.9,2022
5460,Karl-Anthony Towns,Min,C-F,27.4,29,33,,25.6,16.7,135,0.874,264,0.576,164,0.366,0.618,20.8,8.1,,4.8,,0.7,0.6,11.3,2022
5461,Gary Trent Jr.,Tor,G-F,24.2,66,32.1,,21.7,5.6,205,0.839,485,0.493,450,0.369,0.56,17.4,2.6,,1.6,,1.6,0.2,5.2,2022
5462,P.J. Tucker,Phi,F,37.9,75,25.6,,6.5,16.3,23,0.826,85,0.482,140,0.393,0.566,3.5,3.9,,0.8,,0.5,0.2,3.5,2022
5463,Myles Turner,Ind,C-F,27,62,29.4,,22,12.3,276,0.783,484,0.638,250,0.372,0.651,18,7.5,,1.4,,0.6,2.3,7.8,2022
5464,Stanley Umude,Det,G,24,1,2.1,,38.1,0,2,1,0,0,1,0,0.532,2,0,,0,,1,1,0,2022
5465,Jonas Valanciunas,Nor,C,30.9,79,24.9,,23.4,16.3,224,0.826,707,0.577,109,0.349,0.61,14.1,10.2,,1.8,,0.3,0.7,10.2,2022
5466,Jarred Vanderbilt,Uta,F,24,52,24.1,,14.1,17.9,102,0.657,254,0.606,57,0.333,0.607,8.3,7.8,,2.7,,1,0.3,9.3,2022
5467,Jarred Vanderbilt,Lal,F,24,26,24.1,,12.5,17.1,37,0.784,107,0.598,33,0.303,0.598,7.2,6.7,,1.6,,1.2,0.2,7.1,2022
5468,Fred VanVleet,Tor,G,29.1,69,36.7,,23.2,11.2,283,0.898,506,0.455,606,0.342,0.54,19.3,4.1,,7.2,,1.8,0.6,9,2022
5469,Devin Vassell,San,G-F,22.6,38,31,,24.4,8.7,100,0.78,329,0.48,266,0.387,0.55,18.5,3.9,,3.6,,1.1,0.4,8.2,2022
5470,Gabe Vincent,Mia,G,26.8,68,25.9,,17.5,14,78,0.872,217,0.512,350,0.334,0.533,9.4,2.1,,2.5,,0.9,0.1,5.7,2022
5471,Noah Vonleh,Bos,F,27.6,23,7.5,,9.1,31,2,1,20,0.5,4,0.25,0.502,1.1,2.1,,0.3,,0.1,0.3,4.7,2022
5472,Nikola Vucevic,Chi,C,32.5,82,33.5,,21.9,10.8,158,0.835,801,0.594,347,0.349,0.594,17.6,11,,3.2,,0.7,0.7,10.2,2022
5473,Dean Wade,Cle,F-C,26.4,44,20.3,,10.2,8.7,23,0.652,50,0.56,127,0.354,0.55,4.7,3.4,,0.8,,0.6,0.5,4.6,2022
5474,Franz Wagner,Orl,F,21.6,80,32.6,,23.5,13,322,0.842,758,0.544,360,0.361,0.589,18.6,4.1,,3.5,,1,0.2,7.9,2022
5475,Moritz Wagner,Orl,F-C,26,57,19.5,,21.1,14.6,182,0.841,233,0.631,163,0.313,0.63,10.5,4.5,,1.5,,0.6,0.2,8.5,2022
5476,Ish Wainright,Pho,F,28.6,60,15.3,,12.2,8.8,31,0.839,54,0.5,173,0.329,0.522,4.2,2.3,,0.9,,0.6,0.4,5.4,2022
5477,Lonnie Walker IV,Lal,G-F,24.3,56,23.2,,20.2,8,106,0.858,278,0.522,249,0.365,0.57,11.7,1.9,,1.1,,0.5,0.3,5,2022
5478,Jabari Walker,Por,F,20.7,56,11.1,,17.3,12.8,45,0.756,142,0.472,56,0.286,0.496,3.9,2.3,,0.6,,0.2,0.2,6.3,2022
5479,Kemba Walker,Dal,G,32.9,9,16,,22.1,6.5,21,0.81,29,0.586,28,0.25,0.543,8,1.8,,2.1,,0.2,0.2,7.8,2022
5480,John Wall,Lac,G,32.6,34,22.2,,27,19.1,113,0.681,229,0.459,109,0.303,0.498,11.4,2.7,,5.2,,0.8,0.4,9.8,2022
5481,T.J. Warren,Bro,F,29.6,26,18.9,,20.9,7.8,33,0.818,152,0.566,48,0.333,0.576,9.5,2.8,,1.1,,0.6,0.3,6.5,2022
5482,T.J. Warren,Pho,F,29.6,16,12.3,,16,4.1,2,0.5,51,0.471,19,0.316,0.473,4.2,3.1,,0.7,,0.4,0.3,6.8,2022
5483,Duane Washington Jr.,Pho,G,23,31,12.7,,32.5,11.7,24,0.667,145,0.372,111,0.36,0.458,7.9,1.2,,2,,0.2,0.1,8.4,2022
5484,TyTy Washington Jr.,Hou,G,21.4,31,14,,17.4,8,18,0.556,80,0.488,80,0.238,0.432,4.7,1.5,,1.5,,0.5,0.1,6.3,2022
5485,P.J. Washington,Cha,F,24.6,73,32.6,,20.6,10.1,174,0.73,550,0.518,428,0.348,0.542,15.7,4.9,,2.4,,0.9,1.1,7,2022
5486,Yuta Watanabe,Bro,G-F,28.5,58,16,,13.1,8.7,47,0.723,97,0.557,135,0.444,0.637,5.6,2.4,,0.8,,0.4,0.3,5.5,2022
5487,Lindy Waters III,Okc,F,25.7,41,12.9,,15.5,5.3,20,0.8,16,0.75,162,0.358,0.573,5.2,1.8,,0.7,,0.3,0.3,5.8,2022
5488,Trendon Watford,Por,F,22.4,62,19.1,,16.1,18,100,0.72,259,0.602,64,0.391,0.625,7.4,3.8,,2.1,,0.5,0.2,8.2,2022
5489,Peyton Watson,Den,G,20.6,23,8.1,,17.7,11.9,20,0.55,45,0.511,14,0.429,0.553,3.3,1.6,,0.5,,0.1,0.5,6.8,2022
5490,Blake Wesley,San,G,20.1,37,18.1,,18.5,23.2,44,0.591,163,0.301,52,0.385,0.393,5,2.2,,2.7,,0.7,0.1,6.8,2022
5491,Russell Westbrook,Lal,G,34.4,52,28.7,,28.9,20.2,238,0.655,516,0.467,213,0.296,0.496,15.9,6.2,,7.5,,1,0.4,12.6,2022
5492,Russell Westbrook,Lac,G,34.4,21,30.2,,25.2,21.3,76,0.658,189,0.54,73,0.356,0.562,15.8,4.9,,7.6,,1.1,0.5,11.1,2022
5493,Coby White,Chi,G,23.1,74,23.4,,17.9,11.1,70,0.871,250,0.54,344,0.372,0.572,9.7,2.9,,2.8,,0.7,0.1,7.3,2022
5494,Derrick White,Bos,G,28.8,82,28.3,,17.7,11.1,192,0.875,367,0.548,391,0.381,0.604,12.4,3.6,,3.9,,0.7,0.9,7.9,2022
5495,Jack White,Den,F,25.7,17,3.9,,14.7,9.4,3,0.667,10,0.5,9,0.333,0.517,1.2,1,,0.2,,0.2,0.1,6.4,2022
5496,Joe Wieskamp,Tor,G-F,23.6,9,5.5,,12.9,6.7,0,0,2,0,12,0.25,0.321,1,0.4,,0.3,,0,0,3.6,2022
5497,Aaron Wiggins,Okc,G-F,24.3,70,18.5,,14.4,13.1,71,0.831,241,0.573,122,0.393,0.607,6.8,3,,1.1,,0.6,0.2,6.1,2022
5498,Andrew Wiggins,Gol,F,28.1,37,32.2,,21.4,8.3,72,0.611,304,0.53,225,0.396,0.564,17.1,5,,2.3,,1.2,0.8,7.2,2022
5499,Robert Williams III,Bos,C-F,25.5,35,23.5,,11.8,16.6,41,0.61,169,0.751,1,0,0.742,8,8.3,,1.4,,0.6,1.4,7.7,2022
5500,Vince Williams Jr.,Mem,G,22.6,15,7,,18.2,11,2,1,12,0.667,28,0.143,0.367,2,1,,0.3,,0.4,0.1,4.8,2022
5501,Alondes Williams,Bro,G,23.8,1,5.3,,16.7,100,0,0,0,0,0,0,,0,1,,0,,0,0,0,2022
5502,Grant Williams,Bos,F,24.4,79,25.9,,13.1,14.7,122,0.77,185,0.546,291,0.395,0.605,8.1,4.6,,1.7,,0.5,0.4,6.2,2022
5503,Jalen Williams,Okc,G-F,22,75,30.3,,18.4,13.4,191,0.812,589,0.579,205,0.356,0.601,14.1,4.5,,3.3,,1.4,0.5,7.8,2022
5504,Jaylin Williams,Okc,F,20.8,49,18.7,,13.4,13.7,54,0.704,121,0.463,112,0.411,0.561,5.9,4.9,,1.6,,0.6,0.2,7.7,2022
5505,Kenrich Williams,Okc,G-F,28.4,53,22.8,,13.7,8.5,39,0.436,212,0.608,134,0.373,0.585,8,4.9,,2,,0.8,0.3,7.5,2022
5506,Mark Williams,Cha,C,21.3,43,19.3,,17,13.7,97,0.691,251,0.637,0,0,0.659,9,7.1,,0.4,,0.7,1,6.1,2022
5507,Zion Williamson,Nor,F,22.8,29,33,,30.4,17.4,248,0.714,450,0.618,19,0.368,0.652,26,7,,4.6,,1.1,0.6,11.4,2022
5508,Patrick Williams,Chi,F,21.6,82,28.3,,15.7,13,105,0.857,400,0.498,277,0.415,0.576,10.2,4,,1.2,,0.9,0.9,5.2,2022
5509,Ziaire Williams,Mem,F,21.6,37,15.2,,18,15.9,22,0.773,99,0.596,97,0.258,0.511,5.7,2.1,,0.9,,0.4,0.2,5.8,2022
5510,Justise Winslow,Por,F-G,27,29,26.8,,14.2,17.8,28,0.714,153,0.438,45,0.311,0.466,6.8,5,,3.4,,1,0.4,7.3,2022
5511,James Wiseman,Gol,C,22,21,12.5,,19.9,12.9,38,0.684,92,0.63,2,0.5,0.655,6.9,3.5,,0.7,,0.1,0.3,8.2,2022
5512,James Wiseman,Det,C,22,24,25.2,,21.6,13.2,59,0.712,226,0.562,18,0.167,0.565,12.7,8.1,,0.7,,0.2,0.8,6.6,2022
5513,Christian Wood,Dal,F,27.5,67,25.9,,26.4,13.6,281,0.772,490,0.594,279,0.376,0.624,16.6,7.3,,1.8,,0.4,1.1,9.3,2022
5514,McKinley Wright IV,Dal,G,24.5,26,12.9,,17,16.2,19,0.684,70,0.529,28,0.321,0.536,4.4,1.8,,2.2,,0.3,0.2,8,2022
5515,Delon Wright,Was,G,31,50,24.4,,12.9,13.1,60,0.867,172,0.564,120,0.342,0.579,7.4,3.6,,3.9,,1.8,0.3,7.7,2022
5516,Thaddeus Young,Tor,F,34.8,54,14.7,,13.5,17.5,26,0.692,164,0.622,34,0.176,0.573,4.4,3.1,,1.4,,1,0.1,7.3,2022
5517,Trae Young,Atl,G,24.6,73,34.8,,32.6,17.7,639,0.886,930,0.476,460,0.335,0.573,26.2,3,,10.2,,1.1,0.1,10.7,2022
5518,Cody Zeller,Mia,F-C,30.5,15,14.4,,18.1,19.1,35,0.686,57,0.649,2,0,0.659,6.5,4.3,,0.7,,0.2,0.3,7.5,2022
5519,Ivica Zubac,Lac,C,26.1,76,28.5,,14.8,18.5,238,0.697,512,0.637,2,0,0.661,10.8,9.9,,1,,0.4,1.3,6.7,2022
5520,Olivier Sarr,Okc,C,24.1,9,12.6,,13.6,11.7,7,0.714,22,0.636,8,0.125,0.544,4,3.4,,0.4,,0.1,0.6,5.6,2022
5521,Lindell Wigginton,Mil,G,25,7,12.4,,25.7,24.3,9,0.889,19,0.632,18,0.333,0.61,7.1,1,,2,,0,0.3,7.8,2022
5522,Nerlens Noel,Bro,C-F,29,3,14.4,,12.2,44.6,2,0.5,6,0.167,0,0,0.218,1,3,,1,,1,0.3,4,2022
5523,Omer Yurtseven,Mia,C,24.8,9,9.2,,18,12.8,6,0.833,20,0.65,7,0.429,0.675,4.4,2.6,,0.2,,0.2,0.2,5.7,2022
5524,Dewayne Dedmon,Phi,C,33.7,8,9.6,,17.7,21.4,5,0.2,20,0.6,2,0.5,0.579,3.5,3.1,,1.3,,0.3,0.6,10.1,2022
5525,Jamaree Bouyea,Was,G,23.8,1,5.5,,7.9,0,0,0,0,0,1,0,0,0,1,,0,,0,0,0,2022
5526,Dylan Windler,Cle,G-F,26.5,3,3.5,,17.2,25,0,0,1,1,2,0.5,0.833,1.7,0,,0.3,,0.3,0,0,2022
5527,Jay Huff,Was,C,25.6,7,13.6,,17,16.4,16,0.938,13,0.692,12,0.5,0.796,7.3,3,,1.4,,0.4,0.6,9.2,2022
5528,Xavier Cooks,Was,G,27.6,10,12.6,,14,22.1,10,0.4,27,0.63,1,0,0.586,3.8,3.8,,0.6,,0.6,0.4,6.5,2022
5529,Jarrell Brantley,Uta,F,26.8,4,9.8,,18.1,12.2,2,1,5,0.8,9,0.444,0.739,5.5,1.5,,0.8,,0,0.5,7.7,2022
5530,Xavier Moon,Lac,G,28.3,4,4.9,,22.3,10,0,0,6,0.333,3,0.333,0.389,1.8,0.8,,1.3,,0,0,10.1,2022
5531,Moses Brown,Bro,C,23.5,2,3.2,,6.9,100,0,0,0,0,0,0,,0,0,,0,,0.5,0,0,2022
5532,Gary Payton II,Gol,G,30.4,7,16,,12.4,12.4,3,0.667,19,0.684,9,0.444,0.682,5.7,4.3,,1.1,,0.9,0.6,7.5,2022
5533,Goran Dragic,Mil,G,36.9,7,11.8,,22.7,16.1,4,1,19,0.368,17,0.412,0.516,5.6,1.7,,1.7,,0.3,0,8.6,2022
5534,Luka Samanic,Uta,F,23.2,7,23,,18.9,14.9,13,0.692,26,0.692,31,0.258,0.55,9.9,4.3,,2.1,,0.9,0.3,7.8,2022
5535,Xavier Sneed,Cha,F,25.3,4,12.1,,12.9,22.3,4,1,4,0.5,6,0.5,0.723,4.3,1.3,,1.3,,0,0.3,6.4,2022
5536,Kobi Simmons,Cha,G,25.8,5,5.6,,11.9,13.4,2,1,1,0,5,0.2,0.363,1,0.8,,1,,0,0.4,6.6,2022
5537,Lester Quinones,Gol,G,20,4,4.5,,29.3,48.6,6,0.667,1,0,4,0.5,0.654,2.5,0.8,,0.5,,0.3,0,8.9,2022
5538,Skylar Mays,Por,G,25.6,6,31.5,,19.3,12.8,13,0.923,42,0.524,26,0.462,0.624,15.3,3.2,,8.3,,1,0.2,9.4,2022
5539,Shaquille Harrison,Por,G,29.5,5,24,,17.6,14.2,15,0.733,26,0.462,10,0.3,0.516,8.8,4.4,,6,,2.2,0.4,10.2,2022
5540,Jeenathan Williams,Por,G,24.2,5,25.3,,15.2,9.2,3,0.667,31,0.677,8,0.375,0.657,10.6,3,,2,,0.6,0.4,6.3,2022
5541,Jay Scrubb,Orl,G,22.6,2,15.1,,15.5,29.4,2,0.5,5,0.6,2,1,0.825,6.5,3,,0.5,,1,0.5,5.7,2022
5542,Michael Carter-Williams,Orl,G,31.5,4,11.1,,20.3,21.9,7,0.571,11,0.455,3,0.333,0.498,4.3,1.3,,1.8,,0.3,0.3,7.8,2022
5543,Donovan Williams,Atl,G,21.6,2,2.2,,48.8,0,0,0,3,0.667,2,0,0.4,2,1,,0,,0,0,0,2022
5544,Justin Minaya,Por,F,24,4,22.2,,13.4,14.8,1,0,11,0.364,12,0.25,0.363,4.3,3.8,,1,,0.5,1.3,4.6,2022
5545,Gabe York,Ind,G,20,3,18.6,,16.5,0,2,1,3,0.667,18,0.333,0.548,8,2,,1.7,,0.7,0,6.5,2022
5546,Justin Champagnie,Bos,G-F,21.8,2,11.7,,22.4,0,0,0,7,0.143,5,0.2,0.208,2.5,2,,1.5,,0.5,0,6.7,2022
5547,Mac McClung,Phi,G,24.3,2,20.6,,27.4,12.9,5,0.6,9,0.556,11,0.364,0.563,12.5,5,,4.5,,0,0,12.7,2022
5548,Louis King,Phi,F,24,1,28.8,,24,13.3,1,0,5,0.8,8,0.5,0.744,20,4,,2,,1,0,7.5,2022
5549,RaiQuan Gray,Bro,F,23.8,1,35.1,,21.3,24.3,2,1,7,0.571,5,0.4,0.621,16,9,,7,,0,1,11.4,2022
5550,Jacob Gilyard,Mem,G,24.7,1,40.8,,5.1,40,0,0,0,0,3,0.333,0.5,3,4,,7,,3,0,4.3,2022
5551,Chance Comanche,Por,C,27,1,20.8,,14.1,0,4,0.25,5,0.6,0,0,0.518,7,3,,0,,0,1,0,2022
5552,Bam Adebayo,Mia,C-F,25.9,23,36.9,,23.9,15.1,95,0.821,344,0.485,3,0,0.53,17.9,9.9,,3.7,,0.9,0.7,9.4,2022
5553,Santi Aldama,Mem,F-C,22.4,6,16.8,,14.9,5.6,2,1,18,0.444,15,0.467,0.576,6.5,4.3,,1.2,,0.5,0,7.7,2022
5554,Nickeil Alexander-Walker,Min,G,24.8,5,29.6,,12.6,10.2,3,0.667,10,0.5,25,0.4,0.578,8.4,2,,1.4,,0.6,0.2,3.9,2022
5555,Grayson Allen,Mil,G,27.7,5,29.9,,13.6,8.8,7,0.857,12,0.417,29,0.483,0.658,11.6,2.4,,1.8,,0.4,0,4.9,2022
5556,Jarrett Allen,Cle,C,25.1,5,38.1,,10.3,7.6,6,0.5,36,0.611,0,0,0.608,9.4,7.4,,2.4,,0.8,1,5.8,2022
5557,Kyle Anderson,Min,F-G,29.7,4,25.9,,16.5,16.5,2,1,24,0.542,6,0.333,0.551,8.5,4,,4.5,,1.8,0.5,8.3,2022
5558,Giannis Antetokounmpo,Mil,F,28.5,3,30.5,,37.1,20.8,31,0.452,50,0.56,3,0,0.525,23.3,11,,5.3,,0.3,0.7,14.5,2022
5559,Thanasis Antetokounmpo,Mil,F,30.9,2,2.6,,0,,0,0,0,0,0,0,,0,0,,0,,0,0,0,2022
5560,Deandre Ayton,Pho,C,24.9,10,31.9,,19,13.3,23,0.522,111,0.55,0,0,0.553,13.4,9.7,,1,,0.6,0.7,6.4,2022
5561,Patrick Baldwin Jr.,Gol,F,20.6,3,3.8,,10.7,0,0,0,0,0,3,0,0,0,1,,0.3,,0,0,0,2022
5562,Mo Bamba,Lal,C,25.1,3,3.4,,8.6,0,0,0,1,0,1,0,0,0,1,,0.3,,0,0.3,0,2022
5563,Desmond Bane,Mem,G,25,6,38.6,,26.4,12.7,29,0.931,66,0.5,50,0.32,0.548,23.5,6,,3.2,,0.5,0,7.9,2022
5564,Harrison Barnes,Sac,F,31,7,28.1,,15,4.7,26,0.731,35,0.543,25,0.24,0.525,10.7,3.4,,0.7,,1.1,0.3,4.2,2022
5565,RJ Barrett,Nyk,F-G,23,11,34.3,,25.7,13.2,65,0.769,103,0.495,61,0.328,0.55,19.3,4.5,,2.8,,0.8,0.2,7.3,2022
5566,Nicolas Batum,Lac,G-F,34.5,5,18.3,,9.6,9.5,0,0,2,1,17,0.353,0.579,4.4,2.2,,1.2,,0.4,0.4,5,2022
5567,Malik Beasley,Lal,G,26.5,11,8.3,,18.7,5.5,6,1,8,0.375,26,0.269,0.45,3,0.7,,0.2,,0.1,0,3.6,2022
5568,MarJon Beauchamp,Mil,F,22.7,2,2.6,,24.3,0,0,0,2,0.5,1,1,0.833,2.5,0.5,,0,,0,0,0,2022
5569,Saddiq Bey,Atl,F,24.2,6,22.1,,14.3,4.7,9,0.889,22,0.364,18,0.389,0.512,7.5,4,,1,,0.5,0,5.6,2022
5570,Bismack Biyombo,Pho,C,30.8,8,9.8,,16.8,27,18,0.5,16,0.563,0,0,0.564,3.4,3.4,,0.8,,0,1.3,8.6,2022
5571,Bogdan Bogdanovic,Atl,G,30.8,6,26.1,,15.8,5.2,7,0.714,21,0.714,33,0.455,0.701,13.3,3,,2.5,,1,0.8,7.1,2022
5572,Devin Booker,Pho,G,26.6,11,41.7,,29,11.7,67,0.866,180,0.611,61,0.508,0.686,33.7,4.8,,7.2,,1.7,0.8,10.1,2022
5573,Brandon Boston Jr.,Lac,G,21.5,1,1,,42,100,0,0,0,0,0,0,,0,0,,0,,0,0,0,2022
5574,Christian Braun,Den,G,22.2,19,13,,11.6,18.1,19,0.579,35,0.629,10,0.2,0.572,3.2,2.1,,0.6,,0.6,0.2,4.9,2022
5575,Mikal Bridges,Bro,F,26.8,4,39.4,,29.7,9.4,23,0.783,52,0.442,25,0.4,0.539,23.5,5.3,,4,,0.5,0.5,8,2022
5576,Malcolm Brogdon,Bos,G,30.5,19,24.9,,22,8.8,35,0.829,109,0.45,87,0.379,0.535,11.9,3.5,,2.9,,0.2,0.3,7.9,2022
5577,Dillon Brooks,Mem,G-F,27.4,6,27.9,,21.8,8.3,7,0.714,35,0.4,42,0.238,0.393,10.5,3,,1.8,,0.2,0,5.5,2022
5578,Troy Brown Jr.,Lal,G-F,23.9,12,10.4,,9.9,0,0,0,13,0.615,15,0.133,0.393,1.8,2,,0.9,,0.2,0.1,5.7,2022
5579,Bruce Brown,Den,G-F,26.8,20,26.5,,18.8,11.5,49,0.857,119,0.605,57,0.316,0.607,12,4,,1.9,,1.1,0.5,6.8,2022
5580,Jaylen Brown,Bos,G-F,26.6,20,37.5,,27.9,15.3,74,0.689,252,0.56,113,0.354,0.57,22.7,5.6,,3.4,,1.1,0.4,8.1,2022
5581,Jalen Brunson,Nyk,G,26.8,11,40.3,,28.5,9.1,68,0.912,150,0.553,80,0.325,0.589,27.8,4.9,,5.6,,1.4,0.1,9.1,2022
5582,Thomas Bryant,Den,C-F,25.9,1,0.5,,0,,0,0,0,0,0,0,,0,0,,0,,0,0,0,2022
5583,Jimmy Butler,Mia,F,33.7,22,39.7,,29.1,8.5,186,0.806,364,0.492,78,0.359,0.565,26.9,6.5,,5.9,,1.8,0.6,10.2,2022
5584,Kentavious Caldwell-Pope,Den,G,30.3,20,33.5,,12.9,8.5,35,0.829,70,0.557,92,0.38,0.598,10.6,3.3,,1.6,,1.3,0.7,4.6,2022
5585,Vlatko Cancar,Den,F,26.2,5,2,,22.3,0,0,0,1,0,4,0,0,0,0.6,,0.2,,0,0,0,2022
5586,Clint Capela,Atl,C,29.1,6,25.2,,12.2,9.5,6,0.667,38,0.605,0,0,0.615,8.3,8.3,,0.5,,1,0.5,5.2,2022
5587,Jevon Carter,Mil,G,27.7,4,12.3,,7.7,0,0,0,2,0.5,7,0.143,0.278,1.3,1,,1,,0.3,0,3.5,2022
5588,Max Christie,Lal,G,20.3,9,3.7,,15.6,0,4,0.5,6,0.667,4,0.25,0.553,1.4,0.8,,0.3,,0,0.1,7.5,2022
5589,Nic Claxton,Bro,F-C,24.2,4,29.2,,13.7,10.6,10,0.6,25,0.72,0,0,0.714,10.5,8,,1.5,,0.3,1.8,6.9,2022
5590,Amir Coffey,Lac,G-F,26,1,1,,0,,0,0,0,0,0,0,,0,0,,0,,0,0,0,2022
5591,John Collins,Atl,F-C,25.7,6,27.4,,18,13,6,0.833,28,0.536,32,0.344,0.543,11.3,4.3,,0.8,,0.3,1,4.9,2022
5592,Mike Conley,Min,G,35.7,5,36.6,,13.6,14.2,11,0.909,20,0.5,22,0.455,0.64,12,2.6,,6.4,,0.6,0,6.4,2022
5593,Pat Connaughton,Mil,G,30.4,4,22.1,,16.1,6.2,4,0.75,7,0.857,23,0.478,0.756,12,5,,1.8,,1,0.3,8.6,2022
5594,Robert Covington,Lac,F,32.5,2,6,,10.5,0,0,0,1,0,2,0,0,0,1,,1,,0,0.5,0,2022
5595,Torrey Craig,Pho,F,32.5,11,16.7,,12.5,6.2,9,0.889,20,0.75,25,0.44,0.725,6.5,2.3,,0.5,,0.5,0.2,4.7,2022
5596,Jae Crowder,Mil,F,32.9,4,10.3,,15.3,7,2,0.5,7,0.429,6,0,0.252,1.8,1,,0.8,,0.5,0,4.4,2022
5597,Seth Curry,Bro,G,32.8,3,19.4,,18.1,4.9,3,0.667,10,0.7,9,0.333,0.615,8.3,1,,2,,0,0,5.3,2022
5598,Stephen Curry,Gol,G,35.2,13,37.9,,31.6,11.9,58,0.845,154,0.571,157,0.363,0.588,30.5,5.2,,6.1,,1,0.5,10.4,2022
5599,Anthony Davis,Lal,F-C,30.3,16,38,,24.3,11.8,108,0.852,239,0.531,15,0.333,0.599,22.6,14.1,,2.6,,1.4,3.1,9.9,2022
5600,Terence Davis,Sac,G,26.1,4,14.4,,16.4,12.8,2,1,3,0.667,17,0.353,0.575,6,2.3,,1.5,,0.3,0,7.6,2022
5601,Spencer Dinwiddie,Bro,G,30.2,4,39.9,,22.4,19,22,0.682,33,0.455,18,0.389,0.544,16.5,3.3,,6.5,,1.3,0.3,7.1,2022
5602,Donte DiVincenzo,Gol,G,26.4,13,18.1,,15.1,20.9,12,0.667,20,0.45,44,0.341,0.512,5.5,3,,2.8,,0.8,0.2,7.9,2022
5603,PJ Dozier,Sac,G-F,26.6,3,2,,39,0,0,0,2,0.5,4,0.5,0.667,2.7,0.7,,0,,0,0,0,2022
5604,David Duke Jr.,Bro,G,23.7,1,4.7,,41.9,25,0,0,2,0.5,1,0,0.333,2,0,,0,,0,0,0,2022
5605,Kevin Durant,Pho,F,34.7,11,42.3,,28.8,14.8,96,0.917,173,0.52,51,0.333,0.599,29,8.7,,5.5,,0.8,1.4,10.5,2022
5606,Anthony Edwards,Min,G,21.9,5,39.7,,32.4,6.5,39,0.846,71,0.563,43,0.349,0.602,31.6,5,,5.2,,1.8,2,9.4,2022
5607,Kessler Edwards,Sac,F,22.8,6,1.2,,0,,0,0,0,0,0,0,,0,0.2,,0,,0,0,0,2022
5608,Joel Embiid,Phi,C-F,29.2,9,37.4,,30.9,18.6,84,0.905,125,0.488,28,0.179,0.561,23.7,9.8,,2.7,,0.7,2.8,9.2,2022
5609,Dorian Finney-Smith,Bro,F,30.1,4,25.1,,13.7,17.9,0,0,6,0.333,17,0.412,0.543,6.3,4.5,,0.8,,0.8,0.5,4.5,2022
5610,De'Aaron Fox,Sac,G,25.5,7,38.5,,31,14.5,41,0.756,102,0.48,63,0.333,0.524,27.4,5.4,,7.7,,2.1,0.6,10.9,2022
5611,Wenyen Gabriel,Lal,F,26.2,10,3.7,,15.8,16.3,3,0.667,10,0.4,0,0,0.442,1,0.9,,0,,0.2,0.3,0,2022
5612,Darius Garland,Cle,G,23.4,5,37.7,,27.2,18.3,25,0.84,49,0.469,31,0.387,0.566,20.6,1.8,,5,,1.6,0.2,6,2022
5613,Rudy Gobert,Min,C,31,5,35.4,,17.2,14.7,27,0.63,46,0.63,0,0,0.648,15,12.2,,2,,0.4,1,8.1,2022
5614,Aaron Gordon,Den,F,27.7,20,35.6,,15.5,9.3,69,0.652,149,0.557,46,0.391,0.588,13.3,6,,2.6,,0.6,0.7,6.7,2022
5615,Eric Gordon,Lac,G,34.5,5,29.8,,14.3,8.3,6,0.833,15,0.533,29,0.345,0.547,10.2,1.4,,2.6,,0.6,0.4,4.5,2022
5616,Danny Green,Cle,G,36,4,9.9,,8.3,28.6,0,0,1,0,4,0.25,0.3,0.8,1.8,,0.3,,0.5,0.3,3.1,2022
5617,Draymond Green,Gol,F,33.3,12,30.6,,14.9,22.8,33,0.727,71,0.521,20,0.25,0.535,9.4,6.9,,6.8,,1.4,1,10,2022
5618,JaMychal Green,Gol,F-C,33,7,7,,21.1,8,0,0,5,0.8,18,0.278,0.5,3.3,0.7,,0.4,,0,0.1,5.6,2022
5619,Jeff Green,Den,F,36.8,20,17.2,,10.4,12.6,19,0.895,34,0.559,28,0.321,0.583,4.1,1.6,,0.7,,0.3,0.4,3.9,2022
5620,Blake Griffin,Bos,F,34.2,1,5.9,,7.7,0,0,0,1,0,0,0,0,0,2,,0,,0,0,0,2022
5621,Quentin Grimes,Nyk,G,23.1,9,26.9,,11.2,17.7,11,0.818,9,0.556,37,0.243,0.452,5.1,2.8,,1.4,,1,0.6,4,2022
5622,Rui Hachimura,Lal,F,25.3,16,24.3,,17.7,7.1,34,0.882,92,0.587,39,0.487,0.668,12.2,3.6,,0.6,,0.5,0.3,4.9,2022
5623,James Harden,Phi,G,33.8,11,38.8,,26.2,16,55,0.873,101,0.406,82,0.378,0.538,20.3,6.2,,8.3,,1.8,0.4,10.5,2022
5624,Montrezl Harrell,Phi,F-C,29.4,2,3.5,,19.8,0,0,0,3,0,0,0,0,0,0.5,,0,,0,0,0,2022
5625,Joe Harris,Bro,G-F,31.8,4,10.9,,19,18.2,2,1,1,1,12,0.083,0.252,1.8,1.3,,0,,0.5,0,0,2022
5626,Tobias Harris,Phi,F,30.9,11,35.6,,17.5,5.6,15,0.867,93,0.591,41,0.366,0.597,15.3,7.3,,1.6,,0.6,0.5,6.3,2022
5627,Isaiah Hartenstein,Nyk,C-F,25.1,11,20,,7.1,17.6,16,0.75,23,0.478,0,0,0.566,3.1,4.6,,1.3,,0.8,1.4,5.3,2022
5628,Josh Hart,Nyk,G,28.3,11,32.1,,15.8,18.2,22,0.636,62,0.565,32,0.313,0.55,10.4,7.4,,2.2,,0.8,0.3,6.9,2022
5629,Udonis Haslem,Mia,F,43,2,1.5,,45.1,0,0,0,2,0,1,0,0,0,0.5,,0,,0,0,0,2022
5630,Sam Hauser,Bos,F,25.5,15,6.9,,13,0,2,1,5,0.4,24,0.333,0.502,2,1.1,,0.3,,0.1,0.1,5,2022
5631,Tyler Herro,Mia,G,23.4,1,19.5,,23.1,10,0,0,5,0.6,4,0.5,0.667,12,2,,2,,0,1,7.5,2022
5632,Haywood Highsmith,Mia,F,26.5,18,8.9,,12.1,4.8,5,0.8,23,0.696,16,0.5,0.728,3.3,1.3,,0.3,,0.6,0.1,4.9,2022
5633,Aaron Holiday,Atl,G,26.7,1,3.9,,10.6,100,0,0,0,0,0,0,,0,0,,1,,0,0,0,2022
5634,Jrue Holiday,Mil,G,33,5,38.1,,22.7,12.3,13,0.692,43,0.512,42,0.286,0.491,17.8,6.6,,8,,1,0.4,10.3,2022
5635,Al Horford,Bos,C-F,37,20,30.8,,10.6,7.7,4,0.75,38,0.605,94,0.298,0.497,6.7,7.2,,3,,1.1,1.7,6.8,2022
5636,Danuel House Jr.,Phi,F-G,30,7,6,,24.7,4.5,1,1,11,0.727,10,0.1,0.466,2.9,1.7,,0.1,,0,0,5.3,2022
5637,Kevin Huerter,Sac,G-F,24.8,7,26.3,,17.1,5.2,8,0.75,33,0.515,39,0.205,0.424,9.1,4.4,,1.1,,0.4,1.3,5.4,2022
5638,De'Andre Hunter,Atl,F-G,25.5,6,37.4,,18.1,9.5,10,0.8,47,0.532,38,0.368,0.559,16.7,5.7,,1.2,,0.7,0.3,5.2,2022
5639,Bones Hyland,Lac,G,22.7,5,16.5,,26.8,8.3,10,0.8,24,0.417,20,0.25,0.444,8.6,0.8,,0.8,,0.8,0.2,4.3,2022
5640,Joe Ingles,Mil,F-G,35.7,5,17.8,,13.7,20.7,0,0,3,0.667,20,0.5,0.739,6.8,1.2,,2,,0.6,0.2,5.7,2022
5641,Jaren Jackson Jr.,Mem,F-C,23.7,6,36.7,,22.2,17.8,36,0.861,58,0.483,25,0.28,0.546,18,7.8,,1.5,,1,2,6.5,2022
5642,Reggie Jackson,Den,G,33.2,6,3,,7.5,33.3,0,0,0,0,2,0.5,0.75,0.5,0.3,,0.3,,0.2,0,4.7,2022
5643,LeBron James,Lal,F,38.5,16,38.7,,26.7,11.9,92,0.761,189,0.63,106,0.264,0.584,24.5,9.9,,6.5,,1.1,1.1,12,2022
5644,Cameron Johnson,Bro,F,27.3,4,38,,20.5,8.3,7,0.857,27,0.593,28,0.429,0.637,18.5,5.8,,2.8,,0.8,0.3,7.1,2022
5645,Jalen Johnson,Atl,F,21.5,6,9.3,,22.2,17,2,1,13,0.462,11,0.364,0.523,4.3,2.5,,1.3,,0.5,0,10.4,2022
5646,Nikola Jokic,Den,C,28.3,20,39.4,,31.2,14.5,139,0.799,338,0.568,76,0.461,0.631,30,13.5,,9.5,,1.1,1,15.9,2022
5647,Tyus Jones,Mem,G,27.1,6,20.1,,15.8,18.1,3,0.667,17,0.471,19,0.158,0.362,4.5,3,,3.7,,1.3,0,7.3,2022
5648,DeAndre Jordan,Den,C,34.9,4,3.4,,19.7,38.3,2,0.5,3,0.667,0,0,0.644,1.3,1,,0.3,,0,0.3,8.6,2022
5649,Nikola Jovic,Mia,F,20,7,1.8,,14.3,0,0,0,2,0.5,2,0,0.25,0.3,0.7,,0,,0,0,0,2022
5650,Luke Kennard,Mem,G,27,5,21.3,,10.1,4.1,4,1,7,0.571,16,0.5,0.727,7.2,4,,1.4,,0.8,0,6.4,2022
5651,Nathan Knight,Min,F-C,25.7,2,2.4,,49.2,20,0,0,2,0.5,2,0,0.25,1,0.5,,0,,0,0,0,2022
5652,John Konchar,Mem,G,27.2,5,9.7,,8.6,10,0,0,5,0.4,4,0,0.222,0.8,2,,0.8,,0.4,0.4,4.5,2022
5653,Furkan Korkmaz,Phi,G-F,25.9,3,3.8,,15.9,29.1,2,1,1,0,1,0,0.347,0.7,0.3,,0.3,,0,0,4.2,2022
5654,Luke Kornet,Bos,F-C,27.9,8,4,,12.4,0,2,1,7,0.857,1,1,0.957,2.1,1.3,,0,,0,0.1,0,2022
5655,Jonathan Kuminga,Gol,F,20.7,10,6.1,,21.5,14.2,9,0.556,17,0.588,7,0.429,0.608,3.4,0.9,,0.5,,0.2,0,7.6,2022
5656,Anthony Lamb,Gol,F,25.4,6,5.3,,9.1,28.6,0,0,1,1,4,0.25,0.5,0.8,1,,0,,0.2,0.2,0,2022
5657,Jock Landale,Pho,C,27.6,7,16.2,,13.7,6.8,14,0.643,26,0.654,1,0,0.648,6.1,4,,0.4,,0.4,0.4,5.3,2022
5658,Damion Lee,Pho,G-F,30.6,8,11.1,,10.8,4.7,2,1,5,0.6,15,0.2,0.407,2.1,1.4,,0.6,,0.3,0,4.4,2022
5659,Alex Len,Sac,C,30,7,7.8,,13.6,42.8,6,0.833,9,0.778,0,0,0.816,2.7,2.9,,0.1,,0,0.4,4.7,2022
5660,Kawhi Leonard,Lac,F,32,2,40.2,,30,11.9,17,0.882,34,0.529,10,0.6,0.67,34.5,6.5,,6,,2,0.5,11,2022
5661,Meyers Leonard,Mil,F-C,31.3,2,2.6,,8.1,0,0,0,1,0,0,0,0,0,0.5,,0,,0,0,0,2022
5662,Caris LeVert,Cle,G,28.8,5,33.9,,20.4,7.3,13,0.615,27,0.519,36,0.361,0.546,15,4.6,,2.6,,0.4,0.2,6.7,2022
5663,Kenneth Lofton Jr.,Mem,F,20.8,4,3,,31.2,0,2,0.5,6,0.5,2,0,0.394,1.8,0.8,,0.3,,0,0,10.1,2022
5664,Kevon Looney,Gol,F,27.3,13,25,,10.7,16.8,18,0.556,64,0.578,0,0,0.584,6.5,13.1,,3.3,,0.6,0.4,10.5,2022
5665,Brook Lopez,Mil,C,35.2,5,36.3,,19.4,14,13,0.769,50,0.64,17,0.412,0.653,19,6.4,,1.2,,1.4,1.8,5.8,2022
5666,Robin Lopez,Cle,C,35.2,2,3.1,,37.6,22.5,2,1,3,1,0,0,1.031,4,0.5,,0,,0,0,0,2022
5667,Kevin Love,Mia,F-C,34.8,20,17.9,,17.1,7.7,16,0.875,31,0.387,88,0.375,0.543,6.9,5.6,,1.2,,0.5,0.4,8,2022
5668,Kyle Lowry,Mia,G,37.2,23,26.1,,17.2,18.7,33,0.939,86,0.477,88,0.375,0.562,9.2,3.5,,4.4,,1,0.6,8,2022
5669,Trey Lyles,Sac,F,27.6,7,16.8,,15.2,6.9,5,0.6,13,0.615,27,0.333,0.545,6.6,5.7,,0.7,,0.3,0,7.1,2022
5670,Terance Mann,Lac,G-F,26.7,5,26.6,,14.5,21.3,9,0.667,14,0.714,19,0.474,0.717,10.6,3.2,,2.2,,0.8,0.2,6.3,2022
5671,Caleb Martin,Mia,F,27.7,23,30.2,,15.9,10.4,35,0.829,102,0.637,104,0.423,0.657,12.7,5.4,,1.6,,0.9,0.4,6.3,2022
5672,Wesley Matthews,Mil,G,36.7,2,20.7,,9.2,0,0,0,2,0,7,0.571,0.667,6,1.5,,0.5,,1,0.5,3.2,2022
5673,Tyrese Maxey,Phi,G,22.6,11,38.5,,23.4,4,31,0.903,107,0.449,85,0.4,0.55,20.5,4.8,,2.3,,1.4,0.5,6.3,2022
5674,Miles McBride,Nyk,G,22.8,8,2.6,,8.8,0,0,0,1,0,3,0.333,0.375,0.4,0.3,,0.1,,0,0.1,3.5,2022
5675,Jalen McDaniels,Phi,F-C,25.4,8,12.7,,10.5,13,0,0,11,0.455,9,0.333,0.475,2.4,2,,0.6,,0.1,0,4.5,2022
5676,Jordan McLaughlin,Min,G,27.2,2,7.1,,13.1,0,0,0,2,0,2,0,0,0,1,,1,,0,0,0,2022
5677,De'Anthony Melton,Phi,G,25,11,24.9,,15.6,9,8,0.75,32,0.375,49,0.388,0.515,7.9,3.3,,1.6,,1.2,0.8,5.6,2022
5678,Chimezie Metu,Sac,F-C,26.2,3,2,,21.6,43.6,3,0.667,1,0,0,0,0.431,0.7,0.3,,0,,0,0,0,2022
5679,Khris Middleton,Mil,F,31.8,5,34.6,,28.3,16.4,30,0.867,54,0.5,32,0.406,0.6,23.8,6.4,,6.2,,0.6,0,11.3,2022
5680,Patty Mills,Bro,G,34.8,1,5.3,,18.6,0,0,0,0,0,2,0,0,0,0,,0,,0,0,0,2022
5681,Shake Milton,Phi,G-F,26.7,6,3.5,,15.2,15.5,2,1,4,0.75,1,0,0.68,1.3,0.5,,0.3,,0.3,0,6.6,2022
5682,Josh Minott,Min,F,20.5,1,6.3,,14.7,50,0,0,0,0,1,0,0,0,0,,0,,2,1,0,2022
5683,Davion Mitchell,Sac,G,24.8,7,19.8,,15.6,11.5,6,0.833,19,0.632,27,0.259,0.514,7.1,1.3,,1.7,,0.9,0.1,5.1,2022
5684,Donovan Mitchell,Cle,G,26.8,5,41.3,,29.8,15.4,18,0.722,59,0.542,45,0.289,0.518,23.2,5,,7.2,,2,0.6,9.1,2022
5685,Evan Mobley,Cle,C,22,5,37.5,,15.9,19.9,8,0.625,47,0.468,1,0,0.476,9.8,10,,2,,0.6,1.2,6.2,2022
5686,Malik Monk,Sac,G,25.4,7,29.3,,24.6,12.2,49,0.898,54,0.463,39,0.333,0.58,19,5.4,,3.6,,0.7,0.4,9.8,2022
5687,Moses Moody,Gol,G,21,12,13.5,,12.8,4.4,12,0.917,21,0.476,22,0.591,0.725,5.8,2.6,,0.7,,0.4,0.3,6.5,2022
5688,Wendell Moore Jr.,Min,G,21.7,1,2.1,,22,100,0,0,0,0,0,0,,0,0,,0,,0,0,0,2022
5689,Ja Morant,Mem,G,23.8,5,37.4,,30.1,13.8,26,0.769,75,0.427,31,0.419,0.524,24.6,6.8,,7,,1.8,0.2,11.3,2022
5690,Marcus Morris Sr.,Lac,F,33.8,3,22.8,,19.5,3.3,4,1,17,0.471,12,0.167,0.423,8.7,4,,0,,0.3,0.3,0,2022
5691,Dejounte Murray,Atl,G,26.7,5,38.1,,25.3,8.8,9,1,66,0.485,37,0.378,0.538,23,7.2,,6.8,,2,0.2,10.9,2022
5692,Jamal Murray,Den,G,26.3,20,39.9,,28,10.9,81,0.926,261,0.517,149,0.396,0.586,26.1,5.7,,7.1,,1.5,0.3,10.2,2022
5693,Keegan Murray,Sac,F,22.8,7,27.7,,13.2,6.4,6,0.667,26,0.538,32,0.375,0.561,9.7,6.3,,0.7,,0.6,0.3,5.1,2022
5694,Mike Muscala,Bos,F-C,32,6,3.5,,14.4,18.8,4,0.75,0,0,4,0.5,0.781,1.5,0.7,,0.2,,0,0,6.8,2022
5695,Raul Neto,Cle,G,31.1,2,3.5,,26.4,62.1,2,0.5,0,0,1,0,0.266,0.5,0,,0.5,,0,0,0,2022
5696,Georges Niang,Phi,F,30,11,14.3,,12.1,12.2,0,0,10,0.6,26,0.462,0.667,4.4,0.4,,0.2,,0,0.2,2,2022
5697,Zeke Nnaji,Den,F-C,22.4,5,2.4,,18.5,20,0,0,1,1,3,0.333,0.625,1,0.4,,0,,0.2,0,0,2022
5698,Jaylen Nowell,Min,G,23.9,5,12.4,,21.5,7.1,2,0.5,17,0.176,9,0.333,0.298,3.2,1,,0.6,,0,0,4,2022
5699,Josh Okogie,Pho,G,24.8,10,17.5,,11.5,7.4,13,0.846,23,0.522,14,0.143,0.48,4.1,2.1,,1.3,,0.6,0.2,5.1,2022
5700,Onyeka Okongwu,Atl,F-C,22.5,6,21.9,,11.4,21.7,10,0.5,24,0.583,1,1,0.612,6,6.3,,1.2,,0.3,1.3,6.5,2022
5701,Isaac Okoro,Cle,F-G,22.4,5,14.9,,18.7,14.6,6,1,10,0.7,13,0.308,0.624,6.4,1.4,,0.8,,0.4,0.4,5.2,2022
5702,Victor Oladipo,Mia,G,31.1,2,22.7,,22.2,9.5,3,0.333,14,0.571,5,0.4,0.566,11.5,3.5,,1,,1,0.5,6,2022
5703,Royce O'Neale,Bro,F,30,4,29.5,,14.1,12,2,1,7,0.429,22,0.182,0.335,5,4.3,,3.5,,1.3,0.3,5.7,2022
5704,Cedi Osman,Cle,F,28.2,5,18.6,,17.1,16.5,9,0.667,5,0.6,20,0.3,0.518,6,3,,1,,0.4,0.2,5.6,2022
5705,Chris Paul,Pho,G,38.1,7,35.7,,17.5,7.1,4,0.5,63,0.46,28,0.321,0.469,12.4,5,,7.4,,1.7,0.7,8.6,2022
5706,Cameron Payne,Pho,G,28.8,7,21.8,,16.8,15.8,3,0,21,0.571,27,0.407,0.578,8.1,2,,2.9,,0.4,0.3,6.6,2022
5707,Mason Plumlee,Lac,F-C,33.3,5,18.2,,11.6,15.5,14,0.929,16,0.875,0,0,0.925,8.2,6.8,,1.8,,0.4,0.4,10.2,2022
5708,Jordan Poole,Gol,G,24,13,21.8,,23.9,10,34,0.765,72,0.417,63,0.254,0.447,10.3,2.2,,3.5,,0.8,0.2,7.9,2022
5709,Michael Porter Jr.,Den,F,25,20,32.7,,17.6,3.7,29,0.793,103,0.515,131,0.351,0.541,13.4,8.1,,1.6,,0.5,0.6,6.8,2022
5710,Bobby Portis,Mil,F,28.3,5,21.5,,18.2,8.8,3,1,23,0.652,18,0.278,0.567,9.6,8.2,,1.2,,0.6,0.4,8.5,2022
5711,Norman Powell,Lac,G,30.1,5,33.5,,24.5,9.5,31,0.774,44,0.523,32,0.406,0.608,21.8,3,,2.2,,0.8,0.4,6.3,2022
5712,Jason Preston,Lac,G,23.8,1,1,,0,,0,0,0,0,0,0,,0,0,,0,,0,0,0,2022
5713,Taurean Prince,Min,F,29.2,5,20,,19.4,13,9,0.778,12,0.333,21,0.381,0.528,7.8,1.4,,0.8,,0.6,0.2,4.1,2022
5714,Payton Pritchard,Bos,G,25.4,10,5.7,,23.3,18.3,5,0.8,12,0.667,10,0.4,0.661,3.2,0.6,,1.1,,0.1,0,9,2022
5715,Immanuel Quickley,Nyk,G,24,8,21.9,,21.4,11.9,20,0.85,29,0.483,37,0.243,0.481,9,1.6,,1,,0.5,0,4.4,2022
5716,Julius Randle,Nyk,F-C,28.5,10,33,,27.9,19.2,55,0.709,81,0.469,66,0.258,0.485,16.6,8.3,,3.6,,0.5,0.3,9.6,2022
5717,Austin Reaves,Lal,G,25,16,36.2,,18.6,11.4,57,0.895,106,0.481,88,0.443,0.616,16.9,4.4,,4.6,,0.6,0.2,7.7,2022
5718,Paul Reed,Phi,F,24,11,14.3,,13.9,13.5,7,1,38,0.579,0,0,0.621,4.6,5.5,,0.6,,0.5,0.4,6.9,2022
5719,Austin Rivers,Min,G,30.9,4,11.6,,9,11.1,0,0,2,1,6,0.333,0.625,2.5,1.3,,0.3,,0.3,0,3.4,2022
5720,Duncan Robinson,Mia,F,29.1,23,18.2,,19.6,11.2,8,0.875,45,0.556,113,0.442,0.641,9,1.5,,1.7,,0.3,0.1,6.2,2022
5721,Mitchell Robinson,Nyk,C-F,25.2,11,27.1,,10.9,17.2,33,0.394,48,0.604,0,0,0.568,6.5,9.3,,0.8,,0.8,1.5,5.4,2022
5722,David Roddy,Mem,F,22.2,6,12.6,,16.8,3.3,1,1,9,0.222,20,0.3,0.391,3.8,2.8,,0.7,,0,0.3,6.2,2022
5723,Derrick Rose,Nyk,G,34.7,1,2.5,,71.4,0,0,0,3,0,1,0,0,0,0,,1,,0,0,0,2022
5724,Terrence Ross,Pho,G-F,32.4,6,11.5,,17.8,3.6,0,0,5,0.4,22,0.273,0.407,3.7,1.3,,0.2,,0.2,0.3,3.4,2022
5725,Ricky Rubio,Cle,G,32.6,3,5.7,,16.6,83.3,0,0,1,0,0,0,0,0,2,,1,,0.3,0,0,2022
5726,D'Angelo Russell,Lal,G,27.3,16,29.5,,21.9,12.9,26,0.769,108,0.519,87,0.31,0.516,13.3,2.9,,4.6,,0.7,0.3,7.6,2022
5727,Domantas Sabonis,Sac,F-C,27.1,7,34.7,,22.4,20.8,28,0.571,94,0.511,5,0.2,0.517,16.4,11,,4.7,,1.4,0.9,10.9,2022
5728,Dennis Schroder,Lal,G,29.7,16,26.1,,14.3,16.2,28,0.821,64,0.438,39,0.333,0.512,7.4,1.9,,2.9,,1,0.2,5.3,2022
5729,Landry Shamet,Pho,G,26.3,10,18.4,,12.1,8.1,4,0.75,16,0.375,29,0.379,0.513,4.8,1.7,,1.1,,0.2,0.1,4.5,2022
5730,Day'Ron Sharpe,Bro,F,21.6,2,9.9,,14.7,36.8,2,1,3,0.667,0,0,0.773,3,3,,2.5,,0,0.5,11.4,2022
5731,Marcus Smart,Bos,G,29.3,20,34,,19.8,16.8,65,0.8,101,0.564,122,0.361,0.592,14.9,4,,5.1,,1.3,0.3,7.9,2022
5732,Ish Smith,Den,G,34.9,4,3,,7.6,0,0,0,2,0.5,0,0,0.5,0.5,0.3,,0.3,,0,0,4.7,2022
5733,Jaden Springer,Phi,G,20.7,4,4.2,,16.1,19.2,2,0.5,4,1,0,0,0.922,2.3,0,,0,,0.3,0,0,2022
5734,Lamar Stevens,Cle,F,25.9,2,4.4,,15.4,0,2,1,1,0,1,1,0.868,2.5,1.5,,0,,0,0,0,2022
5735,Max Strus,Mia,G-F,27.2,23,28.2,,14.3,3.1,25,0.8,54,0.611,135,0.319,0.538,9.3,3.6,,1.4,,0.3,0.3,5.1,2022
5736,Edmond Sumner,Bro,G,27.5,1,4.5,,0,,0,0,0,0,0,0,,0,0,,1,,0,0,0,2022
5737,Jayson Tatum,Bos,F-G,25.3,20,40,,29.5,12.2,137,0.876,240,0.55,164,0.323,0.585,27.2,10.5,,5.3,,1.1,1.1,11.5,2022
5738,Cam Thomas,Bro,G,21.7,2,7.9,,25.1,12.5,0,0,5,0.6,2,0,0.429,3,0.5,,0.5,,0,0,4.6,2022
5739,Klay Thompson,Gol,G,33.3,13,36,,22.5,10.6,24,0.875,83,0.422,136,0.368,0.525,18.5,4.2,,2.2,,0.5,0.3,6.2,2022
5740,Xavier Tillman,Mem,F,24.4,6,30.6,,11.7,8.1,5,0.6,41,0.561,4,0.25,0.551,8.7,8,,3.2,,0.7,0.7,7.9,2022
5741,Obi Toppin,Nyk,F,25.3,11,15.9,,20.5,10.2,5,0.8,27,0.63,43,0.302,0.533,7,3.5,,0.6,,0.7,0.3,6.2,2022
5742,Karl-Anthony Towns,Min,C-F,27.6,5,36,,25.8,20.4,28,0.75,46,0.565,24,0.25,0.553,18.2,10.2,,2,,0.6,0.8,8,2022
5743,P.J. Tucker,Phi,F,38.1,11,26.7,,9,8.9,3,0.667,11,0.455,40,0.35,0.516,4.9,4.5,,1.5,,1.2,0.3,4.8,2022
5744,Jarred Vanderbilt,Lal,F,24.2,15,16.4,,14.6,17.7,20,0.7,31,0.548,29,0.241,0.501,4.6,3.2,,0.8,,0.7,0.8,5.5,2022
5745,Gabe Vincent,Mia,G,27,22,30.5,,19.6,11.2,34,0.882,111,0.432,135,0.378,0.535,12.7,1.4,,3.5,,0.9,0.2,5.2,2022
5746,Dean Wade,Cle,F-C,26.6,2,5.6,,8,0,2,1,0,0,1,0,0.532,1,1.5,,0,,0,0,0,2022
5747,Ish Wainright,Pho,F,28.8,6,3.5,,8.4,0,0,0,0,0,4,0.25,0.375,0.5,0.2,,0,,0,0.2,0,2022
5748,Lonnie Walker IV,Lal,G-F,24.5,13,13.8,,17,6.2,12,0.75,26,0.615,34,0.382,0.613,6.2,0.9,,0.8,,0.5,0.1,4.8,2022
5749,T.J. Warren,Pho,F,29.8,6,13.4,,11.9,4.9,4,0.75,12,0.417,7,0.143,0.385,2.7,1.2,,0.5,,0.2,0.5,3.5,2022
5750,Yuta Watanabe,Bro,G-F,28.7,1,4.7,,40.6,33.3,2,0,0,0,2,0.5,0.521,3,1,,0,,0,0,0,2022
5751,Peyton Watson,Den,G,20.8,5,2.7,,19.8,16.7,0,0,3,0.333,2,0.5,0.5,1,0.8,,0.2,,0,0.2,8,2022
5752,Russell Westbrook,Lac,G,34.6,5,38.5,,29.7,16,25,0.88,77,0.429,28,0.357,0.509,23.6,7.4,,7.4,,1.2,1.4,11.3,2022
5753,Derrick White,Bos,G,28.9,20,29.7,,16.5,8.9,34,0.912,74,0.581,110,0.455,0.671,13.4,3,,2.1,,0.6,1,5.9,2022
5754,Andrew Wiggins,Gol,F,28.3,13,34,,20.4,8.6,47,0.681,117,0.547,64,0.297,0.538,16.7,5.6,,1.9,,0.9,1.2,6.6,2022
5755,Robert Williams III,Bos,C-F,25.7,20,20.9,,12.3,15.8,28,0.679,84,0.798,1,0,0.786,7.7,6,,1,,0.5,1.3,6.9,2022
5756,Grant Williams,Bos,F,24.5,15,17.7,,10.5,7,10,0.8,13,0.538,40,0.45,0.662,5.1,2.2,,1.2,,0.3,0.4,5.4,2022
5757,Ziaire Williams,Mem,F,21.8,4,3,,31.4,22.2,0,0,4,0.25,3,0.333,0.357,1.3,0.5,,0.5,,0,0,9.2,2022
5758,Trae Young,Atl,G,24.7,6,38.4,,34.4,13.8,43,0.86,95,0.442,54,0.333,0.521,29.2,3.7,,10.2,,1.7,0.7,10.8,2022
5759,Cody Zeller,Mia,F-C,30.7,21,8.3,,14.1,27,15,0.4,35,0.571,0,0,0.553,2.2,2.3,,0.3,,0.1,0.2,5.5,2022
5760,Ivica Zubac,Lac,C,26.2,5,26,,15.6,26.6,16,0.75,30,0.567,0,0,0.621,9.2,9.6,,0.6,,0.6,0.2,5.8,2022
5761,Omer Yurtseven,Mia,C,25,8,2,,23,12.5,0,0,5,0.4,2,0,0.286,0.5,0.6,,0.1,,0,0.1,6.2,2022
5762,Dewayne Dedmon,Phi,C,33.8,1,5,,18.5,50,0,0,0,0,1,0,0,0,1,,0,,0,0,0,2022
5763,Gary Payton II,Gol,G,30.5,12,16,,14.8,16.8,9,0.667,39,0.821,15,0.267,0.707,6.8,3.7,,0.8,,0.7,0.5,6.8,2022
5764,Goran Dragic,Mil,G,37.1,2,3.7,,21.7,0,4,1,1,0,1,0,0.532,2,0,,0.5,,0,0,0,2022
5765,Justin Champagnie,Bos,G-F,22,4,2.6,,17.2,0,0,0,1,1,3,0,0.25,0.5,0,,0,,0,0,0,2022
5766,Shaquille Harrison,Lal,G,29.7,8,3.5,,12.5,0,2,0.5,6,0.5,1,1,0.635,1.3,0.4,,1.1,,0.3,0,9.5,2022
5767,DaQuan Jeffries,Nyk,G-F,25.8,2,2.3,,0,,0,0,0,0,0,0,,0,0,,0,,0,0,0,2022
5768,Tristan Thompson,Lal,C-F,32.3,6,5.4,,19.4,8.3,5,0.2,11,0.455,0,0,0.417,1.8,1.7,,0.3,,0,0,7.2,2022
5769,LeBron James,Lal,F,39.5,5,40.8,,29,16.1,23,0.739,73,0.63,26,0.385,0.637,27.8,6.8,,8.8,,2.4,1,11.6,2023
5770,P.J. Tucker,Lac,F,39.1,2,15.3,,13.4,33.3,0,0,2,0.5,4,0.75,0.917,5.5,1.5,,0,,0,0,0,2023
5771,Kevin Durant,Pho,F,35.7,4,42.1,,25.6,12.9,34,0.824,55,0.582,12,0.417,0.653,26.8,6.5,,3.3,,0.5,1.5,7.9,2023
5772,Al Horford,Bos,C-F,38,19,30.3,,12.5,8,11,0.636,43,0.721,95,0.368,0.609,9.2,7,,2.1,,0.8,0.8,6.8,2023
5773,Mike Conley,Min,G,36.7,15,31.6,,17,12.1,28,0.714,69,0.464,76,0.395,0.553,11.6,3.9,,5.7,,1.4,0.2,8.1,2023
5774,Russell Westbrook,Lac,G,35.6,6,19,,26.3,16.6,13,0.615,33,0.273,17,0.235,0.341,6.3,4.2,,1.7,,1.2,0.5,7.5,2023
5775,Kevin Love,Mia,F,35.8,5,6.4,,16.8,18.2,0,0,5,0.6,4,0.25,0.5,1.8,2.8,,0.8,,0,0,9.9,2023
5776,Eric Gordon,Pho,G,35.5,4,29.4,,14.2,12.4,8,0.875,11,0.182,17,0.412,0.508,8,1.8,,1.3,,1.3,0.5,3.6,2023
5777,Brook Lopez,Mil,C,36.2,6,33.4,,20.8,10.7,15,0.533,52,0.654,23,0.435,0.65,17.7,4.3,,1.8,,0,1.3,6.2,2023
5778,Nicolas Batum,Phi,G-F,35.5,6,28.3,,10.2,14.6,8,0.625,7,0.429,22,0.409,0.584,6.3,5.8,,1.3,,0.2,0.8,5.1,2023
5779,DeAndre Jordan,Den,C,35.9,2,6.6,,10.1,0,2,1,2,0.5,0,0,0.694,2,1.5,,0,,0.5,0.5,0,2023
5780,James Harden,Lac,G,34.8,6,40.3,,22.1,13.5,32,0.906,42,0.524,47,0.383,0.616,21.2,4.5,,8,,1,1,9.1,2023
5781,James Johnson,Ind,F,37.3,1,1,,85,82,2,0.5,0,0,0,0,0.568,1,0,,0,,0,0,0,2023
5782,Jrue Holiday,Bos,G,34,19,37.9,,15,13,22,0.955,106,0.585,87,0.402,0.617,13.2,6.1,,4.4,,1.1,0.6,7.5,2023
5783,Paul George,Lac,G,34.1,6,37.1,,24.6,12.8,25,0.84,46,0.457,49,0.367,0.552,19.5,6.8,,4.8,,1.2,0.5,9.3,2023
5784,Kyrie Irving,Dal,G,32.2,22,40,,24.9,11.3,73,0.849,262,0.508,136,0.39,0.566,22.1,3.7,,5.1,,1,0.3,7.5,2023
5785,Tristan Thompson,Cle,C-F,33.3,10,8.7,,10.1,11,2,0.5,16,0.438,0,0,0.444,1.5,2,,1,,0.1,0.5,6.6,2023
5786,Jonas Valanciunas,Nor,C,32.1,4,22.4,,29.1,19.1,17,0.824,41,0.537,1,0,0.586,14.5,11,,1.3,,0.5,0,10.6,2023
5787,Markieff Morris,Dal,F,34.8,1,12,,22.7,16.7,0,0,2,0,3,0.333,0.3,3,4,,0,,0,0,0,2023
5788,Kawhi Leonard,Lac,F,33,2,29.8,,22.5,14.1,3,0.667,19,0.579,5,0,0.474,12,8,,2,,2,0.5,7.7,2023
5789,Tobias Harris,Phi,F,31.9,6,36.4,,11.8,5.5,4,1,33,0.485,18,0.333,0.512,9,7.2,,1.5,,0.2,0.5,5.1,2023
5790,Reggie Jackson,Den,G,34.2,12,9.8,,22.3,14.2,2,1,25,0.32,23,0.348,0.43,3.5,1.3,,1,,0.2,0.1,6.8,2023
5791,Anthony Davis,Lal,C,31.3,5,41.6,,25.7,10.5,26,0.808,88,0.67,5,0,0.665,27.8,15.6,,4,,0.4,1.6,11.6,2023
5792,Bradley Beal,Pho,G,31,4,38.6,,22.6,18,5,0.8,36,0.444,23,0.435,0.539,16.5,2.8,,4.5,,0.8,0.3,6.1,2023
5793,Damian Lillard,Mil,G,33.9,4,39.1,,31.4,10,38,0.974,33,0.424,48,0.417,0.64,31.3,3.3,,5,,1,0,8.2,2023
5794,Jae Crowder,Mil,F,34,4,10.5,,14.1,0,2,1,5,0.4,7,0.143,0.349,2.3,1.5,,0.5,,0,0.5,4.6,2023
5795,Khris Middleton,Mil,F,32.9,6,38.3,,28.2,10.9,30,0.9,83,0.53,31,0.355,0.582,24.7,9.2,,4.7,,0.5,0.2,10.7,2023
5796,Justin Holiday,Den,F-G,35.2,12,12.5,,12.2,7.8,4,0.5,6,0,29,0.379,0.476,2.9,1.7,,0.3,,0.5,0,3.6,2023
5797,CJ McCollum,Nor,G,32.7,4,36.9,,27,17.7,2,1,45,0.533,29,0.241,0.474,17.8,4.8,,4.8,,1.8,0.8,8.1,2023
5798,Kentavious Caldwell-Pope,Den,G,31.3,12,35,,11,10.4,11,1,31,0.516,55,0.327,0.534,8.1,2.9,,2.6,,1.4,0.4,4.5,2023
5799,Mason Plumlee,Lac,F-C,34.3,6,11,,16.2,9.9,8,0.625,18,0.389,0,0,0.441,3.2,3.3,,0.7,,0.5,0.3,7.1,2023
5800,Rudy Gobert,Min,C,32,15,34.2,,14.4,18.1,79,0.671,104,0.615,0,0,0.652,12.1,9.8,,1.6,,0.9,1,6.7,2023
5801,Tim Hardaway Jr.,Dal,G-F,32.3,14,12.7,,16.2,3.3,8,0.5,21,0.429,37,0.351,0.496,4.4,1.8,,0.4,,0.4,0.1,4.6,2023
5802,Thanasis Antetokounmpo,Mil,F,31.9,2,2.4,,0,0,0,0,0,0,0,0,0,0,0,,0,,0.5,0.5,0,2023
5803,Gary Harris,Orl,G,29.8,6,26.5,,8.5,6.6,2,1,6,0.167,22,0.318,0.433,4.2,2,,0.7,,1.2,0.5,2.7,2023
5804,Aaron Gordon,Den,F,28.8,12,37.1,,15.3,13.2,28,0.821,91,0.637,27,0.407,0.66,14.3,7.3,,4.4,,0.8,0.6,8.3,2023
5805,Kyle Anderson,Min,F-G,30.7,15,15.4,,14.2,14.8,12,0.833,49,0.49,8,0.25,0.514,4.3,2.7,,2.5,,0.7,0.3,8,2023
5806,Dwight Powell,Dal,F-C,32.9,13,3.4,,8.8,47.7,6,0.667,3,0.333,0,0,0.532,0.5,0.9,,0.2,,0.1,0,5.3,2023
5807,Joel Embiid,Phi,C,30.3,6,41.4,,35.7,15.8,78,0.859,94,0.489,39,0.333,0.592,33,10.8,,5.7,,1.2,1.5,12.2,2023
5808,Dante Exum,Dal,G,28.9,21,6.8,,16.3,10.1,6,0.667,24,0.375,20,0.35,0.461,2,0.8,,0.6,,0.1,0,5.8,2023
5809,Jusuf Nurkic,Pho,C,29.8,4,25.9,,16.7,18.6,11,0.455,24,0.542,2,0,0.503,7.8,8.3,,2.8,,1.5,1.5,8.7,2023
5810,Nikola Jokic,Den,C,29.3,12,40.2,,30,14.1,71,0.901,191,0.623,53,0.264,0.625,28.7,13.4,,8.7,,1.4,0.7,14.9,2023
5811,Kristaps Porzingis,Bos,C,28.9,7,23.5,,21.1,7.6,22,0.909,31,0.581,29,0.345,0.617,12.3,4.4,,1.1,,0.7,1.6,6.6,2023
5812,Joe Ingles,Orl,F-G,36.7,7,9.6,,8.4,0,2,0.5,5,0.4,7,0.286,0.427,1.6,1.9,,1.7,,0.4,0,7.2,2023
5813,T.J. McConnell,Ind,G,32.2,17,20.5,,27.6,10.2,15,0.867,159,0.522,26,0.269,0.522,11.8,3.1,,5.1,,0.9,0.1,11.1,2023
5814,D'Angelo Russell,Lal,G,28.3,5,36.9,,20.7,10.9,2,0.5,29,0.483,44,0.318,0.481,14.2,2.8,,4.2,,0.8,0.2,6,2023
5815,Karl-Anthony Towns,Min,F,28.6,16,32.6,,25.2,10.4,69,0.855,149,0.523,83,0.361,0.581,19.1,9,,2.6,,0.8,0.2,9.4,2023
5816,Kelly Oubre Jr.,Phi,F-G,28.5,6,37.3,,15.8,11.1,11,0.727,41,0.537,23,0.391,0.574,13.2,4,,1.7,,1.8,1.2,4.8,2023
5817,Devin Booker,Pho,G,27.6,4,41.5,,26.6,14.4,41,0.951,45,0.556,20,0.35,0.662,27.5,3.3,,6,,1.8,0.3,7.9,2023
5818,Myles Turner,Ind,C,28.2,17,32.4,,21.4,13.8,50,0.76,119,0.563,86,0.453,0.637,17,6.6,,2.1,,0.5,1.5,7.6,2023
5819,Bobby Portis,Mil,F,29.4,6,31.2,,26,9,13,0.615,79,0.519,12,0.25,0.512,16.5,11.3,,1,,0.5,0.2,7.3,2023
5820,Norman Powell,Lac,G,31.1,6,29.8,,19,10.2,15,0.8,32,0.406,29,0.448,0.57,12.8,2.8,,0.3,,0.5,0,3,2023
5821,Pat Connaughton,Mil,G,31.4,6,20.7,,10.7,10.5,2,1,14,0.571,11,0.273,0.522,4.5,3.8,,2.2,,1,0.2,6.5,2023
5822,Larry Nance Jr.,Nor,F-C,31.5,4,21.1,,13.8,28.8,6,0.667,13,0.692,4,0.25,0.636,6.3,8.3,,1.8,,0.5,0,8.6,2023
5823,Malik Beasley,Mil,G,27.6,6,21.9,,15.4,6.8,0,0,16,0.625,25,0.44,0.646,8.8,2.5,,0.7,,0.7,0,4.5,2023
5824,Brandon Ingram,Nor,F,26.8,4,36.4,,21.8,14,19,0.895,47,0.362,8,0.25,0.45,14.3,4.5,,3.3,,1,1.3,6.6,2023
5825,Damian Jones,Cle,C,29,2,4.6,,10.1,100,0,0,0,0,0,0,0,0,1,,1,,0,0.5,0,2023
5826,Caris LeVert,Cle,G,29.8,11,25.3,,21.3,12,26,0.654,69,0.551,33,0.182,0.489,10.1,3.6,,2.3,,0.8,0.5,6.9,2023
5827,Jamal Murray,Den,G,27.3,12,38.5,,29,11.1,26,0.923,176,0.438,73,0.315,0.474,20.6,4.3,,5.6,,0.8,0.5,8.2,2023
5828,Taurean Prince,Lal,F,30.2,5,22.2,,14,3.3,8,1,12,0.583,17,0.294,0.569,7.4,2.4,,0.6,,0.2,0.4,4,2023
5829,Jaylen Brown,Bos,F,27.6,19,37.2,,28.6,13.1,103,0.66,229,0.607,110,0.327,0.591,23.9,5.9,,3.3,,1.2,0.6,8.3,2023
5830,Georges Niang,Cle,F,31,10,12.1,,19.8,14.5,8,0.875,18,0.333,23,0.13,0.314,2.8,1.2,,0.4,,0.4,0.2,3.6,2023
5831,Ivica Zubac,Lac,C,27.3,6,32,,20.6,10.2,20,0.65,70,0.6,0,0,0.615,16.2,9.3,,1,,0.8,0.5,6.7,2023
5832,Derrick Jones Jr.,Dal,F,27.3,22,29.4,,13.4,10.1,30,0.733,95,0.558,65,0.369,0.577,9.1,3.5,,1.2,,0.5,1,4.6,2023
5833,Markelle Fultz,Orl,G,26.1,7,15.1,,19.1,18.9,9,0.556,33,0.606,1,0,0.593,6.4,2,,1.1,,0.4,0,6.4,2023
5834,Jayson Tatum,Bos,F,26.3,19,40.4,,29.2,11.8,137,0.861,234,0.513,138,0.283,0.549,25,9.7,,6.3,,1.1,0.7,11.4,2023
5835,Jonathan Isaac,Orl,F,26.7,7,21,,13.1,9.2,2,1,12,0.5,27,0.37,0.552,6.3,4.9,,0.4,,0.7,1.3,4.4,2023
5836,Donovan Mitchell,Cle,G,27.8,10,38.2,,34.3,11.1,65,0.815,143,0.545,82,0.354,0.584,29.6,5.4,,4.7,,1.3,0.3,9.5,2023
5837,OG Anunoby,Nyk,F,26.9,9,36,,17.2,8.2,13,0.615,72,0.556,39,0.41,0.583,15.1,6,,1.1,,0.9,1,5.2,2023
5838,Jarrett Allen,Cle,C,26.2,4,31.8,,19.6,11.8,26,0.692,37,0.676,0,0,0.702,17,13.8,,1.3,,1.3,1,8.5,2023
5839,Bam Adebayo,Mia,C,26.9,5,38.5,,29,7.6,21,0.714,87,0.529,10,0.2,0.532,22.6,9.4,,3.8,,0.4,0,9.7,2023
5840,Isaiah Hartenstein,Nyk,C-F,26.1,13,29.8,,11.9,19.9,22,0.864,74,0.595,2,0.5,0.642,8.5,7.8,,3.5,,0.3,0.9,8.2,2023
5841,Derrick White,Bos,G,30,19,35.6,,18.8,6.2,38,0.921,80,0.55,161,0.404,0.617,16.7,4.3,,4.1,,0.9,1.2,7.5,2023
5842,Josh Hart,Nyk,G,29.3,13,42.1,,16.5,18.4,48,0.729,91,0.484,59,0.373,0.552,14.5,11.5,,4.5,,1,0.8,8.6,2023
5843,Thomas Bryant,Mia,C-F,26.9,2,8.9,,28.4,21.5,3,0.667,5,1,2,0,0.721,6,2.5,,0.5,,0,0,8.8,2023
5844,Luke Kornet,Bos,C-F,28.9,13,10.2,,11.4,21.9,13,0.846,21,0.667,0,0,0.73,3,3.2,,0.5,,0.1,0.4,6.6,2023
5845,Daniel Theis,Lac,F-C,32.2,1,4.4,,10.4,0,0,0,0,0,1,1,1.5,3,1,,0,,0,0,0,2023
5846,Maxi Kleber,Dal,C,32.4,13,16.8,,9.7,11.3,6,0.667,11,0.364,28,0.429,0.576,3.7,1.9,,1,,0.2,0.3,4.6,2023
5847,Grayson Allen,Pho,G,28.7,2,21.4,,10.7,35.5,4,1,0,0,5,0.2,0.518,3.5,4,,1,,0.5,0,4.5,2023
5848,Jalen Brunson,Nyk,G,27.8,13,39.8,,36.4,9.3,120,0.775,256,0.488,84,0.31,0.536,32.4,3.3,,7.5,,0.8,0.2,9.3,2023
5849,Wendell Carter Jr.,Orl,C,25.2,7,26.4,,13.5,9.6,11,0.727,22,0.545,25,0.28,0.511,7.6,6.3,,1.3,,0.7,0.6,6,2023
5850,Donte DiVincenzo,Nyk,G,27.4,13,35.8,,20.8,7.7,30,0.867,85,0.412,106,0.425,0.566,17.8,4,,2.6,,1.2,0.9,6.4,2023
5851,Shai Gilgeous-Alexander,Okc,G,25.9,10,39.9,,32.3,8.9,81,0.79,187,0.508,37,0.432,0.582,30.2,7.2,,6.4,,1.3,1.7,11.2,2023
5852,Caleb Martin,Mia,F,28.7,5,35.1,,14,6.2,5,1,20,0.5,25,0.44,0.614,11.6,3.6,,1.4,,0.6,0,4.4,2023
5853,De'Anthony Melton,Phi,G,26.1,1,7.2,,12.8,0,0,0,0,0,2,0,0,0,1,,1,,0,0,0,2023
5854,Svi Mykhailiuk,Bos,G-F,27,8,4,,20.5,14.3,0,0,3,0.333,9,0.222,0.333,1,0.6,,0.1,,0.1,0,3.9,2023
5855,Josh Okogie,Pho,F,25.8,4,7.3,,21.8,17.8,6,0.5,6,0.667,3,0.333,0.601,3.5,1,,0.5,,0.5,0,6.6,2023
5856,Michael Porter Jr.,Den,F,26,12,36.9,,18.2,11,26,0.769,65,0.538,81,0.407,0.6,15.8,6.8,,1.1,,0.9,0.8,5.3,2023
5857,Mitchell Robinson,Nyk,C,26.2,6,19.1,,7.9,17.5,8,0.375,14,0.5,0,0,0.485,2.8,6.8,,0.5,,1,1.2,4.4,2023
5858,Moritz Wagner,Orl,F-C,27.1,7,15,,21.5,18.1,17,0.588,27,0.519,9,0.222,0.506,6.3,4.4,,0.3,,0.9,0.4,5.4,2023
5859,Kenrich Williams,Okc,G-F,29.5,7,4.5,,11.6,0,0,0,3,0.667,5,0,0.25,0.6,1.1,,0.4,,0.1,0,5.7,2023
5860,Luka Doncic,Dal,G,25.3,22,40.9,,33.4,15.1,153,0.765,293,0.536,211,0.322,0.556,28.9,9.5,,8.1,,1.9,0.4,12.8,2023
5861,Goga Bitadze,Orl,C-F,24.9,2,4.9,,13.4,33.3,0,0,2,0,0,0,0,0,1.5,,1,,0,0,0,2023
5862,Oshae Brissett,Bos,F-G,26,10,5.5,,11.6,8.2,4,0.5,9,0.444,2,1,0.627,1.6,1.4,,0,,0.3,0.2,0,2023
5863,Rui Hachimura,Lal,F,26.4,5,30.5,,13.2,5,8,0.5,24,0.417,14,0.357,0.47,7.8,3.8,,0.8,,0,0,3.8,2023
5864,Duncan Robinson,Mia,F,30.2,5,11.9,,17.2,23.8,0,0,3,0.667,13,0.231,0.406,2.6,1,,1.2,,0.4,0,4.9,2023
5865,Jordan McLaughlin,Min,G,28.2,6,5,,18.1,18.2,2,0,4,0.5,5,0,0.202,0.7,0.7,,0.3,,0,0,4.2,2023
5866,Gabe Vincent,Lal,G,28,5,13.8,,10,20,0,0,5,0.4,7,0.143,0.292,1.4,1.6,,0.6,,0.4,0,3.2,2023
5867,Drew Eubanks,Pho,F-C,27.4,3,12.5,,19.2,13.9,3,1,12,0.583,0,0,0.638,5.7,1.3,,0,,0.7,0.3,0,2023
5868,Haywood Highsmith,Mia,F,27.5,5,25.1,,12.6,12.3,1,1,12,0.583,16,0.188,0.422,4.8,2.8,,1.6,,0.2,0.2,4.4,2023
5869,Amir Coffey,Lac,G-F,27,6,18.7,,11,18.5,0,0,11,0.364,11,0.273,0.386,2.8,1.7,,0.3,,0.3,0.2,2.4,2023
5870,DaQuan Jeffries,Nyk,G-F,26.8,4,5,,17.5,0,0,0,3,0.333,5,0.4,0.5,2,1,,0,,0.3,0,0,2023
5871,Terance Mann,Lac,G-F,27.7,6,31.2,,13.3,9.7,8,1,24,0.375,22,0.455,0.565,9.3,5,,1.8,,0,0,5.6,2023
5872,Andrew Nembhard,Ind,G-F,24.4,17,32.6,,17.6,11.2,26,0.769,122,0.598,60,0.483,0.654,14.9,3.3,,5.5,,0.4,0.2,7.9,2023
5873,Jalen Pickett,Den,G,24.7,3,3.6,,12.8,0,0,0,2,1,1,0,0.667,1.3,0.3,,0.3,,0,0.3,5.4,2023
5874,Max Strus,Cle,F,28.2,12,36.1,,12.9,12.7,5,1,31,0.548,72,0.347,0.542,9.5,5.3,,2.9,,0.8,0,5.8,2023
5875,Bol Bol,Pho,C-F,24.6,3,4.3,,10.8,0,0,0,3,0.333,0,0,0.333,0.7,1.3,,0,,0.3,0,0,2023
5876,Darius Garland,Cle,G,24.4,12,36,,22.4,13.6,21,0.81,100,0.48,71,0.352,0.522,15.7,3.6,,5.8,,1.1,0.2,7.7,2023
5877,Jaxson Hayes,Lal,C-F,24.1,4,6,,9.4,47.4,2,0.5,2,0,0,0,0.174,0.3,3,,0.3,,0,0,4.3,2023
5878,Nickeil Alexander-Walker,Min,F,25.8,16,23.6,,15.8,11.8,10,1,31,0.548,81,0.296,0.498,7.3,1.8,,2.3,,0.6,0.4,5.3,2023
5879,Tyler Herro,Mia,G,24.4,5,37,,25.5,15.2,10,0.9,35,0.429,43,0.349,0.51,16.8,3.6,,5.4,,0.4,0,7.4,2023
5880,Nassir Little,Pho,F-G,24.3,4,3.4,,17.2,0,0,0,2,1,3,0.333,0.7,1.8,0.3,,0,,0,0,0,2023
5881,Chuma Okeke,Orl,F,25.8,2,4.9,,15.4,0,1,1,1,1,2,0.5,0.872,3,0,,0.5,,0,0,0,2023
5882,Luguentz Dort,Okc,F,25.2,10,35,,14.4,10.7,19,0.842,27,0.296,64,0.391,0.538,10.7,4.6,,2,,1.3,0.2,5.3,2023
5883,Neemias Queta,Bos,C,24.9,3,4.5,,10.4,0,0,0,3,0.667,0,0,0.667,1.3,1,,0,,0,0.3,0,2023
5884,Naz Reid,Min,C-F,24.8,16,22.5,,21.4,9,31,0.71,73,0.548,69,0.362,0.569,11.1,3.7,,1,,0.5,0.8,6.1,2023
5885,Dean Wade,Cle,F,27.6,3,21,,11.1,13.3,0,0,3,0.333,10,0.3,0.423,3.7,2,,1.7,,0.3,0.7,4.4,2023
5886,Anthony Edwards,Min,G,22.9,16,40.5,,29.5,13.8,102,0.814,209,0.526,115,0.4,0.598,27.6,7,,6.5,,1.5,0.6,10.7,2023
5887,Obi Toppin,Ind,F,26.3,17,20.2,,21.1,9.4,25,0.76,79,0.671,56,0.357,0.634,10.9,4.4,,1.7,,0.4,0.4,8.6,2023
5888,Tyrese Haliburton,Ind,G,24.3,15,34.8,,22.1,12.6,20,0.85,75,0.693,140,0.379,0.626,18.7,4.8,,8.2,,1.3,0.7,10.4,2023
5889,Isaac Okoro,Cle,F,23.4,12,21.9,,15.1,13.5,9,0.778,35,0.457,35,0.257,0.446,5.5,1.8,,1.1,,0.9,0.3,4,2023
5890,Precious Achiuwa,Nyk,F,24.7,9,20.5,,12.6,8.5,13,0.385,40,0.525,3,0,0.482,5.2,4.2,,0.6,,0.4,1.3,4.6,2023
5891,Aaron Nesmith,Ind,G-F,24.7,17,32.9,,14.6,14,37,0.919,62,0.629,79,0.278,0.566,10.5,4.9,,2.2,,0.6,0.5,5.9,2023
5892,Cole Anthony,Orl,G,24.1,7,14.7,,21.3,10.8,9,0.889,28,0.393,13,0.154,0.4,5.1,2.1,,1.3,,0.6,0.1,6.5,2023
5893,Tyrese Maxey,Phi,G,23.6,6,44.6,,28.1,8.6,28,0.893,83,0.53,55,0.4,0.595,29.8,5.2,,6.8,,0.8,0.3,9.1,2023
5894,Josh Green,Dal,G,23.6,22,18.1,,11.4,7.6,19,0.737,26,0.5,59,0.39,0.584,5,2.5,,1,,0.8,0.1,5.1,2023
5895,Jaden McDaniels,Min,F,23.7,16,33.6,,14.6,10.8,35,0.771,84,0.571,56,0.429,0.627,12.2,3.8,,1.1,,0.9,1.1,4.4,2023
5896,Jalen Smith,Ind,F-C,24.3,7,6,,16.6,32.6,8,0.625,4,0.25,4,0.5,0.564,1.9,2,,0.3,,0.3,0.1,7,2023
5897,Zeke Nnaji,Den,F-C,23.4,3,4.7,,19.3,38.3,2,0.5,3,0.667,0,0,0.644,1.7,0.7,,0,,0,0.3,0,2023
5898,Paul Reed,Phi,F,25,6,7.2,,13.8,24.5,2,0.5,9,0.444,0,0,0.455,1.5,2.7,,0.3,,0.2,0.5,5.9,2023
5899,Isaiah Joe,Okc,G,25,10,17.3,,15.5,8.5,0,0,15,0.533,39,0.41,0.593,6.4,2.2,,1,,0.5,0,5.6,2023
5900,Payton Pritchard,Bos,G,26.4,19,18.7,,16.3,11.7,12,0.917,45,0.467,60,0.383,0.553,6.4,1.9,,2.1,,0.2,0,6.3,2023
5901,Naji Marshall,Nor,F,26.4,4,21,,17,6.6,6,1,13,0.462,15,0.4,0.587,9,2.8,,1.3,,0.5,0.5,6.1,2023
5902,Sam Merrill,Cle,G,28.1,10,12.5,,11.3,0,3,1,2,0,27,0.37,0.544,3.3,1.2,,0.9,,0,0,4.9,2023
5903,Lindy Waters III,Okc,F,26.9,3,2.8,,5.4,0,0,0,0,0,1,0,0,0,0.3,,0,,0,0,0,2023
5904,Matt Ryan,Nor,F,27.2,1,2.5,,35,50,0,0,0,0,1,0,0,0,1,,0,,1,0,0,2023
5905,Jeremiah Robinson-Earl,Nor,F,23.6,1,5.3,,23.8,0,2,0,2,0.5,0,0,0.347,2,1,,1,,0,0,9.5,2023
5906,Brandon Boston Jr.,Lac,G,22.6,3,3.2,,22.9,0,2,0.5,4,0.5,0,0,0.512,1.7,0.7,,0.3,,0,0,8.9,2023
5907,Herbert Jones,Nor,G,25.7,4,35.2,,17.8,21,12,1,17,0.471,24,0.333,0.562,13,5,,2.5,,1.3,0.3,6.2,2023
5908,Trey Murphy III,Nor,F,24,4,42,,14.6,14.3,0,0,18,0.444,30,0.333,0.479,11.5,6.5,,2.3,,1.3,1.5,5.3,2023
5909,Franz Wagner,Orl,F,22.8,7,37.1,,22.2,8,44,0.886,69,0.478,34,0.265,0.539,18.9,6.9,,4.4,,0.7,1.3,9,2023
5910,Bones Hyland,Lac,G,23.8,3,4,,37.4,11.8,4,1,2,1,5,0.2,0.628,3.7,0.7,,1.3,,0,0,15,2023
5911,Miles McBride,Nyk,G,23.8,13,26.7,,17.8,8.1,12,0.833,56,0.518,68,0.368,0.553,11,2.2,,1.9,,0.5,0.2,5.4,2023
5912,Isaiah Jackson,Ind,F,22.4,15,10.2,,16.2,8.5,18,0.611,43,0.535,0,0,0.56,3.8,3.2,,0.5,,0.2,0.9,7.2,2023
5913,Austin Reaves,Lal,G,26.1,5,34.8,,20,5.9,19,0.895,37,0.622,26,0.269,0.589,16.8,3.8,,3.6,,1.4,0.6,7,2023
5914,Luka Garza,Min,C,25.5,7,3.7,,27.4,0,8,0.875,9,0.889,3,0.667,0.934,4.1,0.9,,0.1,,0,0,7.8,2023
5915,Sam Hauser,Bos,F,26.5,19,14.9,,14.6,3.4,4,1,13,0.692,71,0.38,0.601,5.4,2.2,,0.6,,0.3,0.2,5.2,2023
5916,Jericho Sims,Nyk,C,25.7,5,5.5,,6,0,4,0.75,2,1,0,0,0.931,1.4,1.6,,0.2,,0.4,0.2,5.6,2023
5917,Josh Giddey,Okc,G,21.7,10,18.1,,22.8,13.7,8,0.875,41,0.537,34,0.353,0.554,8.7,3.6,,2.1,,0.2,0.4,8.9,2023
5918,Jalen Suggs,Orl,G,23,7,33.2,,21.8,19.5,30,0.767,34,0.559,48,0.292,0.541,14.7,5.1,,3.3,,1.3,0.4,7.6,2023
5919,Evan Mobley,Cle,C,23,12,35.2,,20.3,13.1,36,0.694,128,0.594,18,0.278,0.593,16,9.3,,2.3,,0.8,2.2,7.9,2023
5920,Aaron Wiggins,Okc,G,25.5,10,15.7,,17.7,16,11,0.909,27,0.63,20,0.3,0.598,6.2,3.2,,1,,0.6,0.3,6.9,2023
5921,E.J. Liddell,Nor,F,23.5,1,2.5,,0,0,0,0,0,0,0,0,0,0,1,,0,,0,0,0,2023
5922,Jose Alvarado,Nor,G,26.2,4,15.4,,17.1,16.7,0,0,6,0.333,14,0.071,0.175,1.8,1,,2.3,,1.3,0.3,4.2,2023
5923,A.J. Lawson,Dal,G,23.9,10,3,,15,0,2,0.5,3,0.667,6,0.333,0.557,1.1,0.3,,0,,0,0.1,0,2023
5924,MarJon Beauchamp,Mil,F,23.7,4,2.5,,27.6,19.2,2,0.5,2,0.5,2,0,0.307,0.8,0.3,,0.5,,0,0,7.9,2023
5925,Dyson Daniels,Nor,G,21.3,3,5.7,,18,14.3,0,0,4,0.5,2,0,0.333,1.3,0.7,,0,,0.7,0,0,2023
5926,Jaden Hardy,Dal,G,22,19,6.8,,28.8,9.3,15,0.733,41,0.439,27,0.407,0.536,4.2,0.8,,0.9,,0.2,0,8.5,2023
5927,Paolo Banchero,Orl,F,21.6,7,37.5,,33.9,17.6,49,0.755,109,0.477,40,0.4,0.554,27,8.6,,4,,1.1,0.6,10.4,2023
5928,Chet Holmgren,Okc,C,22.1,10,34.5,,20.2,13.7,33,0.758,69,0.667,50,0.26,0.584,15.6,7.2,,2.1,,0.7,2.5,7.2,2023
5929,Nikola Jovic,Mia,F,21,5,25.7,,17.2,14.2,7,0.857,14,0.5,22,0.409,0.601,9.4,6.6,,2.2,,1,0.6,8,2023
5930,Wendell Moore Jr.,Min,G,22.7,6,3.1,,19.7,12.5,0,0,3,0.667,4,0.25,0.5,1.2,0.3,,0.3,,0.2,0,6.1,2023
5931,Kendall Brown,Ind,G,21.1,7,3.5,,16.5,33.3,0,0,6,0.333,0,0,0.333,0.6,0.4,,0.3,,0,0.1,4.8,2023
5932,Jalen Williams,Okc,F,23.2,10,37.7,,23.1,10.6,27,0.815,121,0.496,39,0.385,0.544,18.7,6.8,,5.4,,1.7,0.5,9.4,2023
5933,Orlando Robinson,Mia,C,23.9,1,2.5,,19.6,0,0,0,0,0,1,0,0,0,1,,1,,0,0,0,2023
5934,Jaylin Williams,Okc,F,22,10,12.7,,13.6,8.3,4,0.75,11,0.636,22,0.409,0.633,4.4,3.2,,1.5,,0.4,0.3,8.7,2023
5935,Julian Strawther,Den,G,22.2,3,5.3,,25.5,13.9,4,0.5,2,0.5,4,0.25,0.451,2.3,0.7,,0,,0.3,0,0,2023
5936,Christian Braun,Den,G,23.2,12,17,,13.9,1.8,16,0.688,36,0.528,18,0.222,0.5,5.1,2.7,,0.8,,0.2,0.4,5.2,2023
5937,Leonard Miller,Min,F,20.6,3,2.3,,6.7,0,0,0,0,0,1,0,0,0,1.3,,0,,0,0,0,2023
5938,Josh Minott,Min,F,21.6,5,3.6,,22.6,0,0,0,4,0,5,0.4,0.333,1.2,1,,0.6,,0,0,10,2023
5939,Jaime Jaquez Jr.,Mia,G,23.3,4,30.6,,24.8,11.8,7,0.857,39,0.462,13,0.231,0.463,12.8,3.3,,3,,0.8,0.5,6.6,2023
5940,Ousmane Dieng,Okc,F,21.1,4,1.8,,12.5,0,0,0,1,1,1,0,0.5,0.5,0,,0,,0,0,0,2023
5941,Peyton Watson,Den,G,21.8,10,9,,15.1,11,6,0.5,12,0.25,12,0.25,0.338,1.8,1.5,,0.4,,0,0.6,4.6,2023
5942,Caleb Houstan,Orl,G,21.4,3,4.7,,6.3,0,0,0,0,0,2,0.5,0.75,1,0.7,,0,,0,0,0,2023
5943,AJ Green,Mil,G,24.7,6,11.2,,12.5,5.7,3,1,5,0.8,11,0.182,0.491,2.8,1.5,,0.3,,0,0,3.9,2023
5944,Anthony Black,Orl,G,20.4,2,5.4,,32.5,12.5,0,0,5,0.6,2,0,0.429,3,1,,1,,0.5,0,10.7,2023
5945,Jarace Walker,Ind,F,20.8,9,3.4,,25.4,36.8,3,0.667,7,0.429,3,0,0.353,0.9,0.4,,0.4,,0.2,0.1,6.2,2023
5946,Cason Wallace,Okc,G,20.6,10,19.8,,10.6,8.8,2,0.5,13,0.538,28,0.321,0.501,4.2,1.3,,1,,0.9,0.2,3.6,2023
5947,Jordan Hawkins,Nor,G,22.1,3,3.8,,15.2,0,0,0,1,0,3,0,0,0,0.7,,0,,0,0,0,2023
5948,Jett Howard,Orl,G,20.8,2,4.9,,22.4,40,0,0,2,0.5,1,1,0.833,2.5,0.5,,0.5,,0,0,7,2023
5949,Dereck Lively II,Dal,C,20.3,21,22,,14.1,18.1,61,0.59,94,0.67,1,1,0.677,7.9,7.4,,1.3,,0.4,1,7.7,2023
5950,Kobe Brown,Lac,F,24.5,3,3.2,,0,0,0,0,0,0,0,0,0,0,0.7,,0,,0,0,0,2023
5951,Andre Jackson Jr.,Mil,G,22.6,5,11.9,,10.8,21.4,0,0,5,0.6,6,0.333,0.545,2.4,2.2,,2,,1,0.2,7.4,2023
5952,Chris Livingston,Mil,F,20.7,2,3.1,,17.2,0,3,0,1,1,0,0,0.431,1,0,,0,,0,0,0,2023
5953,Olivier-Maxence Prosper,Dal,F,22,3,3,,10.2,0,0,0,2,0,0,0,0,0,1,,0.3,,0,0,0,2023
5954,Ben Sheppard,Ind,G,22.9,17,19.7,,11.6,13.4,9,0.778,21,0.571,50,0.38,0.587,5.2,3,,1,,0.5,0.1,5.1,2023
5955,Hunter Tyson,Den,F,24,3,4.6,,19.7,19.2,2,0.5,1,0,3,0,0.102,0.3,1,,0.3,,0,0,3.9,2023
5956,Jordan Walsh,Bos,G,20.3,3,3.8,,12.3,0,0,0,2,0.5,1,0,0.333,0.7,0.7,,0,,0,0,0,2023
5957,Pascal Siakam,Ind,F,30.2,17,35.4,,25.3,6.1,63,0.619,243,0.588,47,0.298,0.578,21.6,7.5,,3.8,,0.8,0.4,9.6,2023
5958,Buddy Hield,Phi,G,31.5,4,12.8,,18,10.3,2,1,4,0.25,13,0.462,0.615,5.5,1.3,,0.5,,0,0.3,4.8,2023
5959,Cameron Payne,Phi,G,29.9,5,12.2,,21.1,10.7,0,0,7,0.286,18,0.444,0.56,5.6,1.2,,1.4,,0.2,0.8,6.9,2023
5960,Patrick Beverley,Mil,G,35.9,6,34.9,,11.3,13.2,15,0.867,28,0.429,11,0.364,0.537,8.2,3.3,,5.5,,1,0.7,6.1,2023
5961,Daniel Gafford,Dal,F-C,25.7,22,20.2,,17.4,13.4,65,0.631,123,0.634,0,0,0.65,9,5.5,,0.7,,0.3,1.5,6.5,2023
5962,P.J. Washington,Dal,F,25.8,22,35.7,,16.8,12,55,0.709,99,0.535,135,0.348,0.554,13,6.6,,1.4,,0.7,0.8,5.5,2023
5963,Royce O'Neale,Pho,F,31,4,26.1,,10.8,8.3,0,0,4,0.25,18,0.333,0.455,5,4.8,,1,,0.3,0,4.4,2023
5964,Bojan Bogdanovic,Nyk,F,35.2,4,12.7,,24.4,4,7,0.571,9,0.111,15,0.4,0.443,6,3,,1,,0,0.3,8.3,2023
5965,Alec Burks,Nyk,G,32.9,6,20.1,,23.4,0,32,0.844,22,0.591,28,0.429,0.694,14.8,3.3,,1,,0.2,0.2,7.3,2023
5966,Doug McDermott,Ind,F,32.5,10,6.4,,8.5,8.3,0,0,3,0.667,8,0.375,0.591,1.3,0.3,,0.7,,0,0.2,4.1,2023
5967,Monte Morris,Min,G,29,9,7.4,,21.1,0,2,1,16,0.5,14,0.071,0.34,2.3,0.7,,1,,0.2,0.1,6.3,2023
5968,Spencer Dinwiddie,Lal,G,31.2,5,14.6,,11.2,6.6,6,0.5,6,0.5,8,0.25,0.451,3,1.4,,1.6,,0.4,0.2,5.2,2023
5969,David Roddy,Pho,F,23.2,2,1.4,,0,0,0,0,0,0,0,0,0,0,0,,0,,0,0,0,2023
5970,Kyle Lowry,Phi,G,38.2,6,29.3,,11.2,11,15,0.8,8,0.375,24,0.333,0.544,7,3.5,,4,,1,0.7,6.3,2023
5971,Gordon Hayward,Okc,F,34.2,7,6.6,,3,0,0,0,3,0,0,0,0,0,1.9,,0.4,,0.1,0.1,0,2023
5972,Xavier Tillman,Bos,F,25.4,8,8.6,,7.7,26.2,1,1,7,0.571,1,1,0.711,1.5,1.8,,0.4,,0.4,0.4,4.8,2023
5973,Jaden Springer,Bos,G,21.7,4,5.5,,10.6,40,0,0,3,0.667,0,0,0.667,1,0.8,,0.3,,0,0.3,4.5,2023
5974,Thaddeus Young,Pho,F,36,1,3.6,,0,0,0,0,0,0,0,0,0,0,0,,0,,0,0,0,2023
5975,Danilo Gallinari,Mil,F,35.9,3,12.4,,13.3,10.7,4,0.75,6,0.667,2,0,0.564,3.7,3,,0.7,,0,0,6.4,2023
5976,Delon Wright,Mia,G,32.1,4,26.8,,9.5,0,2,1,10,0.6,10,0.6,0.766,8,3,,1.8,,1,0.3,5.2,2023
5977,Shake Milton,Nyk,G-F,27.7,4,5.5,,17.2,0,6,0.833,4,0,2,0,0.289,1.3,0.3,,0.5,,0.3,0,4.2,2023
5978,T.J. Warren,Min,F,30.8,3,3.8,,8.1,0,0,0,1,0,1,0,0,0,1,,0.3,,0,0,0,2023
5979,Patty Mills,Mia,G,35.9,3,17.2,,18.8,5.5,4,0.75,6,0.5,11,0.273,0.48,6,0.3,,1,,0.3,0,2.8,2023
5980,Marcus Morris Sr.,Cle,F,34.8,9,15.3,,17.7,5.8,3,0.667,25,0.52,23,0.391,0.558,6.1,2.8,,0.3,,0.4,0,4.5,2023
5981,Isaiah Thomas,Pho,G,35.4,1,3.6,,39.1,33.3,0,0,1,0,1,0,0,0,0,,0,,0,0,0,2023
5982,Mamadi Diakite,Nyk,F,27.4,4,3.7,,14.4,22.5,2,1,1,0,2,0,0.258,0.5,0.8,,0.3,,0.3,0.3,5.3,2023
5983,LeBron James,Lal,F,39.3,71,35.3,,29.1,16.1,404,0.75,906,0.592,363,0.41,0.63,25.7,7.3,,8.3,,1.3,0.5,13.1,2023
5984,Chris Paul,Gol,G,38.9,58,26.4,,15.6,14,52,0.827,257,0.498,210,0.371,0.544,9.2,3.9,,6.8,,1.2,0.1,9.5,2023
5985,Kyle Lowry,Mia,G,38.1,37,28,,13.4,17.7,42,0.833,81,0.506,161,0.385,0.582,8.2,3.5,,4,,1.1,0.4,6.9,2023
5986,P.J. Tucker,Phi,F,38.9,3,22.1,,4.6,28.6,0,0,0,0,5,0.4,0.6,2,4.7,,0,,1,0.7,0,2023
5987,P.J. Tucker,Lac,F,38.9,28,15,,5.5,11.7,3,1,15,0.333,30,0.367,0.497,1.6,2.5,,0.6,,0.5,0.2,3.6,2023
5988,Kevin Durant,Pho,F,35.5,75,37.2,,29,14.5,423,0.856,1029,0.567,407,0.413,0.626,27.1,6.6,,5,,0.9,1.2,10.4,2023
5989,Al Horford,Bos,C-F,37.9,65,26.8,,12,10.3,30,0.867,161,0.658,258,0.419,0.65,8.6,6.4,,2.6,,0.6,1,7.8,2023
5990,Mike Conley,Min,G,36.5,76,28.9,,16,13.7,110,0.909,239,0.481,405,0.442,0.626,11.4,2.9,,5.9,,1.2,0.2,8,2023
5991,Jeff Green,Hou,F,37.6,78,16.8,,15.5,11.2,149,0.819,206,0.553,160,0.331,0.59,6.5,2.3,,0.9,,0.2,0.4,5.7,2023
5992,Thaddeus Young,Tor,F,35.8,23,15.2,,12.6,11.2,12,0.417,81,0.654,6,0.167,0.618,5,3.3,,2.2,,0.8,0.1,8.7,2023
5993,Derrick Rose,Mem,G,35.5,24,16.6,,22.4,15.8,27,0.889,124,0.492,41,0.366,0.54,8,1.9,,3.3,,0.3,0.1,8.9,2023
5994,Russell Westbrook,Lac,G,35.4,68,22.5,,25.2,17.8,160,0.688,509,0.509,154,0.273,0.514,11.1,5,,4.5,,1.1,0.3,11.2,2023
5995,Kevin Love,Mia,F,35.6,55,16.8,,21.9,11.8,108,0.787,115,0.643,244,0.344,0.597,8.8,6.1,,2.1,,0.3,0.2,11.5,2023
5996,Danilo Gallinari,Was,F,35.7,26,14.8,,18.3,8.4,56,0.839,67,0.552,64,0.313,0.581,7,2.9,,1.2,,0.2,0.1,7.8,2023
5997,Eric Gordon,Pho,G,35.3,68,27.8,,16.5,10.6,64,0.797,221,0.561,397,0.378,0.58,11,1.8,,2,,1,0.4,4.9,2023
5998,Brook Lopez,Mil,C,36,79,30.5,,16,9.5,134,0.821,351,0.621,404,0.366,0.608,12.5,5.2,,1.6,,0.5,2.4,6.2,2023
5999,Robin Lopez,Mil,C,36,16,4,,14.6,9.3,2,1,11,0.455,8,0.25,0.453,1.1,0.3,,0.3,,0.1,0.2,4.6,2023
6000,JaVale McGee,Sac,C-F,36.2,46,7.4,,23.4,20.5,45,0.578,125,0.624,7,0.143,0.609,4,2.7,,0.4,,0.3,0.4,8.8,2023
6001,Nicolas Batum,Lac,G-F,35.3,3,18,,7.3,11.1,0,0,1,1,7,0.286,0.5,2.7,2.3,,1.7,,1,1.3,4.9,2023
6002,Nicolas Batum,Phi,G-F,35.3,57,25.9,,8.7,13.6,21,0.714,70,0.6,178,0.399,0.606,5.5,4.2,,2.2,,0.8,0.6,5.7,2023
6003,DeAndre Jordan,Den,C,35.7,36,11,,15.4,19.8,53,0.491,93,0.624,0,0,0.61,3.9,4.4,,0.7,,0.2,0.4,8.3,2023
6004,James Harden,Lac,G,34.6,72,34.3,,20.6,18.4,344,0.878,334,0.497,488,0.381,0.612,16.6,5.1,,8.5,,1.1,0.8,10.5,2023
6005,Stephen Curry,Gol,G,36.1,74,32.7,,31.3,12.7,324,0.923,569,0.515,876,0.408,0.616,26.4,4.5,,5.1,,0.7,0.4,10.4,2023
6006,DeMar DeRozan,Chi,F,34.7,79,37.8,,25.8,9.1,612,0.853,1130,0.509,225,0.333,0.584,24,4.3,,5.3,,1.1,0.6,8.7,2023
6007,James Johnson,Ind,F,37.1,9,5.2,,14.1,32.4,2,1,8,0.375,2,0,0.368,0.9,0.4,,0.9,,0.6,0.1,5.3,2023
6008,Jrue Holiday,Bos,G,33.8,69,32.8,,16.3,15.2,72,0.833,367,0.526,322,0.429,0.597,12.5,5.4,,4.8,,0.9,0.8,8.4,2023
6009,Taj Gibson,Nyk,F,38.8,16,10.3,,7.5,17.6,2,1,17,0.412,6,0,0.335,1,1.8,,0.6,,0.1,0.4,4,2023
6010,Patrick Beverley,Phi,G,35.8,47,19.6,,14.9,16.9,63,0.81,132,0.523,109,0.321,0.547,6.3,3.1,,3.1,,0.5,0.4,8,2023
6011,Danny Green,Phi,G,36.8,2,9.3,,4.7,0,0,0,1,0,1,0,0,0,1,,0.5,,0.5,0,0,2023
6012,Patty Mills,Atl,G,35.7,19,10.6,,12.2,13.6,0,0,17,0.353,34,0.382,0.5,2.7,1.1,,0.7,,0.5,0.1,4.8,2023
6013,Garrett Temple,Tor,G-F,37.9,27,10.7,,15,15.2,22,0.818,38,0.447,40,0.3,0.502,3.3,1.7,,1,,0.4,0.1,6.6,2023
6014,Wesley Matthews,Atl,G,37.5,36,11.5,,11.7,7.6,24,0.75,28,0.357,69,0.348,0.511,3.1,1.5,,0.6,,0.4,0.3,4.9,2023
6015,Gordon Hayward,Cha,F,34.1,25,31.9,,21.3,14.6,81,0.765,236,0.496,61,0.361,0.544,14.5,4.7,,4.6,,1.1,0.5,8.5,2023
6016,Paul George,Lac,G,34,74,33.8,,26.6,11,291,0.907,648,0.523,588,0.413,0.613,22.6,5.2,,3.5,,1.5,0.5,8.8,2023
6017,Ish Smith,Cha,G,35.8,43,17.2,,12.3,22.9,4,0.75,150,0.413,8,0.5,0.435,3.2,1.8,,3.4,,0.4,0.1,6.3,2023
6018,Kyrie Irving,Dal,G,32.1,58,35,,28.1,8.6,210,0.905,710,0.548,421,0.411,0.608,25.6,5,,5.2,,1.3,0.5,10,2023
6019,Tristan Thompson,Cle,C-F,33.1,49,11.2,,13.7,19.6,52,0.288,118,0.619,1,0,0.567,3.3,3.6,,1,,0.2,0.3,8.1,2023
6020,Jonas Valanciunas,Nor,C,31.9,82,23.5,,20.8,13.4,205,0.785,599,0.609,120,0.308,0.619,12.2,8.8,,2.1,,0.4,0.8,10.4,2023
6021,Bismack Biyombo,Mem,C,31.6,30,23.9,,10.6,24.2,46,0.478,119,0.563,0,0,0.56,5.2,6.4,,1.7,,0.3,1.1,6.4,2023
6022,Klay Thompson,Gol,F,34.2,77,29.7,,24.2,9.4,137,0.927,442,0.502,691,0.388,0.576,17.9,3.3,,2.3,,0.6,0.5,6.9,2023
6023,Alec Burks,Det,G,32.7,43,20.9,,23.5,7.3,134,0.903,159,0.384,247,0.401,0.581,12.6,2.6,,1.6,,0.5,0.3,7.2,2023
6024,Markieff Morris,Dal,F,34.6,26,8.3,,16.4,14.9,6,0.833,26,0.308,42,0.357,0.467,2.5,1.5,,0.6,,0.2,0.1,6.3,2023
6025,Marcus Morris Sr.,Phi,F,34.6,37,17.2,,16.3,8.5,36,0.861,115,0.47,90,0.4,0.559,6.7,2.9,,0.7,,0.4,0.3,5.6,2023
6026,Kawhi Leonard,Lac,F,32.8,68,34.3,,26.5,9.3,286,0.885,826,0.569,336,0.417,0.626,23.7,6.1,,3.6,,1.6,0.9,9.4,2023
6027,Nikola Vucevic,Chi,C,33.5,76,34.3,,23.3,9.1,129,0.822,897,0.551,313,0.294,0.541,18,10.5,,3.3,,0.7,0.8,10,2023
6028,Tobias Harris,Phi,F,31.7,70,33.8,,20.7,8.9,213,0.878,693,0.537,258,0.353,0.576,17.2,6.5,,3.1,,1,0.7,8.3,2023
6029,Reggie Jackson,Den,G,34,82,22.2,,21.7,12.3,98,0.806,472,0.475,284,0.359,0.521,10.2,1.9,,3.8,,0.5,0.1,7.6,2023
6030,Cory Joseph,Gol,G,32.7,26,11.4,,11.3,15.7,7,0.571,22,0.455,42,0.31,0.47,2.4,1.2,,1.6,,0.2,0.1,5.8,2023
6031,Jimmy Butler,Mia,F,34.6,60,34,,24,11.4,459,0.858,648,0.519,145,0.414,0.626,20.8,5.3,,5,,1.3,0.3,9.6,2023
6032,Bojan Bogdanovic,Det,F,35,28,32.9,,24.7,12.9,104,0.779,218,0.518,207,0.415,0.6,20.2,3.4,,2.5,,0.8,0.1,6.8,2023
6033,Davis Bertans,Okc,F,31.4,15,6.1,,16,3.6,15,0.933,2,0,24,0.417,0.675,2.9,0.7,,0.6,,0.2,0.2,7,2023
6034,Anthony Davis,Lal,C,31.1,76,35.5,,26.7,11,516,0.816,1176,0.582,107,0.271,0.621,24.7,12.6,,3.5,,1.2,2.3,11.6,2023
6035,Bradley Beal,Pho,G,30.8,53,33.3,,22.7,15.1,134,0.813,500,0.552,235,0.43,0.607,18.2,4.4,,5,,1,0.5,8.9,2023
6036,Damian Lillard,Mil,G,33.8,73,35.3,,28.4,13.1,514,0.92,655,0.49,622,0.354,0.59,24.3,4.4,,7,,1,0.2,10.3,2023
6037,Andre Drummond,Chi,C,30.7,79,17.1,,21.3,14.4,218,0.592,477,0.56,3,0,0.576,8.4,9,,0.5,,0.9,0.6,7.9,2023
6038,Harrison Barnes,Sac,F,31.9,82,29,,15.7,7.2,196,0.801,347,0.571,385,0.387,0.611,12.2,3,,1.2,,0.7,0.1,4.9,2023
6039,Evan Fournier,Nyk,G-F,31.5,3,12.9,,24.5,4.7,2,1,5,0.4,15,0.133,0.287,4,1.3,,1,,1.3,0,5.4,2023
6040,Jae Crowder,Mil,F,33.8,50,23.1,,11.5,7.8,36,0.722,104,0.538,166,0.349,0.546,6.2,3.2,,1.3,,0.8,0.2,5.1,2023
6041,Draymond Green,Gol,F,34.1,55,27.1,,15.3,26.6,74,0.73,243,0.551,129,0.395,0.587,8.6,7.2,,6,,1,0.9,10.6,2023
6042,Khris Middleton,Mil,F,32.7,55,27,,23.9,16.5,120,0.833,396,0.563,247,0.381,0.595,15.1,4.7,,5.3,,0.9,0.3,10.7,2023
6043,Justin Holiday,Den,F-G,35,58,14.9,,10.6,6.7,4,0.75,58,0.569,136,0.404,0.598,4,1.2,,1.2,,0.6,0.2,4.8,2023
6044,Alex Len,Sac,C,30.8,48,9.3,,11.8,24.9,34,0.588,78,0.641,3,0,0.625,2.5,2.7,,1,,0.2,0.7,8.1,2023
6045,CJ McCollum,Nor,G,32.6,66,32.7,,24.7,9.4,139,0.827,498,0.492,557,0.429,0.592,20,4.3,,4.6,,0.9,0.6,9,2023
6046,Cody Zeller,Nor,F-C,31.5,43,7.4,,12.9,20.4,38,0.605,59,0.424,3,0.333,0.483,1.8,2.6,,0.9,,0.2,0.1,8.7,2023
6047,Dennis Schroder,Tor,G,30.6,51,30.6,,19.4,12.9,149,0.852,339,0.501,220,0.35,0.559,13.7,2.7,,6.1,,0.9,0.2,8,2023
6048,Kelly Olynyk,Uta,F-C,33,50,20.4,,15.6,23.9,95,0.842,174,0.626,84,0.429,0.677,8.1,5.1,,4.4,,0.7,0.2,11.1,2023
6049,Kentavious Caldwell-Pope,Den,G,31.2,76,31.6,,12.9,11.3,113,0.894,279,0.52,308,0.406,0.602,10.1,2.4,,2.4,,1.3,0.6,4.9,2023
6050,Mason Plumlee,Lac,F-C,34.1,46,14.7,,15.1,19,99,0.707,147,0.592,6,0,0.621,5.3,5.1,,1.2,,0.3,0.4,8.7,2023
6051,Mike Muscala,Was,F-C,32.8,24,14.1,,14.3,15,20,0.75,39,0.487,51,0.275,0.481,4,3.1,,1,,0.2,0.3,6.6,2023
6052,Otto Porter Jr.,Tor,F,30.9,15,11.6,,8.9,5.6,3,1,10,0.6,23,0.348,0.568,2.6,1.9,,0.5,,0.3,0.3,4.7,2023
6053,Reggie Bullock Jr.,Hou,G-F,33.1,44,9.5,,9.4,10.8,1,1,15,0.467,67,0.403,0.582,2.2,1.7,,0.3,,0.3,0.1,4.4,2023
6054,Robert Covington,Lac,F,33.3,3,23.1,,6.3,0,2,0.5,1,1,8,0.25,0.455,3,2.7,,2.3,,2,0.7,4.6,2023
6055,Robert Covington,Phi,F,33.3,26,16.1,,11.4,11,24,0.875,41,0.561,48,0.354,0.593,4.5,3.4,,0.7,,1.3,0.6,5.5,2023
6056,Rudy Gobert,Min,C,31.8,76,34.1,,15.4,16.1,390,0.638,611,0.664,3,0,0.675,14,12.9,,1.3,,0.7,2.1,7.2,2023
6057,Tim Hardaway Jr.,Dal,G-F,32.1,79,26.8,,22.6,6.6,169,0.852,379,0.478,597,0.353,0.542,14.4,3.2,,1.8,,0.5,0.1,6.5,2023
6058,Giannis Antetokounmpo,Mil,F,29.4,73,35.2,,33,15.4,782,0.657,1246,0.644,124,0.274,0.648,30.4,11.5,,6.5,,1.2,1.1,14.9,2023
6059,Seth Curry,Dal,G,33.6,36,12.7,,15.9,9.9,19,0.895,65,0.385,80,0.363,0.502,4.3,1.4,,0.8,,0.5,0.1,5.3,2023
6060,Thanasis Antetokounmpo,Mil,F,31.7,34,4.6,,12.5,31.8,2,0,29,0.552,1,0,0.518,0.9,0.4,,0.5,,0.2,0.1,4.9,2023
6061,Zach LaVine,Chi,G,29.1,25,34.9,,23.8,12.1,103,0.854,207,0.536,169,0.349,0.578,19.5,5.1,,3.9,,0.8,0.3,8.4,2023
6062,Jordan Clarkson,Uta,G,31.9,55,30.6,,26.1,15.2,201,0.881,507,0.485,309,0.294,0.521,17.1,3.4,,5,,0.6,0.1,8.7,2023
6063,Gary Harris,Orl,G,29.6,54,24,,11.7,9.4,45,0.756,92,0.598,205,0.371,0.587,6.9,1.7,,1.6,,0.9,0.3,4.4,2023
6064,Spencer Dinwiddie,Bro,G,31,48,30.7,,18.6,11,160,0.781,221,0.48,278,0.32,0.53,12.6,3.3,,6,,0.8,0.2,8.2,2023
6065,Jerami Grant,Por,F,30.1,54,33.9,,25.7,12,312,0.817,574,0.474,276,0.402,0.573,21,3.5,,2.8,,0.8,0.6,7,2023
6066,Joe Harris,Det,G-F,32.6,16,10.6,,11,9.3,2,0.5,9,0.444,30,0.333,0.489,2.4,0.8,,0.6,,0.2,0.1,4,2023
6067,Doug McDermott,San,F,32.3,46,15.2,,14.9,10,17,0.588,42,0.452,173,0.439,0.62,6,1,,1.2,,0.2,0,5.1,2023
6068,Aaron Gordon,Den,F,28.6,73,31.5,,17.8,12.8,269,0.658,578,0.619,138,0.29,0.607,13.9,6.4,,3.5,,0.8,0.6,8.6,2023
6069,Marcus Smart,Mem,G,30.1,20,30.2,,23,20.7,56,0.768,103,0.583,134,0.313,0.552,14.5,2.7,,4.3,,2.1,0.3,7.3,2023
6070,Kyle Anderson,Min,F-G,30.6,79,22.6,,14.5,17.4,137,0.708,385,0.488,48,0.229,0.513,6.4,3.5,,4.2,,0.9,0.6,8,2023
6071,Dwight Powell,Dal,F-C,32.7,63,13.3,,9.1,23.1,89,0.708,103,0.689,3,0.333,0.716,3.3,3.4,,1.3,,0.4,0.3,7.3,2023
6072,Julius Randle,Nyk,F,29.4,46,35.4,,29.9,16,302,0.781,592,0.539,244,0.311,0.569,24,9.2,,5,,0.5,0.3,11.7,2023
6073,Andrew Wiggins,Gol,F,29.1,71,27,,20.9,10,189,0.751,526,0.498,254,0.358,0.544,13.2,4.5,,1.7,,0.6,0.6,6.9,2023
6074,Joel Embiid,Phi,C,30.1,39,33.6,,39.6,15,452,0.883,712,0.556,139,0.388,0.644,34.7,11,,5.6,,1.2,1.7,15.3,2023
6075,Dante Exum,Dal,G,28.8,55,19.8,,15,13.9,68,0.779,194,0.557,108,0.491,0.645,7.8,2.7,,2.9,,0.4,0.1,8,2023
6076,Dario Saric,Gol,F-C,30,64,17.2,,19.5,16.7,93,0.849,191,0.56,197,0.376,0.6,8,4.4,,2.3,,0.5,0.2,10.1,2023
6077,Clint Capela,Atl,C,29.9,73,25.8,,17.3,10.7,206,0.631,617,0.572,1,0,0.59,11.5,10.6,,1.2,,0.6,1.5,8.2,2023
6078,Bogdan Bogdanovic,Atl,G,31.7,79,30.4,,22.3,9.2,164,0.921,459,0.503,641,0.374,0.569,16.9,3.4,,3.1,,1.2,0.3,7.4,2023
6079,Jusuf Nurkic,Pho,C,29.6,76,27.3,,19.1,21.8,261,0.64,537,0.555,90,0.244,0.559,10.9,11,,4,,1.1,1,11.5,2023
6080,Vasilije Micic,Okc,G,30.3,30,12,,15.4,24.1,19,0.737,46,0.565,45,0.244,0.498,3.3,0.8,,2.5,,0.3,0.1,6.3,2023
6081,Nikola Jokic,Den,C,29.2,79,34.6,,29.3,14.4,438,0.817,1180,0.626,231,0.359,0.65,26.4,12.4,,9,,1.4,0.9,16.6,2023
6082,Kristaps Porzingis,Bos,C,28.7,57,29.6,,25.1,10.6,302,0.858,459,0.606,293,0.375,0.647,20.1,7.2,,2,,0.7,1.9,8.9,2023
6083,Joe Ingles,Orl,F-G,36.5,68,17.2,,11.6,22.8,34,0.824,66,0.439,161,0.435,0.612,4.4,2.1,,3,,0.6,0.1,7,2023
6084,T.J. McConnell,Ind,G,32.1,71,18.2,,23.6,15.4,62,0.79,549,0.568,44,0.409,0.586,10.2,2.7,,5.5,,1,0.1,11.7,2023
6085,Tyus Jones,Was,G,27.9,66,29.3,,16.3,9,40,0.8,410,0.537,256,0.414,0.578,12,2.7,,7.3,,1.1,0.3,8.4,2023
6086,Delon Wright,Was,G,32,33,13.8,,13.5,8.2,29,0.828,84,0.405,38,0.368,0.497,4.1,1.8,,2.5,,1.1,0.2,7.7,2023
6087,D'Angelo Russell,Lal,G,28.1,76,32.7,,22.9,12.6,192,0.828,535,0.497,545,0.415,0.588,18,3.1,,6.3,,0.9,0.5,8.6,2023
6088,Karl-Anthony Towns,Min,F,28.4,62,32.7,,27.4,15.7,292,0.873,623,0.551,327,0.416,0.625,21.8,8.3,,3,,0.7,0.7,10,2023
6089,Richaun Holmes,Dal,F,30.5,23,10.3,,14.5,16.8,21,0.571,59,0.559,0,0,0.572,3.4,3.4,,0.7,,0.1,0.4,7.8,2023
6090,Kelly Oubre Jr.,Phi,F-G,28.3,68,30.2,,22.4,9,232,0.75,553,0.517,325,0.311,0.535,15.4,5,,1.5,,1.1,0.7,6.5,2023
6091,Devin Booker,Pho,G,27.5,68,36,,29.8,12,457,0.886,887,0.552,418,0.364,0.611,27.1,4.5,,6.9,,0.9,0.4,10.5,2023
6092,Cameron Payne,Mil,G,29.7,47,14.9,,16.7,12.2,44,0.841,91,0.538,131,0.397,0.603,6.2,1.3,,2.3,,0.5,0.1,7.1,2023
6093,Myles Turner,Ind,C,28.1,77,27,,23.4,10.7,317,0.773,585,0.615,324,0.358,0.626,17.1,6.9,,1.3,,0.5,1.9,7.9,2023
6094,Trey Lyles,Sac,F,28.4,58,20,,14.4,10.6,70,0.7,102,0.578,219,0.384,0.596,7.2,4.4,,1.2,,0.3,0.3,6.7,2023
6095,Bobby Portis,Mil,F,29.2,82,24.5,,22.8,9,124,0.79,672,0.545,246,0.407,0.581,13.8,7.4,,1.3,,0.8,0.4,8.3,2023
6096,Kevon Looney,Gol,C,28.2,74,16.1,,11.3,17.6,83,0.675,232,0.599,1,0,0.62,4.5,5.7,,1.8,,0.4,0.4,8.9,2023
6097,Christian Wood,Lal,F,28.5,50,17.4,,17.6,15.9,94,0.702,150,0.587,114,0.307,0.568,6.9,5.1,,1,,0.3,0.7,7.5,2023
6098,Terry Rozier,Cha,G,30.1,30,35.5,,27.8,10.6,129,0.845,317,0.533,232,0.358,0.574,23.2,3.9,,6.6,,1.1,0.4,9.5,2023
6099,Norman Powell,Lac,G,30.9,76,26.2,,20,7.9,172,0.831,384,0.536,384,0.435,0.626,13.9,2.6,,1.1,,0.6,0.3,5.2,2023
6100,Pat Connaughton,Mil,G,31.3,76,22.1,,10.8,12.4,58,0.759,109,0.633,238,0.345,0.574,5.6,3.1,,2.1,,0.5,0.3,6,2023
6101,Josh Richardson,Mia,G,30.6,43,25.6,,16.5,9.4,54,0.944,157,0.561,190,0.347,0.573,9.9,2.8,,2.4,,0.6,0.3,6.3,2023
6102,Larry Nance Jr.,Nor,F-C,31.3,61,19.9,,11.3,16.9,61,0.77,176,0.631,65,0.415,0.653,5.7,5,,1.9,,1,0.3,7.6,2023
6103,Royce O'Neale,Bro,F,30.9,49,24.5,,13.9,13.6,22,0.682,60,0.483,265,0.366,0.544,7.4,4.5,,2.8,,0.7,0.6,7.4,2023
6104,Cedi Osman,San,F,29,72,17.6,,15.1,10.9,52,0.673,163,0.601,221,0.389,0.601,6.8,2.5,,1.7,,0.5,0.2,7,2023
6105,Boban Marjanovic,Hou,C,35.7,14,5.1,,27.1,12.7,14,0.643,32,0.563,2,0,0.56,3.2,2.3,,0.4,,0.1,0.1,11.2,2023
6106,Ben Simmons,Bro,G,27.7,15,23.9,,13,26.7,15,0.4,74,0.581,0,0,0.571,6.1,7.9,,5.7,,0.8,0.6,10.9,2023
6107,Domantas Sabonis,Sac,C,27.9,82,35.7,,22.2,20.4,415,0.704,981,0.613,87,0.379,0.637,19.4,13.7,,8.2,,0.9,0.6,14.5,2023
6108,Malik Beasley,Mil,G,27.4,79,29.6,,14.6,7,35,0.714,180,0.533,542,0.413,0.603,11.3,3.7,,1.4,,0.7,0.1,5.2,2023
6109,Kris Dunn,Uta,G,30.1,66,18.9,,13.6,20.1,32,0.688,202,0.525,111,0.369,0.546,5.4,2.9,,3.8,,1,0.4,8.3,2023
6110,Buddy Hield,Ind,G,31.3,52,25.7,,18.6,10.7,33,0.848,160,0.575,357,0.384,0.586,12,3.2,,2.7,,0.8,0.6,7.3,2023
6111,Brandon Ingram,Nor,F,26.6,64,32.9,,27.2,13.8,307,0.801,775,0.534,242,0.355,0.578,20.8,5.1,,5.7,,0.8,0.6,10.3,2023
6112,Damian Jones,Cle,C,28.8,39,6.9,,15.4,15.2,21,0.857,58,0.69,14,0.214,0.659,2.7,1.6,,0.4,,0.2,0.3,7,2023
6113,Caris LeVert,Cle,G,29.6,68,28.8,,23.1,12.5,201,0.766,488,0.486,332,0.325,0.524,14,4.1,,5.1,,1.1,0.5,9.2,2023
6114,Dejounte Murray,Atl,G,27.6,78,35.7,,26.6,12.1,262,0.794,909,0.518,554,0.363,0.555,22.5,5.3,,6.4,,1.4,0.3,10.2,2023
6115,Jamal Murray,Den,G,27.1,59,31.5,,27.9,11.2,184,0.853,645,0.51,341,0.425,0.586,21.2,4.1,,6.5,,1,0.7,10.5,2023
6116,Jakob Poeltl,Tor,C,28.5,50,26.4,,16.2,16.9,107,0.551,378,0.656,0,0,0.653,11.1,8.6,,2.5,,0.7,1.5,9.4,2023
6117,Taurean Prince,Lal,F,30.1,78,27,,13.8,11.3,68,0.735,217,0.516,355,0.397,0.579,8.9,2.9,,1.5,,0.7,0.5,5,2023
6118,Jaylen Brown,Bos,F,27.5,70,33.5,,28.9,11.7,300,0.703,846,0.57,410,0.354,0.58,23,5.5,,3.6,,1.2,0.5,9.2,2023
6119,Malcolm Brogdon,Por,G,31.3,39,28.7,,23,10.8,116,0.819,297,0.458,199,0.412,0.56,15.7,3.8,,5.5,,0.7,0.2,9.6,2023
6120,Georges Niang,Cle,F,30.8,82,22.3,,17.6,10.2,60,0.85,236,0.572,396,0.376,0.583,9.4,3.4,,1.2,,0.4,0.2,6,2023
6121,Gary Payton II,Gol,G,31.4,44,15.5,,13.6,12.8,23,0.609,128,0.648,55,0.364,0.621,5.5,2.6,,1.1,,0.9,0.4,6.5,2023
6122,Pascal Siakam,Tor,F,30,39,34.7,,25.3,11.8,223,0.758,478,0.584,145,0.317,0.6,22.2,6.3,,4.8,,0.8,0.3,10.1,2023
6123,Furkan Korkmaz,Phi,G-F,26.7,35,8.6,,13.6,11.6,20,0.7,36,0.444,40,0.35,0.519,2.5,0.9,,0.7,,0.4,0.1,5.4,2023
6124,Ivica Zubac,Lac,C,27.1,68,26.4,,16.4,13.2,166,0.723,519,0.649,0,0,0.671,11.7,9.2,,1.4,,0.3,1.2,8.1,2023
6125,Dorian Finney-Smith,Bro,F,30.9,68,28.5,,13.2,10.3,46,0.717,175,0.56,336,0.348,0.546,8.5,4.7,,1.6,,0.8,0.6,5.6,2023
6126,Fred VanVleet,Hou,G,30.1,73,36.8,,19.7,11,229,0.86,432,0.454,586,0.387,0.568,17.4,3.8,,8.1,,1.4,0.8,8.8,2023
6127,Ryan Arcidiacono,Nyk,G,30.1,20,2.3,,7.6,25,0,0,0,0,6,0,0,0,0.4,,0.2,,0.1,0,0,2023
6128,Danuel House Jr.,Phi,F-G,30.9,34,15,,12.2,15.3,46,0.761,55,0.582,50,0.3,0.575,4.2,1.7,,0.8,,0.4,0.1,4.8,2023
6129,Derrick Jones Jr.,Dal,F,27.2,76,23.5,,14.9,11.6,136,0.713,256,0.613,239,0.343,0.592,8.6,3.3,,1,,0.7,0.7,5.2,2023
6130,Shaquille Harrison,Mem,G,30.5,3,2,,14.3,0,0,0,2,0.5,0,0,0.5,0.7,0.7,,0,,0,0.3,0,2023
6131,Alex Caruso,Chi,G,30.1,71,28.7,,14.7,15.9,96,0.76,208,0.563,333,0.408,0.613,10.1,3.8,,3.5,,1.7,1,7.1,2023
6132,Markelle Fultz,Orl,G,25.9,43,21.2,,18.8,13.3,33,0.697,308,0.487,18,0.222,0.492,7.8,3.2,,2.8,,1,0.3,7.8,2023
6133,De'Aaron Fox,Sac,G,26.3,74,35.9,,31,11.1,423,0.738,969,0.522,580,0.369,0.567,26.6,4.6,,5.6,,2,0.4,9.8,2023
6134,Jayson Tatum,Bos,F,26.1,74,35.7,,30.2,11.6,497,0.833,817,0.542,609,0.376,0.604,26.9,8.1,,4.9,,1,0.6,11.5,2023
6135,Malik Monk,Sac,G,26.2,72,26,,25.9,14.4,205,0.829,470,0.528,423,0.35,0.564,15.4,2.9,,5.1,,0.6,0.5,9.4,2023
6136,Jonathan Isaac,Orl,F,26.5,58,15.8,,16.7,8.6,82,0.72,174,0.598,112,0.375,0.61,6.8,4.5,,0.5,,0.7,1.2,6.3,2023
6137,Dennis Smith Jr.,Bro,G,26.4,56,18.9,,17.7,16.7,58,0.741,229,0.502,109,0.294,0.508,6.6,2.9,,3.6,,1.2,0.2,8.7,2023
6138,Lauri Markkanen,Uta,F,26.9,55,33.1,,25,8,277,0.899,451,0.559,439,0.399,0.631,23.2,8.2,,2,,0.9,0.5,8.8,2023
6139,Donovan Mitchell,Cle,G,27.6,55,35.3,,31.3,12.4,317,0.868,595,0.539,494,0.368,0.595,26.6,5.1,,6.1,,1.8,0.5,10.6,2023
6140,Luke Kennard,Mem,G,27.8,39,25.6,,16.7,14.6,45,0.889,77,0.442,238,0.45,0.641,11,2.9,,3.5,,0.5,0.1,7.5,2023
6141,Zach Collins,San,C,26.4,69,22.1,,22.6,17.6,162,0.753,435,0.552,181,0.32,0.565,11.2,5.4,,2.8,,0.5,0.8,10,2023
6142,John Collins,Uta,F,26.6,68,28,,20.4,11.6,185,0.795,514,0.605,232,0.371,0.621,15.1,8.5,,1.1,,0.6,0.9,7.4,2023
6143,OG Anunoby,Tor,F,26.7,27,33.3,,18.2,11.8,46,0.717,158,0.608,163,0.374,0.598,15.1,4,,2.7,,1,0.5,6.6,2023
6144,OG Anunoby,Nyk,F,26.7,23,34.9,,16.8,12.9,43,0.791,152,0.553,104,0.394,0.591,14.1,4.4,,1.5,,1.7,1,5.2,2023
6145,Harry Giles III,Bro,F-C,26,16,5.1,,30.3,13.7,13,0.538,33,0.576,11,0.273,0.543,3.4,1.6,,0.4,,0.1,0.2,10.2,2023
6146,Jarrett Allen,Cle,C,26,77,31.7,,19.4,12.9,314,0.742,813,0.638,6,0,0.664,16.5,10.5,,2.7,,0.7,1.1,9.8,2023
6147,Bam Adebayo,Mia,C,26.7,71,34,,24.9,13.7,387,0.755,975,0.528,42,0.357,0.576,19.3,10.4,,3.9,,1.1,0.9,10.8,2023
6148,Isaiah Hartenstein,Nyk,C-F,25.9,75,25.3,,12,20.3,157,0.707,362,0.646,3,0.333,0.67,7.8,8.3,,2.5,,1.2,1.1,8.6,2023
6149,Kyle Kuzma,Was,F,28.7,70,32.6,,29.7,12.8,240,0.775,863,0.53,450,0.336,0.547,22.2,6.6,,4.2,,0.5,0.7,10.4,2023
6150,Derrick White,Bos,G,29.8,73,32.6,,18.6,11.8,152,0.901,344,0.555,495,0.396,0.611,15.2,4.2,,5.2,,1,1.2,8.5,2023
6151,Josh Hart,Nyk,G,29.1,81,33.4,,13.5,14.8,115,0.791,421,0.511,258,0.31,0.522,9.4,8.3,,4.1,,0.9,0.3,8.2,2023
6152,Dillon Brooks,Hou,F,28.2,72,30.9,,17.6,10.2,147,0.844,398,0.492,370,0.359,0.549,12.7,3.4,,1.7,,0.9,0.1,5.4,2023
6153,Thomas Bryant,Mia,C-F,26.7,38,11.6,,19.3,12.3,47,0.872,127,0.646,22,0.182,0.639,5.7,3.7,,0.6,,0.3,0.4,8,2023
6154,Sasha Vezenkov,Sac,F,28.7,42,12.2,,17.5,5.9,15,0.8,71,0.549,120,0.375,0.569,5.4,2.3,,0.5,,0.5,0.2,6,2023
6155,Luke Kornet,Bos,C-F,28.8,63,15.6,,11,9.4,54,0.907,202,0.698,1,1,0.736,5.3,4.1,,1.1,,0.4,1,7.4,2023
6156,Chris Boucher,Tor,F-C,31.3,50,14.1,,17.3,11.4,92,0.772,123,0.642,94,0.33,0.625,6.4,4.1,,0.5,,0.3,0.5,6.7,2023
6157,Daniel Theis,Ind,F-C,32,1,8.4,,20,0,0,0,3,0.333,1,0,0.25,2,0,,0,,0,0,0,2023
6158,Daniel Theis,Lac,F-C,32,59,17.1,,15.4,12.7,50,0.76,219,0.589,70,0.371,0.601,6.3,4.1,,1,,0.4,0.9,6.9,2023
6159,Maxi Kleber,Dal,C,32.2,43,20.3,,9.6,16.1,47,0.702,54,0.574,92,0.348,0.573,4.4,3.3,,1.6,,0.4,0.7,5.6,2023
6160,Torrey Craig,Chi,F,33.3,53,19.8,,12.5,11.3,36,0.75,98,0.49,153,0.392,0.568,5.7,4.1,,1.1,,0.6,0.4,6,2023
6161,Grayson Allen,Pho,G,28.5,75,33.5,,14.5,12.2,147,0.878,237,0.57,445,0.461,0.679,13.5,3.9,,3,,0.9,0.6,6.5,2023
6162,Udoka Azubuike,Pho,C-F,24.6,16,7.1,,12.6,14.8,13,0.231,23,0.696,0,0,0.609,2.2,2,,0.2,,0.1,0.4,5.4,2023
6163,Marvin Bagley III,Det,F,25.1,26,18.4,,21.1,13.8,61,0.82,175,0.606,6,0.167,0.638,10.2,4.5,,1,,0.2,0.5,7.8,2023
6164,Mo Bamba,Phi,C,25.9,57,13,,15.1,16.4,50,0.68,134,0.537,64,0.391,0.575,4.4,4.2,,0.7,,0.4,1.1,7.2,2023
6165,Keita Bates-Diop,Pho,F,28.2,39,15.3,,13,8,36,0.722,86,0.512,64,0.313,0.525,4.5,2.6,,0.9,,0.6,0.5,5.7,2023
6166,Mikal Bridges,Bro,F,27.6,82,34.8,,24.2,11.2,317,0.814,702,0.49,592,0.372,0.56,19.6,4.5,,3.6,,1,0.4,7.8,2023
6167,Miles Bridges,Cha,F,26.1,69,37.4,,24.7,10.2,211,0.825,760,0.529,450,0.349,0.556,21,7.3,,3.3,,0.9,0.5,8.5,2023
6168,Bruce Brown,Ind,G,27.7,33,29.7,,16.7,11.5,82,0.817,213,0.545,101,0.327,0.568,12.1,4.7,,3,,1.1,0.2,7.5,2023
6169,Troy Brown Jr.,Min,G-F,24.7,37,11.1,,15.7,13.2,22,0.864,34,0.618,84,0.369,0.603,4.2,1.9,,0.9,,0.2,0.1,7,2023
6170,Jalen Brunson,Nyk,G,27.6,77,35.4,,32.5,10.1,497,0.847,1122,0.516,526,0.401,0.592,28.7,3.6,,6.7,,0.9,0.2,10,2023
6171,Jevon Carter,Chi,G,28.6,72,13.9,,17.7,9,7,0.571,131,0.466,234,0.329,0.485,5,0.8,,1.3,,0.5,0.2,5,2023
6172,Wendell Carter Jr.,Orl,C,25,55,25.6,,17.2,13.8,134,0.694,254,0.626,171,0.374,0.623,11,6.9,,1.7,,0.6,0.5,7.9,2023
6173,Donte DiVincenzo,Nyk,G,27.2,81,29.1,,21.3,10.1,114,0.754,299,0.542,705,0.401,0.597,15.5,3.7,,2.7,,1.3,0.4,7.4,2023
6174,Bruno Fernando,Atl,F-C,25.7,45,15.2,,16.7,19,96,0.667,183,0.596,4,0,0.615,6.3,4.3,,1,,0.6,0.6,7.9,2023
6175,Shai Gilgeous-Alexander,Okc,G,25.8,75,34,,32.9,9.8,649,0.874,1218,0.576,269,0.353,0.636,30.1,5.5,,6.2,,2,0.9,11.9,2023
6176,Devonte' Graham,San,G,29.1,23,13.6,,17.8,13.6,16,0.813,25,0.52,83,0.301,0.495,5,1.6,,2.1,,0.4,0.1,7.5,2023
6177,Aaron Holiday,Hou,G,27.5,78,16.3,,16.7,11.3,62,0.935,200,0.51,217,0.387,0.578,6.6,1.6,,1.8,,0.5,0.1,6.5,2023
6178,Kevin Huerter,Sac,G,25.6,64,24.4,,17.3,8.6,47,0.766,219,0.571,341,0.361,0.564,10.2,3.5,,2.6,,0.7,0.4,7.4,2023
6179,Jaren Jackson Jr.,Mem,F,24.6,66,32.2,,30.4,12.1,417,0.808,795,0.502,366,0.32,0.553,22.5,5.5,,2.3,,1.2,1.6,8.2,2023
6180,Kevin Knox II,Det,F,24.7,31,18.1,,16.6,10.6,22,0.909,92,0.598,94,0.33,0.57,7.2,2.4,,0.7,,0.4,0.2,5.1,2023
6181,Caleb Martin,Mia,F,28.5,64,27.4,,17.3,12.1,99,0.778,327,0.489,232,0.349,0.531,10,4.4,,2.2,,0.7,0.5,6.7,2023
6182,Cody Martin,Cha,F,28.5,28,26.9,,16.1,17,33,0.606,129,0.426,86,0.314,0.46,7.5,3.9,,3.7,,1.1,0.6,7.1,2023
6183,De'Anthony Melton,Phi,G,25.9,38,26.9,,18.3,9.8,79,0.835,146,0.425,214,0.36,0.533,11.1,3.7,,3,,1.6,0.4,7.4,2023
6184,Chimezie Metu,Pho,F-C,27.1,37,12.1,,17,17.2,43,0.884,79,0.646,51,0.294,0.621,5,3,,0.5,,0.5,0.2,6.5,2023
6185,Shake Milton,Min,G-F,27.5,38,12.9,,18.7,14.9,44,0.818,107,0.467,53,0.264,0.496,4.7,1.3,,1.3,,0.4,0.1,6.2,2023
6186,Svi Mykhailiuk,Bos,G-F,26.8,41,10.1,,16.1,8,9,0.667,29,0.517,108,0.389,0.575,4,1.2,,0.9,,0.3,0,6.5,2023
6187,Josh Okogie,Pho,F,25.6,60,16,,13,14.9,102,0.745,112,0.509,94,0.309,0.552,4.6,2.6,,1.1,,0.8,0.4,5.9,2023
6188,Michael Porter Jr.,Den,F,25.8,81,31.7,,20.7,7.9,110,0.836,525,0.575,554,0.397,0.601,16.7,7,,1.5,,0.5,0.7,7.1,2023
6189,Jerome Robinson,Gol,G,27.1,22,3.7,,20.8,5.7,11,0.636,16,0.563,17,0.118,0.41,1.4,0.3,,0.2,,0,0.1,4.7,2023
6190,Mitchell Robinson,Nyk,C,26,31,24.8,,10.2,17,66,0.409,127,0.575,0,0,0.554,5.6,8.5,,0.6,,1.2,1.1,4.9,2023
6191,Collin Sexton,Uta,G,25.3,78,26.6,,27.5,13.7,370,0.859,713,0.53,325,0.394,0.607,18.7,2.6,,4.9,,0.8,0.2,9.3,2023
6192,Landry Shamet,Was,G,27.1,46,15.8,,18.8,9.9,46,0.826,117,0.556,157,0.338,0.556,7.1,1.3,,1.2,,0.5,0.2,5.6,2023
6193,Anfernee Simons,Por,G,24.9,46,34.4,,28,13.1,178,0.916,432,0.472,405,0.385,0.568,22.6,3.6,,5.5,,0.5,0.1,8.9,2023
6194,Gary Trent Jr.,Tor,G-F,25.2,71,28.1,,20,5.3,96,0.771,394,0.464,453,0.393,0.548,13.7,2.6,,1.7,,1.1,0.1,5.6,2023
6195,Jarred Vanderbilt,Lal,F,25,29,20,,11.7,19.7,36,0.667,87,0.586,27,0.296,0.578,5.2,4.8,,1.2,,1.2,0.2,6.2,2023
6196,Moritz Wagner,Orl,F-C,27,80,17.7,,22.8,15,204,0.814,436,0.674,115,0.33,0.677,10.9,4.4,,1.2,,0.5,0.3,8.7,2023
6197,Lonnie Walker IV,Bro,G-F,25.3,58,17.4,,24.4,9.4,59,0.763,221,0.471,271,0.384,0.545,9.7,2.2,,1.3,,0.6,0.3,7,2023
6198,P.J. Washington,Cha,F,25.6,44,29.2,,21.2,11.5,94,0.713,265,0.558,244,0.324,0.545,13.6,5.3,,2.2,,0.9,0.7,7.4,2023
6199,Kenrich Williams,Okc,G-F,29.4,69,14.9,,13.4,10.2,14,0.5,139,0.54,141,0.397,0.568,4.7,3,,1.3,,0.6,0.1,7.1,2023
6200,Trae Young,Atl,G,25.6,54,36,,30.5,18.9,407,0.855,539,0.479,469,0.373,0.585,25.7,2.8,,10.8,,1.3,0.2,10.2,2023
6201,Deandre Ayton,Por,C,25.7,55,32.4,,21.1,11.7,79,0.823,739,0.576,10,0.1,0.587,16.7,11.1,,1.6,,1,0.8,8.2,2023
6202,Luka Doncic,Dal,G,25.1,70,37.5,,36,14.6,608,0.786,908,0.573,744,0.382,0.617,33.9,9.2,,9.8,,1.4,0.5,15.5,2023
6203,Goga Bitadze,Orl,C-F,24.7,62,15.4,,13.3,17.4,87,0.655,195,0.636,14,0.143,0.629,5,4.6,,1.3,,0.5,1.2,8.1,2023
6204,Oshae Brissett,Bos,F-G,25.8,55,11.5,,14.5,11.5,83,0.602,98,0.541,55,0.273,0.53,3.7,2.9,,0.8,,0.3,0.1,7.1,2023
6205,Robert Williams III,Por,C-F,26.5,6,19.8,,13.2,21,9,0.778,26,0.654,0,0,0.684,6.8,6.3,,0.8,,1.2,1.2,6.6,2023
6206,Rui Hachimura,Lal,F,26.2,68,26.8,,18.4,6.4,134,0.739,443,0.598,232,0.422,0.629,13.6,4.3,,1.2,,0.6,0.4,6.2,2023
6207,Jock Landale,Hou,C,28.5,56,13.6,,14.8,13.1,65,0.8,166,0.578,40,0.25,0.584,4.9,3.1,,1.2,,0.4,0.6,7.7,2023
6208,Duncan Robinson,Mia,F,30,68,28,,19,12.3,90,0.889,202,0.579,473,0.395,0.612,12.9,2.5,,2.8,,0.7,0.2,6.4,2023
6209,Yuta Watanabe,Pho,G-F,29.5,29,13.2,,13.6,14.1,15,0.667,22,0.5,75,0.32,0.502,3.6,1.5,,0.3,,0.3,0.2,3.6,2023
6210,Jordan McLaughlin,Min,G,28,56,11.2,,12.1,11.6,18,0.722,56,0.5,89,0.472,0.638,3.5,1.3,,2,,0.6,0.1,7.5,2023
6211,Gabe Vincent,Lal,G,27.8,11,19.8,,10.9,9.2,2,0.5,21,0.571,28,0.107,0.341,3.1,0.8,,1.9,,0.8,0,3.4,2023
6212,Kaiser Gates,Nor,F,27.4,1,7.4,,23.5,0,0,0,2,0,2,0,0,0,1,,0,,0,0,0,2023
6213,Drew Eubanks,Pho,F-C,27.2,75,15.6,,13.2,19.4,93,0.774,250,0.596,3,1,0.645,5.1,4.3,,0.8,,0.4,0.8,6.7,2023
6214,Juan Toscano-Anderson,Sac,F,31,11,4.8,,11.4,14.3,0,0,8,0.25,4,0.25,0.292,0.6,1.3,,0.4,,0.1,0.1,5.7,2023
6215,Haywood Highsmith,Mia,F,27.3,66,20.7,,12.4,9.4,36,0.639,137,0.562,192,0.396,0.587,6.1,3.2,,1.1,,0.8,0.5,5.4,2023
6216,Amir Coffey,Lac,G-F,26.8,70,20.9,,12.5,8.6,71,0.859,168,0.571,184,0.38,0.604,6.6,2.1,,1.1,,0.6,0.2,4.7,2023
6217,DaQuan Jeffries,Nyk,G-F,26.6,17,2.7,,19.6,15,2,0,7,0.571,10,0.2,0.391,0.8,0.3,,0.3,,0,0.1,6.2,2023
6218,Terance Mann,Lac,G-F,27.5,75,25,,13.6,8.9,95,0.832,289,0.633,204,0.348,0.615,8.8,3.4,,1.6,,0.6,0.2,5.8,2023
6219,Andrew Nembhard,Ind,G-F,24.2,68,25,,16,16.2,56,0.804,351,0.567,171,0.357,0.573,9.2,2.1,,4.1,,0.9,0.1,6.9,2023
6220,Jalen Pickett,Den,G,24.5,27,4.5,,16.4,20.3,4,0.75,10,0.6,25,0.36,0.571,1.6,0.5,,0.8,,0.1,0,7.7,2023
6221,Max Strus,Cle,F,28,70,32,,17.4,13.3,97,0.794,249,0.546,479,0.351,0.553,12.2,4.8,,4,,0.9,0.4,7.7,2023
6222,Lindell Wigginton,Mil,G,26,3,2.5,,39.1,15.5,2,1,3,0.667,2,0,0.51,2,0,,0,,0,0,0,2023
6223,Bol Bol,Pho,C-F,24.4,43,10.9,,16.5,11.2,19,0.789,99,0.717,52,0.423,0.7,5.2,3.2,,0.4,,0.2,0.6,6.9,2023
6224,Zion Williamson,Nor,F,23.8,70,31.5,,29.7,15,494,0.702,1076,0.574,18,0.333,0.61,22.9,5.8,,5,,1.1,0.7,11.1,2023
6225,RJ Barrett,Nyk,F,23.8,26,29.5,,27.6,10.8,124,0.831,258,0.469,130,0.331,0.536,18.2,4.3,,2.4,,0.5,0.3,7.8,2023
6226,RJ Barrett,Tor,F,23.8,32,33.5,,25.7,13.8,167,0.629,373,0.603,120,0.392,0.614,21.8,6.4,,4.1,,0.6,0.4,9.9,2023
6227,Cam Reddish,Lal,F-G,24.6,48,20.5,,12.7,11.7,54,0.759,124,0.435,110,0.336,0.504,5.4,2.1,,1,,1,0.3,4.4,2023
6228,Ja Morant,Mem,G,24.7,9,35.3,,30.4,13.7,64,0.813,119,0.555,51,0.275,0.57,25.1,5.6,,8.1,,0.8,0.6,11.8,2023
6229,De'Andre Hunter,Atl,F,26.4,57,29.5,,20.6,11.1,196,0.847,359,0.521,304,0.385,0.595,15.6,3.9,,1.5,,0.7,0.3,6.1,2023
6230,Coby White,Chi,G,24.2,79,36.5,,22.7,12.1,260,0.838,653,0.508,556,0.376,0.57,19.1,4.5,,5.1,,0.7,0.2,8.3,2023
6231,Darius Garland,Cle,G,24.2,57,33.3,,25.4,17.3,175,0.834,485,0.501,356,0.371,0.56,18,2.7,,6.5,,1.3,0.1,8.2,2023
6232,Jaxson Hayes,Lal,C-F,23.9,70,12.5,,12.5,19.7,82,0.622,167,0.754,8,0,0.718,4.3,3,,0.5,,0.5,0.4,6,2023
6233,Nickeil Alexander-Walker,Min,F,25.6,82,23.4,,14.8,12.4,65,0.8,203,0.517,335,0.391,0.578,8,2,,2.5,,0.8,0.5,5.8,2023
6234,Tyler Herro,Mia,G,24.2,42,33.5,,27.8,11.2,111,0.856,402,0.478,333,0.396,0.558,20.8,5.3,,4.5,,0.7,0.1,9.5,2023
6235,Keldon Johnson,San,F,24.5,69,29.5,,21.9,10.4,221,0.792,495,0.533,367,0.346,0.565,15.7,5.5,,2.8,,0.7,0.3,8.4,2023
6236,Nassir Little,Pho,F-G,24.2,45,10.2,,13.9,10.1,20,0.85,54,0.667,70,0.3,0.572,3.4,1.7,,0.5,,0.2,0.2,5.6,2023
6237,Chuma Okeke,Orl,F,25.7,47,9.2,,13.3,12.5,7,0.571,30,0.567,82,0.28,0.465,2.3,1.7,,0.4,,0.2,0.1,5,2023
6238,Charles Bassey,San,C-F,23.5,19,10.8,,11.8,27.1,6,0.833,39,0.744,1,0,0.739,3.3,4,,1.1,,0.4,0.9,9,2023
6239,Moses Brown,Por,C,24.5,22,9.1,,19.1,14.4,31,0.29,65,0.508,0,0,0.477,3.4,3.9,,0.3,,0.2,0.3,7,2023
6240,Nic Claxton,Bro,C,25,71,29.8,,15.6,13.8,196,0.551,577,0.633,5,0.2,0.629,11.8,9.9,,2.1,,0.6,2,8.4,2023
6241,Luguentz Dort,Okc,F,25,79,28.4,,15.4,10.1,155,0.826,261,0.506,396,0.394,0.593,10.9,3.6,,1.4,,0.9,0.6,5.4,2023
6242,Daniel Gafford,Was,C,25.5,45,26.5,,13.9,13.5,119,0.706,294,0.69,0,0,0.707,10.9,8,,1.5,,1,2.2,7.7,2023
6243,Quentin Grimes,Nyk,G,23.9,45,20.2,,15.3,6.8,34,0.706,74,0.486,212,0.363,0.543,7.3,2,,1.2,,0.7,0.1,5.1,2023
6244,Talen Horton-Tucker,Uta,G,23.4,51,19.8,,24,12.3,109,0.807,283,0.438,182,0.33,0.503,10.1,2.4,,3.5,,0.9,0.4,8.9,2023
6245,Ty Jerome,Cle,G-F,26.8,2,7.4,,14.9,20,0,0,3,0.667,1,0,0.5,2,0.5,,1.5,,0,0,6.2,2023
6246,Cameron Johnson,Bro,F,28.1,58,27.6,,19.6,8.4,109,0.789,266,0.519,353,0.391,0.582,13.4,4.3,,2.4,,0.8,0.3,7.5,2023
6247,Jalen McDaniels,Tor,F-C,26.2,50,10.8,,18.7,13.7,37,0.73,118,0.449,71,0.169,0.412,3.4,1.6,,0.7,,0.4,0.1,5.8,2023
6248,Jaylen Nowell,Mem,G,24.8,9,17.4,,16.9,8.3,3,1,32,0.563,23,0.174,0.453,5.7,1.6,,1.8,,0.3,0,5.8,2023
6249,Jordan Nwora,Ind,F,25.6,18,10.1,,22.7,12.7,11,0.818,46,0.565,36,0.306,0.541,5.2,1.8,,1,,0.3,0.1,8.3,2023
6250,Jordan Poole,Was,G,24.8,78,30.1,,26.4,13.7,219,0.877,622,0.492,564,0.326,0.529,17.4,2.7,,4.4,,1.1,0.3,7.9,2023
6251,Neemias Queta,Bos,C,24.8,28,11.9,,16.9,11.1,28,0.714,104,0.644,0,0,0.662,5.5,4.4,,0.7,,0.5,0.8,8.6,2023
6252,Naz Reid,Min,C-F,24.6,81,24.2,,23.1,11.5,150,0.74,443,0.535,408,0.414,0.595,13.5,5.2,,1.3,,0.8,0.9,7.4,2023
6253,Luka Samanic,Uta,F,24.3,43,9.4,,21.8,15,56,0.786,94,0.5,64,0.203,0.485,4.1,2.4,,0.4,,0.1,0.2,6.7,2023
6254,Admiral Schofield,Orl,F,27,23,3.7,,16.5,16.1,2,0,10,0.4,16,0.375,0.484,1.1,0.7,,0.3,,0,0,6.6,2023
6255,Matisse Thybulle,Por,F,27.1,65,22.9,,10.6,11.2,29,0.759,86,0.535,231,0.346,0.537,5.4,2.1,,1.4,,1.7,0.8,4.4,2023
6256,Grant Williams,Dal,F,25.4,47,26.4,,13.6,14.3,55,0.745,107,0.486,210,0.376,0.56,8.1,3.6,,1.7,,0.5,0.6,5.6,2023
6257,Dylan Windler,Nyk,G-F,27.6,3,2.5,,11.7,0,0,0,0,0,2,0.5,0.75,1,0.3,,0.3,,0,0,7.2,2023
6258,Marques Bolden,Mil,C,26,2,1.5,,0,0,0,0,0,0,0,0,0,0,1,,0,,0,0,0,2023
6259,Armoni Brooks,Bro,G,25.9,10,10.4,,20.4,4.1,2,0.5,14,0.286,32,0.344,0.448,4.2,1.8,,0.5,,0.1,0.1,6,2023
6260,Charlie Brown Jr.,Nyk,G,26.2,8,4.7,,13.9,16.7,0,0,3,0,7,0.286,0.3,0.8,0.3,,0,,0,0.3,0,2023
6261,John Konchar,Mem,G,28.1,55,21.3,,9.7,18.1,25,0.84,88,0.568,120,0.317,0.537,4.3,4.7,,2,,0.9,0.9,6.4,2023
6262,Garrison Mathews,Atl,G,27.5,66,15,,11.1,7.7,42,0.81,33,0.545,193,0.44,0.665,4.9,1.4,,0.6,,0.3,0.1,4.3,2023
6263,Dean Wade,Cle,F,27.4,54,20.5,,10.5,7.9,26,0.769,30,0.567,202,0.391,0.598,5.4,4,,0.8,,0.7,0.5,5,2023
6264,Xavier Moon,Lac,G,29.3,14,8.5,,19.1,9.8,2,0.5,29,0.448,17,0.118,0.352,2.4,1.3,,1.5,,0.2,0.2,7.9,2023
6265,Anthony Edwards,Min,G,22.7,79,35.1,,32.3,13.4,506,0.836,1026,0.515,532,0.357,0.575,25.9,5.4,,5.1,,1.3,0.5,10.2,2023
6266,LaMelo Ball,Cha,G,22.6,22,32.3,,34.3,16.4,104,0.865,226,0.5,197,0.355,0.561,23.9,5.1,,8,,1.8,0.2,12.3,2023
6267,James Wiseman,Det,C,23,63,17.3,,16.3,17.8,102,0.706,303,0.617,2,0,0.637,7.1,5.3,,0.9,,0.2,0.6,7.5,2023
6268,Killian Hayes,Det,G,22.7,42,24,,15.1,15.3,50,0.66,209,0.455,74,0.297,0.474,6.9,2.8,,4.9,,0.9,0.5,7.6,2023
6269,Deni Avdija,Was,F,23.3,75,30.1,,20.2,16.6,272,0.739,568,0.56,235,0.374,0.597,14.7,7.2,,3.8,,0.8,0.5,9.8,2023
6270,Obi Toppin,Ind,F,26.1,82,21.1,,16.8,10.6,102,0.775,326,0.706,253,0.403,0.677,10.3,3.9,,1.6,,0.6,0.5,7.6,2023
6271,Onyeka Okongwu,Atl,F-C,23.3,55,25.5,,13.7,11,116,0.793,296,0.676,69,0.333,0.674,10.2,6.8,,1.3,,0.5,1.1,7,2023
6272,Tyrese Haliburton,Ind,G,24.1,69,32.2,,24.6,13.2,227,0.855,513,0.595,535,0.364,0.605,20.1,3.9,,10.9,,1.2,0.7,11.8,2023
6273,Devin Vassell,San,G,23.6,68,33.1,,23.5,9.3,201,0.801,609,0.545,447,0.371,0.578,19.5,3.8,,4.1,,1.1,0.3,8.1,2023
6274,Isaac Okoro,Cle,F,23.2,69,27.3,,13.9,10.1,137,0.679,265,0.57,215,0.391,0.599,9.4,3,,1.9,,0.8,0.5,5.5,2023
6275,Patrick Williams,Chi,F,22.6,43,27.3,,16.6,13.7,66,0.788,211,0.474,148,0.399,0.553,10,3.9,,1.5,,0.9,0.8,5.7,2023
6276,Precious Achiuwa,Tor,F,24.6,25,17.5,,21.2,14.6,42,0.571,123,0.528,47,0.277,0.512,7.7,5.4,,1.8,,0.6,0.5,9.6,2023
6277,Precious Achiuwa,Nyk,F,24.6,49,24.2,,14,15.3,70,0.643,249,0.578,50,0.26,0.564,7.6,7.2,,1.1,,0.6,1.1,6.5,2023
6278,Aaron Nesmith,Ind,G-F,24.5,72,27.7,,15.9,9.2,135,0.778,301,0.581,334,0.419,0.63,12.2,3.8,,1.5,,0.9,0.7,5.9,2023
6279,Cole Anthony,Orl,G,23.9,81,22.4,,23.7,14.2,218,0.826,487,0.491,275,0.338,0.546,11.6,3.8,,2.9,,0.8,0.5,9,2023
6280,Theo Maledon,Cha,G,22.8,13,15.4,,19.1,18.4,12,0.917,36,0.389,30,0.167,0.379,4.2,1.8,,2.2,,0.5,0,6.6,2023
6281,Tyrese Maxey,Phi,G,23.4,70,37.5,,28,7.6,378,0.868,850,0.501,569,0.373,0.573,25.9,3.7,,6.2,,1,0.5,9,2023
6282,Saddiq Bey,Atl,F,25,63,32.7,,17,7.2,203,0.837,339,0.522,358,0.316,0.549,13.7,6.5,,1.5,,0.8,0.2,6.3,2023
6283,R.J. Hampton,Mia,G,23.2,8,9.5,,10.5,17.4,2,0.5,6,0.5,8,0.125,0.336,1.3,0.8,,1,,0,0,4.3,2023
6284,Josh Green,Dal,G,23.4,57,26.4,,13.1,13.8,57,0.684,187,0.572,187,0.385,0.588,8.2,3.2,,2.3,,0.8,0.2,5.9,2023
6285,Jaden McDaniels,Min,F,23.5,72,29.2,,15.7,12.2,79,0.722,373,0.592,255,0.337,0.571,10.5,3.1,,1.4,,0.9,0.6,4.9,2023
6286,Kira Lewis Jr.,Nor,G,23,15,9.6,,19.6,13.2,11,0.909,32,0.438,20,0.1,0.387,2.9,0.9,,1.2,,0.3,0.1,6.1,2023
6287,Jalen Smith,Ind,F-C,24.1,61,17.2,,19.4,10,104,0.692,251,0.689,144,0.424,0.682,9.9,5.5,,1,,0.3,0.6,8.8,2023
6288,Isaiah Stewart,Det,F,22.9,46,30.9,,14.5,14.7,85,0.753,207,0.575,175,0.383,0.6,10.9,6.6,,1.6,,0.4,0.8,6.3,2023
6289,Zeke Nnaji,Den,F-C,23.3,58,9.9,,15.4,15.3,62,0.677,126,0.5,23,0.261,0.528,3.2,2.2,,0.6,,0.3,0.7,6.5,2023
6290,Immanuel Quickley,Nyk,G,24.8,30,24,,24.4,8.5,94,0.872,173,0.509,162,0.395,0.598,15,2.6,,2.5,,0.5,0.1,7.7,2023
6291,Immanuel Quickley,Tor,G,24.8,38,33.3,,23.4,11.1,151,0.841,288,0.448,271,0.395,0.564,18.6,4.8,,6.8,,0.9,0.2,10.2,2023
6292,Paul Reed,Phi,F,24.8,82,19.4,,15.9,12.2,85,0.718,423,0.563,57,0.368,0.58,7.3,6,,1.3,,0.8,1,7.9,2023
6293,Filip Petrusev,Phi,C,24,1,2.7,,0,0,0,0,0,0,0,0,0,0,1,,0,,0,0,0,2023
6294,Filip Petrusev,Sac,C,24,2,3.3,,18.7,0,2,0.5,2,0.5,0,0,0.521,1.5,0,,0,,0,0,0,2023
6295,Aleksej Pokusevski,Okc,F,22.3,10,6.1,,14.9,15.6,4,0.5,5,0.4,11,0.182,0.338,1.2,1,,0.5,,0.1,0.1,5.5,2023
6296,Isaiah Joe,Okc,G,24.8,78,18.5,,16.7,8.8,52,0.865,132,0.568,353,0.416,0.626,8.2,2.3,,1.3,,0.6,0.3,6.3,2023
6297,Tre Jones,San,G,24.3,77,27.7,,15.2,16.1,118,0.856,410,0.583,191,0.335,0.59,10,3.8,,6.2,,1,0.1,8.9,2023
6298,Malachi Flynn,Tor,G,25.9,31,15.3,,16.2,19.4,22,0.773,57,0.491,80,0.35,0.535,5.1,2.1,,2.4,,0.6,0.2,7.7,2023
6299,Payton Pritchard,Bos,G,26.2,82,22.3,,17.2,8.8,56,0.821,253,0.593,382,0.385,0.597,9.6,3.2,,3.4,,0.5,0.1,8.4,2023
6300,Lamar Stevens,Bos,F,26.8,19,6.4,,21,16.6,11,0.727,37,0.486,8,0.375,0.532,2.8,1.6,,0.4,,0.3,0.3,7.6,2023
6301,Nate Hinton,Hou,G-F,24.9,15,5,,17.8,10.2,5,0.8,12,0.333,14,0.5,0.585,2.2,1.5,,0.7,,0.2,0.1,10.6,2023
6302,Nick Richards,Cha,C,26.4,67,26.2,,13.3,16.2,179,0.737,375,0.693,1,0,0.717,9.7,8,,0.8,,0.4,1.1,6,2023
6303,Omer Yurtseven,Uta,C,25.8,48,11.4,,17.9,16.7,28,0.679,160,0.588,24,0.208,0.565,4.6,4.3,,0.6,,0.2,0.4,8,2023
6304,Xavier Tillman,Mem,C,25.3,34,20.6,,16,12,43,0.419,160,0.469,53,0.226,0.44,6,4.6,,1.7,,1.2,1,7,2023
6305,Jared Butler,Was,G,23.6,40,14.1,,19.9,19.9,36,0.861,123,0.602,78,0.308,0.579,6.3,1.5,,3.2,,0.7,0.2,8.8,2023
6306,Desmond Bane,Mem,G,25.8,42,34.4,,28.5,12.6,161,0.87,416,0.536,360,0.381,0.589,23.7,4.4,,5.5,,1,0.5,9.7,2023
6307,Skylar Mays,Por,G,26.6,21,17,,19.5,11.5,17,0.765,89,0.438,49,0.286,0.457,6.3,1.8,,3.6,,0.7,0.1,8.1,2023
6308,Jalen Green,Hou,G,22.2,82,31.7,,27.5,12.6,352,0.804,727,0.498,605,0.332,0.541,19.6,5.2,,3.5,,0.8,0.3,8.9,2023
6309,Daishen Nix,Min,G,22.2,15,3.3,,28.1,17.1,6,0.5,7,0.429,17,0.353,0.507,1.8,0.2,,0.4,,0.3,0,6.4,2023
6310,Jonathan Kuminga,Gol,F,21.5,74,26.3,,24.1,12.4,299,0.746,697,0.578,165,0.321,0.598,16.1,4.8,,2.2,,0.7,0.5,8.4,2023
6311,Naji Marshall,Nor,F,26.2,66,19,,16.3,15,86,0.791,217,0.516,150,0.387,0.576,7.1,3.6,,1.9,,0.7,0.2,7.7,2023
6312,Kenyon Martin Jr.,Lac,F,23.3,2,15.7,,18,16.4,2,0.5,5,0.6,5,0.2,0.46,5,1.5,,0.5,,1,0.5,4,2023
6313,KJ Martin,Phi,F,23.3,58,12.3,,13.2,14.9,39,0.538,148,0.581,23,0.304,0.569,3.7,2.2,,0.9,,0.3,0.2,6.3,2023
6314,Trent Forrest,Atl,G,25.8,38,10.9,,11.8,18.1,17,0.765,80,0.4,10,0.2,0.426,2.2,1.3,,2.4,,0.3,0.1,7,2023
6315,Saben Lee,Pho,G,24.8,24,7.7,,18.8,12.6,39,0.744,39,0.462,16,0.125,0.492,3,1.3,,1.3,,0.3,0.1,8.9,2023
6316,Sam Merrill,Cle,G,27.9,61,17.5,,17.5,4.6,28,0.929,39,0.385,354,0.404,0.598,8,2,,1.8,,0.3,0.1,7,2023
6317,Trevelin Queen,Orl,G,27.1,14,11.8,,13.3,15.4,12,0.75,21,0.524,17,0.176,0.462,2.9,1.4,,1.3,,0.5,0.4,5.9,2023
6318,Ayo Dosunmu,Chi,G,24.2,76,29.1,,17.2,12.5,105,0.81,424,0.568,295,0.403,0.604,12.2,2.8,,3.2,,0.9,0.5,6.6,2023
6319,Jae'Sean Tate,Hou,F,28.5,65,15.9,,11.7,13.9,39,0.667,152,0.559,77,0.299,0.538,4.1,3,,1,,0.6,0.2,5.8,2023
6320,Jordan Ford,Sac,G,25.9,6,3.6,,17.4,11.8,2,1,4,0.5,3,0.667,0.761,2,0.3,,0.3,,0,0,6.3,2023
6321,Anthony Gill,Was,F,31.5,50,9.3,,18,12.5,36,0.806,119,0.546,41,0.244,0.537,3.8,1.9,,0.7,,0.3,0.2,7.4,2023
6322,Braxton Key,Den,F,27.2,20,3,,15.6,5.5,8,0.75,12,0.417,5,0.4,0.536,1.1,0.9,,0.5,,0.1,0.1,10.5,2023
6323,Brandon Williams,Dal,G,24.4,17,6.6,,26,11.4,17,0.647,39,0.436,15,0.2,0.439,3.2,0.8,,1,,0.1,0.1,8.3,2023
6324,Lindy Waters III,Okc,F,26.7,38,7.4,,17.3,6.3,2,1,19,0.632,85,0.435,0.653,3.6,1.1,,0.6,,0.1,0.2,7.2,2023
6325,Matt Ryan,Nor,F,27,28,13.9,,15.4,14.3,14,0.929,22,0.364,91,0.451,0.638,5.4,1.4,,0.6,,0.2,0,4.8,2023
6326,Jeremiah Robinson-Earl,Nor,F,23.4,39,8.6,,15.4,14.4,16,0.75,56,0.571,39,0.333,0.564,2.9,1.9,,0.5,,0.3,0.1,6.5,2023
6327,Brandon Boston Jr.,Lac,G,22.4,32,10.8,,25.3,13,33,0.697,109,0.468,52,0.269,0.476,5.2,1.6,,0.4,,0.3,0.3,5.5,2023
6328,Herbert Jones,Nor,G,25.5,76,30.5,,14.1,13.6,158,0.867,315,0.568,273,0.418,0.636,11,3.6,,2.6,,1.4,0.8,6.1,2023
6329,Trey Murphy III,Nor,F,23.8,57,29.7,,18.6,5.2,151,0.815,176,0.602,445,0.38,0.612,14.8,4.9,,2.2,,0.9,0.5,7.3,2023
6330,Jaden Springer,Phi,G,21.6,32,11.8,,18.2,18,34,0.824,81,0.469,37,0.216,0.481,4,1.8,,1.1,,0.8,0.3,6.8,2023
6331,Franz Wagner,Orl,F,22.6,72,32.5,,25.7,11.1,319,0.85,763,0.569,333,0.282,0.575,19.7,5.3,,3.7,,1.1,0.4,9,2023
6332,Ziaire Williams,Mem,F,22.6,51,20.3,,19.7,14.9,75,0.827,189,0.487,189,0.307,0.511,8.2,3.5,,1.5,,0.7,0.2,6.9,2023
6333,Ochai Agbaji,Uta,G,24,51,19.7,,12.2,12,20,0.75,107,0.551,142,0.331,0.531,5.4,2.5,,0.9,,0.5,0.6,4.7,2023
6334,Greg Brown III,Dal,F,22.6,6,6.6,,20.4,26.3,9,0.444,8,0.5,3,0.333,0.501,2.5,1.5,,0.7,,0,0.7,8.4,2023
6335,Chris Duarte,Sac,G,26.8,59,12.2,,14.9,11,33,0.788,83,0.434,127,0.346,0.512,3.9,1.8,,0.7,,0.5,0.1,5.6,2023
6336,Bones Hyland,Lac,G,23.6,37,14.6,,24.8,14.9,23,0.783,116,0.457,135,0.326,0.49,6.9,1.5,,2.5,,0.7,0.1,8.1,2023
6337,Miles McBride,Nyk,G,23.6,68,19.5,,16.4,6.2,50,0.86,188,0.511,266,0.41,0.59,8.3,1.5,,1.7,,0.7,0.1,5.7,2023
6338,Moses Moody,Gol,G,21.9,66,17.5,,18.4,9.5,93,0.785,220,0.555,200,0.36,0.578,8.1,3,,0.9,,0.6,0.4,6.4,2023
6339,Isaiah Jackson,Ind,F,22.3,60,12.8,,17.2,14.3,102,0.716,229,0.677,4,0,0.689,6.4,4,,0.8,,0.6,1,8.5,2023
6340,Tre Mann,Okc,G,23.2,13,9.2,,18,18.2,1,1,21,0.571,19,0.421,0.606,3.8,1.8,,1.5,,0.2,0,9.4,2023
6341,James Bouknight,Cha,G,23.6,14,5.8,,24,4.6,2,0.5,11,0.455,30,0.433,0.597,3.6,0.6,,0.4,,0.1,0.1,6.6,2023
6342,Johnny Juzang,Uta,G,23.1,20,18.6,,14.5,10.5,14,0.714,33,0.576,77,0.416,0.62,7.2,1.8,,1.2,,0.2,0.1,5.4,2023
6343,Day'Ron Sharpe,Bro,C,22.4,61,15.1,,19.7,19.2,123,0.61,279,0.588,15,0.267,0.596,6.8,6.4,,1.4,,0.4,0.7,10.4,2023
6344,JT Thor,Cha,F,21.6,63,12.4,,11.7,7.6,20,0.55,102,0.51,81,0.346,0.519,3.2,2.3,,0.5,,0.2,0.4,5,2023
6345,Jalen Johnson,Atl,F,22.3,56,33.7,,19.1,12.6,147,0.728,502,0.574,200,0.355,0.584,16,8.7,,3.6,,1.2,0.8,9.4,2023
6346,Keon Johnson,Bro,G,22.1,5,12.3,,22.1,18.9,12,0.917,11,0.364,10,0.4,0.59,6.2,1.4,,0.6,,0.6,0.2,5.6,2023
6347,Kessler Edwards,Sac,F,23.7,54,5.1,,14,4.6,9,0.556,30,0.467,52,0.385,0.541,1.7,0.8,,0.3,,0.2,0.1,5.8,2023
6348,Corey Kispert,Was,F,25.1,80,25.8,,19.6,11,157,0.726,314,0.643,480,0.383,0.62,13.4,2.8,,2,,0.5,0.2,6.5,2023
6349,Davion Mitchell,Sac,G,25.6,72,15.3,,14.9,11.7,42,0.714,165,0.539,158,0.361,0.555,5.3,1.3,,1.9,,0.2,0,6.2,2023
6350,Austin Reaves,Lal,G,25.9,82,32.1,,20.3,15.7,272,0.853,520,0.583,420,0.367,0.613,15.9,4.3,,5.5,,0.8,0.3,9,2023
6351,Cam Thomas,Bro,G,22.5,66,31.4,,30.5,9.4,334,0.856,794,0.481,396,0.364,0.554,22.5,3.2,,2.9,,0.7,0.2,7.6,2023
6352,Joshua Primo,Lac,G,21.3,2,5.2,,29.8,57.1,0,0,2,0.5,1,0,0.333,1,0.5,,0,,0,0.5,0,2023
6353,Scottie Barnes,Tor,F-G,22.7,60,34.9,,24.8,14.9,251,0.781,646,0.536,296,0.341,0.566,19.9,8.2,,6.1,,1.3,1.5,11.4,2023
6354,Luka Garza,Min,C,25.3,25,4.9,,33.4,7.4,25,0.72,43,0.628,32,0.281,0.576,4,1.2,,0.2,,0.2,0,8.1,2023
6355,Trendon Watford,Bro,F,23.4,63,13.6,,21.1,16.8,97,0.794,243,0.564,68,0.397,0.611,6.9,3.1,,1.3,,0.4,0.3,8.9,2023
6356,Sandro Mamukelashvili,San,F-C,24.9,46,9.8,,17.5,10.4,34,0.735,90,0.6,64,0.297,0.562,4.1,3.2,,1.1,,0.2,0.3,9.9,2023
6357,Sam Hauser,Bos,F,26.4,79,22,,15,5.4,19,0.895,93,0.559,465,0.424,0.629,9,3.5,,1,,0.5,0.3,5.7,2023
6358,Julian Champagnie,San,F,22.8,74,19.8,,14.4,12.4,92,0.815,125,0.504,277,0.365,0.57,6.8,2.8,,1.4,,0.6,0.6,6,2023
6359,Alperen Sengun,Hou,C,21.7,63,32.5,,27,14.2,352,0.693,871,0.567,111,0.297,0.585,21.1,9.4,,5,,1.2,0.7,12.3,2023
6360,Jericho Sims,Nyk,C,25.5,45,13,,6,22.4,24,0.667,55,0.691,0,0,0.702,2,3.3,,0.6,,0.2,0.4,4.9,2023
6361,Josh Giddey,Okc,G,21.5,80,25.1,,23.1,16.5,124,0.806,604,0.53,243,0.337,0.547,12.3,6.4,,4.8,,0.7,0.6,11.5,2023
6362,Santi Aldama,Mem,F-C,23.3,61,26.5,,17.9,10.8,87,0.621,264,0.534,304,0.349,0.539,10.7,5.8,,2.3,,0.7,0.9,7.9,2023
6363,Usman Garuba,Gol,F,22.1,6,3,,21,24.3,2,0.5,5,0.2,1,0,0.218,0.5,1.2,,0.2,,0.2,0.5,6.6,2023
6364,Isaiah Livers,Det,F,25.7,23,20.4,,12.7,12.1,18,0.667,39,0.462,77,0.286,0.46,5,2.1,,1.1,,0.6,0.2,4.4,2023
6365,Jalen Suggs,Orl,G,22.9,75,27,,19.7,15.6,156,0.756,329,0.556,385,0.397,0.602,12.6,3.1,,2.7,,1.4,0.6,7,2023
6366,Jalen Wilson,Bro,F,23.4,43,15.4,,14.3,9.6,46,0.826,105,0.495,74,0.324,0.537,5,3,,1,,0.3,0.1,6.4,2023
6367,Cade Cunningham,Det,G,22.6,62,33.5,,30.8,15.4,274,0.869,832,0.487,335,0.355,0.546,22.7,4.3,,7.5,,0.9,0.4,10.8,2023
6368,Evan Mobley,Cle,C,22.8,50,30.6,,20.6,14,171,0.719,493,0.604,59,0.373,0.626,15.7,9.4,,3.2,,0.9,1.4,10.2,2023
6369,Aaron Wiggins,Okc,G,25.3,78,15.7,,16.4,12.9,71,0.789,251,0.598,126,0.492,0.664,6.9,2.4,,1.1,,0.7,0.2,6.7,2023
6370,Isaiah Mobley,Cle,F,24.6,10,7.2,,16.2,7.7,1,0,14,0.5,10,0.3,0.471,2.3,1,,0.6,,0.2,0,6.2,2023
6371,E.J. Liddell,Nor,F,23.3,8,2.9,,16.7,23.7,2,1,1,1,5,0,0.291,0.5,0.6,,0.1,,0.3,0.3,4.3,2023
6372,Javonte Smart,Phi,G,24.9,1,0.7,,0,0,0,0,0,0,0,0,0,0,0,,0,,0,0,0,2023
6373,Malcolm Cazalon,Det,G,22.6,1,2.6,,0,0,0,0,0,0,0,0,0,0,0,,0,,0,0,0,2023
6374,Gui Santos,Gol,F,21.8,23,8.4,,15.2,11.2,17,0.941,28,0.643,27,0.37,0.656,3.6,2.1,,0.6,,0.2,0.1,7.9,2023
6375,Dalano Banton,Bos,F,24.4,24,7.1,,17.8,16.3,20,0.8,35,0.486,16,0.125,0.468,2.3,1.5,,0.8,,0.2,0.1,7.9,2023
6376,Jose Alvarado,Nor,G,26,56,18.4,,17.3,10.4,52,0.673,138,0.464,207,0.377,0.54,7.1,2.3,,2.1,,1.1,0.3,7.1,2023
6377,A.J. Lawson,Dal,G,23.7,42,7.4,,20,10.3,23,0.652,71,0.577,50,0.26,0.519,3.2,1.2,,0.5,,0.2,0.1,6.7,2023
6378,Ibou Badji,Por,C,21.5,22,10.3,,8,40.3,12,0.5,22,0.636,0,0,0.623,1.5,2.3,,0.6,,0.1,0.9,4.9,2023
6379,Jay Huff,Den,C,26.6,20,2.5,,14.9,6.1,2,1,6,1,9,0.333,0.724,1.2,0.6,,0.1,,0.1,0.2,6.7,2023
6380,Eugene Omoruyi,Was,F,27.2,43,9.1,,22.4,11.2,49,0.653,121,0.562,46,0.283,0.549,4.8,2,,0.8,,0.6,0.1,8.7,2023
6381,Stanley Umude,Det,G,25,24,12.8,,15.6,14.2,32,0.906,31,0.419,53,0.453,0.647,5.3,2.1,,0.5,,0.3,0.3,5.5,2023
6382,Colin Castleton,Lal,C,23.9,16,3.7,,15.8,15.4,6,1,16,0.563,0,0,0.644,1.5,0.8,,0.2,,0.1,0,6.7,2023
6383,Terry Taylor,Chi,F,24.6,31,6.1,,11.3,15.1,5,0.8,30,0.6,9,0.222,0.558,1.5,1.2,,0.3,,0.2,0.1,5.3,2023
6384,Ish Wainright,Por,F,29.6,7,6.6,,18.4,5.1,2,1,2,0,16,0.375,0.53,2.9,1.3,,0,,0.3,0.1,0,2023
6385,Jordan Goodwin,Pho,G,25.5,40,14,,18.2,13,29,0.862,113,0.46,80,0.288,0.481,5,2.9,,2,,0.6,0.2,8.8,2023
6386,Micah Potter,Uta,C,26,16,11.6,,10.9,11,8,0.75,19,0.526,21,0.429,0.609,3.3,2.7,,0.4,,0.3,0.4,5.3,2023
6387,Dru Smith,Mia,G,26.3,9,14.5,,13.3,13,2,1,16,0.5,17,0.412,0.576,4.3,1.6,,1.6,,1,0.3,6.1,2023
6388,MarJon Beauchamp,Mil,F,23.5,48,12.7,,14.6,14,28,0.679,91,0.56,75,0.4,0.592,4.4,2.1,,0.6,,0.3,0.1,5.6,2023
6389,Dyson Daniels,Nor,G,21.1,61,22.3,,12.6,15.9,53,0.642,176,0.551,135,0.311,0.529,5.8,3.9,,2.7,,1.4,0.4,7.1,2023
6390,Jaden Hardy,Dal,G,21.8,73,13.6,,24.9,11.5,76,0.776,255,0.447,224,0.362,0.517,7.3,1.8,,1.5,,0.3,0.1,7.9,2023
6391,Scoot Henderson,Por,G,20.2,62,28.5,,26.5,21,204,0.819,529,0.416,268,0.325,0.489,14,3.1,,5.4,,0.8,0.2,8.7,2023
6392,Olivier Sarr,Okc,C,25.1,15,6.5,,12.6,13.5,15,0.667,13,0.692,6,0.333,0.664,2.3,2.4,,0.1,,0,0.5,5,2023
6393,Jaden Ivey,Det,G,22.2,77,28.8,,24.9,16.3,303,0.749,604,0.485,369,0.336,0.536,15.4,3.4,,3.8,,0.7,0.5,8.1,2023
6394,Paolo Banchero,Orl,F,21.4,80,35,,29.7,14.9,559,0.725,1056,0.493,351,0.339,0.546,22.6,6.9,,5.4,,0.9,0.6,10.8,2023
6395,Jabari Smith Jr.,Hou,F,20.9,76,31.9,,17.6,9.6,185,0.811,453,0.53,380,0.363,0.571,13.7,8.1,,1.6,,0.7,0.8,7,2023
6396,Chet Holmgren,Okc,C,22,82,29.4,,21.7,12.1,275,0.793,604,0.623,349,0.37,0.632,16.5,7.9,,2.4,,0.6,2.3,9.2,2023
6397,Bennedict Mathurin,Ind,F,21.8,59,26.1,,23.4,12.8,224,0.821,449,0.481,214,0.374,0.562,14.5,4,,2,,0.6,0.2,7.5,2023
6398,Johnny Davis,Was,G,22.1,50,12.3,,12.2,7.8,24,0.583,114,0.421,40,0.35,0.462,3,1.4,,0.6,,0.4,0.2,4.4,2023
6399,Keegan Murray,Sac,F,23.7,77,33.6,,18.1,6.2,124,0.831,464,0.56,511,0.358,0.569,15.2,5.5,,1.7,,1,0.8,6.2,2023
6400,AJ Griffin,Atl,F,20.6,20,8.5,,17.3,11.4,2,1,23,0.348,39,0.256,0.382,2.4,0.9,,0.3,,0.1,0.1,4.1,2023
6401,Shaedon Sharpe,Por,G,20.9,32,33.1,,22.4,14.2,119,0.824,254,0.457,180,0.333,0.524,15.9,5,,2.9,,0.9,0.4,7.4,2023
6402,TyTy Washington Jr.,Mil,G,22.4,11,5.1,,17,9.1,0,0,14,0.286,6,0.333,0.35,1.3,0.5,,0.5,,0.3,0,5.4,2023
6403,Malaki Branham,San,F,20.9,75,21.3,,19.8,12.8,63,0.873,360,0.494,268,0.347,0.526,9.2,2,,2.1,,0.4,0.1,6.3,2023
6404,Blake Wesley,San,G,21.1,61,14.4,,14.7,20.3,78,0.667,160,0.563,55,0.218,0.537,4.4,1.5,,2.7,,0.5,0.1,7.3,2023
6405,Jalen Duren,Det,C,20.4,61,29.1,,18.5,18.6,181,0.79,560,0.623,4,0,0.653,13.8,11.6,,2.4,,0.5,0.8,10,2023
6406,Tari Eason,Hou,F,22.9,22,21.8,,19.8,9.6,33,0.636,139,0.504,50,0.36,0.528,9.8,7,,1.2,,1.4,0.9,8,2023
6407,Nikola Jovic,Mia,F,20.9,46,19.5,,17.1,13,47,0.702,118,0.525,163,0.399,0.583,7.7,4.2,,2,,0.5,0.3,8.2,2023
6408,Max Christie,Lal,G,21.2,67,14.1,,13.5,12.7,46,0.783,123,0.496,118,0.356,0.544,4.2,2.1,,0.9,,0.3,0.3,5.7,2023
6409,Mark Williams,Cha,C,22.3,19,26.8,,17.1,10.1,64,0.719,151,0.649,0,0,0.675,12.7,9.7,,1.2,,0.8,1.1,7.9,2023
6410,Jeremy Sochan,San,G,20.9,74,29.6,,18.8,15.3,144,0.771,549,0.492,227,0.308,0.513,11.6,6.4,,3.4,,0.8,0.5,8.5,2023
6411,Wendell Moore Jr.,Min,G,22.6,25,3,,12.9,18.2,0,0,12,0.75,6,0,0.5,0.7,0.5,,0.2,,0.2,0,5.5,2023
6412,Kendall Brown,Ind,G,20.9,15,4.2,,13.8,11.6,8,0.625,13,0.615,2,0,0.567,1.4,0.3,,0.3,,0,0,4.8,2023
6413,Jalen Williams,Okc,F,23,71,31.3,,23.7,11,221,0.814,752,0.576,241,0.427,0.621,19.1,4,,4.5,,1.1,0.6,9,2023
6414,Orlando Robinson,Mia,C,23.8,36,8.4,,14.8,19.9,25,0.76,57,0.491,15,0.533,0.596,2.8,2.3,,0.9,,0.2,0.2,8.6,2023
6415,Patrick Baldwin,Was,F,21.4,38,13,,15.9,10.9,29,0.69,58,0.483,97,0.32,0.504,4.4,3.2,,0.8,,0.5,0.4,6.9,2023
6416,Walker Kessler,Uta,C,22.7,64,23.3,,12.8,15.9,93,0.602,331,0.68,19,0.211,0.663,8.1,7.5,,0.9,,0.5,2.4,6.5,2023
6417,Jaylin Williams,Okc,F,21.8,69,13,,13.5,13,41,0.805,84,0.5,144,0.368,0.561,4,3.4,,1.6,,0.4,0.4,8.6,2023
6418,JD Davison,Bos,G,21.5,8,4.9,,17.6,14,4,0.75,5,0.4,7,0.429,0.581,2,1.3,,1.3,,0.1,0.1,12.3,2023
6419,Bryce McGowens,Cha,G,21.4,59,14.9,,14.9,11.5,85,0.776,128,0.523,102,0.333,0.565,5.1,1.7,,0.9,,0.4,0.2,5.3,2023
6420,Jamaree Bouyea,Por,G,24.8,6,9.5,,21.6,27.6,0,0,13,0.385,8,0,0.238,1.7,1.7,,1.3,,0,0,6.5,2023
6421,Julian Strawther,Den,G,22,50,10.9,,20.7,9.4,31,0.71,84,0.488,138,0.297,0.482,4.5,1.2,,0.9,,0.3,0.1,6.2,2023
6422,Christian Braun,Den,G,23,82,20.2,,15.7,10.2,134,0.694,319,0.498,164,0.384,0.554,7.3,3.7,,1.6,,0.5,0.4,6.9,2023
6423,Oscar Tshiebwe,Ind,F-C,24.4,8,5.2,,23.5,0,8,0.75,20,0.5,0,0,0.553,3.3,2,,0.3,,0.3,0.1,9.7,2023
6424,Jabari Walker,Por,F,21.7,72,23.6,,16.3,11.5,171,0.754,370,0.522,139,0.295,0.546,8.9,7.1,,1,,0.6,0.3,6.8,2023
6425,Ryan Rollins,Was,G,21.8,10,6.6,,25.2,21.6,17,0.765,22,0.5,3,0.667,0.631,4.1,1.1,,1.1,,0.8,0.3,10.3,2023
6426,Leonard Miller,Min,F,20.4,17,3.1,,18.5,4.7,2,0.5,15,0.733,5,0.4,0.694,1.7,1.2,,0.5,,0.1,0.1,13,2023
6427,Keon Ellis,Sac,G,24.3,57,17.2,,12.4,13.7,35,0.743,64,0.578,168,0.417,0.627,5.4,2.2,,1.5,,0.9,0.5,6.1,2023
6428,Josh Minott,Min,F,21.4,32,2.9,,21.4,5.2,14,0.857,26,0.5,10,0.4,0.593,1.6,0.5,,0.3,,0.2,0.1,8.6,2023
6429,Jaime Jaquez Jr.,Mia,G,23.2,75,28.2,,18.7,13.6,175,0.811,495,0.558,202,0.322,0.574,11.9,3.8,,2.6,,1,0.3,6.9,2023
6430,Ousmane Dieng,Okc,F,20.9,33,11.1,,16.9,14,16,0.875,46,0.609,70,0.3,0.54,4,1.5,,1.1,,0.2,0.2,6.8,2023
6431,Jared Rhoden,Det,G,24.6,17,14.4,,13.3,9.6,8,0.625,35,0.6,31,0.387,0.597,4.9,1.9,,0.8,,0.2,0.8,5.4,2023
6432,Ron Harper Jr.,Tor,F,24,1,3.7,,0,0,0,0,0,0,0,0,0,0,0,,1,,0,0,0,2023
6433,Kris Murray,Por,F,23.7,62,21.7,,14.1,13.1,56,0.661,183,0.525,183,0.268,0.481,6.1,3.6,,1.3,,0.9,0.3,5.6,2023
6434,Marcus Sasser,Det,G,23.6,71,19,,19.9,14.9,66,0.879,272,0.474,240,0.375,0.542,8.3,1.8,,3.3,,0.6,0.2,7.7,2023
6435,Dalen Terry,Chi,F,21.8,59,11.5,,13.4,16.9,43,0.581,83,0.627,74,0.23,0.512,3.1,1.9,,1.4,,0.5,0.3,7,2023
6436,Isaiah Wong,Ind,G,23.2,1,4.3,,29.2,0,0,0,2,0.5,1,0,0.333,2,0,,0,,0,0,0,2023
6437,Jacob Toppin,Nyk,F,23.9,9,4.2,,12.3,9.6,2,1,5,0.8,4,0.25,0.658,1.4,0.8,,0.3,,0,0.1,6.6,2023
6438,Peyton Watson,Den,G,21.6,80,18.6,,16.2,11.5,106,0.67,296,0.551,152,0.296,0.538,6.7,3.2,,1.1,,0.5,1.1,6.2,2023
6439,Caleb Houstan,Orl,G,21.3,59,13.8,,12.5,7.2,26,0.808,13,0.615,193,0.373,0.582,4.3,1.4,,0.5,,0.3,0.1,4.2,2023
6440,Moussa Diabate,Lac,F,22.2,11,5.8,,18.6,9.4,14,0.643,19,0.526,0,0,0.576,2.6,2.3,,0.4,,0.5,0.1,9.2,2023
6441,Trayce Jackson-Davis,Gol,F,24.1,68,16.6,,16.4,12.9,132,0.561,331,0.704,1,0,0.692,7.9,5,,1.2,,0.4,1.1,8.7,2023
6442,Dereon Seabron,Nor,G,23.9,6,9.2,,12.3,0,6,0.833,11,0.273,2,0.5,0.448,2.3,1.2,,0.8,,0.3,0.2,5.7,2023
6443,Collin Gillespie,Den,G,24.8,24,9.4,,17.1,16.8,12,0.667,31,0.548,38,0.395,0.586,3.6,0.9,,1.1,,0.5,0,6.5,2023
6444,Jake LaRavia,Mem,F,22.4,35,23,,21.1,12.9,109,0.826,147,0.442,156,0.34,0.54,10.8,3.7,,1.7,,0.8,0.3,7.1,2023
6445,David Roddy,Mem,F,23.1,48,23.2,,18.1,12.3,67,0.687,230,0.47,156,0.301,0.485,8.4,4.2,,1.6,,0.5,0.2,6.6,2023
6446,Dominick Barlow,San,F,20.9,33,12.7,,14.1,7.4,42,0.69,104,0.51,9,0.333,0.548,4.4,3.4,,1.1,,0.4,0.4,8,2023
6447,Mouhamed Gueye,Atl,F,21.4,6,12.1,,15.2,4.1,6,0.833,14,0.357,9,0.333,0.468,4,3.7,,0.7,,0.8,0.7,7.2,2023
6448,Vince Williams Jr.,Mem,G,23.6,52,27.6,,15.8,19.5,130,0.8,170,0.529,209,0.378,0.597,10,5.6,,3.4,,0.9,0.7,8.3,2023
6449,Kenneth Lofton Jr.,Mem,F,21.7,15,6.6,,21.6,13.9,15,0.533,27,0.407,10,0.3,0.447,2.6,1,,0.9,,0.2,0.2,8,2023
6450,Jermaine Samuels Jr.,Hou,F,25.4,14,4.3,,10.5,0,2,1,12,0.75,2,0,0.672,1.4,0.9,,0.2,,0.1,0.1,5.9,2023
6451,AJ Green,Mil,G,24.5,56,11,,15.2,5.8,19,0.895,27,0.519,169,0.408,0.617,4.5,1.1,,0.5,,0.2,0.1,4.9,2023
6452,Jules Bernard,Was,G,24.2,19,7.9,,21.4,11.1,9,0.556,35,0.514,29,0.379,0.544,3.9,1.4,,0.8,,0.2,0.1,8.3,2023
6453,Jamal Cain,Mia,F,25.1,26,10,,16.7,9.2,23,0.783,48,0.479,31,0.355,0.544,3.7,1.4,,0.4,,0.4,0.2,5.1,2023
6454,Justin Minaya,Por,F,25.1,34,11.2,,9.7,10.8,9,0.556,25,0.4,49,0.245,0.391,1.8,1.6,,0.6,,0.3,0.3,4.3,2023
6455,Cole Swider,Mia,F,24.9,18,4.8,,24.1,17.2,2,1,8,0.625,30,0.333,0.54,2.3,0.4,,0.3,,0.1,0.1,5.4,2023
6456,Lester Quinones,Gol,G,23.4,37,10.7,,18.2,10.7,29,0.69,53,0.453,88,0.364,0.533,4.4,1.9,,1,,0.2,0.1,7.6,2023
6457,Sidy Cissoko,San,G,20,12,11.7,,12.8,8.3,15,0.8,21,0.714,12,0.083,0.568,3.8,1.8,,0.8,,0.6,0.3,6,2023
6458,Simone Fontecchio,Uta,F,28.3,50,23.2,,15.4,12.5,40,0.8,125,0.56,233,0.391,0.592,8.9,3.5,,1.5,,0.6,0.4,6.2,2023
6459,Jacob Gilyard,Mem,G,25.8,37,17.7,,11.4,16.7,2,1,24,0.375,120,0.425,0.597,4.7,1.2,,3.5,,0.7,0.1,6.1,2023
6460,Dmytro Skapintsev,Nyk,C,25.9,2,1.1,,20.5,0,0,0,1,0,0,0,0,0,0,,0,,0,0,0,2023
6461,Nate Williams,Hou,G,25.2,22,5.9,,19.6,7.4,13,0.538,45,0.556,5,0.4,0.565,2.9,1,,0.3,,0.2,0,6.5,2023
6462,Victor Wembanyama,San,F,20.3,71,29.7,,32.2,18,367,0.796,792,0.534,394,0.325,0.565,21.4,10.6,,3.9,,1.2,3.6,12.9,2023
6463,Brandon Miller,Cha,F,21.4,74,32.2,,23.9,10.9,173,0.827,590,0.495,493,0.373,0.552,17.3,4.3,,2.4,,0.9,0.6,7,2023
6464,Taylor Hendricks,Uta,F,20.4,40,21.4,,13.7,10.1,29,0.793,100,0.55,140,0.379,0.578,7.3,4.6,,0.8,,0.7,0.8,5.6,2023
6465,Amen Thompson,Hou,G-F,21.2,62,22.4,,18.5,16.8,155,0.684,388,0.595,58,0.138,0.576,9.5,6.6,,2.6,,1.3,0.6,9.8,2023
6466,Ausar Thompson,Det,F,21.2,63,25.1,,16.6,14.9,119,0.597,367,0.575,113,0.186,0.522,8.8,6.4,,1.9,,1.1,0.9,7.6,2023
6467,Anthony Black,Orl,G,20.2,69,16.9,,12.7,18.5,80,0.613,153,0.51,94,0.394,0.56,4.6,2,,1.3,,0.5,0.3,5.4,2023
6468,Gradey Dick,Tor,G,20.4,60,21.1,,17.4,10.1,51,0.863,204,0.495,241,0.365,0.546,8.5,2.2,,1.1,,0.6,0,5.2,2023
6469,Rayan Rupert,Por,G-F,19.9,39,16.2,,13.6,16.1,25,0.76,83,0.313,78,0.359,0.451,4,2.4,,1.6,,0.3,0.1,6.1,2023
6470,GG Jackson,Mem,F,19.3,48,25.7,,24.2,10.3,153,0.752,277,0.502,286,0.357,0.554,14.6,4.1,,1.2,,0.6,0.5,6.5,2023
6471,Cam Whitmore,Hou,F,19.8,47,18.7,,27.2,9,112,0.679,247,0.538,220,0.359,0.561,12.3,3.8,,0.7,,0.6,0.4,6.8,2023
6472,Jarace Walker,Ind,F,20.6,33,10.3,,16.1,13.3,9,0.889,55,0.418,55,0.4,0.527,3.6,1.9,,1.2,,0.5,0.3,7.8,2023
6473,Cason Wallace,Okc,G,20.4,82,20.6,,12.9,9.2,37,0.784,208,0.572,234,0.419,0.612,6.8,2.3,,1.5,,0.9,0.5,5.6,2023
6474,Keyonte George,Uta,G,20.4,75,27,,22.8,18.7,223,0.848,375,0.459,440,0.334,0.533,13,2.8,,4.4,,0.5,0.1,8,2023
6475,Jalen Hood-Schifino,Lal,G,20.8,21,5.2,,24.8,16.6,20,0.6,30,0.267,15,0.133,0.316,1.6,0.6,,0.4,,0.1,0.1,5.6,2023
6476,Maxwell Lewis,Lal,F,21.7,34,3,,13.6,32,3,0.667,12,0.25,9,0.111,0.246,0.3,0.1,,0.2,,0.1,0,2.4,2023
6477,Jordan Hawkins,Nor,G,22,67,17.3,,19.9,8.1,80,0.838,158,0.411,298,0.366,0.533,7.8,2.2,,1,,0.3,0.1,6,2023
6478,Kobe Bufkin,Atl,G,20.6,17,11.5,,22.4,9.8,8,0.5,52,0.481,40,0.225,0.424,4.8,1.9,,1.6,,0.4,0.3,8.5,2023
6479,Jett Howard,Orl,G,20.6,18,3.7,,22.9,9,4,0.5,5,0.6,25,0.28,0.457,1.6,0.4,,0.3,,0.1,0.1,6.2,2023
6480,Dereck Lively II,Dal,C,20.2,55,23.5,,12.6,14.4,81,0.506,294,0.752,2,0,0.728,8.8,6.9,,1.1,,0.7,1.4,6.9,2023
6481,Dariq Whitehead,Bro,F,19.7,2,12,,10.6,0,2,0.5,2,0.5,3,0,0.255,1.5,2,,1.5,,0,0.5,5.5,2023
6482,Brice Sensabaugh,Uta,F,20.5,32,18.3,,20.3,17.7,41,0.902,103,0.495,115,0.296,0.511,7.5,3.2,,1.7,,0.4,0.2,7.5,2023
6483,Noah Clowney,Bro,F,19.8,23,16.1,,14.2,13.8,30,0.7,60,0.633,33,0.364,0.626,5.8,3.5,,0.8,,0.3,0.7,6.3,2023
6484,Bilal Coulibaly,Was,G,19.7,63,27.2,,14.2,16.8,131,0.702,247,0.502,185,0.346,0.543,8.4,4.1,,1.7,,0.9,0.8,5.7,2023
6485,Colby Jones,Sac,G,21.9,30,6.4,,19.1,12.3,11,0.545,49,0.531,22,0.091,0.422,2.1,1.3,,0.7,,0.2,0.2,7.8,2023
6486,Nick Smith Jr.,Cha,G,20,51,14.3,,20.3,11.9,15,0.867,143,0.35,146,0.432,0.511,5.9,1.4,,1.2,,0.2,0.1,6,2023
6487,Emoni Bates,Cle,F,20.2,15,8.9,,19.5,14,4,0.25,16,0.313,33,0.303,0.404,2.7,0.9,,0.7,,0.1,0.1,5.4,2023
6488,Amari Bailey,Cha,G,20.2,10,6.5,,21.3,14.1,7,0.857,16,0.438,8,0.125,0.425,2.3,0.9,,0.7,,0.3,0,7,2023
6489,Kobe Brown,Lac,F,24.3,44,9,,11.1,9.1,2,0.5,42,0.548,48,0.292,0.49,2,1.4,,0.6,,0.3,0.1,5.3,2023
6490,Toumani Camara,Por,F,23.9,70,24.8,,13.8,16.1,99,0.758,266,0.523,172,0.337,0.547,7.5,4.9,,1.2,,0.9,0.5,5.7,2023
6491,Andre Jackson Jr.,Mil,G,22.4,57,10,,10,21.8,11,0.727,54,0.611,46,0.37,0.596,2.2,2,,0.9,,0.3,0.1,6.3,2023
6492,Keyontae Johnson,Okc,F,23.9,9,7.4,,13.1,20,0,0,13,0.308,3,0.333,0.344,1.2,1.1,,0.4,,0.1,0,4.4,2023
6493,Chris Livingston,Mil,F,20.5,21,4.3,,13.7,18.3,4,0.75,17,0.588,5,0.2,0.547,1.2,1,,0.2,,0.1,0,5.8,2023
6494,Seth Lundy,Atl,G,24,9,5.8,,15.8,5.5,4,0.75,4,0.25,13,0.231,0.373,1.6,0.8,,0,,0,0,0,2023
6495,Jordan Miller,Lac,G,24.2,8,3.5,,16.9,9.6,2,1,7,0.571,2,0.5,0.658,1.6,0.6,,0,,0,0,0,2023
6496,Julian Phillips,Chi,F,20.4,40,8.1,,13,11.5,19,0.684,39,0.513,38,0.316,0.521,2.2,0.9,,0.3,,0.2,0.2,4.2,2023
6497,Brandin Podziemski,Gol,G,21.1,74,26.6,,15.4,12.8,79,0.633,363,0.499,234,0.385,0.54,9.2,5.8,,3.7,,0.8,0.2,8.8,2023
6498,Olivier-Maxence Prosper,Dal,F,21.8,40,8.4,,16.6,7.1,41,0.683,59,0.458,45,0.289,0.496,3,2,,0.6,,0.2,0.1,7.3,2023
6499,Adama Sanogo,Chi,F,22.2,9,7.3,,24.9,15.5,12,0.667,27,0.519,0,0,0.558,4,4,,0,,0.1,0,0,2023
6500,Ben Sheppard,Ind,G,22.7,57,14.3,,13.1,6.1,26,0.885,73,0.562,156,0.314,0.524,4.4,1.6,,0.9,,0.6,0,5.2,2023
6501,Jalen Slawson,Sac,F,24.5,12,3.1,,9.2,25,0,0,4,1,2,0,0.667,0.7,0.6,,0.2,,0.1,0.1,5.7,2023
6502,Leaky Black,Cha,F,24.8,26,10.9,,10.1,10.3,15,0.667,32,0.5,20,0.45,0.589,2.7,1.8,,0.9,,0.3,0.4,6,2023
6503,Alex Fudge,Lal,F,20.9,4,3.6,,23.4,13.4,2,1,4,0.25,2,0,0.291,1,0.5,,0,,0,0,0,2023
6504,D'Moi Hodge,Lal,G,25.3,7,5.9,,17.6,6.2,2,0.5,3,0.667,12,0.25,0.441,2,0,,0.7,,0.1,0.1,0,2023
6505,Markquis Nowell,Tor,G,24.3,1,3.5,,22.9,0,2,1,1,0,0,0,0.532,2,2,,2,,1,0,22.9,2023
6506,Drew Peterson,Bos,F,24.4,3,7.6,,13.4,14.3,0,0,1,1,5,0.6,0.917,3.7,0.3,,0.3,,0.7,0,3.6,2023
6507,Hunter Tyson,Den,F,23.8,18,2.7,,20,9.1,0,0,6,0.667,14,0.286,0.5,1.1,0.5,,0.1,,0.1,0,5.6,2023
6508,Craig Porter,Cle,G,24.1,51,12.7,,20.2,16.5,56,0.732,194,0.536,34,0.353,0.564,5.6,2.1,,2.3,,0.4,0.3,9.5,2023
6509,Duop Reath,Por,C,27.8,68,17.9,,20.7,9.4,93,0.742,254,0.559,245,0.359,0.571,9.1,3.7,,1,,0.5,0.6,7.2,2023
6510,Nathan Mensah,Cha,C,26,25,12.3,,6.8,33.1,12,0.75,28,0.429,0,0,0.496,1.3,2.6,,0.4,,0.2,0.6,3.6,2023
6511,Dexter Dennis,Dal,G,25.2,4,7.5,,33.4,13.5,3,0.333,11,0.818,8,0.125,0.541,5.5,2.3,,1,,0,0.3,12.4,2023
6512,Onuralp Bitim,Chi,F,25,23,11.7,,15.8,10.6,5,0.8,40,0.5,44,0.273,0.464,3.5,1.4,,0.6,,0.1,0.1,4.9,2023
6513,Ricky Council IV,Phi,G,22.7,32,9,,22.2,4.3,71,0.746,80,0.525,32,0.375,0.604,5.4,1.4,,0.5,,0.3,0,6.9,2023
6514,Kenneth Lofton Jr.,Phi,F,21.7,2,4.4,,39.2,25,0,0,4,0.25,2,0,0.167,1,1.5,,0,,0,0,0,2023
6515,Jontay Porter,Tor,C-F,24.4,26,13.8,,15.8,16.8,18,0.833,44,0.455,60,0.333,0.514,4.4,3.2,,2.3,,0.8,0.8,9.2,2023
6516,Malachi Flynn,Nyk,G,25.9,14,4.3,,22,11.4,11,0.818,10,0.5,13,0.308,0.557,2.2,0.4,,0.4,,0.1,0,6.6,2023
6517,Mamadi Diakite,San,F,27.2,3,5.3,,20.2,0,6,0.667,5,0.8,0,0,0.785,4,1,,0.7,,0,0.3,10.6,2023
6518,Skylar Mays,Lal,G,26.6,17,4.5,,12.9,8.7,0,0,16,0.5,5,0.4,0.524,1.3,0.4,,0.6,,0.4,0.1,6,2023
6519,Dylan Windler,Lal,G-F,27.6,8,3.5,,14,0,0,0,1,0,8,0.5,0.667,1.5,0.4,,0.8,,0,0,8.9,2023
6520,Hamidou Diallo,Was,G,25.7,2,2.4,,26.3,33.3,0,0,2,0.5,0,0,0.5,1,1,,0.5,,1,0,13.2,2023
6521,Mike Muscala,Det,F-C,32.8,13,13.2,,11.9,4.3,4,0.5,10,0.2,34,0.382,0.492,3.5,2.2,,0.8,,0.2,0.4,5.6,2023
6522,Javon Freeman-Liberty,Tor,G,24.5,22,18.3,,17.4,16.7,36,0.917,82,0.549,42,0.238,0.547,7,3.2,,1.8,,0.5,0.2,7.5,2023
6523,Jordan Walsh,Bos,G,20.1,9,9.3,,9.8,16.5,2,0.5,6,0.667,9,0.222,0.472,1.7,2.2,,0.6,,0.6,0.1,5.6,2023
6524,Frank Ntilikina,Cha,G,25.7,5,8.6,,11.2,9.6,2,1,1,0,8,0.125,0.253,1,1.2,,0.8,,0,0,4.6,2023
6525,Marvin Bagley III,Was,F,25.1,24,24,,20.9,11.7,65,0.708,210,0.59,17,0.471,0.622,13.3,8,,1.2,,0.6,0.8,8.4,2023
6526,Bruce Brown,Tor,G-F,27.7,34,26,,16.4,14.4,60,0.833,205,0.532,63,0.317,0.557,9.6,3.8,,2.7,,0.7,0.3,7.1,2023
6527,Terquavion Smith,Phi,G,21.3,16,5.3,,28.2,13.1,5,0.6,11,0.455,35,0.371,0.539,3.3,0.3,,0.8,,0.5,0,7,2023
6528,Kevon Harris,Orl,G,26.8,2,3.1,,28.7,25,0,0,3,0.667,0,0,0.667,2,1,,0.5,,0,0,12.9,2023
6529,Pascal Siakam,Ind,F,30,41,31.8,,25.1,8.2,173,0.699,547,0.58,101,0.386,0.602,21.3,7.8,,3.7,,0.8,0.4,10.7,2023
6530,Danilo Gallinari,Det,F,35.7,6,14.9,,16,4.3,24,0.875,10,0.5,12,0.583,0.799,8.7,2.3,,2,,0.3,0.3,9.2,2023
6531,Jordan Nwora,Tor,F,25.6,34,15.6,,22.3,15.9,42,0.833,122,0.557,95,0.347,0.573,7.9,3.4,,1.3,,0.6,0.4,8.4,2023
6532,Pete Nance,Cle,F,24.2,8,3.4,,12.7,14.3,2,0,5,0,1,1,0.218,0.4,0.4,,0,,0.1,0,0,2023
6533,Scotty Pippen Jr.,Mem,G,23.4,21,25.1,,23.1,21.6,55,0.745,131,0.534,72,0.417,0.596,12.9,3.2,,4.7,,1.7,0.5,9.2,2023
6534,Taze Moore,Por,G,25.8,4,10.1,,24.2,13.5,2,0.5,12,0.583,7,0.143,0.453,4.5,2,,1.3,,0.5,0,9,2023
6535,Trey Jemison,Was,C,24.4,2,0.8,,28.1,100,0,0,0,0,0,0,0,0,0.5,,0,,0,0,0,2023
6536,Monte Morris,Det,G,28.8,6,11.4,,22.4,5.7,2,0.5,22,0.455,11,0.182,0.398,4.5,2,,1.3,,0.2,0.2,8,2023
6537,Terry Rozier,Mia,G,30.1,31,31.5,,23.8,8.4,69,0.913,271,0.458,178,0.371,0.531,16.4,4.2,,4.6,,1,0.3,8.7,2023
6538,Kira Lewis Jr.,Tor,G,23,1,1.6,,0,0,0,0,0,0,0,0,0,0,0,,0,,0,0,0,2023
6539,Matt Hurt,Mem,F,24,8,14.2,,14.2,5.5,3,1,14,0.5,20,0.25,0.453,4,2,,0.5,,0.4,0.4,4.5,2023
6540,Trey Jemison,Mem,C,24.4,23,24.9,,13.6,20,25,0.84,136,0.551,0,0,0.582,7.4,5.8,,1.2,,0.5,1.2,6,2023
6541,Tosan Evbuomwan,Mem,F,23.2,4,18.5,,9.3,6.3,0,0,7,0.286,8,0.25,0.333,2.5,3.5,,1.5,,0,0.3,5.1,2023
6542,Ashton Hagans,Por,G-F,24.8,19,16.6,,14.6,29.6,17,0.824,46,0.457,25,0.32,0.51,4.2,2.4,,2.8,,0.6,0.5,7.3,2023
6543,Theo Maledon,Pho,G,22.8,4,3.3,,27.5,40.3,3,1,4,0.25,0,0,0.47,1.3,0.3,,0,,0,0,0,2023
6544,Jason Preston,Uta,G,24.7,7,10.2,,12.4,9.5,0,0,16,0.375,3,0,0.316,1.7,2.4,,2.3,,0.3,0.1,8.3,2023
6545,Buddy Hield,Phi,G,31.3,32,25.8,,20.2,11,26,0.923,122,0.492,211,0.389,0.566,12.2,3.2,,3,,0.8,0.3,7.6,2023
6546,Cameron Payne,Phi,G,29.7,31,19.4,,21.8,11.9,23,0.913,123,0.447,136,0.382,0.533,9.3,1.8,,3.1,,0.6,0.3,7.7,2023
6547,Patrick Beverley,Mil,G,35.8,26,20.9,,13.2,10.4,27,0.852,66,0.424,72,0.361,0.524,6,3.6,,2.6,,0.7,0.5,7.3,2023
6548,Daniel Gafford,Dal,F-C,25.5,29,21.5,,16.4,13.1,56,0.607,186,0.78,0,0,0.769,11.2,6.9,,1.6,,0.7,1.9,9.3,2023
6549,P.J. Washington,Dal,F,25.6,29,32.2,,16.3,9,51,0.627,133,0.556,169,0.314,0.522,11.7,6.2,,1.5,,1.2,0.9,5.9,2023
6550,Simone Fontecchio,Det,F,28.3,16,30.3,,19.2,8.2,26,0.846,89,0.539,101,0.426,0.613,15.4,4.4,,1.8,,0.9,0.3,6.5,2023
6551,Troy Brown Jr.,Det,G-F,24.7,22,18.9,,13,10,15,0.867,51,0.314,57,0.281,0.406,4.2,3.3,,1.1,,0.7,0,5.2,2023
6552,Shake Milton,Det,G-F,27.5,4,15.8,,20.5,10.2,3,0.667,17,0.471,9,0.333,0.494,6.8,4.5,,1.5,,0.5,0.3,9.1,2023
6553,Dennis Schroder,Bro,G,30.6,29,32,,21.8,16,64,0.797,220,0.432,148,0.412,0.535,14.6,3.5,,6,,0.6,0.3,8.4,2023
6554,Keita Bates-Diop,Bro,F,28.2,14,4.8,,13.2,10.8,6,1,11,0.636,5,0.2,0.617,1.6,0.6,,0.3,,0.2,0.1,5.5,2023
6555,Tre Mann,Cha,G,23.2,28,31,,18.2,16.9,58,0.759,169,0.509,107,0.364,0.552,11.9,4.5,,5.2,,1.7,0.1,8.4,2023
6556,Grant Williams,Cha,F,25.4,29,30.6,,19,16.3,85,0.765,162,0.605,126,0.373,0.618,13.9,5.1,,3.2,,0.7,0.4,8,2023
6557,Seth Curry,Cha,G,33.6,8,19.8,,19.3,7.8,12,0.917,31,0.548,28,0.321,0.56,9,2,,1.8,,0.6,0.4,6.4,2023
6558,Vasilije Micic,Cha,G,30.3,30,27.2,,20.3,20,56,0.839,170,0.529,109,0.294,0.532,10.8,2.1,,6.2,,0.7,0.1,7.6,2023
6559,Davis Bertans,Cha,F,31.4,28,20.8,,17.7,7.5,18,0.889,32,0.5,176,0.375,0.57,8.8,1.8,,0.9,,0.8,0.3,4.7,2023
6560,Kelly Olynyk,Tor,F-C,33,28,26.4,,20,22.9,85,0.824,168,0.637,71,0.338,0.644,12.7,5.6,,4.6,,1.3,0.6,10.4,2023
6561,Ochai Agbaji,Tor,G,24,27,23.6,,15.4,14,36,0.611,115,0.496,69,0.217,0.453,6.7,3.3,,1.3,,0.7,0.6,5.2,2023
6562,Royce O'Neale,Pho,F,30.9,30,25.1,,13.9,9.3,13,0.692,57,0.509,157,0.376,0.555,8.1,5.2,,2.7,,0.9,0.5,7.7,2023
6563,Dalano Banton,Por,F,24.4,30,29.2,,27.2,13,100,0.78,266,0.474,183,0.311,0.508,16.7,4.8,,3.6,,0.9,0.6,9.1,2023
6564,Bojan Bogdanovic,Nyk,F,35,29,19.2,,24.3,12.9,45,0.8,129,0.488,127,0.37,0.549,10.4,2,,0.9,,0.2,0,5.5,2023
6565,Alec Burks,Nyk,G,32.7,23,13.5,,26.9,8.9,33,0.727,80,0.313,83,0.301,0.42,6.5,1.7,,0.9,,0.3,0,6.4,2023
6566,Doug McDermott,Ind,F,32.3,18,11.4,,15.2,5.5,2,0.5,13,0.769,56,0.321,0.537,4.2,0.6,,0.7,,0.3,0,4.2,2023
6567,Mouhamadou Gueye,Tor,F,25.8,11,10.9,,19.2,23.9,9,0.444,35,0.314,3,0,0.31,2.4,2.1,,0.5,,0.3,1.6,5,2023
6568,Yuta Watanabe,Mem,G-F,29.5,5,16.4,,12,13.6,2,0,9,0.556,10,0.1,0.327,2.6,1.8,,1,,0.6,0,4.1,2023
6569,Lamar Stevens,Mem,F,26.8,19,23,,22.5,7.1,43,0.791,157,0.484,38,0.289,0.512,11.5,5.1,,1.1,,0.9,0.9,7,2023
6570,Richaun Holmes,Was,F,30.5,17,18.7,,14.8,12,26,0.846,85,0.565,3,0.333,0.608,7.1,6.1,,0.6,,0.5,0.6,6.3,2023
6571,Kira Lewis Jr.,Uta,G,23,12,9.9,,17.5,12.9,9,0.778,27,0.593,13,0.154,0.512,3.8,1,,1.6,,0.3,0.1,7.4,2023
6572,Monte Morris,Min,G,28.8,27,15.1,,14.4,4,17,0.706,61,0.41,59,0.424,0.537,5.1,1.7,,2.3,,0.7,0.3,7.2,2023
6573,Alondes Williams,Mia,G,24.8,7,2.2,,29.9,19.2,1,1,4,0.5,4,0,0.296,0.7,0.1,,0,,0,0.1,0,2023
6574,Evan Fournier,Det,G-F,31.5,29,18.7,,18.6,9,34,0.794,86,0.512,115,0.27,0.482,7.2,1.9,,1.6,,0.9,0.2,6,2023
6575,Malachi Flynn,Det,G,25.9,24,14.3,,26,14,38,0.684,89,0.528,76,0.316,0.528,8,1.8,,2.1,,0.8,0.1,8.7,2023
6576,Spencer Dinwiddie,Lal,G,31,28,24.2,,12.2,17,50,0.88,51,0.412,90,0.389,0.586,6.8,1.7,,2.4,,0.5,0.5,5,2023
6577,Vit Krejci,Atl,G,23.8,22,24.6,,9.7,16.1,6,0.833,36,0.639,68,0.412,0.633,6.1,2.4,,2.3,,0.6,0.3,5.3,2023
6578,Jordan Goodwin,Mem,G,25.5,17,29.3,,19.8,12.5,30,0.633,128,0.367,61,0.311,0.42,10,8,,4.5,,1.5,0.5,9.7,2023
6579,Tosan Evbuomwan,Det,F,23.2,13,22.5,,10.9,12.4,25,0.68,32,0.688,24,0.417,0.679,7,3.5,,0.8,,0.5,0.3,4.8,2023
6580,David Roddy,Pho,F,23.1,17,3.7,,18.2,11.3,1,1,15,0.6,8,0.125,0.469,1.3,0.6,,0.2,,0.1,0,5.8,2023
6581,D.J. Carton,Tor,G,23.7,4,8.9,,13.5,10.7,5,0.8,4,0.5,4,0.25,0.539,2.8,1,,0.8,,0.3,0,5.9,2023
6582,Kyle Lowry,Phi,G,38.1,23,28.4,,12,19.1,33,0.848,46,0.522,89,0.404,0.615,8,2.8,,4.6,,0.9,0.3,6.6,2023
6583,Darius Bazley,Phi,F,23.8,3,3.3,,8.8,50,0,0,1,0,0,0,0,0,0.3,,0.7,,0,0,0,2023
6584,Gordon Hayward,Okc,F,34.1,26,17.2,,13.4,12.4,39,0.692,77,0.429,29,0.517,0.56,5.3,2.5,,1.6,,0.5,0,6.4,2023
6585,Xavier Tillman,Bos,F,25.3,20,13.7,,11.8,7,7,0.571,38,0.684,28,0.286,0.579,4,2.7,,1,,0.5,0.5,6.5,2023
6586,Jaden Springer,Bos,G,21.6,17,7.6,,14,20.8,8,0.875,19,0.579,11,0.182,0.522,2.1,1.2,,0.5,,0.6,0.2,5.7,2023
6587,Justin Champagnie,Was,G-F,22.8,15,15.7,,17,11.3,15,0.8,33,0.576,45,0.289,0.526,5.9,3.5,,1.3,,0.7,0.6,7.6,2023
6588,Bismack Biyombo,Okc,C,31.6,10,7.3,,11.5,24.7,8,0.5,12,0.583,0,0,0.58,1.8,1.8,,0.2,,0.1,0.3,4.7,2023
6589,Adam Flagler,Okc,G,24.4,2,7,,21.7,0,0,0,1,0,6,0.167,0.214,1.5,0,,2,,0,0,0,2023
6590,Thaddeus Young,Pho,F,35.8,10,8.9,,12.8,15.9,3,0.333,20,0.55,1,0,0.515,2.3,2.8,,0.7,,0.5,0.2,7.4,2023
6591,Danilo Gallinari,Mil,F,35.7,17,9.1,,15.3,21.1,18,0.889,20,0.55,17,0.176,0.523,2.8,1.1,,0.7,,0.4,0.1,5.7,2023
6592,Justin Jackson,Min,F,29.1,2,0.4,,0,0,0,0,0,0,0,0,0,0,0,,0,,0,0,0,2023
6593,Quentin Grimes,Det,G,23.9,6,19.2,,19.9,14.2,11,0.909,14,0.357,28,0.143,0.342,5.3,2,,2.3,,0.8,0.7,6,2023
6594,Pat Spencer,Gol,G,27.8,6,4.3,,8.2,20,0,0,2,1,2,0,0.5,0.7,0.7,,0.8,,0,0,6.8,2023
6595,Delon Wright,Mia,G,32,14,20.4,,11.9,4.3,16,0.813,36,0.417,30,0.367,0.52,5.4,1.9,,2.6,,1.4,0.2,5.9,2023
6596,Jalen Crutcher,Nor,G,24.7,1,2.7,,16.1,0,0,0,1,0,0,0,0,0,0,,0,,0,0,0,2023
6597,Marques Bolden,Cha,C,26,9,13.1,,11.1,10.6,4,0.75,24,0.708,1,0,0.691,4.1,3.6,,0.4,,0.3,0.8,5.5,2023
6598,Mason Jones,Sac,G,25.7,5,5.5,,16.8,19.6,2,0.5,1,0,7,0.286,0.394,1.4,1,,1,,0.2,0,8.1,2023
6599,Harry Giles III,Lal,F-C,26,7,2.7,,13.8,0,0,0,3,0.333,3,0,0.167,0.3,0.6,,0,,0.1,0,0,2023
6600,Mike Muscala,Okc,F-C,32.8,16,5.7,,12.5,15.4,1,0,11,0.636,11,0.091,0.379,1.1,1.3,,0.3,,0.1,0.1,5.3,2023
6601,Izaiah Brockington,Nor,G,24.8,1,3.4,,64,0,0,0,4,0.5,1,0,0.4,4,2,,0,,0,0,0,2023
6602,Jahmi'us Ramsey,Tor,G,22.9,7,17.3,,17.8,14.5,6,0.833,19,0.632,22,0.273,0.538,6.7,3.1,,1.1,,1,0,6.6,2023
6603,Jeff Dowtin Jr.,Phi,G,26.9,12,11.8,,13,12.1,4,0.75,17,0.647,19,0.474,0.689,4.3,1.7,,2.3,,0.6,0.1,8.7,2023
6604,Shake Milton,Nyk,G-F,27.5,6,4.6,,15.6,0,2,1,7,0.429,2,0.5,0.557,1.8,1,,0.7,,0.2,0,9.4,2023
6605,T.J. Warren,Min,F,30.6,11,11.3,,16.6,8.8,4,0.75,28,0.571,13,0.154,0.479,3.7,2,,0.8,,0.4,0.1,6.4,2023
6606,Patty Mills,Mia,G,35.7,13,16.4,,19.4,9,11,1,27,0.593,53,0.208,0.448,5.8,1.2,,1.5,,0.8,0,5.3,2023
6607,Wenyen Gabriel,Mem,F,27.1,5,16.2,,17.1,26.7,5,0,16,0.438,6,0.167,0.351,3.4,5,,0.6,,0.4,0.4,5.4,2023
6608,Aleksej Pokusevski,Cha,F,22.3,18,19.2,,17.6,13.2,37,0.757,61,0.475,44,0.364,0.552,7.4,4.4,,1.7,,0.8,0.7,7.9,2023
6609,DeJon Jarreau,Mem,G,26.2,9,16.6,,18.3,15.2,11,0.455,37,0.351,13,0.308,0.392,4.8,4.9,,2.9,,0.7,0.2,9.8,2023
6610,Dylan Windler,Atl,G-F,27.6,6,12.2,,11.9,9.5,0,0,2,1,17,0.471,0.737,4.7,2,,0.5,,0.3,0,5.5,2023
6611,Andrew Funk,Chi,G,24.6,5,2.7,,13.1,0,0,0,1,0,3,0,0,0,0,,0,,0.2,0.2,0,2023
6612,Henri Drell,Chi,F,24,4,7.5,,18.9,16.4,2,0.5,4,0.5,6,0.333,0.506,2.8,1,,1,,0.5,0.3,7.5,2023
6613,Ish Wainright,Pho,F,29.6,4,4.1,,18.4,14.3,0,0,2,0,4,0.25,0.25,0.8,1.3,,0.3,,0.5,0,6.6,2023
6614,Quenton Jackson,Ind,G,25.6,3,3.5,,7.5,0,2,1,1,0,0,0,0.532,0.7,1.3,,0.7,,0.3,0,9.8,2023
6615,Marcus Morris Sr.,Cle,F,34.6,12,15,,18,15.7,8,0.625,30,0.467,29,0.414,0.552,5.8,2.1,,0.8,,0.2,0.2,5.7,2023
6616,Taj Gibson,Det,F,38.8,4,9.8,,15.3,0,0,0,10,0.6,4,0.5,0.643,4.5,2.3,,0.5,,0.3,0.3,7.1,2023
6617,Chimezie Metu,Det,F-C,27.1,14,29.4,,15.4,17.9,21,0.952,71,0.62,43,0.302,0.596,10.5,6,,1.9,,1.7,0.5,6.7,2023
6618,Buddy Boeheim,Det,F,24.4,10,8.4,,17,0,10,0.8,4,0.25,25,0.32,0.509,3.4,1,,0.3,,0,0.1,4.8,2023
6619,Isaiah Thomas,Pho,G,35.2,6,3.2,,22.3,0,0,0,6,0.167,4,0.5,0.4,1.3,0,,0.5,,0,0,0,2023
6620,Maozinha Pereira,Mem,F,23.6,7,17.4,,15.7,12.4,10,0.7,22,0.591,13,0.385,0.609,6.9,5.3,,0.3,,0.9,0.6,5.1,2023
6621,Tristan Vukcevic,Was,F,21.1,10,15.3,,23.8,12.9,22,0.773,31,0.613,36,0.278,0.554,8.5,3.6,,1.3,,0.5,0.7,8.9,2023
6622,D.J. Wilson,Phi,F,28.2,2,7.8,,16.7,0,0,0,4,0.5,2,1,0.833,5,1,,1,,0,1,8.8,2023
6623,Jacob Gilyard,Bro,G,25.8,4,11.2,,6.8,14.3,0,0,0,0,6,0,0,0,0.8,,1.5,,1.5,0,0,2023
6624,Kobi Simmons,Tor,G,26.8,4,16.9,,13.9,4.5,0,0,13,0.538,8,0.25,0.476,5,1.8,,3,,1.5,0.5,7.1,2023
6625,Mamadi Diakite,Nyk,F,27.2,3,2.8,,10.2,50,0,0,0,0,1,0,0,0,0.3,,0,,0.3,0,0,2023
6626,Javonte Green,Chi,G,30.7,9,25.6,,16.7,8.5,13,0.769,48,0.729,27,0.37,0.681,12.2,7.4,,0.6,,1.1,0.9,5.9,2023
6627,Brandon Clarke,Mem,F,27.6,6,22.4,,20.8,4.8,7,0.143,53,0.604,6,0.167,0.548,11.3,5.3,,1.5,,0.8,1,8,2023
6628,Zavier Simpson,Mem,G,27.2,7,23.1,,17.5,15.5,4,0.75,37,0.324,17,0.294,0.377,6,2.9,,3.6,,1,0.4,6.9,2023
6629,Malik Williams,Tor,C,25.6,7,15.2,,15.2,8.1,2,0,29,0.276,5,0.2,0.272,2.7,5.4,,0.3,,0.4,0.6,4.3,2023
6630,Jaylen Nowell,Det,G,24.8,4,14.4,,20.5,7.9,6,0.667,17,0.588,6,0.333,0.585,7.5,2.5,,0.8,,0.3,0.5,6.9,2023
6631,Darius Bazley,Uta,F,23.8,6,23.7,,12.1,19.2,12,0.833,21,0.762,8,0.25,0.7,8,4.5,,0.8,,1,1.2,5.2,2023
6632,Kenneth Lofton Jr.,Uta,F,21.7,4,22.7,,21.1,14.5,11,0.818,23,0.739,12,0.333,0.69,13.8,5,,4.8,,0.8,0.5,12.2,2023
6633,Timmy Allen,Mem,F,24.3,5,25.1,,8.9,7.9,2,0.5,16,0.375,7,0,0.272,2.6,3.4,,1,,0.8,0,3.3,2023
6634,Ryan Rollins,Mil,G,21.8,3,4,,10.8,33.3,0,0,1,0,1,1,0.75,1,0.7,,1,,0.7,0,8.9,2023
6635,RaiQuan Gray,San,F,24.8,3,13,,19.5,5.6,0,0,10,0.7,7,0.429,0.676,7.7,2.3,,2,,0.3,0.3,10.1,2023
6636,David Duke Jr.,San,G,24.5,4,12.9,,18.3,14,3,1,12,0.583,6,0.5,0.673,6.5,2.5,,1.3,,0.5,0,8.6,2023
6637,Jamaree Bouyea,San,G,24.8,3,12.6,,9,12.5,0,0,6,0.667,1,1,0.786,3.7,3,,1,,0.3,0,7.1,2023
6638,Jack White,Mem,F,26.7,4,15.9,,12.1,11.1,0,0,6,0,10,0.2,0.188,1.5,3,,0.3,,1,0.3,2.8,2023
6639,Alex Fudge,Dal,F,20.9,2,12.9,,16.6,10,0,0,6,0.667,3,0.333,0.611,5.5,1.5,,0,,1.5,0,0,2023
6640,LeBron James,Lal,F,40.5,5,40.7,,27.2,12.8,40,0.775,60,0.55,28,0.357,0.601,25.4,9,,5.6,,2,1.8,10.7,2024
6641,Al Horford,Bos,C-F,39.1,11,31.6,,10.8,8.8,7,0.857,37,0.541,35,0.4,0.586,8,6,,1.8,,0.6,1.3,5.6,2024
6642,Mike Conley,Min,G,37.7,15,23.7,,13.8,11.1,13,0.923,36,0.25,60,0.333,0.442,6,2.9,,3.3,,0.6,0.2,6.5,2024
6643,Jeff Green,Hou,F,38.8,3,1.8,,25,0,0,0,2,0,1,1,0.5,1,0.3,,0,,0,0,0,2024
6644,Russell Westbrook,Den,G,36.6,13,24.1,,25,18.4,40,0.7,70,0.457,63,0.317,0.505,11.7,3.7,,2.6,,0.9,0.1,8,2024
6645,Brook Lopez,Mil,C,37.2,5,14.8,,16.9,15.1,5,1,7,0.571,15,0.267,0.517,5,1.6,,0.8,,0.2,1,5,2024
6646,Nicolas Batum,Lac,G-F,36.5,7,24.5,,9.7,8.3,0,0,0,0,33,0.394,0.591,5.6,3.9,,2,,0.9,1.7,5.7,2024
6647,DeAndre Jordan,Den,C,36.9,7,5.1,,8.2,40,4,0,3,1,0,0,0.63,0.9,1.3,,0.3,,0,0.1,5.5,2024
6648,James Harden,Lac,G,35.8,7,39.4,,22.9,17.2,33,0.818,57,0.491,44,0.364,0.567,18.7,5.4,,9.1,,1.3,1,9.9,2024
6649,Stephen Curry,Gol,G,37.3,8,35.1,,26.6,17.2,28,0.893,50,0.6,80,0.4,0.636,22.6,5.3,,5.1,,1,0.8,9.7,2024
6650,James Johnson,Ind,F,38.3,5,3.7,,16.6,16.1,2,0.5,4,0.75,1,0,0.595,1.4,0.2,,0.4,,0.4,0.4,5.2,2024
6651,Jrue Holiday,Bos,G,35,8,33,,14.1,21,13,0.692,34,0.588,26,0.346,0.578,9.5,4.1,,4,,0.9,0.1,6.5,2024
6652,Patty Mills,Lac,G,36.9,1,3.7,,37.6,33.3,0,0,1,0,1,1,0.75,3,0,,0,,0,0,0,2024
6653,Tristan Thompson,Cle,C-F,34.3,3,9.8,,13.6,24.6,3,0.333,6,0.5,0,0,0.478,2.3,5,,0.3,,0.3,0.7,6.2,2024
6654,Alec Burks,Mia,G,33.9,1,15.2,,9.2,0,0,0,0,0,3,0.667,1,6,2,,2,,0,0,7.6,2024
6655,Kawhi Leonard,Lac,F,34,7,37.8,,26.9,10.8,36,0.778,86,0.593,37,0.405,0.63,25,7.6,,4.7,,1.1,0.7,10.2,2024
6656,Tobias Harris,Det,F,32.9,6,38.8,,15.6,7.7,16,1,48,0.5,23,0.435,0.602,15.7,7.7,,0.5,,1,1.2,4,2024
6657,Cory Joseph,Orl,G,33.8,5,24.9,,9.5,7.7,0,0,8,0.625,16,0.313,0.521,5,1.8,,3,,1,0.4,4.8,2024
6658,Jimmy Butler,Gol,F,35.8,11,36,,22.2,7.9,80,0.8,116,0.491,36,0.306,0.564,19.2,6.6,,5.2,,1.3,0.3,9.7,2024
6659,Damian Lillard,Mil,G,34.9,3,24.9,,19.6,9.9,7,0.857,11,0.273,16,0.188,0.349,7,2.7,,4.7,,0.7,0.7,7.2,2024
6660,Draymond Green,Gol,F,35.3,12,32.4,,17,24.9,13,0.692,48,0.542,60,0.267,0.479,9.1,5.5,,3.8,,1.4,0.9,7.1,2024
6661,Alex Len,Lal,C,32,2,1.9,,12.6,0,0,0,1,0,0,0,0,0,2,,0,,0,0,0,2024
6662,Dennis Schroder,Det,G,31.8,6,27.4,,17.6,11.6,16,0.813,32,0.5,21,0.476,0.625,12.5,2.3,,3.7,,1.2,0.2,6.9,2024
6663,Kentavious Caldwell-Pope,Orl,G,32.3,5,32.7,,9.4,6.2,4,0.75,7,0.286,23,0.261,0.394,5,3,,1.8,,1.4,0.6,3.7,2024
6664,Rudy Gobert,Min,C,33,15,27.4,,12,14.1,50,0.52,79,0.582,0,0,0.584,7.9,8.6,,0.7,,0.5,1.2,5.3,2024
6665,Steven Adams,Hou,C,31.9,7,22.1,,10.9,19.8,30,0.533,20,0.6,0,0,0.602,5.7,6.6,,0.6,,0.4,1.1,5.1,2024
6666,Tim Hardaway Jr.,Det,G-F,33.3,6,31.4,,19.3,11.2,10,0.8,19,0.421,52,0.308,0.477,12,2.8,,1.2,,0.3,0,4.4,2024
6667,Giannis Antetokounmpo,Mil,F,30.5,5,37.6,,35.3,18.8,63,0.698,94,0.628,5,0.2,0.651,33,15.4,,6.6,,1,1,15.9,2024
6668,Gary Harris,Orl,G,30.8,5,16.5,,4.4,0,0,0,2,1,6,0.167,0.438,1.4,1,,0.6,,0.6,0.2,2.3,2024
6669,Aaron Gordon,Den,F,29.8,14,37.3,,17.8,13.4,50,0.86,109,0.541,58,0.379,0.601,16.2,7.6,,2.7,,0.6,0.4,7.4,2024
6670,Kyle Anderson,Mia,F-G,31.8,2,7,,10,33.3,0,0,2,0,0,0,0,0,0.5,,0.5,,0,0,0,2024
6671,Julius Randle,Min,F-C,30.6,15,35.6,,25.3,17.6,75,0.88,151,0.563,78,0.385,0.622,21.7,5.9,,4.9,,0.8,0.1,9.6,2024
6672,Andrew Wiggins,Mia,F,30.3,4,30.6,,22.2,20.3,10,0.7,23,0.391,20,0.35,0.485,11.5,3.3,,2.3,,0.3,1.3,5.8,2024
6673,Bogdan Bogdanovic,Lac,G,32.8,7,16.8,,22.9,19.9,7,0.857,20,0.45,24,0.292,0.478,6.4,2.9,,2.1,,0.4,0,8.1,2024
6674,Nikola Jokic,Den,C,30.3,14,40.2,,28.2,17,101,0.772,197,0.528,71,0.38,0.587,26.2,12.8,,8,,2,0.9,13.8,2024
6675,Kristaps Porzingis,Bos,F-C,29.9,11,21,,21.5,11.2,45,0.689,53,0.396,26,0.154,0.43,7.7,4.6,,0.7,,0.9,0.8,5.6,2024
6676,T.J. McConnell,Ind,G,33.2,23,17.5,,25.4,20.1,27,0.815,156,0.551,19,0.421,0.583,9.5,3.3,,4,,0.9,0.1,11.4,2024
6677,Delon Wright,Nyk,G,33.2,6,8,,9.9,9.6,2,1,3,0.333,6,0.167,0.354,1.2,0.3,,0.8,,0.5,0.2,3.3,2024
6678,Karl-Anthony Towns,Nyk,C-F,29.6,18,35.5,,25,12.3,97,0.845,211,0.536,74,0.351,0.589,21.4,11.6,,1.3,,0.7,0.7,7.7,2024
6679,Cameron Payne,Nyk,G,30.9,14,7.3,,19.3,15.9,3,0.333,16,0.438,21,0.238,0.391,2.1,0.6,,0.6,,0.4,0.1,5,2024
6680,Myles Turner,Ind,C-F,29.2,23,29.3,,19.6,14.8,96,0.771,129,0.581,90,0.344,0.607,13.8,4.8,,1.4,,0.5,2,6.2,2024
6681,Bobby Portis,Mil,F,30.4,5,31.7,,20.8,8.1,1,0,40,0.5,28,0.357,0.511,14,8.2,,1.4,,0.4,0.4,6.9,2024
6682,Kevon Looney,Gol,F,29.4,12,10,,10.5,7.9,8,0.75,23,0.435,0,0,0.49,2.2,3.6,,0.3,,0.4,0.3,5.3,2024
6683,Norman Powell,Lac,G,32.1,7,34,,21.2,11.8,18,0.778,49,0.571,40,0.35,0.578,16,2.4,,2.4,,1.1,0.3,5.3,2024
6684,Pat Connaughton,Mil,G,32.5,3,4.6,,31.9,10.8,2,0.5,4,0.25,4,0.25,0.338,2,0.7,,0.3,,0,0,6.5,2024
6685,Ben Simmons,Lac,G-F,28.9,5,8.3,,8.9,25,0,0,6,0.333,0,0,0.333,0.8,1.4,,0.8,,0.2,0.8,4.6,2024
6686,Malik Beasley,Det,G,28.6,6,27.2,,22.6,8.5,8,1,16,0.5,59,0.339,0.535,14,2.5,,1.2,,0.5,0.2,5.1,2024
6687,Kris Dunn,Lac,G,31.3,7,21.9,,13.6,2.2,0,0,16,0.438,28,0.357,0.5,6.3,3.4,,1.3,,1.1,0.6,5.5,2024
6688,Buddy Hield,Gol,G,32.5,12,27.3,,19.4,9.4,14,0.929,48,0.396,77,0.429,0.572,12.5,3.5,,1.8,,1.2,0.4,6.3,2024
6689,Jamal Murray,Den,G,28.3,14,41.3,,23.8,14.9,56,0.875,154,0.5,96,0.354,0.555,21.8,4.8,,5.2,,1.2,0.8,7.9,2024
6690,Taurean Prince,Mil,F,31.3,5,12.2,,10.9,33.3,0,0,1,0,9,0.222,0.3,1.2,1,,1.6,,0.4,0.2,4.1,2024
6691,Jaylen Brown,Bos,G-F,28.7,11,36.6,,29.8,16.6,66,0.758,132,0.492,63,0.333,0.542,22.1,7.1,,3.9,,1,0.3,9.3,2024
6692,Gary Payton II,Gol,G,32.6,11,16.4,,12.7,9.6,0,0,24,0.5,23,0.391,0.543,4.6,2.2,,1.5,,0.9,0,6,2024
6693,Pascal Siakam,Ind,F,31.2,23,33.5,,24.4,8.1,122,0.713,259,0.541,82,0.427,0.598,20.5,6.3,,3.4,,1.2,0.7,9.1,2024
6694,Ivica Zubac,Lac,C,28.3,7,36.6,,18.9,11.8,26,0.538,82,0.659,0,0,0.653,17.4,10.1,,2.3,,0.7,1,8.1,2024
6695,Dorian Finney-Smith,Lal,F,32.1,5,33.9,,9.4,14.7,0,0,10,0.5,19,0.368,0.534,6.2,4.2,,2.6,,0.2,0.4,4.8,2024
6696,Fred VanVleet,Hou,G,31.3,7,40,,18.4,12.2,24,1,31,0.419,62,0.435,0.632,18.7,4.1,,4.4,,1,0.3,7,2024
6697,Derrick Jones Jr.,Lac,F,28.4,7,18.5,,19.5,5.9,8,0.375,28,0.536,20,0.3,0.495,7.3,1.9,,0.3,,0.6,1.3,3.5,2024
6698,Alex Caruso,Okc,G,31.3,23,24.4,,14.8,10.6,39,0.795,70,0.5,90,0.411,0.598,9.2,2.7,,2.2,,2,0.6,6.2,2024
6699,Jayson Tatum,Bos,F-G,27.3,8,40.2,,31.9,12.9,54,0.889,97,0.464,78,0.372,0.566,28.1,11.5,,5.4,,2.1,0.8,12,2024
6700,Jonathan Isaac,Orl,F,27.7,5,13.8,,10.7,14,5,0.6,8,0.75,4,0.25,0.634,3.6,2,,0.4,,0.4,0.2,4.1,2024
6701,Donovan Mitchell,Cle,G,28.8,9,32,,37.1,8,89,0.742,110,0.527,84,0.333,0.57,29.6,4.7,,3.9,,1.9,0.3,10.2,2024
6702,Luke Kennard,Mem,G,29,4,20.1,,12.5,25,0,0,9,0.667,9,0.222,0.5,4.5,3.5,,2,,1,0.3,6.3,2024
6703,O.G. Anunoby,Nyk,F-G,27.9,18,39.2,,18.6,10.8,58,0.81,126,0.492,121,0.339,0.539,16.3,4.6,,1.3,,2,1.2,4.7,2024
6704,Jarrett Allen,Cle,C,27.2,9,29,,15.3,21.7,35,0.943,61,0.721,0,0,0.792,13.4,8.4,,1.3,,1.4,0.9,7.3,2024
6705,Bam Adebayo,Mia,C-F,27.9,4,38.4,,24.5,15.7,11,0.636,43,0.488,21,0.333,0.508,17.5,11,,4.3,,1,0.3,9.8,2024
6706,Isaiah Hartenstein,Okc,C-F,27.1,23,22.4,,14.3,16.7,30,0.667,134,0.619,0,0,0.632,8.1,7.5,,2.2,,0.8,0.5,9.1,2024
6707,Kyle Kuzma,Mil,F,29.9,5,20.4,,17.6,7.8,6,0.5,25,0.4,10,0.2,0.385,5.8,2.2,,0.8,,0,0.2,4.3,2024
6708,Derrick White,Bos,G,31,11,37.8,,19.3,8.1,36,0.861,43,0.651,104,0.385,0.636,18.8,5.1,,3.5,,0.6,1.1,7.4,2024
6709,Josh Hart,Nyk,G,30.3,18,35.7,,14.1,19.5,67,0.776,90,0.533,54,0.37,0.599,11.6,8.8,,4.4,,1.1,0.6,8.6,2024
6710,Dillon Brooks,Hou,G-F,29.4,7,29.4,,17.8,12.4,24,0.833,34,0.529,29,0.345,0.585,12.3,3.1,,1.3,,0.7,0.3,5,2024
6711,Thomas Bryant,Ind,C-F,27.9,20,8.3,,12.2,17.3,14,0.786,15,0.467,18,0.5,0.664,2.6,1.4,,0.2,,0.2,0.3,4.3,2024
6712,Vlatko Cancar,Den,F,28.2,3,3.6,,8.1,100,0,0,0,0,0,0,0,0,0.7,,0,,0,0,0,2024
6713,Luke Kornet,Bos,C-F,29.9,11,16.4,,9.5,14.5,8,1,29,0.724,0,0,0.769,4.5,3.9,,0.5,,0.5,1.2,5,2024
6714,Torrey Craig,Bos,F,34.5,5,4.2,,10.9,20,0,0,1,0,3,0.667,0.75,1.2,1,,0.6,,0.2,0,8.5,2024
6715,Marvin Bagley III,Mem,F,26.3,2,13.8,,18.1,25,0,0,8,0.875,1,1,0.944,8.5,3,,0,,1,0.5,0,2024
6716,Mikal Bridges,Nyk,G-F,28.8,18,39.2,,19,12.6,16,0.75,179,0.514,84,0.333,0.518,15.6,4.5,,2.9,,1.7,0.9,6,2024
6717,Jalen Brunson,Nyk,G,28.8,18,37.8,,32.6,12.3,141,0.851,259,0.514,134,0.358,0.582,29.4,3.4,,7,,0.4,0.3,9.4,2024
6718,Wendell Carter Jr.,Orl,C-F,26.2,5,32.4,,14.8,16.6,10,0.6,29,0.621,11,0.273,0.574,10.2,10.8,,1.2,,0.4,0.4,6.3,2024
6719,Donte DiVincenzo,Min,G,28.4,15,25.2,,18.3,18.1,13,0.769,38,0.474,88,0.318,0.493,8.7,3.1,,3.3,,1.4,0.3,7.1,2024
6720,Shai Gilgeous-Alexander,Okc,G,26.9,23,37,,32.9,10.6,217,0.876,391,0.514,113,0.283,0.574,29.9,5.3,,6.5,,1.7,0.9,10.9,2024
6721,Aaron Holiday,Hou,G,28.7,3,9.1,,20.8,8.9,4,0.5,5,0.4,5,0.4,0.51,4,0.7,,1,,0,0,6.2,2024
6722,Jaren Jackson Jr.,Mem,F-C,25.8,4,34.2,,23.7,15.9,20,0.85,47,0.404,11,0.273,0.479,16,5,,1.5,,1,0.5,5.8,2024
6723,Kevin Knox II,Gol,F,25.9,5,7.5,,28.4,8.9,5,0.8,14,0.5,6,0.167,0.473,4.2,1.4,,0.8,,0,0.2,8.9,2024
6724,Shake Milton,Lal,G,28.7,2,1.9,,12.6,0,0,0,1,0,0,0,0,0,0,,0,,0,0,0,2024
6725,Michael Porter Jr.,Den,F,27,14,31.1,,13.8,9.8,14,0.714,50,0.46,70,0.343,0.507,9.1,5.5,,0.6,,0.6,0.4,4,2024
6726,Landry Shamet,Nyk,G,28.3,11,7.5,,13.5,16.6,4,0.25,5,0.4,15,0.467,0.597,2.4,0.4,,0.7,,0.1,0,4.7,2024
6727,Gary Trent Jr.,Mil,G,26.4,5,34.2,,18,4.6,10,0.8,18,0.556,44,0.5,0.708,18.8,2.2,,1.2,,2.6,0,4.3,2024
6728,Jarred Vanderbilt,Lal,F,26.2,5,12,,8.4,32.2,4,0.75,5,0.4,1,0,0.451,1.4,3.8,,1,,0.6,0.2,5.8,2024
6729,Kenrich Williams,Okc,G-F,30.6,16,8.6,,15.4,14.8,6,0.5,20,0.6,20,0.2,0.457,2.4,2.2,,0.4,,0.4,0.1,6,2024
6730,Luka Doncic,Lal,F-G,26.3,5,41.6,,32.4,16.1,46,0.891,58,0.534,46,0.348,0.608,30.2,7,,5.8,,1,0.6,10.3,2024
6731,Goga Bitadze,Orl,C-F,25.9,3,3.8,,4,0,0,0,1,1,0,0,1,0.7,1,,0.3,,0,0.3,6.3,2024
6732,Rui Hachimura,Lal,F,27.4,5,36.4,,16.8,10.9,3,1,26,0.5,31,0.484,0.634,14.8,4.6,,1,,0.6,0.6,4.5,2024
6733,Jock Landale,Hou,C,29.7,1,4.9,,18.1,0,0,0,2,0.5,0,0,0.5,2,0,,0,,0,0,0,2024
6734,Duncan Robinson,Mia,F,31.2,4,14.8,,17.1,29.5,4,0.75,2,0.5,12,0.333,0.539,4.3,1,,0.3,,0,0,2.9,2024
6735,Gabe Vincent,Lal,G,29,5,19.7,,7.1,6.7,0,0,1,1,13,0.308,0.5,2.8,1,,1,,0.2,0.4,2.9,2024
6736,Drew Eubanks,Lac,F-C,28.4,3,4.4,,16.3,0,6,0.667,2,0,0,0,0.431,1.3,0.3,,0,,0,0,0,2024
6737,Haywood Highsmith,Mia,F,28.5,4,20.9,,12.8,17.4,0,0,4,1,15,0.467,0.763,7.3,3.3,,1,,0.8,0.5,5.5,2024
6738,Andrew Nembhard,Ind,G-F,25.4,23,33.4,,16.4,15.8,46,0.804,137,0.474,86,0.465,0.59,12.5,3.2,,4.7,,1.5,0.2,6.9,2024
6739,Jalen Pickett,Den,G,25.7,8,7.2,,15.9,28.6,0,0,6,0.333,9,0.333,0.433,1.6,0.9,,0.6,,0,0.1,5.3,2024
6740,Max Strus,Cle,G-F,29.2,9,28.1,,16.7,7.3,6,0.833,22,0.5,67,0.388,0.573,11.7,5.7,,3.9,,0.7,0.2,9.1,2024
6741,Ja Morant,Mem,G,25.9,3,27.3,,32.5,10.1,11,0.636,37,0.486,16,0.25,0.475,18.3,2,,5,,0.7,0.7,8.3,2024
6742,De'Andre Hunter,Cle,F-G,27.6,8,23.2,,18.8,9.9,26,0.846,37,0.405,26,0.462,0.591,11,3.6,,1,,0.5,0.1,5.9,2024
6743,Darius Garland,Cle,G,25.4,5,29.6,,27.3,17.8,24,0.917,34,0.559,35,0.286,0.566,18,2.2,,5.2,,0.4,0,8,2024
6744,Jaxson Hayes,Lal,C-F,25.1,4,7.7,,15.1,10.8,2,0.5,8,0.375,0,0,0.394,1.8,2,,0.3,,0,0.3,5.3,2024
6745,Nickeil Alexander-Walker,Min,G,26.8,15,20.6,,20.1,16.9,17,0.882,50,0.44,63,0.349,0.519,8.3,1.8,,2.3,,0.4,0.3,6.3,2024
6746,Tyler Herro,Mia,G,25.4,4,36,,25.3,12.1,10,0.8,36,0.5,29,0.31,0.512,17.8,3.5,,2.8,,0.5,0,6.2,2024
6747,Kevin Porter Jr.,Mil,G-F,25.1,5,30.2,,18.4,15.7,13,0.846,33,0.364,15,0.467,0.521,11.2,3.6,,5.4,,0.8,0,8,2024
6748,Luguentz Dort,Okc,G,26.2,23,28.9,,12.3,10.9,22,0.636,24,0.5,140,0.343,0.524,7.9,3.9,,0.9,,1.3,0.4,4.2,2024
6749,Ty Jerome,Cle,G-F,28,9,21.3,,25,10.6,20,0.85,56,0.411,36,0.389,0.521,11.7,2.4,,3.6,,0.6,0.1,8.7,2024
6750,Neemias Queta,Bos,C,25.9,4,3.2,,21.2,0,0,0,6,0.833,0,0,0.833,2.5,0.5,,0.5,,0.3,0,10.7,2024
6751,Naz Reid,Min,C-F,25.8,15,25,,17.2,20.2,25,0.76,47,0.66,63,0.397,0.645,10.4,4.7,,1.7,,0.7,0.9,7,2024
6752,John Konchar,Mem,G,29.3,4,17.2,,7.8,17.5,4,1,3,0.667,6,0.167,0.511,2.8,3.3,,1.5,,0.5,0.5,5.6,2024
6753,Dean Wade,Cle,F-C,28.6,9,15.7,,6.3,14.3,0,0,4,0.75,14,0.214,0.417,1.7,4.2,,0.7,,0.3,0.1,4.4,2024
6754,Anthony Edwards,Min,G,23.9,15,39,,27.9,11.6,89,0.719,168,0.53,130,0.354,0.564,25.3,7.8,,5.5,,1.1,0.7,10.5,2024
6755,Obi Toppin,Ind,F,27.3,23,19.1,,21.2,12.3,36,0.694,93,0.624,78,0.321,0.578,9.4,3.8,,1.3,,0.7,0.3,7.5,2024
6756,Tyrese Haliburton,Ind,G,25.3,23,33.6,,22.7,14.4,64,0.828,156,0.59,159,0.34,0.581,17.3,5.3,,8.6,,1.3,0.7,11,2024
6757,Isaac Okoro,Cle,F-G,24.4,9,14.2,,12.6,11.7,8,0.625,14,0.643,16,0.375,0.612,4.6,1.2,,0.6,,0.7,0.1,4.2,2024
6758,Precious Achiuwa,Nyk,F,25.8,8,4.2,,21.6,6.6,4,0.5,13,0.462,1,0,0.444,1.8,1.1,,0,,0.1,0,0,2024
6759,Aaron Nesmith,Ind,G-F,25.7,23,28.3,,17,9.8,36,0.861,90,0.444,122,0.492,0.639,12.7,5.7,,1.1,,0.9,0.8,6.1,2024
6760,Cole Anthony,Orl,G,25.1,5,10.1,,22.3,38.6,4,0.75,8,0.5,6,0,0.349,2.2,1.4,,1.2,,0,0.2,6.1,2024
6761,Jaden McDaniels,Min,F,24.7,15,33.1,,17.4,9.6,28,0.893,114,0.579,55,0.382,0.607,14.7,5.6,,1.5,,1.3,0.9,6,2024
6762,Isaiah Stewart,Det,F-C,24.1,1,18.9,,4.6,0,0,0,2,0.5,0,0,0.5,2,5,,1,,0,2,4.6,2024
6763,Zeke Nnaji,Den,F-C,24.5,6,5.7,,16.4,19.5,7,0.571,2,0,6,0.167,0.316,1.2,1.2,,0.3,,0.2,0.3,5.3,2024
6764,Paul Reed,Det,F,26,5,10.6,,12.7,37.6,6,0.667,8,0.625,0,0,0.658,2.8,3,,0.2,,1,0.6,4.5,2024
6765,Isaiah Joe,Okc,G,26,21,10,,17.3,8.7,14,0.857,17,0.765,56,0.411,0.676,5.1,1.4,,0.7,,0.3,0.1,6.8,2024
6766,Payton Pritchard,Bos,G,27.4,11,27.4,,17.5,8.3,17,0.824,32,0.563,67,0.403,0.615,11.9,2.3,,1.5,,0.5,0,5,2024
6767,Xavier Tillman,Bos,F,26.4,1,8.4,,21.7,0,0,0,2,0.5,2,0,0.25,2,3,,0,,0,0,0,2024
6768,Desmond Bane,Mem,G,27,4,34.8,,25.4,19.1,15,0.933,31,0.419,32,0.219,0.438,15.3,6.8,,3.3,,0.8,0.5,8,2024
6769,Jalen Green,Hou,G,23.4,7,31.3,,21.5,10.4,24,0.667,42,0.452,44,0.295,0.482,13.3,5.4,,2.9,,0.6,0.3,7.6,2024
6770,Jonathan Kuminga,Gol,F,22.7,8,23.4,,28.1,12.2,31,0.71,68,0.515,25,0.4,0.572,15.3,2.5,,1.3,,0.5,0.5,6.3,2024
6771,Sam Merrill,Cle,G,29.1,8,19.9,,11.6,4.7,3,0.667,1,1,39,0.359,0.557,5.8,2.5,,1.8,,0.5,0.3,6,2024
6772,Pat Spencer,Gol,G,29,8,7.9,,22.5,19.1,3,1,22,0.682,3,0.333,0.684,4.5,1.4,,0.8,,0.4,0,8.7,2024
6773,Franz Wagner,Orl,F,23.8,5,38.9,,32,8,26,0.769,78,0.564,37,0.189,0.51,25.8,4.8,,5.6,,1.2,0.4,9.1,2024
6774,Miles McBride,Nyk,G,24.8,18,19,,13.8,10.9,17,0.824,31,0.387,59,0.373,0.533,5.8,1.2,,1,,0.4,0.1,4,2024
6775,Moses Moody,Gol,G,23.1,12,16.1,,21.1,5.9,17,0.824,35,0.371,45,0.333,0.486,7.1,2.2,,1.2,,0.5,0.3,6.6,2024
6776,Terrence Shannon Jr.,Min,G-F,24.9,9,6.3,,26.8,9.9,12,1,19,0.526,8,0.375,0.635,4.6,1.1,,0.3,,0.4,0,7.3,2024
6777,Davion Mitchell,Mia,G,26.8,4,35.5,,17,16.3,7,0.429,27,0.667,14,0.5,0.681,15,2.3,,6.3,,0.8,0.3,6.8,2024
6778,Austin Reaves,Lal,G,27.1,5,39.3,,21.4,16,7,0.857,26,0.577,47,0.319,0.532,16.2,5.4,,3.6,,0.2,0.6,6.9,2024
6779,Luka Garza,Min,C,26.5,5,3.7,,14.1,0,0,0,5,1,1,1,1.083,2.6,0.6,,0,,0,0,0,2024
6780,Sam Hauser,Bos,F,27.5,8,13.5,,11.6,10.9,1,1,3,1,21,0.333,0.573,3.5,1.5,,0.5,,0.1,0.1,4.1,2024
6781,Ariel Hukporti,Nyk,C,23.2,3,1.5,,27.2,0,2,0,2,1,0,0,0.694,1.3,0.7,,0,,0,0,0,2024
6782,Alperen Sengun,Hou,C,22.9,7,36.6,,28.2,10.3,40,0.625,123,0.455,8,0.375,0.491,20.9,11.9,,5.3,,1.9,0.4,12,2024
6783,Jericho Sims,Mil,C,26.7,5,11.5,,9.5,44.3,3,0.667,6,1,0,0,0.956,2.8,4,,0.2,,0,0.2,4.6,2024
6784,Santi Aldama,Mem,F-C,24.4,4,30.4,,16.8,10.2,0,0,20,0.55,24,0.417,0.591,13,6,,1.8,,0,0.3,6.8,2024
6785,Scotty Pippen Jr.,Mem,G,24.6,4,32.2,,26.1,19.3,19,1,30,0.4,28,0.357,0.55,18.3,5.5,,3.5,,1,0.3,8.8,2024
6786,Cade Cunningham,Det,G,23.7,6,41.3,,31.2,19.8,42,0.833,101,0.495,28,0.179,0.509,25,8.3,,8.7,,1.8,1.3,11.8,2024
6787,Evan Mobley,Cle,C,24,8,32.1,,18.1,11.2,25,0.84,56,0.661,31,0.452,0.699,17.1,8.1,,1.6,,1.1,1,7.5,2024
6788,Aaron Wiggins,Okc,G,26.5,22,13.8,,20.1,12.5,17,0.765,50,0.44,69,0.362,0.522,6,2.3,,0.9,,0.5,0.3,6.7,2024
6789,Gui Santos,Gol,F,23,10,7.2,,15.8,25.8,6,0.667,7,0.714,10,0.4,0.662,2.6,1.2,,0.8,,0.3,0.1,7.5,2024
6790,Jay Huff,Mem,C,27.8,2,9,,15.7,18.4,4,1,3,0.667,1,0,0.694,4,1.5,,0.5,,0,1.5,6.4,2024
6791,Jordan Goodwin,Lal,G,26.7,4,7.8,,10.3,16.1,2,0.5,3,0.333,2,0,0.255,0.8,1.3,,0.5,,0.3,0.3,4.1,2024
6792,Paolo Banchero,Orl,F,22.6,5,39.4,,36.4,10.8,41,0.659,97,0.433,27,0.444,0.517,29.4,8.4,,4.2,,0.6,0.8,10.3,2024
6793,Jabari Smith Jr.,Hou,F,22.1,7,20.5,,14.9,22.5,10,0.8,12,0.583,22,0.455,0.677,7.4,3.9,,0.6,,0.1,0.7,5,2024
6794,Chet Holmgren,Okc,C-F,23.1,23,29.8,,20.8,9.5,97,0.784,175,0.549,91,0.297,0.565,15.2,8.7,,1,,0.7,1.9,6.8,2024
6795,Bennedict Mathurin,Ind,G-F,23,22,17.5,,25.2,14.9,103,0.864,88,0.568,60,0.3,0.628,11,3.3,,0.9,,0.4,0.3,7.3,2024
6796,Jalen Duren,Det,C,21.6,6,33.9,,12.7,19.9,23,0.826,40,0.65,0,0,0.708,11.8,10.7,,3.5,,0.3,1.7,9,2024
6797,Tari Eason,Hou,F,24.1,7,18.9,,19.3,18.4,8,0.5,25,0.56,19,0.368,0.558,7.6,4.3,,0.7,,1.1,1,6,2024
6798,Nikola Jovic,Mia,F,22,4,18.7,,26.5,12.4,6,1,11,0.636,24,0.25,0.505,9.5,4,,1.5,,0.8,0.3,8.2,2024
6799,Jalen Williams,Okc,G-F,24.2,23,34.6,,26.3,9.4,128,0.789,281,0.509,115,0.304,0.544,21.4,5.5,,4.8,,1.4,0.4,9.6,2024
6800,Jaylin Williams,Okc,F,23,17,8.3,,15.6,25.4,11,0.545,10,0.6,25,0.36,0.565,2.6,1.9,,1,,0.5,0.1,8.2,2024
6801,JD Davison,Bos,G,22.7,4,3.3,,34.2,10.8,2,0.5,6,0,2,0.5,0.225,1,0.8,,0.8,,0,0,10.4,2024
6802,Julian Strawther,Den,G,23.2,9,9.7,,18.8,14.1,7,0.857,18,0.389,12,0.5,0.574,4.2,1,,0.2,,0.2,0.1,3.9,2024
6803,Christian Braun,Den,G,24.2,14,38.9,,14,8.6,31,0.71,77,0.597,71,0.296,0.548,12.6,6.4,,2.4,,1.2,0.7,5.9,2024
6804,Ryan Rollins,Mil,G,23,3,9.9,,19.4,0,0,0,6,0.333,7,0.286,0.385,3.3,0.7,,1.3,,0.3,0,5.8,2024
6805,Leonard Miller,Min,F,21.6,3,4.3,,30.2,11.1,0,0,7,0.714,1,1,0.813,4.3,1.7,,0,,0,0,0,2024
6806,Josh Minott,Min,F,22.6,5,4.5,,19.1,20,0,0,2,0.5,6,0.167,0.313,1,0,,0.4,,0,0.2,0,2024
6807,Jaime Jaquez Jr.,Mia,G,24.3,3,6.5,,18.9,13.4,2,1,4,0.25,2,0,0.291,1.3,1.3,,0.3,,0,0,4.9,2024
6808,Ousmane Dieng,Okc,F,22.1,9,3.6,,14.4,0,2,1,3,0,7,0.571,0.643,1.6,0.4,,0.3,,0,0.1,6.4,2024
6809,Peyton Watson,Den,G,22.8,14,14.2,,16.1,11.9,16,0.5,40,0.425,19,0.368,0.477,4.5,2.9,,0.3,,0.8,0.6,4.4,2024
6810,Caleb Houstan,Orl,G,22.5,5,9.5,,15.5,12.5,0,0,4,0,10,0.2,0.214,1.2,0.8,,0.2,,0,0.2,2.4,2024
6811,Trayce Jackson-Davis,Gol,F,25.3,9,8.9,,13.6,5.2,13,0.385,18,0.889,0,0,0.78,4.1,2.3,,0.2,,0.3,0.2,5.6,2024
6812,Vince Williams Jr.,Mem,G,24.8,3,12.5,,12.1,28.7,2,1,0,0,7,0.571,0.888,4.7,2.3,,1.3,,0.7,0.3,7.7,2024
6813,Baylor Scheierman,Bos,G,24.7,4,5.6,,22.5,9.1,0,0,5,0.2,5,0.4,0.4,2,1,,0,,0,0,0,2024
6814,A.J. Green,Mil,G,25.7,5,27,,13.1,0,2,0.5,4,0,35,0.514,0.69,11,2.8,,2,,0,0.2,5.9,2024
6815,Nate Williams,Hou,G,26.4,3,1.7,,17.7,50,0,0,0,0,1,0,0,0,0,,0,,0,0,0,2024
6816,Amen Thompson,Hou,G-F,22.4,7,33.1,,21.6,12.3,36,0.694,81,0.506,4,0.25,0.545,15.7,6.9,,3.3,,1.7,0.9,8.6,2024
6817,Ausar Thompson,Det,G-F,22.4,6,22.5,,22,20.7,36,0.583,40,0.6,2,0,0.596,11.5,5.2,,1,,1.2,0.8,7,2024
6818,Anthony Black,Orl,G,21.4,5,17.7,,23.1,5.1,13,0.692,24,0.542,13,0.154,0.48,8.2,4.4,,0,,0.8,0.2,0,2024
6819,Cam Whitmore,Hou,F,21,3,1.8,,16.7,0,0,0,1,0,1,0,0,0,0.3,,0,,0,0,0,2024
6820,Jarace Walker,Ind,F,21.8,12,9.7,,16.2,17,4,0.5,14,0.357,20,0.4,0.503,3,1.8,,0.7,,0.2,0.2,6.4,2024
6821,Cason Wallace,Okc,G,21.6,23,22.4,,11.4,11.8,9,0.667,57,0.544,62,0.323,0.52,5.6,2.7,,2.1,,1.4,0.4,5.7,2024
6822,Jett Howard,Orl,G,21.8,1,3.8,,24,0,0,0,0,0,2,1,1.5,6,0,,0,,0,0,0,2024
6823,Kobe Brown,Lac,F,25.5,3,4.8,,27,0,1,1,7,0.857,1,1,0.948,5.3,0.3,,1.3,,0,0,10.6,2024
6824,Jaylen Clark,Min,G,23.7,5,5.7,,11.8,15.8,4,0.75,4,1,1,0,0.814,2.2,1.4,,0.2,,0.4,0,6,2024
6825,Zach Edey,Mem,C,23.1,4,27,,9.3,28.2,7,0.714,15,0.667,0,0,0.691,6.3,7.8,,1.8,,0,2.5,6.6,2024
6826,Andre Jackson Jr.,Mil,G,23.6,2,2.5,,9,0,0,0,0,0,1,0,0,0,0,,0,,0,0,0,2024
6827,Chris Livingston,Mil,F,21.7,2,2.4,,9.4,0,0,0,0,0,1,0,0,0,0.5,,0,,0,0,0,2024
6828,Jordan Miller,Lac,G,25.4,3,4.4,,27.6,0,2,0.5,6,0.5,1,0,0.444,2.3,0.7,,1.3,,1,0,11.6,2024
6829,Brandin Podziemski,Gol,G,22.3,12,32.1,,18.4,12,24,0.708,65,0.4,67,0.328,0.473,11.3,5,,3.1,,1.3,0.2,7,2024
6830,Ben Sheppard,Ind,G,23.9,21,13.9,,9.6,17.6,4,1,13,0.692,38,0.395,0.635,3.2,1.9,,0.4,,0.4,0,3.9,2024
6831,Jordan Walsh,Bos,G,21.3,5,3.1,,3,0,0,0,0,0,1,0,0,0,0.2,,0.2,,0,0,0,2024
6832,Tristan da Silva,Orl,F,24.1,2,2.6,,26.9,66.7,0,0,0,0,1,0,0,0,2,,0.5,,0,0,0,2024
6833,Dillon Jones,Okc,F,23.7,10,4.6,,16.4,34.4,2,1,7,0.857,4,0.75,0.968,2.3,0.9,,0.5,,0.1,0.1,8.8,2024
6834,Pelle Larsson,Mia,G,24.3,4,13,,16.4,11.7,3,0.333,7,0.714,8,0.375,0.613,5,2.3,,1,,0.3,0,6.9,2024
6835,Hunter Tyson,Den,F,25,5,6,,18.3,8.7,4,1,5,0.8,5,0.2,0.638,3,1.6,,0.4,,0.2,0,8.3,2024
6836,Ronald Holland II,Det,F,20,5,6.7,,19.8,52.7,10,0.9,2,0,3,0,0.479,1.8,1.2,,0,,0,0.2,0,2024
6837,Craig Porter,Cle,G,25.3,6,5.9,,16.9,14.3,0,0,9,0.667,3,0,0.5,2,1,,1.5,,0.5,0.3,9.8,2024
6838,Dalton Knecht,Lal,F,24.2,2,1.9,,63.1,0,0,0,1,1,4,0.25,0.5,2.5,1.5,,0,,0,0,0,2024
6839,Reed Sheppard,Hou,G,21,3,3.3,,13.5,33.3,0,0,0,0,2,0,0,0,0.3,,0.3,,0.7,0.3,0,2024
6840,Rob Dillingham,Min,G,20.5,3,5.5,,23.5,0,2,0.5,6,0.333,2,0.5,0.45,2.7,0.7,,2.3,,0,0,11.9,2024
6841,Kel'el Ware,Mia,C,21.2,4,18.2,,12.8,10,0,0,7,0.714,11,0.273,0.528,4.8,4.8,,1,,0.3,0.5,6.3,2024
6842,Johnny Furphy,Ind,G,20.5,11,3.2,,6.9,20,1,0,2,0.5,2,0,0.225,0.2,0.5,,0.1,,0,0.1,2.7,2024
6843,Tyler Kolek,Nyk,G,24.2,3,2.2,,6.7,0,0,0,0,0,1,1,1.5,1,0.3,,1,,0,0,12.2,2024
6844,Jaylon Tyson,Cle,G-F,22.6,4,7.7,,27.4,11.5,6,0.833,6,0.333,9,0.556,0.68,6,1.8,,1.8,,0.5,0.3,14,2024
6845,Ajay Mitchell,Okc,G,23,12,7,,21.8,14.5,5,0.8,22,0.5,13,0.385,0.551,3.4,0.8,,0.8,,0.2,0,7.4,2024
6846,Keshad Johnson,Mia,F,24,2,4.1,,11.5,50,0,0,1,1,0,0,1,1,0.5,,0,,0,0,0,2024
6847,Cam Christie,Lac,G,19.9,3,4.3,,14.3,25,0,0,1,1,2,0.5,0.833,1.7,0.7,,0,,0.3,0,0,2024
6848,Bronny James,Lal,G,20.7,2,1.9,,25.3,0,0,0,0,0,2,0,0,0,0,,0,,0,0,0,2024
6849,Pacome Dadiet,Nyk,F,19.9,2,2.2,,9.9,0,0,0,1,1,0,0,1,1,0,,0,,0,0,0,2024
6850,Quinten Post,Gol,C,25.3,12,12.2,,16.8,11,4,0.75,16,0.375,32,0.313,0.452,3.8,2.3,,1,,0.3,0.3,6.8,2024
6851,Javonte Green,Cle,G,31.9,6,6.6,,15.9,16.1,6,1,5,0.6,5,0.2,0.593,2.5,1.5,,0.3,,0.7,0,6.3,2024
6852,Mitchell Robinson,Nyk,C-F,27.2,18,20.6,,10.4,20.3,56,0.393,51,0.608,0,0,0.555,4.7,7.1,,0.4,,0.9,0.8,4.6,2024
6853,Lamar Stevens,Mem,F,28,2,6,,34.8,10,0,0,6,0.333,3,0,0.222,2,2,,0.5,,0,0,8.4,2024
6854,Tony Bradley,Ind,C-F,27.5,11,7.1,,10.4,30,12,0.75,8,0.5,1,0,0.595,1.5,1.9,,0.3,,0,0.1,5.3,2024
6855,P.J. Tucker,Nyk,F,40.1,1,4.4,,0,0,0,0,0,0,0,0,0,0,0,,0,,0,0,0,2024
6856,Braxton Key,Gol,F,28.4,5,4.5,,21.4,27.3,0,0,7,0.143,1,0,0.125,0.4,1.8,,0.2,,0.4,0.4,4.7,2024
6857,Chuma Okeke,Cle,F,26.8,3,4.3,,13.4,0,0,0,0,0,4,0.25,0.375,1,0,,0.3,,0.3,0,0,2024
6858,Maxi Kleber,Lal,F,33.4,1,5,,26.9,41,2,1,0,0,1,0,0.532,2,0,,0,,0,0,0,2024
6859,LeBron James,Lal,F,40.3,70,34.9,,30.1,17,331,0.782,874,0.574,396,0.376,0.604,24.4,7.8,,8.2,,1,0.6,13.3,2024
6860,Chris Paul,San,G,39.9,82,28,,14,18.1,92,0.924,212,0.514,371,0.377,0.58,8.8,3.6,,7.4,,1.3,0.3,8.8,2024
6861,Kyle Lowry,Phi,G,39.1,35,18.8,,10.1,15.2,33,0.818,29,0.414,88,0.33,0.525,3.9,1.9,,2.7,,0.9,0.3,5.8,2024
6862,Kevin Durant,Pho,F,36.5,62,36.5,,28.7,14.5,361,0.839,752,0.574,372,0.43,0.642,26.6,6,,4.2,,0.8,1.2,9.6,2024
6863,Al Horford,Bos,C-F,38.9,60,27.6,,13.8,9.1,38,0.895,147,0.551,314,0.363,0.563,9,6.2,,2.1,,0.6,0.9,7.1,2024
6864,Mike Conley,Min,G,37.5,71,24.7,,14.4,13.8,90,0.9,158,0.38,310,0.41,0.573,8.2,2.6,,4.5,,1.1,0.2,7.4,2024
6865,Jeff Green,Hou,F,38.6,32,12.4,,14.7,6.9,26,0.808,42,0.762,79,0.367,0.649,5.4,1.8,,0.6,,0.2,0.1,5.8,2024
6866,Russell Westbrook,Den,G,36.4,75,27.9,,23.8,22.5,233,0.661,540,0.517,291,0.323,0.532,13.3,4.9,,6.1,,1.4,0.5,10.5,2024
6867,Kevin Love,Mia,F-C,36.6,23,10.9,,24.6,10.8,23,0.696,48,0.354,67,0.358,0.488,5.3,4.1,,1,,0.7,0.2,10.2,2024
6868,Eric Gordon,Phi,G,36.3,39,19.7,,14.3,12.1,48,0.75,67,0.463,137,0.409,0.591,6.8,1.2,,1.7,,0.7,0.3,4.9,2024
6869,Brook Lopez,Mil,C,37,80,31.8,,15.8,9.8,138,0.826,401,0.636,373,0.373,0.624,13,5,,1.8,,0.6,1.9,6.2,2024
6870,Nicolas Batum,Lac,G-F,36.3,78,17.5,,9,12.5,21,0.81,35,0.457,203,0.433,0.633,4,2.8,,1.1,,0.7,0.5,5.3,2024
6871,DeAndre Jordan,Den,C,36.7,56,12.3,,12.8,22.2,64,0.422,140,0.65,0,0,0.621,3.7,5.1,,0.9,,0.3,0.5,8.4,2024
6872,James Harden,Lac,G,35.6,79,35.3,,29.6,20.8,578,0.874,627,0.472,668,0.352,0.582,22.8,5.8,,8.7,,1.5,0.7,11.9,2024
6873,Stephen Curry,Gol,G,37.1,70,32.2,,29.7,13.7,299,0.933,474,0.534,784,0.397,0.618,24.5,4.4,,6,,1.1,0.4,10.7,2024
6874,DeMar DeRozan,Sac,G-F,35.7,77,35.9,,25,7.4,441,0.857,1053,0.513,256,0.328,0.569,22.2,3.9,,4.4,,0.8,0.4,8.1,2024
6875,James Johnson,Ind,F,38.1,12,3.1,,18.2,26.7,1,0,8,0.5,3,0,0.35,0.7,0.5,,0.3,,0,0.2,6.1,2024
6876,Jrue Holiday,Bos,G,34.8,62,30.6,,15.8,11.8,77,0.909,267,0.547,306,0.353,0.565,11.1,4.3,,3.9,,1.1,0.4,7.5,2024
6877,Taj Gibson,Cha,F,39.8,37,11.1,,13.4,20.8,20,0.6,93,0.495,2,0.5,0.515,2.9,3.2,,0.6,,0.2,0.5,6.4,2024
6878,Patty Mills,Uta,G,36.7,17,15.3,,15,16.4,5,1,19,0.474,57,0.298,0.473,4.4,1.2,,1.2,,0.7,0.2,4.8,2024
6879,Patty Mills,Lac,G,36.7,12,5.1,,18,4.7,9,0.889,2,0.5,18,0.5,0.772,3.1,0.1,,0.4,,0.1,0,3.9,2024
6880,Garrett Temple,Tor,G-F,38.9,28,8.1,,13.9,14.2,12,0.917,32,0.375,28,0.214,0.406,1.9,1,,1.1,,0.6,0.1,6.3,2024
6881,Paul George,Phi,F,35,41,32.5,,23.5,15.7,97,0.814,302,0.493,268,0.358,0.543,16.2,5.3,,4.3,,1.8,0.5,8.8,2024
6882,Kyrie Irving,Dal,G,33.1,50,36.1,,27.4,10.5,214,0.916,586,0.517,359,0.401,0.594,24.7,4.8,,4.6,,1.3,0.5,9.1,2024
6883,Tristan Thompson,Cle,C-F,34.1,40,8.2,,12.7,16.5,30,0.233,68,0.456,3,0,0.41,1.7,3.4,,0.6,,0.1,0.3,7.4,2024
6884,Jonas Valanciunas,Was,C,32.9,49,20,,23.8,17.2,106,0.896,395,0.567,27,0.259,0.602,11.5,8.2,,2.2,,0.4,0.6,11.8,2024
6885,Jonas Valanciunas,Sac,C,32.9,32,16.9,,20.9,13.5,59,0.847,195,0.579,10,0.1,0.604,8.7,7,,1.8,,0.5,0.6,11.3,2024
6886,Bismack Biyombo,San,C,32.6,28,18.9,,12.2,18.5,25,0.4,114,0.588,0,0,0.576,5.1,5.6,,1.1,,0.6,0.8,6.7,2024
6887,Klay Thompson,Dal,G,35.2,72,27.3,,21.8,9.1,74,0.905,324,0.448,553,0.391,0.552,14,3.4,,2,,0.7,0.4,6.7,2024
6888,Alec Burks,Mia,G,33.7,49,17.6,,16.5,9.7,49,0.776,64,0.422,207,0.425,0.608,7.3,2.5,,1.1,,0.6,0.1,6.2,2024
6889,Markieff Morris,Dal,F,35.6,7,5.8,,25.3,8.3,0,0,9,0.333,13,0.154,0.273,1.7,1.1,,0.6,,0.1,0.1,7.2,2024
6890,Markieff Morris,Lal,F,35.6,8,15.5,,19,5.8,6,0.833,25,0.36,23,0.304,0.434,5.5,1.9,,2.1,,0.1,0.3,7.2,2024
6891,Kawhi Leonard,Lac,F,33.8,37,31.9,,27.7,10.4,121,0.81,433,0.536,190,0.411,0.589,21.5,5.9,,3.1,,1.6,0.5,9.2,2024
6892,Nikola Vucevic,Chi,C,34.5,73,31.2,,22.4,10.3,149,0.805,717,0.587,321,0.402,0.611,18.5,10.1,,3.5,,0.8,0.7,11.1,2024
6893,Tobias Harris,Det,F,32.7,73,31.6,,17.6,9.5,166,0.861,541,0.542,264,0.345,0.571,13.7,5.9,,2.2,,1,0.8,7.1,2024
6894,Reggie Jackson,Phi,G,35,31,12.4,,17.5,11.3,9,0.778,59,0.458,74,0.338,0.496,4.4,1.4,,1.5,,0.5,0.1,6.8,2024
6895,Cory Joseph,Orl,G,33.7,50,12.2,,12.8,10.4,18,0.778,47,0.489,107,0.364,0.547,3.5,1.5,,1.4,,0.5,0.1,6.4,2024
6896,Jimmy Butler,Mia,F,35.6,25,30.6,,21.1,10.2,161,0.801,227,0.568,36,0.361,0.638,17,5.2,,4.8,,1.1,0.4,9.8,2024
6897,Jimmy Butler,Gol,F,35.6,30,32.7,,20.6,11.6,231,0.87,266,0.526,68,0.279,0.617,17.9,5.5,,5.9,,1.7,0.3,10.2,2024
6898,Anthony Davis,Lal,F-C,32.1,42,34.3,,30.2,10.9,321,0.788,663,0.561,94,0.298,0.602,25.7,11.9,,3.4,,1.3,2.1,11.8,2024
6899,Anthony Davis,Dal,F-C,32.1,9,29.6,,31.2,11.6,48,0.688,122,0.516,30,0.233,0.52,20,10.1,,4.4,,0.6,2.2,13,2024
6900,Bradley Beal,Pho,G,31.8,53,32.1,,22.1,12.5,137,0.803,430,0.565,264,0.386,0.598,17,3.3,,3.7,,1.1,0.5,7.4,2024
6901,Damian Lillard,Mil,G,34.7,58,36.1,,27.8,14,393,0.921,468,0.528,524,0.376,0.621,24.9,4.7,,7.1,,1.2,0.2,10.4,2024
6902,Andre Drummond,Phi,C,31.7,40,18.8,,19.1,19,90,0.622,214,0.533,20,0.15,0.535,7.3,7.8,,0.9,,1,0.5,7.9,2024
6903,Harrison Barnes,San,F,32.9,82,27.2,,15.7,6.8,199,0.809,323,0.591,360,0.433,0.656,12.3,3.8,,1.7,,0.5,0.2,6.3,2024
6904,Jae Crowder,Sac,F,34.8,9,11.4,,12,15.2,6,0.833,7,0.429,15,0.267,0.467,2.6,2.2,,0.7,,0.3,0,5.6,2024
6905,Draymond Green,Gol,F,35.1,68,29.2,,15.9,25.5,146,0.685,263,0.517,246,0.325,0.534,9,6.1,,5.6,,1.5,1,9.2,2024
6906,Khris Middleton,Mil,F,33.7,23,23.2,,22,14.9,46,0.848,125,0.584,86,0.407,0.627,12.6,3.7,,4.4,,0.7,0.2,10.2,2024
6907,Khris Middleton,Was,F,33.7,14,22.1,,22,13.1,38,0.868,79,0.494,47,0.277,0.526,10.7,3.7,,3.4,,1.3,0.2,9.3,2024
6908,Alex Len,Sac,C,31.8,36,7.2,,9.6,21.1,13,0.538,35,0.6,6,0.167,0.557,1.4,1.8,,0.8,,0.2,0.5,7,2024
6909,Alex Len,Lal,C,31.8,10,12.2,,11.8,28.9,4,0.25,19,0.474,3,0.333,0.463,2.2,3.1,,0.8,,0.1,0.3,5.8,2024
6910,CJ McCollum,Nor,G,33.6,56,32.7,,27.2,9.6,173,0.717,540,0.506,460,0.372,0.55,21.1,3.8,,4.1,,0.8,0.4,8.4,2024
6911,Dennis Schroder,Bro,G,31.6,23,33.6,,23.8,15.3,81,0.889,175,0.509,150,0.387,0.588,18.4,3,,6.6,,1.1,0.2,8.5,2024
6912,Dennis Schroder,Gol,G,31.6,24,26.2,,21.2,16,39,0.744,136,0.419,115,0.322,0.474,10.6,2.3,,4.4,,1,0.1,7.3,2024
6913,Dennis Schroder,Det,G,31.6,28,25.2,,19.7,12.2,96,0.833,145,0.434,106,0.302,0.515,10.8,2.6,,5.3,,0.5,0.2,8.4,2024
6914,Kelly Olynyk,Tor,F-C,34,24,16,,18.8,22.8,43,0.791,75,0.533,43,0.442,0.624,7.1,3.7,,2.3,,0.7,0.3,9.8,2024
6915,Kelly Olynyk,Nor,F-C,34,20,25.4,,18.2,21.4,65,0.754,114,0.535,36,0.389,0.596,10.7,5.9,,3.6,,0.9,0.6,9.6,2024
6916,Kentavious Caldwell-Pope,Orl,G,32.2,77,29.6,,12.4,10.2,95,0.863,214,0.589,330,0.342,0.574,8.7,2.2,,1.8,,1.3,0.4,4.4,2024
6917,Mason Plumlee,Pho,F-C,35.1,74,17.6,,10.8,22.6,128,0.648,198,0.631,4,0,0.645,4.5,6.1,,1.8,,0.4,0.6,8.3,2024
6918,Rudy Gobert,Min,C,32.8,72,33.2,,13,14.9,273,0.674,510,0.669,0,0,0.687,12,10.9,,1.8,,0.8,1.4,7.4,2024
6919,Steven Adams,Hou,C,31.7,58,13.7,,13.5,24.4,93,0.462,165,0.552,2,0,0.541,3.9,5.6,,1.1,,0.4,0.5,8.4,2024
6920,Tim Hardaway Jr.,Det,G-F,33.1,77,28,,15.5,6.6,145,0.855,223,0.484,457,0.368,0.567,11,2.4,,1.6,,0.5,0.1,5,2024
6921,Giannis Antetokounmpo,Mil,F,30.4,67,34.2,,35.2,13.5,707,0.617,1256,0.62,63,0.222,0.625,30.4,11.9,,6.5,,0.9,1.2,15.6,2024
6922,Seth Curry,Cha,G,34.6,68,15.6,,15.7,8.5,39,0.846,161,0.503,182,0.456,0.616,6.5,1.7,,0.9,,0.4,0.1,5.5,2024
6923,Zach LaVine,Chi,G,30.1,42,34.1,,26.6,14.6,182,0.797,405,0.56,305,0.446,0.637,24,4.8,,4.5,,0.9,0.2,9.4,2024
6924,Zach LaVine,Sac,G,30.1,32,36.6,,23.7,14.5,103,0.874,282,0.564,231,0.446,0.642,22.4,3.5,,3.8,,0.6,0.1,7.3,2024
6925,Elfrid Payton,Nor,G,31.1,18,21.5,,17,33.9,7,0.571,95,0.379,6,0.167,0.38,4.4,3.7,,8.1,,1,0.4,9.5,2024
6926,Elfrid Payton,Cha,G,31.1,6,20.6,,9.7,25,0,0,21,0.143,0,0,0.143,1,2.2,,3.3,,1,0.5,3.8,2024
6927,Jordan Clarkson,Uta,G,32.9,37,26,,27.8,14.9,143,0.797,261,0.448,231,0.364,0.541,16.2,3.2,,3.7,,0.8,0.2,8.9,2024
6928,Gary Harris,Orl,G,30.6,48,14.8,,9.5,11.3,12,0.583,32,0.469,101,0.356,0.524,3,1.3,,0.6,,0.5,0.3,3.6,2024
6929,Spencer Dinwiddie,Dal,G,32,79,27,,17.9,13,243,0.802,356,0.492,326,0.334,0.553,11,2.6,,4.4,,0.9,0.2,7.4,2024
6930,Jerami Grant,Por,F,31.1,47,32.4,,19.4,10.2,166,0.849,278,0.381,296,0.365,0.523,14.4,3.5,,2.1,,0.9,1,5.8,2024
6931,Doug McDermott,Sac,F,33.3,42,8.1,,15.8,4.9,5,0.6,16,0.375,101,0.436,0.617,3.5,0.5,,0.2,,0.1,0,3.5,2024
6932,Aaron Gordon,Den,F,29.6,51,28.4,,19,12.8,179,0.81,325,0.582,172,0.436,0.65,14.7,4.8,,3.2,,0.5,0.3,8.6,2024
6933,Marcus Smart,Mem,G,31.1,19,21.1,,20,19.1,36,0.833,58,0.414,90,0.322,0.504,8.7,2.3,,3.7,,1.2,0.3,8,2024
6934,Marcus Smart,Was,G,31.1,15,18.7,,21.5,14.8,35,0.686,58,0.483,51,0.392,0.563,9.3,1.9,,2.5,,1.1,0.2,7.6,2024
6935,Kyle Anderson,Gol,F-G,31.6,36,15,,15.6,10.6,27,0.667,117,0.487,52,0.365,0.522,5.3,3.1,,2.3,,0.7,0.6,8.9,2024
6936,Kyle Anderson,Mia,F-G,31.6,25,18.4,,16.1,11.2,38,0.789,116,0.517,18,0.333,0.557,6.7,3.8,,2.6,,0.6,0.5,8.8,2024
6937,Dwight Powell,Dal,F-C,33.7,55,10,,7.6,22.7,43,0.651,56,0.714,5,0.4,0.713,2.1,2.1,,1,,0.3,0.4,6.6,2024
6938,Julius Randle,Min,F-C,30.4,69,32.3,,25,17.3,335,0.806,625,0.555,314,0.344,0.593,18.7,7.1,,4.7,,0.7,0.2,10.6,2024
6939,Andrew Wiggins,Gol,F,30.1,43,30.1,,23.5,8.7,179,0.777,340,0.491,248,0.379,0.566,17.6,4.6,,2.3,,0.9,0.8,7.6,2024
6940,Andrew Wiggins,Mia,F,30.1,17,32.1,,26.7,14.6,78,0.731,151,0.523,100,0.36,0.566,19,4.2,,3.3,,1.2,1,8,2024
6941,Joel Embiid,Phi,C-F,31.1,19,30.2,,34.2,16.4,169,0.882,238,0.492,77,0.299,0.58,23.8,8.2,,4.5,,0.7,0.9,12.7,2024
6942,Dante Exum,Dal,G,29.8,20,18.6,,19.6,14.1,31,0.742,81,0.506,53,0.434,0.589,8.7,1.7,,2.8,,0.6,0.2,7.4,2024
6943,Dario Saric,Den,F-C,31,16,13.2,,15.6,20.5,10,0.7,32,0.438,26,0.269,0.449,3.5,3.1,,1.4,,0.4,0.1,7.5,2024
6944,Clint Capela,Atl,C,30.9,55,21.4,,16.7,10.7,97,0.536,389,0.56,1,0,0.564,8.9,8.5,,1.1,,0.6,0.9,8.2,2024
6945,Bogdan Bogdanovic,Atl,G,32.7,24,24.9,,18.9,14.2,34,0.882,78,0.5,146,0.301,0.502,10,2.8,,2,,0.8,0.3,6.1,2024
6946,Bogdan Bogdanovic,Lac,G,32.7,30,25,,18.6,12.1,32,0.875,125,0.528,143,0.427,0.608,11.4,3.1,,3.2,,0.7,0.2,7.7,2024
6947,Jusuf Nurkic,Pho,C,30.6,25,23.7,,18.7,25.9,69,0.696,104,0.529,59,0.322,0.556,8.6,9.2,,1.9,,0.9,0.6,9,2024
6948,Jusuf Nurkic,Cha,C,30.6,26,18.1,,23,17.4,59,0.627,143,0.566,46,0.283,0.554,9.2,6.5,,2.6,,0.7,0.7,11.9,2024
6949,Vasilije Micic,Cha,G,31.2,36,21.2,,20.3,21.3,41,0.829,148,0.338,125,0.36,0.462,7.5,2.4,,3.5,,0.4,0,7.5,2024
6950,Nikola Jokic,Den,C,30.1,70,36.7,,29.5,14.4,451,0.8,1033,0.627,330,0.418,0.663,29.6,12.7,,10.2,,1.8,0.6,17.1,2024
6951,Kristaps Porzingis,Bos,F-C,29.7,42,28.8,,25.9,8.4,199,0.809,324,0.537,250,0.412,0.618,19.5,6.8,,2.1,,0.7,1.5,9.1,2024
6952,Joe Ingles,Min,F-G,37.5,19,6,,12.1,28.1,0,0,8,0.375,15,0.2,0.326,0.8,0.6,,1.2,,0.1,0,5.5,2024
6953,T.J. McConnell,Ind,G,33.1,79,17.9,,23.4,14.9,77,0.74,575,0.537,49,0.306,0.547,9.1,2.4,,4.4,,1.1,0.3,10.2,2024
6954,Jahlil Okafor,Ind,C-F,29.3,1,3.4,,0,0,0,0,0,0,0,0,0,0,1,,1,,0,0,0,2024
6955,Tyus Jones,Pho,G,28.9,81,26.8,,16.2,11.8,57,0.895,282,0.496,401,0.414,0.585,10.2,2.4,,5.3,,0.9,0.1,7.6,2024
6956,Delon Wright,Mil,G,33,26,15.6,,11.2,14.5,16,0.563,33,0.303,49,0.245,0.365,2.5,1.8,,1.8,,0.9,0.3,5.1,2024
6957,Delon Wright,Nyk,G,33,14,16.4,,11.5,14,9,0.667,25,0.6,24,0.333,0.566,4.3,1.4,,2.1,,0.9,0.2,5.7,2024
6958,D'Angelo Russell,Lal,G,29.1,29,26.3,,22.1,13.8,53,0.849,143,0.51,168,0.333,0.537,12.4,2.8,,4.7,,0.8,0.1,8.3,2024
6959,D'Angelo Russell,Bro,G,29.1,29,24.7,,25.9,15.1,92,0.826,135,0.467,192,0.297,0.508,12.9,2.8,,5.6,,1.1,0.7,9.5,2024
6960,Karl-Anthony Towns,Nyk,C-F,29.4,72,35,,27.4,13.6,409,0.829,877,0.567,338,0.42,0.63,24.4,12.8,,3.1,,1,0.7,11.3,2024
6961,Richaun Holmes,Was,F,31.5,31,17.2,,14.7,13.1,60,0.833,136,0.662,3,0,0.695,7.4,5.7,,1.4,,0.3,0.7,9.1,2024
6962,Kelly Oubre Jr.,Phi,F-G,29.3,60,34.6,,18.9,9.7,185,0.751,499,0.555,242,0.293,0.551,15.1,6.1,,1.8,,1.5,0.5,6.4,2024
6963,Devin Booker,Pho,G,28.5,75,37.3,,29.3,13.4,483,0.894,869,0.542,551,0.332,0.589,25.6,4.1,,7.1,,0.9,0.2,9.7,2024
6964,Cameron Payne,Nyk,G,30.7,72,15.1,,20.8,10.4,54,0.907,190,0.453,256,0.363,0.532,6.9,1.4,,2.8,,0.5,0.2,8,2024
6965,Myles Turner,Ind,C-F,29.1,72,30.2,,20.7,13.2,238,0.773,417,0.561,394,0.396,0.612,15.6,6.5,,1.5,,0.8,2,7.1,2024
6966,Trey Lyles,Sac,F,29.4,69,19.6,,14.3,9.4,80,0.7,136,0.559,238,0.34,0.551,6.5,4.6,,1.2,,0.6,0.3,6.7,2024
6967,Bobby Portis,Mil,F,30.2,50,24.9,,24.1,8.7,73,0.836,417,0.508,178,0.365,0.542,13.6,8.2,,2.1,,0.7,0.5,9.9,2024
6968,Kevon Looney,Gol,F,29.2,76,15,,13.3,12.3,99,0.566,273,0.516,5,0.4,0.535,4.5,6.1,,1.6,,0.6,0.5,9.4,2024
6969,Terry Rozier,Mia,G,31.1,64,25.9,,20.4,10.9,108,0.852,327,0.48,308,0.295,0.497,10.6,3.7,,2.6,,0.6,0.2,7.2,2024
6970,Norman Powell,Lac,G,31.9,60,32.6,,26.1,10.3,265,0.804,517,0.538,428,0.418,0.615,21.8,3.2,,2.1,,1.2,0.2,6.5,2024
6971,Pat Connaughton,Mil,G,32.3,41,14.7,,15.6,11.9,31,0.774,96,0.594,81,0.321,0.567,5.3,2.7,,1.7,,0.2,0.3,7.9,2024
6972,Josh Richardson,Mia,G,31.6,8,18.7,,14.2,17.2,4,1,16,0.313,22,0.273,0.402,4,1.5,,1.5,,1,0.1,4.4,2024
6973,Larry Nance Jr.,Atl,F-C,32.3,24,19.3,,15.7,9.3,13,0.692,79,0.582,76,0.447,0.632,8.5,4.3,,1.6,,0.8,0.5,8,2024
6974,Royce O'Neale,Pho,F,31.9,75,24.5,,15.5,10.2,26,0.731,129,0.481,441,0.406,0.585,9.1,4.7,,2.2,,0.9,0.5,7.4,2024
6975,Ben Simmons,Bro,G-F,28.7,33,25,,14.3,34.1,26,0.692,170,0.547,0,0,0.562,6.2,5.2,,6.9,,0.8,0.5,9.7,2024
6976,Ben Simmons,Lac,G-F,28.7,18,16.4,,10.4,20.8,7,0.857,53,0.434,0,0,0.464,2.9,3.8,,3.1,,0.7,0.4,7.9,2024
6977,Domantas Sabonis,Sac,F-C,28.9,70,34.7,,21.6,18.5,289,0.754,736,0.628,156,0.417,0.656,19.1,13.9,,6,,0.7,0.4,13.5,2024
6978,Malik Beasley,Det,G,28.4,82,27.8,,22.5,7.2,140,0.679,305,0.466,766,0.416,0.59,16.3,2.6,,1.7,,0.9,0.1,6,2024
6979,Kris Dunn,Lac,G,31.1,74,24.1,,12.7,14.5,22,0.682,213,0.549,224,0.335,0.531,6.4,3.4,,2.8,,1.7,0.4,6.5,2024
6980,Buddy Hield,Gol,G,32.3,82,22.7,,20.5,10.4,65,0.831,237,0.527,549,0.37,0.56,11.1,3.2,,1.6,,0.8,0.3,6.8,2024
6981,Brandon Ingram,Nor,F,27.6,18,33.1,,30.2,17.1,55,0.855,218,0.514,115,0.374,0.56,22.2,5.6,,5.2,,0.9,0.6,10.4,2024
6982,Caris LeVert,Cle,G,30.6,38,23.8,,18.1,14.6,83,0.699,150,0.5,148,0.405,0.58,10.2,2.8,,3.7,,0.9,0.5,7.9,2024
6983,Caris LeVert,Atl,G,30.6,26,26.6,,21.2,7.4,72,0.722,165,0.6,136,0.338,0.583,14.9,3.7,,2.9,,0.9,0.5,8.2,2024
6984,Dejounte Murray,Nor,G,28.6,31,32.7,,27.3,17.5,124,0.823,320,0.444,174,0.299,0.494,17.5,6.5,,7.4,,2,0.4,11.5,2024
6985,Jamal Murray,Den,G,28.1,67,36.1,,24,11,246,0.886,724,0.518,397,0.393,0.584,21.4,3.9,,6,,1.4,0.5,8.8,2024
6986,Jakob Poeltl,Tor,C,29.5,57,29.6,,18.7,16.1,144,0.674,576,0.628,3,0.333,0.641,14.5,9.6,,2.8,,1.2,1.2,9.9,2024
6987,Taurean Prince,Mil,F,31.1,80,27.1,,12.5,13.8,48,0.813,179,0.492,335,0.439,0.613,8.2,3.6,,1.9,,1,0.2,5.6,2024
6988,Jaylen Brown,Bos,G-F,28.5,63,34.3,,28.9,12.7,322,0.764,760,0.529,358,0.324,0.555,22.2,5.8,,4.5,,1.2,0.3,9.7,2024
6989,Malcolm Brogdon,Was,G,32.3,24,23.5,,23.7,13.7,92,0.88,184,0.478,56,0.286,0.544,12.7,3.8,,4.1,,0.5,0.2,9.9,2024
6990,Georges Niang,Cle,F,31.8,51,20.7,,16.5,12.1,29,0.793,123,0.618,225,0.4,0.617,8.7,3.7,,1.3,,0.3,0.1,6.7,2024
6991,Georges Niang,Atl,F,31.8,28,23,,20.3,11.1,29,0.793,88,0.5,184,0.413,0.595,12.1,3,,1.6,,0.4,0.3,6.7,2024
6992,Gary Payton II,Gol,G,32.4,62,15,,16.1,11.6,38,0.711,203,0.69,95,0.326,0.635,6.5,3,,1.3,,0.8,0.3,7.8,2024
6993,Pascal Siakam,Ind,F,31,78,32.7,,24.2,8.4,308,0.734,858,0.568,324,0.389,0.599,20.2,6.9,,3.4,,0.9,0.5,9.5,2024
6994,Damion Lee,Pho,G-F,32.5,25,5.8,,28.6,11.8,21,0.952,37,0.486,37,0.243,0.499,3.3,0.8,,0.4,,0.2,0,7,2024
6995,Guerschon Yabusele,Phi,F,29.3,70,27.1,,16.3,13.4,138,0.725,289,0.616,274,0.38,0.616,11,5.6,,2.1,,0.8,0.3,7.5,2024
6996,Ivica Zubac,Lac,C,28.1,80,32.8,,19.5,11.9,236,0.661,942,0.628,0,0,0.641,16.8,12.6,,2.7,,0.7,1.1,10.1,2024
6997,Dorian Finney-Smith,Bro,F,31.9,20,29,,14.2,10.2,24,0.625,51,0.51,108,0.435,0.613,10.4,4.6,,1.6,,0.9,0.6,5.9,2024
6998,Dorian Finney-Smith,Lal,F,31.9,43,28.9,,11.4,12.1,21,0.714,70,0.571,206,0.398,0.598,7.9,3.6,,1.4,,0.9,0.3,4.7,2024
6999,Fred VanVleet,Hou,G,31.1,60,35.2,,17.6,10.3,136,0.816,298,0.43,461,0.345,0.515,14.1,3.7,,5.6,,1.6,0.4,7.5,2024
7000,Derrick Jones Jr.,Lac,F,28.2,77,24.3,,16.5,10.1,118,0.703,370,0.627,219,0.356,0.609,10.1,3.4,,0.8,,1,0.4,5,2024
7001,Alex Caruso,Okc,G,31.1,54,19.3,,15.2,10.5,51,0.824,144,0.556,170,0.353,0.568,7.1,2.9,,2.5,,1.6,0.6,7.7,2024
7002,Markelle Fultz,Sac,G,26.9,21,8.8,,19.3,18.2,1,1,59,0.407,8,0.5,0.452,2.9,1,,1.3,,0.5,0.1,7.1,2024
7003,Lonzo Ball,Chi,G,27.5,35,22.2,,15.9,14.4,27,0.815,48,0.458,195,0.344,0.524,7.6,3.4,,3.3,,1.3,0.5,7.9,2024
7004,De'Aaron Fox,Sac,G,27.3,45,37,,29.1,13.1,246,0.829,597,0.539,286,0.322,0.567,25,5,,6.1,,1.5,0.4,9.9,2024
7005,De'Aaron Fox,San,G,27.3,17,34,,26,12.8,72,0.819,185,0.535,95,0.274,0.537,19.7,4.3,,6.8,,1.5,0.3,9.8,2024
7006,Jayson Tatum,Bos,F-G,27.1,72,36.4,,31.2,12.5,440,0.814,737,0.559,728,0.343,0.582,26.8,8.7,,6,,1.1,0.5,12.3,2024
7007,Malik Monk,Sac,G,27.2,65,31.6,,24.6,14.5,178,0.865,511,0.534,428,0.325,0.549,17.2,3.8,,5.6,,0.9,0.6,9.1,2024
7008,Jonathan Isaac,Orl,F,27.5,71,15.4,,16.2,9.2,107,0.682,173,0.549,151,0.258,0.512,5.4,4.4,,0.6,,0.9,1.1,6.3,2024
7009,Lauri Markkanen,Uta,F-C,27.9,47,31.4,,24,8.6,185,0.876,301,0.525,399,0.346,0.571,19,5.9,,1.5,,0.7,0.4,7,2024
7010,Donovan Mitchell,Cle,G,28.6,71,31.4,,30.9,10.1,362,0.823,687,0.512,633,0.368,0.575,24,4.5,,5,,1.3,0.2,10.4,2024
7011,Luke Kennard,Mem,G,28.8,65,22.6,,14.5,14.3,57,0.895,170,0.547,261,0.433,0.631,8.9,2.8,,3.3,,0.8,0.1,7.7,2024
7012,Zach Collins,San,F-C,27.4,36,11.8,,17.1,14.8,35,0.886,86,0.547,46,0.304,0.566,4.6,2.8,,1.4,,0.4,0.4,8.9,2024
7013,Zach Collins,Chi,F-C,27.4,28,19.7,,17.1,17.8,43,0.884,110,0.673,60,0.3,0.635,8.6,6.7,,2.1,,0.5,0.5,10,2024
7014,John Collins,Uta,F-C,27.6,40,30.5,,24.1,16.2,164,0.848,383,0.577,148,0.399,0.628,19,8.2,,2,,1,1,8.9,2024
7015,O.G. Anunoby,Nyk,F-G,27.7,74,36.6,,19.7,9,226,0.81,567,0.561,460,0.372,0.591,18,4.8,,2.2,,1.5,0.9,6.3,2024
7016,Jarrett Allen,Cle,C,27,82,28,,15.9,13.2,277,0.718,635,0.712,5,0,0.724,13.5,9.7,,1.9,,0.9,0.9,9,2024
7017,Bam Adebayo,Mia,C-F,27.7,78,34.3,,23.5,12.6,327,0.765,892,0.517,221,0.357,0.561,18.1,9.6,,4.3,,1.3,0.7,10.6,2024
7018,Isaiah Hartenstein,Okc,C-F,26.9,57,27.9,,16.7,16.7,117,0.675,460,0.604,19,0,0.599,11.1,10.7,,3.8,,0.8,1.1,11,2024
7019,Kyle Kuzma,Was,F,29.7,32,27.7,,27.1,13.8,98,0.602,295,0.495,160,0.281,0.488,15.2,5.8,,2.5,,0.6,0.2,8.7,2024
7020,Kyle Kuzma,Mil,F,29.7,33,31.8,,21.4,15.7,104,0.663,240,0.533,153,0.333,0.545,14.5,5.6,,2.2,,0.5,0.4,7.1,2024
7021,Derrick White,Bos,G,30.8,76,33.9,,19.8,12,161,0.839,268,0.593,691,0.384,0.606,16.4,4.5,,4.8,,0.9,1.1,8.3,2024
7022,Josh Hart,Nyk,G,30.1,77,37.6,,15.3,17,205,0.776,518,0.618,252,0.333,0.611,13.6,9.6,,5.9,,1.5,0.4,9.8,2024
7023,PJ Dozier,Min,G-F,28.5,9,3.9,,8.2,24.5,6,0.167,0,0,3,0.667,0.621,0.8,0.6,,0.6,,0.1,0,6.8,2024
7024,Dillon Brooks,Hou,G-F,29.2,75,31.8,,17.7,7.8,122,0.811,426,0.465,469,0.397,0.555,14,3.7,,1.7,,0.8,0.2,5.6,2024
7025,Thomas Bryant,Mia,C-F,27.7,10,11.5,,13.4,6.6,11,1,11,0.545,17,0.353,0.624,4.1,3.2,,0.4,,0.1,0.9,6,2024
7026,Thomas Bryant,Ind,C-F,27.7,56,15.1,,17.6,8.7,53,0.83,162,0.673,131,0.321,0.613,6.9,3.9,,0.9,,0.5,0.6,7.7,2024
7027,Monte Morris,Pho,G,29.8,45,12.7,,18.1,9.7,42,0.857,109,0.477,86,0.36,0.546,5.2,1.5,,1.6,,0.4,0.1,7.3,2024
7028,Vlatko Cancar,Den,F,28,13,10.4,,11.5,29.7,0,0,11,0.545,15,0.267,0.462,1.8,2.5,,0.7,,0.2,0.2,5.6,2024
7029,Luke Kornet,Bos,C-F,29.7,73,18.6,,11.4,10,97,0.691,277,0.675,3,0,0.683,6,5.3,,1.6,,0.5,1,8,2024
7030,Chris Boucher,Tor,F,32.3,50,17.2,,21.2,7.3,87,0.782,177,0.633,193,0.363,0.615,10,4.5,,0.7,,0.5,0.5,7.3,2024
7031,Daniel Theis,Nor,F-C,33,38,16.4,,11.6,16.2,37,0.838,92,0.565,37,0.243,0.558,4.3,4.3,,1.6,,0.5,0.5,7.5,2024
7032,Maxi Kleber,Dal,F,33.2,34,18.7,,8.7,19.3,21,0.762,47,0.511,49,0.265,0.489,3,2.8,,1.3,,0.3,0.5,4.7,2024
7033,Torrey Craig,Chi,F,34.3,9,12.5,,17.3,0,4,0.75,10,0.7,35,0.429,0.663,6.9,2.8,,0.6,,0.2,0.1,7.2,2024
7034,Torrey Craig,Bos,F,34.3,17,11.8,,12.3,15,8,0.625,14,0.5,31,0.29,0.474,2.7,2.8,,0.7,,0.4,0.6,5.9,2024
7035,Grayson Allen,Pho,G,29.5,64,24.1,,17.6,13.3,114,0.816,139,0.504,350,0.426,0.631,10.6,3,,2.1,,0.8,0.3,6.7,2024
7036,Marvin Bagley III,Was,F,26.1,19,8.8,,23.3,13.4,23,0.652,61,0.59,10,0.2,0.573,4.9,2.9,,0.4,,0.4,0.3,8.1,2024
7037,Marvin Bagley III,Mem,F,26.1,12,8.2,,16.9,2.8,12,0.667,26,0.615,9,0.111,0.534,3.6,2.3,,0.3,,0.2,0.3,6.6,2024
7038,Mo Bamba,Lac,C,26.9,28,12.6,,16.5,15.5,25,0.68,53,0.623,50,0.3,0.561,4.6,4.3,,0.6,,0.3,1,7.2,2024
7039,Mikal Bridges,Nyk,G-F,28.6,82,37,,19.6,10,118,0.814,720,0.594,463,0.354,0.585,17.6,3.2,,3.7,,0.9,0.5,6.4,2024
7040,Miles Bridges,Cha,F,27.1,64,31.7,,28,11.1,254,0.87,639,0.513,450,0.313,0.541,20.3,7.5,,3.9,,0.7,0.7,10.6,2024
7041,Bruce Brown,Tor,G-F,28.7,18,19.6,,19.3,12.6,29,0.897,95,0.484,36,0.306,0.525,8.4,3.8,,1.6,,0.9,0.2,7.6,2024
7042,Bruce Brown,Nor,G-F,28.7,23,24.7,,15.9,10.1,36,0.75,133,0.429,45,0.356,0.488,8.2,4.2,,2.4,,0.7,0.3,7.1,2024
7043,Jalen Brunson,Nyk,G,28.6,65,35.4,,29.5,12,448,0.821,803,0.539,397,0.383,0.605,26,2.9,,7.3,,0.9,0.1,9.3,2024
7044,Jevon Carter,Chi,G,29.6,36,8.9,,21.1,7,10,0.8,41,0.488,105,0.333,0.509,4.3,1.1,,1.1,,0.4,0.1,7.8,2024
7045,Wendell Carter Jr.,Orl,C-F,26,68,25.9,,16,13.5,175,0.737,333,0.568,158,0.234,0.544,9.1,7.2,,2,,0.8,0.6,7.8,2024
7046,Donte DiVincenzo,Min,G,28.2,62,25.9,,19.4,14.2,63,0.778,156,0.487,438,0.397,0.581,11.7,3.7,,3.6,,1.2,0.3,8.3,2024
7047,Bruno Fernando,Tor,F-C,26.7,17,8.6,,19,22.1,8,0.75,49,0.531,0,0,0.552,3.4,3,,1.1,,0.2,0.5,10.4,2024
7048,Shai Gilgeous-Alexander,Okc,G,26.8,76,34.2,,34.8,9.9,669,0.898,1221,0.571,435,0.375,0.637,32.7,5,,6.4,,1.7,1,11.9,2024
7049,Aaron Holiday,Hou,G,28.5,62,12.8,,16.8,12.1,41,0.829,87,0.517,181,0.398,0.594,5.5,1.3,,1.3,,0.3,0.2,6.6,2024
7050,Kevin Huerter,Sac,G-F,26.6,43,20.9,,17.2,10.7,28,0.714,105,0.629,205,0.302,0.524,7.9,2.8,,1.7,,0.8,0.4,6.4,2024
7051,Kevin Huerter,Chi,G-F,26.6,26,30,,17.9,9.3,21,0.714,108,0.546,186,0.376,0.566,13.2,3.3,,3.2,,1.2,0.3,6.9,2024
7052,Jaren Jackson Jr.,Mem,F-C,25.6,74,29.8,,28.2,11.2,398,0.781,825,0.541,389,0.375,0.591,22.2,5.6,,2,,1.2,1.5,8.4,2024
7053,Kevin Knox II,Gol,F,25.7,14,6,,21.9,9.9,8,0.75,21,0.667,15,0.267,0.582,3.3,1.2,,0.4,,0.1,0.3,7.8,2024
7054,Caleb Martin,Phi,F,29.5,31,30.4,,14.2,15.6,74,0.622,145,0.469,87,0.379,0.531,9.1,4.4,,2.3,,1.1,0.6,5.9,2024
7055,Cody Martin,Cha,F,29.5,39,24.8,,14.6,13.5,49,0.694,144,0.528,124,0.323,0.528,7.8,4.5,,2.3,,1.1,0.7,7,2024
7056,De'Anthony Melton,Gol,G,26.9,6,20.2,,23.5,15.6,8,0.5,19,0.474,35,0.371,0.53,10.2,3.3,,2.8,,1.2,0.3,9,2024
7057,Shake Milton,Bro,G,28.5,27,18.2,,17,11.3,33,0.758,85,0.529,72,0.389,0.58,7.4,1.9,,2.4,,0.6,0,7.1,2024
7058,Shake Milton,Lal,G,28.5,30,11.5,,16.4,17,26,0.846,63,0.508,34,0.294,0.535,3.9,1.8,,1.3,,0.3,0.1,7.3,2024
7059,Svi Mykhailiuk,Uta,G-F,27.8,38,20,,20.3,14.7,35,0.8,99,0.485,203,0.345,0.526,8.8,2.4,,2,,0.5,0.2,7,2024
7060,Josh Okogie,Pho,G,26.6,25,14,,18.2,12.3,32,0.688,72,0.556,42,0.381,0.586,6,2.9,,0.6,,0.8,0.4,6.2,2024
7061,Josh Okogie,Cha,G,26.6,15,18.3,,21.1,13.2,53,0.774,48,0.458,50,0.32,0.548,8.9,2.7,,1.3,,1.8,0.5,6.9,2024
7062,Michael Porter Jr.,Den,F,26.8,77,33.7,,20.2,9,194,0.768,559,0.599,489,0.395,0.617,18.2,7,,2.1,,0.6,0.5,7.6,2024
7063,Collin Sexton,Uta,G,26.3,63,27.9,,27,15.6,251,0.865,596,0.513,271,0.406,0.593,18.4,2.7,,4.2,,0.7,0.1,8.5,2024
7064,Landry Shamet,Nyk,G,28.1,50,15.2,,14.8,8.7,18,0.667,74,0.595,156,0.397,0.601,5.7,1.2,,0.5,,0.5,0,4,2024
7065,Anfernee Simons,Por,G,25.9,70,32.7,,24.6,11.3,194,0.902,532,0.496,593,0.363,0.557,19.3,2.7,,4.8,,0.9,0.1,7.7,2024
7066,Gary Trent Jr.,Mil,G,26.2,74,25.6,,17.1,6,92,0.848,224,0.46,433,0.416,0.591,11.1,2.3,,1.2,,1,0.1,4.9,2024
7067,Jarred Vanderbilt,Lal,F,26,36,16.1,,12.5,19.3,36,0.556,89,0.562,32,0.281,0.537,4.1,5.1,,1.1,,1,0.3,7.1,2024
7068,Moritz Wagner,Orl,F-C,28,30,18.8,,26.8,16.4,110,0.718,174,0.649,75,0.36,0.649,12.9,4.9,,1.4,,0.8,0.4,9.5,2024
7069,Lonnie Walker IV,Phi,G-F,26.3,20,23.8,,22.8,10.5,30,0.8,85,0.518,127,0.354,0.548,12.4,3.2,,2.5,,0.5,0.3,7.8,2024
7070,P.J. Washington,Dal,F,26.6,57,32.2,,20.4,15.1,198,0.722,426,0.493,239,0.381,0.556,14.7,7.8,,2.3,,1.1,1.1,8,2024
7071,Kenrich Williams,Okc,G-F,30.4,69,16.4,,15.4,9.9,39,0.718,183,0.574,171,0.386,0.587,6.3,3.5,,1.4,,0.6,0.1,7.7,2024
7072,Trae Young,Atl,G,26.6,76,36,,29.6,20.5,561,0.875,734,0.474,642,0.34,0.567,24.2,3.1,,11.6,,1.2,0.2,10.6,2024
7073,Deandre Ayton,Por,C,26.7,40,30.1,,19.4,12.8,60,0.667,436,0.594,32,0.188,0.583,14.4,10.2,,1.6,,0.8,1,8.2,2024
7074,Luka Doncic,Dal,F-G,26.1,22,35.7,,33.2,13.9,146,0.767,254,0.555,212,0.354,0.584,28.1,8.3,,7.8,,2,0.4,13.7,2024
7075,Luka Doncic,Lal,F-G,26.1,28,35.1,,34.5,15.7,249,0.791,290,0.493,269,0.379,0.59,28.2,8.1,,7.5,,1.6,0.4,13.6,2024
7076,Goga Bitadze,Orl,C-F,25.7,70,20.4,,14.4,17.5,133,0.639,311,0.656,28,0.107,0.631,7.2,6.6,,2,,0.7,1.4,8.9,2024
7077,Robert Williams III,Por,C-F,27.5,20,17.6,,12.1,17.8,17,0.882,75,0.653,3,0.333,0.679,5.8,5.9,,1.1,,0.7,1.7,7.6,2024
7078,Rui Hachimura,Lal,F,27.2,59,31.7,,15.8,7.8,113,0.77,329,0.581,247,0.413,0.619,13.1,5,,1.4,,0.8,0.4,5.7,2024
7079,Jack McVeigh,Hou,G-F,28.8,9,4.8,,18.1,10.5,0,0,4,0.25,13,0.308,0.412,1.6,0.6,,0.1,,0,0.2,3.8,2024
7080,Jock Landale,Hou,C,29.5,42,11.9,,15.7,12.1,40,0.675,126,0.556,26,0.423,0.59,4.8,3.3,,0.9,,0.3,0.2,8.2,2024
7081,Duncan Robinson,Mia,F,31,74,24.1,,19.2,11.5,53,0.887,180,0.556,483,0.393,0.595,11,2.3,,2.4,,0.5,0.1,6.5,2024
7082,Jordan McLaughlin,Sac,G,29,28,6.8,,14.1,19.9,16,0.688,18,0.333,26,0.385,0.519,1.9,0.8,,0.9,,0.4,0,6.5,2024
7083,Jordan McLaughlin,San,G,29,18,6.9,,12.6,17.4,6,1,8,0.75,20,0.45,0.734,2.5,0.5,,1.5,,0.3,0.1,7.1,2024
7084,Gabe Vincent,Lal,G,28.8,72,21.2,,13.5,8.9,21,0.714,111,0.532,309,0.353,0.536,6.4,1.3,,1.4,,0.7,0.2,4.3,2024
7085,Drew Eubanks,Uta,F-C,28.2,37,15.4,,14.8,17.6,57,0.632,140,0.607,5,0.6,0.632,5.8,4.5,,1.2,,0.3,0.9,8.2,2024
7086,Drew Eubanks,Lac,F-C,28.2,24,7.4,,16,16.9,14,0.786,48,0.563,1,0,0.589,2.7,2.4,,0.4,,0.1,0.3,7.4,2024
7087,Haywood Highsmith,Mia,F,28.3,74,24.6,,11.3,12.1,43,0.721,158,0.57,233,0.382,0.583,6.5,3.4,,1.5,,0.9,0.5,5.2,2024
7088,Amir Coffey,Lac,G-F,27.8,72,24.3,,15.3,8.1,129,0.891,264,0.527,247,0.409,0.613,9.7,2.2,,1.1,,0.6,0.1,4.7,2024
7089,DaQuan Jeffries,Cha,G-F,27.6,47,22.8,,13.5,10.7,30,0.8,127,0.496,164,0.335,0.518,6.7,2.9,,1.1,,0.6,0.5,4.9,2024
7090,Terance Mann,Lac,G-F,28.5,37,19.8,,14,11.3,32,0.719,120,0.508,75,0.347,0.533,6,2.9,,1.6,,0.8,0.3,6.1,2024
7091,Terance Mann,Atl,G-F,28.5,30,22.7,,15.5,9.5,36,0.667,130,0.646,88,0.386,0.629,9.8,3.1,,2.1,,0.6,0.1,7,2024
7092,Andrew Nembhard,Ind,G-F,25.2,65,28.9,,16.3,17.2,136,0.794,364,0.538,175,0.291,0.545,10,3.3,,5,,1.2,0.2,7.6,2024
7093,Jalen Pickett,Den,G,25.5,49,13.6,,13.2,11.7,8,0.75,79,0.468,101,0.396,0.545,4.1,1.4,,2.2,,0.4,0.1,6.8,2024
7094,Max Strus,Cle,G-F,29,50,25.5,,14.7,12.6,34,0.824,80,0.65,293,0.386,0.607,9.4,4.3,,3.2,,0.5,0.2,7.9,2024
7095,Bol Bol,Pho,C-F,25.4,36,12.5,,21.1,9.8,26,0.769,90,0.711,93,0.344,0.627,6.8,2.9,,0.6,,0.3,0.7,7.3,2024
7096,Zion Williamson,Nor,F,24.8,30,28.6,,34.7,15,241,0.656,495,0.576,13,0.231,0.6,24.6,7.2,,5.3,,1.2,0.9,13.7,2024
7097,RJ Barrett,Tor,F-G,24.8,58,32.2,,28.7,14.4,311,0.63,676,0.522,306,0.35,0.547,21.1,6.3,,5.4,,0.8,0.3,11.1,2024
7098,Cam Reddish,Lal,F-G,25.6,33,17.9,,8.7,11.3,26,0.615,47,0.532,47,0.277,0.498,3.2,2,,0.7,,1,0.3,3.7,2024
7099,Ja Morant,Mem,G,25.7,50,30.4,,32.2,17.2,319,0.824,604,0.523,285,0.309,0.563,23.2,4.1,,7.3,,1.2,0.2,11.7,2024
7100,De'Andre Hunter,Atl,F-G,27.4,37,28.7,,24.2,10.7,176,0.858,245,0.531,247,0.393,0.616,19,3.9,,1.5,,0.8,0.1,6.7,2024
7101,De'Andre Hunter,Cle,F-G,27.4,27,25.1,,20.5,7.8,78,0.821,129,0.55,141,0.426,0.634,14.3,4.2,,1.3,,0.7,0.3,6.8,2024
7102,Coby White,Chi,G,25.2,74,33.1,,24.5,13.6,307,0.902,537,0.544,584,0.37,0.601,20.4,3.7,,4.5,,0.9,0.2,8.4,2024
7103,Brandon Clarke,Mem,F,28.6,64,18.9,,15.4,9.7,87,0.701,363,0.647,17,0.059,0.638,8.3,5.1,,1,,0.8,0.6,7.4,2024
7104,Darius Garland,Cle,G,25.2,75,30.7,,27.2,13.9,255,0.878,645,0.53,529,0.401,0.6,20.6,2.9,,6.7,,1.2,0.1,9.6,2024
7105,Jaxson Hayes,Lal,C-F,24.9,56,19.5,,12.4,16.1,98,0.622,220,0.732,3,0,0.72,6.8,4.8,,1,,0.6,0.9,6.6,2024
7106,Nickeil Alexander-Walker,Min,G,26.6,82,25.3,,16,13.8,118,0.78,246,0.524,370,0.381,0.579,9.4,3.2,,2.7,,0.6,0.4,6.8,2024
7107,Tyler Herro,Mia,G,25.2,77,35.4,,28,12.6,327,0.878,707,0.566,670,0.375,0.605,23.9,5.2,,5.5,,0.9,0.2,10,2024
7108,Keldon Johnson,San,F-G,25.5,77,23.9,,21.6,9.1,194,0.773,496,0.573,274,0.318,0.572,12.7,4.8,,1.6,,0.6,0.3,7.7,2024
7109,Chuma Okeke,Phi,F,26.7,7,24.5,,9.5,8.3,3,0.667,11,0.727,22,0.455,0.699,6.9,6.1,,1.9,,0.7,0.4,7,2024
7110,Kevin Porter Jr.,Lac,G-F,24.9,45,19.6,,25.9,17.1,76,0.645,301,0.485,106,0.245,0.476,9.3,3.6,,3.2,,1,0.2,9.7,2024
7111,Kevin Porter Jr.,Mil,G-F,24.9,30,19.9,,24.8,17.5,93,0.871,174,0.529,71,0.408,0.616,11.7,3.9,,3.7,,1.3,0.1,11.1,2024
7112,Charles Bassey,San,C-F,24.5,36,10.4,,17.5,16.4,33,0.636,117,0.581,0,0,0.597,4.4,4.2,,0.5,,0.4,0.8,8.1,2024
7113,Moses Brown,Ind,C,25.5,9,5.1,,26.7,22.8,5,0.6,20,0.65,0,0,0.653,3.2,1.4,,0,,0.2,0.1,0,2024
7114,Moses Brown,Dal,C,25.5,4,18.3,,21.6,14.5,6,0.833,29,0.724,0,0,0.743,11.8,7.8,,0.5,,1,0.8,7.8,2024
7115,Nic Claxton,Bro,C,26,70,26.9,,16.8,13.3,154,0.513,547,0.576,21,0.238,0.569,10.3,7.4,,2.2,,0.9,1.4,8.2,2024
7116,Luguentz Dort,Okc,G,26,71,29.2,,13.6,7.9,46,0.717,180,0.489,413,0.412,0.586,10.1,4.1,,1.6,,1.1,0.5,5.5,2024
7117,Daniel Gafford,Dal,F-C,26.5,57,21.5,,19.5,14.1,196,0.689,403,0.702,0,0,0.716,12.3,6.8,,1.4,,0.4,1.8,9.1,2024
7118,Quentin Grimes,Dal,G,24.9,47,22.8,,18.5,14.3,81,0.765,164,0.543,201,0.398,0.599,10.2,3.8,,2.1,,0.7,0.2,7.6,2024
7119,Quentin Grimes,Phi,G,24.9,28,33.7,,27.5,14.9,133,0.752,238,0.559,220,0.373,0.592,21.9,5.2,,4.5,,1.5,0.4,9.5,2024
7120,Talen Horton-Tucker,Chi,G,24.4,58,12.5,,21.6,12.1,98,0.735,169,0.544,122,0.336,0.567,6.5,1.7,,1.4,,0.4,0.2,8,2024
7121,Ty Jerome,Cle,G-F,27.8,70,19.9,,23.6,13,148,0.872,365,0.57,253,0.439,0.643,12.5,2.5,,3.4,,1.1,0,9.5,2024
7122,Cameron Johnson,Bro,F,29.1,57,31.6,,22.9,11.7,225,0.893,339,0.578,408,0.39,0.632,18.8,4.3,,3.4,,0.9,0.4,8.2,2024
7123,Jalen McDaniels,Was,F,27.2,4,1.9,,0,0,0,0,0,0,0,0,0,0,0,,0.3,,0.3,0,0,2024
7124,Jaylen Nowell,Nor,G,25.8,8,21,,21.6,9.8,11,0.636,46,0.391,27,0.296,0.43,8.4,2.5,,2.3,,0.1,0.5,6.9,2024
7125,Jordan Poole,Was,G,25.8,68,29.4,,29,16.2,274,0.883,434,0.512,622,0.378,0.591,20.5,3,,4.4,,1.3,0.4,8.8,2024
7126,Neemias Queta,Bos,C,25.8,62,13.9,,13.7,16.4,61,0.754,200,0.66,3,0,0.674,5,3.8,,0.7,,0.3,0.7,6.8,2024
7127,Naz Reid,Min,C-F,25.6,80,27.5,,21.5,10.5,143,0.776,461,0.544,462,0.379,0.577,14.2,6,,2.3,,0.7,0.9,8.4,2024
7128,Grant Williams,Cha,F,26.4,16,29.9,,14.8,18.5,37,0.838,49,0.551,74,0.365,0.596,10.4,5.1,,2.3,,1.1,0.8,6.6,2024
7129,John Konchar,Mem,G,29.1,46,12.1,,8,14.9,8,0.875,29,0.621,62,0.371,0.592,2.4,3.3,,0.9,,0.7,0.3,6.4,2024
7130,Garrison Mathews,Atl,G,28.5,47,17.6,,15.9,10.8,78,0.821,38,0.447,219,0.388,0.606,7.5,1.9,,1.3,,0.6,0.3,6,2024
7131,Dean Wade,Cle,F-C,28.4,59,21.2,,10.4,7.5,30,0.533,49,0.653,222,0.36,0.563,5.4,4.2,,1.3,,0.7,0.3,5.8,2024
7132,Javonte Green,Nor,G,31.7,50,21.8,,10.9,11.1,66,0.758,117,0.53,108,0.352,0.567,5.8,3.6,,0.9,,1.1,0.6,4.9,2024
7133,Anthony Edwards,Min,G,23.7,79,36.3,,31.4,13.4,496,0.837,801,0.501,811,0.395,0.595,27.6,5.7,,4.5,,1.2,0.6,9.8,2024
7134,LaMelo Ball,Cha,G,23.6,47,32,,35.9,14.3,229,0.843,475,0.478,528,0.339,0.536,25.2,4.9,,7.4,,1.1,0.3,12.1,2024
7135,James Wiseman,Ind,C,24,1,4.6,,45.9,0,2,1,3,0.667,1,0,0.615,6,1,,0,,0,0,0,2024
7136,Killian Hayes,Bro,G,23.7,6,27.1,,15.4,17.2,12,0.833,22,0.455,21,0.381,0.559,9,3,,5.2,,0.7,0.7,7.7,2024
7137,Deni Avdija,Por,F,24.3,72,30,,23.2,18.8,372,0.78,502,0.552,342,0.365,0.605,16.9,7.3,,3.9,,1,0.5,10.4,2024
7138,Obi Toppin,Ind,F,27.1,79,19.6,,20.1,10.2,114,0.781,298,0.695,301,0.365,0.642,10.5,4,,1.6,,0.6,0.4,8.3,2024
7139,Onyeka Okongwu,Atl,F-C,24.3,74,27.9,,17.3,11.6,216,0.759,536,0.634,148,0.324,0.634,13.4,8.9,,2.3,,0.9,0.9,9.3,2024
7140,Tyrese Haliburton,Ind,G,25.1,73,33.6,,21.6,10.7,222,0.851,444,0.581,562,0.388,0.616,18.6,3.5,,9.2,,1.4,0.7,10,2024
7141,Devin Vassell,San,G-F,24.6,64,31,,22.1,9,120,0.792,460,0.513,429,0.368,0.553,16.3,4,,2.9,,1.3,0.5,7.4,2024
7142,Isaac Okoro,Cle,F-G,24.2,55,19.1,,12.5,7.9,46,0.717,116,0.586,151,0.371,0.587,6.1,2.4,,1.2,,0.6,0.3,5.4,2024
7143,Patrick Williams,Chi,F,23.6,63,25,,16.9,14.3,83,0.723,244,0.447,272,0.353,0.512,9,3.8,,2,,0.8,0.5,6.5,2024
7144,Precious Achiuwa,Nyk,F,25.6,57,20.5,,14.9,12.1,69,0.594,291,0.529,36,0.278,0.53,6.6,5.6,,1,,0.8,0.7,6.5,2024
7145,Aaron Nesmith,Ind,G-F,25.5,45,25,,17.4,8.9,80,0.913,184,0.587,195,0.431,0.653,12,4,,1.2,,0.8,0.4,6.2,2024
7146,Cole Anthony,Orl,G,24.9,67,18.4,,24.6,15.9,113,0.823,325,0.471,218,0.353,0.531,9.4,3,,2.9,,0.7,0.5,9.4,2024
7147,Tyrese Maxey,Phi,G,24.4,52,37.7,,29.8,10.2,289,0.879,613,0.515,478,0.337,0.562,26.3,3.3,,6.1,,1.8,0.4,8.6,2024
7148,Josh Green,Cha,G,24.4,68,27.8,,11.8,14.2,72,0.681,173,0.48,248,0.391,0.559,7.4,2.5,,1.6,,1.1,0.2,4.5,2024
7149,Jaden McDaniels,Min,F,24.5,82,31.9,,16.3,10.2,128,0.813,531,0.561,303,0.33,0.562,12.2,5.7,,2,,1.3,0.9,6.5,2024
7150,Jalen Smith,Chi,F-C,25.1,64,15,,21,8.3,89,0.809,186,0.634,222,0.324,0.586,8.2,5.6,,1,,0.3,0.7,9.5,2024
7151,Isaiah Stewart,Det,F-C,23.9,72,19.9,,12.4,17.7,87,0.759,262,0.607,53,0.321,0.616,6,5.5,,1.7,,0.4,1.4,7.7,2024
7152,Zeke Nnaji,Den,F-C,24.3,57,10.7,,12.2,9,44,0.614,89,0.596,52,0.327,0.574,3.2,1.6,,0.4,,0.4,0.7,4.7,2024
7153,Immanuel Quickley,Tor,G,25.8,33,27.8,,25.1,11.7,128,0.867,213,0.465,225,0.378,0.57,17.1,3.5,,5.8,,0.7,0.1,10.1,2024
7154,Paul Reed,Det,F,25.8,45,9.7,,18.1,15.4,42,0.762,114,0.561,28,0.286,0.573,4.1,2.7,,1,,0.9,0.6,9.2,2024
7155,Isaiah Joe,Okc,G,25.8,74,21.7,,17.2,6.1,56,0.821,122,0.549,466,0.412,0.617,10.2,2.6,,1.6,,0.6,0.1,6.4,2024
7156,Tre Jones,San,G,25.3,28,16.1,,12.2,18.4,33,0.758,67,0.552,26,0.308,0.572,4.4,2.1,,3.7,,0.6,0.2,8.1,2024
7157,Tre Jones,Chi,G,25.3,18,25.3,,16,8.8,34,0.882,123,0.585,22,0.5,0.647,11.5,3.2,,4.9,,1.1,0.3,8.9,2024
7158,Payton Pritchard,Bos,G,27.2,80,28.4,,19.1,8.8,84,0.845,240,0.642,626,0.407,0.633,14.3,3.8,,3.5,,0.9,0.2,8.1,2024
7159,Nick Richards,Cha,C,27.4,21,21,,17.9,22.4,87,0.678,113,0.566,1,0,0.614,8.9,7.5,,1.3,,0.3,1.2,8.4,2024
7160,Nick Richards,Pho,C,27.4,36,22.7,,17,17.1,73,0.822,232,0.608,1,0,0.645,9.5,8.6,,0.6,,0.2,0.8,6.4,2024
7161,Xavier Tillman,Bos,F,26.3,33,7,,13.1,20.8,4,0.75,21,0.381,32,0.156,0.31,1,1.3,,0.2,,0.3,0.2,3.6,2024
7162,Jared Butler,Was,G,24.6,32,11.3,,26.1,14.1,45,0.778,135,0.519,41,0.366,0.562,6.9,1.3,,2.6,,0.4,0.2,10.1,2024
7163,Jared Butler,Phi,G,24.6,28,24.3,,22.2,15.5,46,0.87,149,0.49,128,0.352,0.54,11.5,2.5,,4.9,,1.1,0.3,8.6,2024
7164,Desmond Bane,Mem,G,26.8,69,32,,23.3,14.2,198,0.894,600,0.548,418,0.392,0.6,19.2,6.1,,5.3,,1.2,0.4,10.7,2024
7165,Mason Jones,Sac,G,26.7,10,4.5,,20.1,5.2,5,0.8,10,0.8,8,0.125,0.569,2.3,0.9,,1.1,,0,0.1,11.7,2024
7166,Jalen Green,Hou,G,23.2,82,32.9,,27.3,12.4,336,0.813,776,0.482,661,0.354,0.544,21,4.6,,3.4,,0.9,0.3,8.4,2024
7167,Daishen Nix,Min,G,23.2,3,4.4,,19.3,76.6,2,0.5,0,0,1,0,0.266,0.3,1.3,,1,,0,0,6.6,2024
7168,Jonathan Kuminga,Gol,F,22.5,47,24.3,,27.3,11.1,235,0.668,417,0.508,151,0.305,0.535,15.3,4.6,,2.2,,0.8,0.4,8.8,2024
7169,Naji Marshall,Dal,F,27.2,69,27.8,,20,13.6,160,0.813,494,0.611,218,0.275,0.584,13.2,4.8,,3,,1,0.2,8.3,2024
7170,KJ Martin,Phi,F,24.3,24,20,,11.2,10.8,29,0.828,78,0.679,21,0.381,0.689,6.4,3,,0.8,,0.5,0.7,5,2024
7171,KJ Martin,Uta,F,24.3,19,22.7,,11.8,10.5,18,0.722,65,0.662,37,0.189,0.546,6.3,2.8,,1.5,,0.3,0.3,5.3,2024
7172,Sam Merrill,Cle,G,28.9,71,19.7,,14.3,7.6,29,0.966,56,0.625,368,0.372,0.583,7.2,2.2,,1.5,,0.7,0.2,5.8,2024
7173,Trevelin Queen,Orl,G,28.1,31,13.9,,18.1,13,21,0.857,70,0.486,77,0.286,0.486,4.9,1.7,,1.2,,1,0.3,6.2,2024
7174,Ayo Dosunmu,Chi,G,25.2,46,30.3,,16.6,13.3,79,0.785,260,0.612,189,0.328,0.585,12.3,3.5,,4.5,,0.9,0.4,7.6,2024
7175,Vit Krejci,Atl,G,24.8,57,20.2,,12.9,14.6,45,0.711,86,0.64,206,0.437,0.661,7.2,2.7,,2.6,,0.6,0.5,7.3,2024
7176,Jae'Sean Tate,Hou,F,29.5,52,11.3,,13.3,12.9,47,0.681,102,0.529,46,0.348,0.557,3.6,2.3,,0.9,,0.5,0.1,6.9,2024
7177,Anthony Gill,Was,F,32.5,51,7.8,,12.7,10.2,50,0.66,57,0.579,31,0.323,0.586,2.5,1.3,,0.3,,0.2,0,5.1,2024
7178,Kylor Kelley,Dal,C,27.6,8,8.3,,10.7,7,6,0.667,13,0.769,0,0,0.767,3,2.6,,0.3,,0,0.3,6.4,2024
7179,Jeff Dowtin Jr.,Phi,G,27.9,41,15.1,,18.6,6.1,45,0.733,160,0.525,70,0.4,0.57,7,1.5,,1.9,,0.6,0.3,7.2,2024
7180,Pat Spencer,Gol,G,28.8,39,6.4,,21.2,15.1,15,0.733,79,0.456,22,0.227,0.455,2.5,1.2,,1.2,,0.4,0.1,9.6,2024
7181,Brandon Williams,Dal,G,25.4,33,14.8,,22.6,17.2,66,0.833,128,0.578,60,0.4,0.634,8.3,1.8,,2.3,,0.7,0.2,8.8,2024
7182,Lindy Waters III,Gol,F,27.7,38,17.2,,14.6,7.6,11,0.727,57,0.474,148,0.331,0.498,5.5,2.6,,1.1,,0.6,0.3,5.8,2024
7183,Lindy Waters III,Det,F,27.7,14,8.8,,16.1,6.4,0,0,6,0.167,38,0.395,0.534,3.4,1,,0.7,,0.4,0.1,6.1,2024
7184,Matt Ryan,Nyk,F,28,19,3.6,,22.4,8.7,2,1,12,0.333,19,0.316,0.439,1.5,0.4,,0.2,,0.1,0,5.5,2024
7185,Jeremiah Robinson-Earl,Nor,F,24.4,66,18.8,,14.4,12.8,55,0.836,183,0.557,164,0.341,0.563,6.3,4.8,,1.3,,0.6,0.1,7.2,2024
7186,Brandon Boston Jr.,Nor,G,23.4,42,23.6,,20,12,85,0.788,241,0.485,140,0.35,0.535,10.7,3.2,,2.2,,1.3,0.2,7.2,2024
7187,Josh Christopher,Mia,G,23.3,14,5,,25.4,16.1,6,0.667,20,0.45,11,0.182,0.416,2,0.6,,0.6,,0.4,0.2,7.2,2024
7188,Herbert Jones,Nor,F,26.5,20,32.4,,14.6,16.9,40,0.825,100,0.53,72,0.306,0.541,10.3,3.9,,3.3,,1.9,0.5,6.3,2024
7189,Trey Murphy III,Nor,F,24.8,53,35,,23.7,10.9,230,0.887,401,0.556,438,0.361,0.598,21.2,5.1,,3.5,,1.1,0.7,8.3,2024
7190,Jaden Springer,Bos,G,22.6,26,5.4,,14.7,10.4,21,0.714,15,0.4,19,0.316,0.52,1.7,0.9,,0.4,,0.5,0,6.3,2024
7191,Jaden Springer,Uta,G,22.6,17,13.2,,14,17.6,17,0.706,27,0.63,29,0.207,0.504,3.8,2,,1.4,,0.7,0.2,6.7,2024
7192,Franz Wagner,Orl,F,23.6,60,33.7,,31,10.6,311,0.871,809,0.535,352,0.295,0.558,24.2,5.7,,4.7,,1.3,0.4,10.3,2024
7193,Ziaire Williams,Bro,F,23.6,63,24.5,,18.2,11.4,123,0.821,218,0.509,302,0.341,0.55,10,4.6,,1.3,,1,0.4,6.4,2024
7194,Ochai Agbaji,Tor,G,25,64,27.2,,14.6,9.2,48,0.708,281,0.587,253,0.399,0.601,10.4,3.8,,1.5,,0.9,0.5,5.7,2024
7195,Chris Duarte,Chi,G,27.8,17,4.4,,17.1,3.7,8,0.75,11,0.545,15,0.4,0.61,2.1,1.2,,0.5,,0,0,9.8,2024
7196,Bones Hyland,Lac,G,24.6,20,11.1,,29.4,17.3,26,0.885,34,0.412,80,0.388,0.574,7.2,1.2,,1.4,,0.9,0.2,8.3,2024
7197,Kai Jones,Lac,C-F,24.2,28,7.4,,10.8,21.6,12,0.75,34,0.765,2,0,0.739,2.2,1.6,,0.4,,0.2,0.4,6.1,2024
7198,Miles McBride,Nyk,G,24.6,64,24.9,,16.8,7,64,0.813,235,0.455,312,0.369,0.531,9.5,2.5,,2.9,,1,0.3,6.6,2024
7199,Moses Moody,Gol,G,22.9,74,22.3,,17.4,8.7,133,0.797,231,0.519,337,0.374,0.578,9.8,2.6,,1.3,,0.8,0.4,5.8,2024
7200,Isaiah Jackson,Ind,F,23.3,5,16.8,,17.6,17.7,14,0.5,23,0.609,0,0,0.6,7,5.6,,1,,0.6,1.6,8.1,2024
7201,Tre Mann,Cha,G,24.2,13,24.5,,26,13.4,21,0.905,101,0.455,60,0.4,0.537,14.1,2.9,,3,,0.5,0.3,8.1,2024
7202,Terrence Shannon Jr.,Min,G-F,24.7,32,10.6,,17.7,11.6,21,0.81,83,0.53,31,0.355,0.56,4.3,1.5,,1,,0.2,0.2,7,2024
7203,Johnny Juzang,Uta,G,24.1,64,19.8,,17.6,7,53,0.849,161,0.534,314,0.376,0.573,8.9,2.9,,1.1,,0.6,0.1,6.2,2024
7204,Day'Ron Sharpe,Bro,C,23.4,50,18.2,,19.8,16.6,74,0.757,272,0.566,45,0.244,0.568,7.9,6.6,,1.8,,0.8,0.8,10,2024
7205,JT Thor,Cle,F,22.6,9,4.7,,24.5,28.1,8,0.875,9,0.667,6,0.5,0.756,3.1,0.7,,0.1,,0.2,0.3,5.1,2024
7206,Justin Champagnie,Was,G-F,23.8,62,21.6,,15.6,11.6,73,0.685,218,0.624,193,0.383,0.614,8.8,5.7,,1,,1,0.6,6.8,2024
7207,Jalen Johnson,Atl,F,23.3,36,35.7,,22.5,16.3,126,0.746,402,0.565,141,0.312,0.568,18.9,10,,5,,1.6,1,11,2024
7208,Keon Johnson,Bro,G,23.1,79,24.4,,21.7,13,139,0.77,378,0.468,401,0.314,0.499,10.6,3.8,,2.2,,1,0.4,7.3,2024
7209,Kessler Edwards,Dal,F,24.7,40,15.2,,11.1,10.6,13,0.923,81,0.556,54,0.407,0.597,4.2,2.9,,1.1,,0.5,0.5,6.3,2024
7210,Corey Kispert,Was,F,26.1,61,26.3,,17.5,10.2,88,0.852,235,0.574,330,0.364,0.584,11.6,3,,1.7,,0.4,0.2,5.9,2024
7211,Davion Mitchell,Tor,G,26.6,44,24.6,,13.1,24.2,37,0.676,127,0.504,117,0.359,0.536,6.3,2,,4.6,,0.7,0.2,6.3,2024
7212,Davion Mitchell,Mia,G,26.6,30,31.6,,14.2,17.7,47,0.702,138,0.543,94,0.447,0.611,10.3,2.7,,5.3,,1.4,0.3,6.7,2024
7213,Austin Reaves,Lal,G,26.9,73,34.9,,23.7,14.6,366,0.877,506,0.547,531,0.377,0.616,20.2,4.5,,5.8,,1.1,0.3,9.3,2024
7214,Cam Thomas,Bro,G,23.5,25,31.2,,32.6,12,151,0.881,259,0.506,195,0.349,0.575,24,3.3,,3.8,,0.6,0.1,8.6,2024
7215,David Duke Jr.,San,G,25.5,6,5.6,,21.4,12.3,2,0.5,8,0.375,6,0.5,0.538,2.7,0.8,,0.7,,0.2,0,8.2,2024
7216,Scottie Barnes,Tor,F-G,23.7,65,32.8,,27,14.8,302,0.755,783,0.508,280,0.271,0.523,19.3,7.7,,5.8,,1.4,1,11.6,2024
7217,Luka Garza,Min,C,26.3,39,5.6,,26.2,10.2,35,0.686,69,0.609,36,0.278,0.573,3.5,1.4,,0.3,,0.2,0.1,8.1,2024
7218,Trendon Watford,Bro,G-F,24.4,44,20.7,,23.3,19.2,122,0.762,262,0.515,88,0.33,0.557,10.2,3.6,,2.6,,0.6,0.3,8.8,2024
7219,Sandro Mamukelashvili,San,F-C,25.9,61,11.2,,20.8,8.5,58,0.741,120,0.675,161,0.373,0.628,6.3,3.1,,0.8,,0.4,0.3,8.9,2024
7220,Sam Hauser,Bos,F,27.3,71,21.7,,14.3,4.6,11,1,75,0.64,399,0.416,0.632,8.5,3.2,,0.9,,0.6,0.2,5.4,2024
7221,Ariel Hukporti,Nyk,C,23,25,8.7,,11.5,40.2,13,0.462,31,0.677,0,0,0.654,1.9,2,,0.4,,0,0.6,5.3,2024
7222,Julian Champagnie,San,F,23.8,82,23.6,,17.2,10,94,0.904,185,0.53,480,0.371,0.577,9.9,3.9,,1.4,,0.7,0.4,6.4,2024
7223,Alperen Sengun,Hou,C,22.7,76,31.5,,26.2,14.5,428,0.692,1053,0.519,90,0.233,0.545,19.1,10.4,,4.9,,1.1,0.8,12.6,2024
7224,Jericho Sims,Nyk,C,26.5,39,10.8,,7.5,31.2,13,0.615,46,0.609,0,0,0.619,1.6,3.3,,0.6,,0.2,0.3,5.4,2024
7225,Jericho Sims,Mil,C,26.5,14,15,,7.7,32.4,0,0,25,0.68,0,0,0.68,2.4,4.9,,0.8,,0.1,0.6,5.6,2024
7226,Josh Giddey,Chi,G,22.5,70,30.2,,21.7,20.2,224,0.781,520,0.512,278,0.378,0.57,14.6,8.1,,7.2,,1.2,0.6,12.6,2024
7227,Santi Aldama,Mem,F-C,24.3,65,25.5,,18.5,9.9,94,0.691,322,0.599,326,0.368,0.588,12.5,6.4,,2.9,,0.8,0.4,9.6,2024
7228,Scotty Pippen Jr.,Mem,G,24.4,79,21.3,,19.4,18.8,171,0.713,375,0.528,220,0.395,0.581,9.9,3.3,,4.4,,1.3,0.4,9.8,2024
7229,Jalen Suggs,Orl,G,23.9,35,28.6,,27.5,17.5,110,0.882,239,0.506,242,0.314,0.536,16.2,4,,3.7,,1.5,0.9,8.7,2024
7230,Jalen Wilson,Bro,F,24.4,79,25.7,,16.6,11.3,165,0.818,258,0.481,362,0.337,0.541,9.5,3.4,,1.8,,0.5,0.1,6,2024
7231,Cade Cunningham,Det,G,23.6,70,35,,33.2,17.5,370,0.846,1039,0.515,418,0.356,0.565,26.1,6.1,,9.1,,1,0.8,12.9,2024
7232,Evan Mobley,Cle,C,23.8,71,30.5,,23.2,13.8,305,0.725,676,0.621,230,0.37,0.633,18.5,9.3,,3.2,,0.9,1.6,10.7,2024
7233,Aaron Wiggins,Okc,G,26.3,76,22.9,,20.3,8.7,89,0.831,389,0.578,339,0.383,0.596,12,3.9,,1.8,,0.8,0.2,7.7,2024
7234,E.J. Liddell,Chi,F,24.3,12,4.4,,14.1,11.5,2,1,5,1,10,0.3,0.661,1.8,0.8,,0.3,,0.1,0,6.9,2024
7235,Gui Santos,Gol,F,22.8,56,13.6,,13.3,19,42,0.69,76,0.632,103,0.33,0.575,4.1,3.1,,1.4,,0.4,0.2,7.7,2024
7236,D.J. Carton,Tor,G,24.7,4,8.4,,14.3,35,1,1,4,0.25,3,0,0.202,0.8,1,,0.8,,0.5,0,4.1,2024
7237,Dalano Banton,Por,F,25.4,67,16.7,,24.1,14.5,125,0.728,285,0.442,222,0.324,0.497,8.3,2,,2.4,,0.6,0.5,8.2,2024
7238,Jose Alvarado,Nor,G,27,56,24.4,,19.8,14.2,74,0.811,212,0.439,309,0.359,0.523,10.3,2.4,,4.6,,1.3,0.3,7.9,2024
7239,A.J. Lawson,Tor,G,24.7,26,18.7,,20,7.3,63,0.683,89,0.528,101,0.327,0.542,9.1,3.3,,1.2,,0.5,0.2,7.1,2024
7240,Jay Huff,Mem,C,27.6,64,11.7,,19.6,10,56,0.786,105,0.724,200,0.405,0.666,6.9,2,,0.6,,0.3,0.9,6.9,2024
7241,Mac McClung,Orl,G,26.3,2,5.1,,8.6,0,0,0,1,0,1,0,0,0,0.5,,1.5,,0,0,0,2024
7242,Stanley Umude,Mil,G,26,22,3.9,,15.7,10.3,4,0.5,11,0.182,15,0.2,0.27,0.7,0.8,,0.2,,0.1,0.3,4.9,2024
7243,Colin Castleton,Mem,C,24.9,10,4.6,,13.9,8.8,11,0.909,6,0.333,4,0,0.472,1.4,0.9,,0,,0.1,0.1,0,2024
7244,Jordan Goodwin,Lal,G,26.5,29,18.7,,14.1,15.3,11,0.818,76,0.487,68,0.382,0.541,5.6,3.9,,1.4,,1,0.4,6.7,2024
7245,Micah Potter,Uta,C,27,38,18.6,,10.3,18.6,20,0.85,37,0.703,98,0.316,0.563,4.3,4.3,,0.8,,0.4,0.4,5.3,2024
7246,Dru Smith,Mia,G,27.3,14,19.2,,13.9,21.7,13,0.769,31,0.484,30,0.533,0.659,6.3,2.6,,1.6,,1.5,0.4,6.2,2024
7247,MarJon Beauchamp,Mil,F,24.5,26,4.7,,23.5,21.5,12,0.75,26,0.423,21,0.333,0.497,2,1.2,,0.3,,0.1,0,7.6,2024
7248,MarJon Beauchamp,Lac,F,24.5,3,5.7,,24.8,12.2,4,0.5,4,0.5,3,0.667,0.685,4,1,,0.7,,0,0,9.9,2024
7249,Dyson Daniels,Atl,G,22.1,76,33.8,,18.2,14.4,140,0.593,688,0.545,235,0.34,0.545,14.1,5.9,,4.4,,3,0.7,8.5,2024
7250,Jaden Hardy,Dal,G,22.8,57,15.9,,25.3,16.5,86,0.698,217,0.479,197,0.386,0.549,8.7,1.6,,1.4,,0.5,0.1,6.8,2024
7251,Scoot Henderson,Por,G,21.2,66,26.7,,22.5,20.5,206,0.767,388,0.469,297,0.354,0.54,12.7,3,,5.1,,1,0.2,8.7,2024
7252,Keaton Wallace,Atl,G,26.1,31,16.2,,16.4,16.9,11,1,80,0.475,82,0.329,0.503,5.4,1.6,,2.6,,0.9,0.3,7,2024
7253,Jaden Ivey,Det,G,23.2,30,29.9,,26,17.7,116,0.733,259,0.49,154,0.409,0.569,17.6,4.1,,4,,0.9,0.4,8.8,2024
7254,Paolo Banchero,Orl,F,22.4,46,34.4,,33.6,13,385,0.727,639,0.509,272,0.32,0.551,25.9,7.5,,4.8,,0.8,0.6,11.4,2024
7255,Jabari Smith Jr.,Hou,F,21.9,57,30.1,,16.4,9.9,126,0.825,289,0.519,277,0.354,0.562,12.2,7,,1.1,,0.4,0.7,6,2024
7256,Chet Holmgren,Okc,C-F,23,32,27.4,,22.1,14.1,134,0.754,225,0.547,116,0.379,0.599,15,8,,2,,0.7,2.2,9.1,2024
7257,Bennedict Mathurin,Ind,G-F,22.8,72,29.9,,22.8,13.7,332,0.831,565,0.519,288,0.34,0.579,16.1,5.3,,1.9,,0.7,0.3,7.3,2024
7258,Johnny Davis,Was,G,23.1,34,7.1,,15.9,8.2,15,0.6,49,0.51,29,0.241,0.473,2.4,1.1,,0.3,,0.4,0.2,5.2,2024
7259,Keegan Murray,Sac,F,24.7,76,34.3,,15,6.8,72,0.833,371,0.566,449,0.343,0.553,12.4,6.7,,1.4,,0.8,0.9,5.7,2024
7260,Shaedon Sharpe,Por,G,21.9,72,31.3,,25.1,12,242,0.785,632,0.557,472,0.311,0.551,18.5,4.5,,2.8,,0.9,0.2,7.9,2024
7261,TyTy Washington Jr.,Pho,G,23.4,16,7.4,,18.9,6.2,6,0.5,24,0.417,21,0.19,0.367,2.2,0.8,,1,,0.2,0,6.5,2024
7262,Malaki Branham,San,F,21.9,47,9.1,,23.8,15.2,33,0.818,106,0.5,84,0.405,0.575,5,1.1,,0.8,,0.2,0,7.2,2024
7263,Blake Wesley,San,G,22.1,58,11.8,,16.6,22.5,61,0.623,128,0.5,58,0.293,0.51,3.7,1.1,,2,,0.6,0.1,6.8,2024
7264,Jalen Duren,Det,C,21.4,78,26.1,,16.3,19.9,242,0.669,546,0.692,0,0,0.703,11.8,10.3,,2.7,,0.7,1.1,10.6,2024
7265,Tari Eason,Hou,F,23.9,57,24.9,,19.4,10.4,104,0.76,375,0.557,184,0.342,0.567,12,6.4,,1.5,,1.7,0.9,7.8,2024
7266,Nikola Jovic,Mia,F,21.8,46,25.1,,18.3,13.7,87,0.828,168,0.56,210,0.371,0.593,10.7,3.9,,2.8,,0.8,0.3,7.8,2024
7267,Max Christie,Lal,G,22.2,46,25.1,,13.9,11.9,87,0.851,125,0.544,163,0.368,0.598,8.5,2.7,,1.4,,0.8,0.5,5.1,2024
7268,Max Christie,Dal,G,22.2,32,30.4,,16.8,13.9,65,0.862,151,0.457,151,0.364,0.543,11.2,4.2,,2.5,,0.9,0.3,6.4,2024
7269,Mark Williams,Cha,C,23.3,44,26.6,,21.4,13.7,163,0.804,443,0.609,4,0,0.647,15.3,10.2,,2.5,,0.7,1.2,11,2024
7270,Jeremy Sochan,San,F,21.9,54,25.3,,18.9,15,125,0.696,377,0.592,92,0.304,0.589,11.4,6.5,,2.4,,0.8,0.5,8.9,2024
7271,Wendell Moore Jr.,Det,G,23.6,20,10.9,,12.6,15.1,14,0.929,36,0.528,14,0.286,0.561,3.2,2.2,,1.2,,0.5,0.2,7.5,2024
7272,Wendell Moore Jr.,Cha,G,23.6,16,17.5,,14.8,19.1,8,0.625,49,0.531,27,0.37,0.547,5.4,3.2,,1.2,,0.6,0.1,6.3,2024
7273,Jalen Williams,Okc,G-F,24,69,32.4,,27.5,11.4,299,0.789,828,0.533,340,0.365,0.573,21.6,5.3,,5.2,,1.6,0.7,10.4,2024
7274,Orlando Robinson,Sac,C,24.8,9,6.3,,18.1,18.8,7,0.571,12,0.5,5,0.2,0.473,2.1,1.6,,1,,0.3,0.1,9.5,2024
7275,Orlando Robinson,Tor,C,24.8,35,20.4,,18.6,15.6,63,0.794,197,0.472,47,0.34,0.523,8.1,5.9,,1.9,,0.4,0.4,8.8,2024
7276,Patrick Baldwin Jr.,Was,F,22.4,22,4.6,,16.6,13.1,4,0.5,12,0.5,21,0.524,0.676,2.1,1,,0.1,,0.1,0.1,5.2,2024
7277,Walker Kessler,Uta,C,23.7,58,30,,13.7,17,152,0.52,385,0.706,35,0.171,0.658,11.1,12.2,,1.7,,0.6,2.4,8.2,2024
7278,Jaylin Williams,Okc,F,22.8,47,16.7,,14.6,13.7,30,0.767,68,0.529,153,0.399,0.594,5.9,5.6,,2.6,,0.5,0.6,10.6,2024
7279,JD Davison,Bos,G,22.5,16,5.8,,23.6,27.5,7,0.714,16,0.5,18,0.222,0.445,2.1,0.8,,0.8,,0.3,0.1,7.6,2024
7280,Bryce McGowens,Por,G,22.4,13,2.5,,26.8,21.8,6,0.833,10,0.4,4,0,0.391,1,0.2,,0.2,,0.1,0,5.5,2024
7281,Julian Strawther,Den,G,23,65,21.3,,17.9,10.5,90,0.822,217,0.535,269,0.349,0.559,9,2.2,,1.3,,0.6,0.2,5.5,2024
7282,Harrison Ingram,San,F,22.4,5,6.9,,6.2,20,0,0,3,0.667,1,0,0.5,0.8,1.8,,0.6,,0.6,0,5.5,2024
7283,Christian Braun,Den,G,24,79,33.9,,15.8,9,214,0.827,596,0.649,225,0.396,0.665,15.4,5.2,,2.6,,1.1,0.5,7,2024
7284,Oscar Tshiebwe,Uta,F-C,25.4,14,18.2,,15.3,12.4,31,0.742,70,0.6,0,0,0.64,7.6,8.7,,0.6,,0.9,0.1,7.5,2024
7285,Christian Koloko,Lal,C,24.8,37,9.2,,10.8,15.3,14,0.714,62,0.645,4,0,0.624,2.4,2.5,,0.4,,0.2,0.4,5.8,2024
7286,Jabari Walker,Por,F,22.7,60,12.5,,16.3,12.9,71,0.69,157,0.573,72,0.389,0.601,5.2,3.5,,0.6,,0.6,0.1,7.1,2024
7287,Ryan Rollins,Mil,G,22.8,56,14.6,,18.4,16.3,45,0.8,151,0.55,120,0.408,0.6,6.2,1.9,,1.9,,0.8,0.3,7.7,2024
7288,Leonard Miller,Min,F,21.4,13,2.4,,28.1,11.5,8,1,10,0.6,5,0,0.54,1.5,0.8,,0,,0.2,0.1,0,2024
7289,Keon Ellis,Sac,G,25.3,80,24.4,,12.7,13.3,86,0.849,143,0.615,321,0.433,0.664,8.3,2.7,,1.5,,1.5,0.8,5.3,2024
7290,Josh Minott,Min,F,22.4,46,6,,17.1,10.8,19,0.895,47,0.638,43,0.326,0.605,2.6,1,,0.4,,0.3,0.3,6.8,2024
7291,Jaime Jaquez Jr.,Mia,G,24.2,66,20.7,,20.2,17.5,142,0.754,343,0.513,119,0.311,0.543,8.6,4.4,,2.5,,0.9,0.2,8.8,2024
7292,Ousmane Dieng,Okc,F,21.9,37,10.9,,15.7,12.6,16,0.688,54,0.574,71,0.324,0.538,3.8,2.2,,0.8,,0.5,0.2,6.9,2024
7293,Jared Rhoden,Cha,G,25.6,4,2.9,,32.7,11.1,0,0,6,0.333,2,0,0.25,1,1,,0.5,,0.3,0,10.9,2024
7294,Jared Rhoden,Tor,G,25.6,10,21.5,,19.1,9.2,25,0.88,42,0.667,37,0.324,0.633,11.4,3.8,,1.4,,0.9,0.2,7.3,2024
7295,Kris Murray,Por,F,24.7,69,15.1,,13.8,13.1,57,0.456,159,0.566,120,0.225,0.472,4.2,2.6,,1,,0.5,0.2,5.9,2024
7296,Marcus Sasser,Det,G,24.6,57,14.2,,19.4,15.4,51,0.843,144,0.549,152,0.382,0.589,6.6,1.2,,2.3,,0.6,0.1,7.4,2024
7297,Dalen Terry,Chi,F,22.8,73,13.5,,14.9,16.5,69,0.71,164,0.506,104,0.356,0.546,4.5,1.7,,1.3,,0.6,0.2,6.4,2024
7298,Isaiah Wong,Cha,G,24.2,20,13.3,,22.1,14.6,34,0.735,72,0.389,33,0.394,0.5,6,1.6,,1.4,,0.6,0,7.2,2024
7299,Jacob Toppin,Nyk,F,24.9,16,3,,10.7,16.7,0,0,8,0.375,2,0,0.3,0.4,0.7,,0.3,,0.1,0,5.8,2024
7300,Peyton Watson,Den,G,22.6,68,24.4,,13.9,11.6,137,0.693,292,0.534,136,0.353,0.564,8.1,3.4,,1.4,,0.7,1.4,5.5,2024
7301,Tyrese Martin,Bro,F,26.1,60,21.9,,18.8,13.7,58,0.793,183,0.492,282,0.351,0.533,8.7,3.7,,2,,0.6,0.2,7.3,2024
7302,Alondes Williams,Det,G,25.8,1,3.7,,22.8,0,0,0,1,1,1,1,1.25,5,0,,1,,0,0,0,2024
7303,Caleb Houstan,Orl,G,22.3,58,13.6,,11.7,6.4,17,0.882,30,0.533,160,0.4,0.605,4.1,1.3,,0.6,,0.4,0.1,4.3,2024
7304,Moussa Diabate,Cha,F,23.2,71,17.5,,13.4,17.9,116,0.595,274,0.609,6,0,0.609,5.7,6.2,,0.8,,0.6,0.6,7,2024
7305,Trayce Jackson-Davis,Gol,F,25.1,62,15.6,,17.1,13,102,0.578,299,0.582,3,0,0.587,6.6,5,,1.7,,0.4,0.6,9.8,2024
7306,Collin Gillespie,Pho,G,25.8,33,14,,17.7,9.7,22,0.864,68,0.426,90,0.433,0.578,5.9,2.4,,2.4,,0.6,0.2,9.3,2024
7307,Jake LaRavia,Mem,F,23.4,47,20.9,,14.5,22.2,96,0.698,151,0.517,90,0.444,0.605,7.3,4.4,,2.8,,0.9,0.4,8.6,2024
7308,Jake LaRavia,Sac,F,23.4,19,19.3,,14.2,15,19,0.579,44,0.5,52,0.385,0.551,6.1,2.8,,1.3,,0.9,0.2,5.8,2024
7309,David Roddy,Atl,F,24,27,12.8,,14.5,17.6,22,0.818,50,0.56,43,0.372,0.594,4.5,2.6,,1.1,,0.4,0.3,7.3,2024
7310,David Roddy,Phi,F,24,3,9.5,,30.4,5,0,0,8,0.75,11,0.182,0.474,6,3,,1,,0.7,0,11,2024
7311,Dominick Barlow,Atl,F,21.9,35,10.7,,14.5,4.2,33,0.636,86,0.616,27,0.259,0.58,4.2,2.4,,0.5,,0.3,0.5,6.4,2024
7312,Keion Brooks Jr.,Nor,F,24.7,14,23.7,,17.1,9.9,30,0.733,66,0.591,43,0.326,0.581,10.1,4.1,,0.9,,0.7,0.7,5.6,2024
7313,Mouhamed Gueye,Atl,F,22.4,33,16.1,,15.7,8.1,42,0.762,90,0.567,81,0.259,0.52,6,4.2,,0.8,,0.8,1,6.8,2024
7314,Quenton Jackson,Ind,G,26.6,28,13.6,,17.6,11.6,40,0.775,82,0.524,40,0.375,0.58,5.8,1.6,,1.9,,0.8,0.2,7.7,2024
7315,Vince Williams Jr.,Mem,G,24.6,27,18.5,,17,16.5,24,0.792,72,0.569,95,0.274,0.504,6.6,3.6,,2,,0.4,0.3,7.8,2024
7316,Luke Travers,Cle,F,23.6,12,7.3,,13.9,28.1,2,1,11,0.455,9,0,0.287,1,1.7,,0.7,,0.1,0.1,5.8,2024
7317,Baylor Scheierman,Bos,G,24.5,31,12.4,,14.5,9.8,12,0.75,28,0.464,82,0.317,0.49,3.6,2.1,,1.1,,0.5,0.1,6.5,2024
7318,Pete Nance,Phi,F,25.1,7,9.8,,10.1,0,2,0.5,3,0.333,12,0.333,0.472,2.1,1.4,,0.4,,0.1,0,4.3,2024
7319,Karlo Matkovic,Nor,F-C,24,42,18.8,,15.9,15.4,44,0.773,169,0.675,66,0.318,0.639,7.7,5,,1.1,,0.5,1,7.4,2024
7320,A.J. Green,Mil,G,25.5,73,22.7,,12.6,8.6,27,0.815,61,0.443,363,0.427,0.621,7.4,2.4,,1.5,,0.5,0.1,5.3,2024
7321,Jamal Cain,Nor,F,26.1,37,13.6,,17,12.2,50,0.68,78,0.538,80,0.325,0.544,5.3,2.3,,0.6,,0.6,0.2,5.7,2024
7322,Justin Minaya,Por,F,26.1,19,5.3,,11.1,19.2,2,0,11,0.545,10,0.2,0.411,0.9,0.5,,0.4,,0.3,0.1,4.3,2024
7323,Cole Swider,Det,F,25.9,2,6.6,,16.1,0,0,0,0,0,5,0,0,0,1,,0.5,,0,0,0,2024
7324,Lester Quinones,Phi,G,24.4,4,4.3,,31.9,32.2,1,1,5,0.8,3,0,0.533,2.3,1,,0.3,,0,0,8.2,2024
7325,Sidy Cissoko,San,G,21,17,3.2,,17.7,10,6,0.167,11,0.545,7,0.429,0.533,1.3,0.6,,0.4,,0.1,0,8.5,2024
7326,Simone Fontecchio,Det,F,29.3,75,16.5,,15.8,12.6,84,0.833,146,0.507,227,0.335,0.544,5.9,2.9,,0.9,,0.4,0.2,6,2024
7327,Daeqwon Plowden,Atl,G-F,26.6,6,11.9,,17.1,13.6,2,1,8,0.875,17,0.529,0.831,7.2,1.8,,0.3,,0,0,5.3,2024
7328,Taze Moore,Por,G,26.8,2,10,,26.9,16.4,2,0.5,6,0.167,4,0.25,0.276,3,4,,0.5,,1,0,7.3,2024
7329,Nate Williams,Hou,G,26.2,20,7.3,,22.3,18.4,8,0.625,36,0.583,26,0.231,0.496,3.3,0.7,,0.5,,0.4,0.2,5.7,2024
7330,Victor Wembanyama,San,F-C,21.3,46,33.2,,30.4,14.8,189,0.836,454,0.586,403,0.352,0.594,24.3,11,,3.7,,1.1,3.8,12,2024
7331,Brandon Miller,Cha,F,22.4,27,34.2,,27.7,13.4,79,0.861,198,0.475,293,0.355,0.54,21,4.9,,3.6,,1.1,0.7,8.4,2024
7332,Taylor Hendricks,Uta,F,21.4,3,24.8,,12.2,9.8,4,0.75,6,0.167,12,0.25,0.354,4.7,5,,0.7,,1.7,1.3,4.1,2024
7333,Amen Thompson,Hou,G-F,22.2,69,32.3,,17.4,16.5,247,0.684,606,0.599,91,0.275,0.602,14.1,8.2,,3.8,,1.4,1.3,9.4,2024
7334,Ausar Thompson,Det,G-F,22.2,59,22.5,,19.1,14.8,142,0.641,411,0.572,49,0.224,0.568,10.1,5.1,,2.3,,1.7,0.7,8.7,2024
7335,Anthony Black,Orl,G,21.2,78,24.2,,19.6,18.3,197,0.761,426,0.469,195,0.318,0.52,9.4,3,,3.1,,1.1,0.6,7.3,2024
7336,Gradey Dick,Tor,G-F,21.4,54,29.4,,21,11.4,155,0.858,321,0.47,326,0.35,0.543,14.4,3.6,,1.8,,0.9,0.2,6.2,2024
7337,Rayan Rupert,Por,G-F,20.9,52,8.8,,16.8,17.4,30,0.767,83,0.506,59,0.271,0.499,3,1.3,,0.5,,0.3,0.1,5.7,2024
7338,GG Jackson,Mem,F,20.3,29,15.8,,21.8,13.5,40,0.725,104,0.404,95,0.337,0.482,7.2,3.2,,1,,0.4,0.2,7.2,2024
7339,Cam Whitmore,Hou,F,20.8,51,16.2,,23.9,10.2,72,0.75,220,0.518,183,0.355,0.549,9.4,3,,1,,0.6,0.3,7.5,2024
7340,Jarace Walker,Ind,F,21.6,75,15.8,,17.1,17.8,69,0.667,175,0.543,185,0.405,0.59,6.1,3.1,,1.5,,0.7,0.3,7.7,2024
7341,Cason Wallace,Okc,G,21.4,68,27.6,,12.8,10.8,37,0.811,281,0.562,208,0.356,0.562,8.4,3.4,,2.5,,1.8,0.5,6,2024
7342,Keyonte George,Uta,G,21.4,67,31.5,,24.3,16.6,285,0.818,412,0.449,507,0.343,0.539,16.8,3.8,,5.6,,0.7,0.1,9,2024
7343,Jalen Hood-Schifino,Lal,G,21.8,2,7.1,,9,41,2,1,1,1,0,0,1.064,2,0.5,,0.5,,0,0.5,4.5,2024
7344,Maxwell Lewis,Lal,F,22.7,7,4.2,,11.9,25,0,0,6,0.333,0,0,0.333,0.6,0.3,,0.3,,0.1,0,3.6,2024
7345,Maxwell Lewis,Bro,F,22.7,21,14.2,,17.3,10.5,10,0.7,52,0.462,50,0.38,0.526,5.3,2.5,,0.8,,0.4,0.3,6.2,2024
7346,Jordan Hawkins,Nor,G,23,56,23.6,,21,9.4,98,0.816,224,0.433,332,0.331,0.504,10.8,2.8,,1.2,,0.5,0.4,5.6,2024
7347,Kobe Bufkin,Atl,G,21.6,10,12.4,,20.9,14.5,18,0.722,28,0.5,19,0.211,0.483,5.3,2.1,,1.7,,0.3,0.2,8.6,2024
7348,Jett Howard,Orl,G,21.6,60,11.7,,19.2,12.1,23,0.696,76,0.566,186,0.296,0.491,4.5,1.2,,0.7,,0.2,0.2,5.3,2024
7349,Trey Alexander,Den,G,22,23,5,,17.5,10.8,4,0.75,24,0.417,17,0.176,0.374,1.4,0.5,,0.5,,0.1,0,5.6,2024
7350,Dereck Lively II,Dal,C,21.2,36,23.1,,13.6,17.7,73,0.63,191,0.702,0,0,0.704,8.7,7.5,,2.4,,0.6,1.6,9.3,2024
7351,Dariq Whitehead,Bro,G-F,20.7,20,12.3,,20.1,13.5,5,0.6,22,0.273,74,0.446,0.58,5.7,1.5,,0.6,,0.3,0.1,5.6,2024
7352,Brice Sensabaugh,Uta,F,21.5,71,20.2,,21.5,15.1,73,0.89,227,0.52,372,0.422,0.612,10.9,3,,1.5,,0.6,0.1,7.2,2024
7353,Noah Clowney,Bro,F-C,20.7,46,22.7,,19,11,80,0.838,111,0.414,261,0.333,0.516,9.1,3.9,,0.9,,0.5,0.5,5.6,2024
7354,Bilal Coulibaly,Was,G,20.7,59,33,,17.9,16.7,185,0.746,400,0.5,224,0.281,0.515,12.3,5,,3.4,,1.3,0.7,7.2,2024
7355,Colby Jones,Sac,G,22.9,24,5.4,,10.9,21.2,0,0,16,0.438,10,0.4,0.5,1.1,1,,0.3,,0.3,0.3,5.1,2024
7356,Nick Smith Jr.,Cha,G,21,60,22.8,,20.8,12.6,46,0.935,262,0.45,306,0.34,0.502,9.9,2.1,,2.4,,0.3,0.1,6.5,2024
7357,Emoni Bates,Cle,F,21.2,10,7.5,,22.7,5,0,0,8,0.25,30,0.367,0.487,3.7,0.7,,0.8,,0.1,0.1,6.8,2024
7358,Reece Beekman,Gol,G,23.5,2,2.1,,10.3,0,0,0,1,1,0,0,1,1,0.5,,0.5,,0.5,0,12,2024
7359,Reece Beekman,Bro,G,23.5,34,13.7,,12.8,16.5,21,0.762,66,0.409,40,0.175,0.395,2.7,1.1,,1.8,,0.9,0.1,5.1,2024
7360,Adem Bona,Phi,F,22,58,15.6,,14.3,24.1,100,0.67,191,0.707,1,0,0.714,5.8,4.2,,0.5,,0.4,1.2,5.9,2024
7361,Kobe Brown,Lac,F,25.3,40,6.8,,14,14.2,7,0.714,46,0.587,26,0.231,0.513,1.9,1.6,,0.6,,0.2,0.1,7.2,2024
7362,Toumani Camara,Por,F,24.9,78,32.7,,14.4,13.3,126,0.722,356,0.542,360,0.375,0.572,11.3,5.8,,2.2,,1.5,0.6,6.4,2024
7363,Jaylen Clark,Min,G,23.5,40,13.1,,12,6.2,37,0.784,69,0.493,51,0.431,0.598,4.1,1.3,,0.7,,0.9,0.1,4.7,2024
7364,Ricky Council IV,Phi,G,23.7,73,17.1,,20.3,10.1,153,0.804,250,0.488,213,0.258,0.502,7.3,2.9,,1.3,,0.4,0.2,7.1,2024
7365,Zach Edey,Mem,C,22.9,66,21.5,,16.4,16.9,127,0.709,381,0.612,52,0.346,0.624,9.2,8.3,,1,,0.5,1.3,7.9,2024
7366,Adam Flagler,Okc,G,25.4,37,5.5,,21.1,4,2,0.5,24,0.458,72,0.194,0.335,1.8,0.7,,0.3,,0.2,0.1,5.3,2024
7367,Andre Jackson Jr.,Mil,G,23.4,67,14.6,,11.9,22.7,24,0.5,121,0.529,76,0.395,0.554,3.4,2.7,,1.2,,0.5,0.2,6.1,2024
7368,Bobi Klintman,Det,F,22.1,8,5.3,,11.8,8.9,2,0.5,5,0.8,5,0.4,0.689,1.9,0.9,,0.9,,0.3,0.1,8.7,2024
7369,Chris Livingston,Mil,F,21.5,21,5,,16.6,18,16,0.75,19,0.474,8,0,0.441,1.4,1.7,,0.2,,0.2,0,6.2,2024
7370,Jordan Miller,Lac,G,25.2,37,11.4,,18.2,16.2,35,0.8,96,0.521,38,0.211,0.509,4.1,1.6,,0.9,,0.5,0.1,6.3,2024
7371,Julian Phillips,Chi,F,21.4,79,14.2,,12.9,8.6,76,0.789,134,0.582,153,0.327,0.571,4.6,2.1,,0.5,,0.5,0.3,4.8,2024
7372,Brandin Podziemski,Gol,G,22.1,64,26.8,,18.3,10.6,95,0.758,320,0.516,309,0.372,0.557,11.7,5.1,,3.4,,1.1,0.2,8.8,2024
7373,Olivier-Maxence Prosper,Dal,F,22.8,52,11.2,,16.3,7.4,76,0.645,123,0.472,51,0.235,0.484,3.9,2.4,,0.8,,0.5,0.1,7,2024
7374,Adama Sanogo,Chi,F,23.2,4,5.4,,15.6,12.5,0,0,7,0.571,0,0,0.571,2,1.5,,0.3,,0,0,7.2,2024
7375,Ben Sheppard,Ind,G,23.7,63,19.5,,11.3,7.1,27,0.889,88,0.591,199,0.342,0.555,5.3,2.8,,1.3,,0.6,0.2,5.5,2024
7376,Nae'Qwan Tomlin,Cle,F,24.3,5,12.7,,26,5.8,11,0.727,22,0.5,10,0.2,0.489,7.2,4.2,,0.4,,0,0.2,7.2,2024
7377,Tristan Vukcevic,Was,F,22.1,35,14.6,,25.7,14.8,67,0.776,140,0.586,102,0.373,0.608,9.4,3.7,,1.1,,0.3,0.7,9.2,2024
7378,Jordan Walsh,Bos,G,21.1,52,7.8,,11.5,17,12,0.583,28,0.536,55,0.273,0.464,1.6,1.3,,0.4,,0.2,0.2,4.8,2024
7379,Jalen Bridges,Pho,F,23.9,8,3.8,,18.5,35.3,4,0.75,0,0,7,0.286,0.514,1.1,0.5,,0,,0,0,0,2024
7380,Tristan da Silva,Orl,F,23.9,74,22,,15.2,10.4,63,0.873,244,0.488,239,0.335,0.522,7.2,3.3,,1.5,,0.4,0.2,6,2024
7381,Tosan Evbuomwan,Bro,F,24.2,28,23.8,,19.1,15,73,0.753,143,0.49,77,0.312,0.53,9.5,4.3,,2,,0.9,0.4,7.3,2024
7382,Jazian Gortman,Dal,G,22.1,16,3.5,,22.6,17.7,4,0.5,12,0.417,11,0.364,0.485,1.5,0.3,,0.4,,0.1,0.1,6.5,2024
7383,PJ Hall,Den,C,23.1,19,3.5,,17.8,7.6,4,0.75,16,0.75,8,0.25,0.641,1.7,1.2,,0.2,,0,0.2,8.5,2024
7384,Dillon Jones,Okc,F,23.5,54,10.2,,13.3,17.4,28,0.607,70,0.5,63,0.254,0.464,2.5,2.2,,1.1,,0.3,0.1,7.1,2024
7385,Pelle Larsson,Mia,G,24.1,55,14.2,,14.4,10.6,61,0.672,108,0.528,95,0.337,0.546,4.6,1.7,,1.2,,0.6,0.1,5.9,2024
7386,Jaylen Martin,Bro,G,21.2,3,1.6,,18.6,0,0,0,1,0,1,1,0.75,1,0,,0,,0,0,0,2024
7387,Jaylen Martin,Was,G,21.2,13,18,,15.9,14.2,10,0.9,50,0.48,22,0.273,0.491,5.8,3.4,,1.3,,0.7,0,6.6,2024
7388,Tristen Newton,Ind,G,24,5,1.6,,39.7,13.4,1,1,3,0.333,3,0,0.233,0.6,0,,0.2,,0,0,0,2024
7389,Tristen Newton,Min,G,24,3,2.7,,16.2,33.3,0,0,2,0,0,0,0,0,1.3,,0.3,,0.3,0,0,2024
7390,Drew Peterson,Bos,F,25.4,25,7.4,,12.5,16.2,9,0.778,8,0.5,33,0.394,0.601,2.2,1.6,,0.5,,0.2,0.1,6.5,2024
7391,Antonio Reeves,Nor,G,22.4,44,15,,18.8,10.8,35,0.8,119,0.521,129,0.395,0.579,6.9,1.4,,0.9,,0.5,0.1,5.5,2024
7392,Hunter Tyson,Den,F,24.8,51,7.8,,15.5,10.4,28,0.75,46,0.478,74,0.311,0.506,2.6,1.5,,0.4,,0.2,0.1,5.9,2024
7393,Matas Buzelis,Chi,F,20.5,80,18.9,,18.7,11.8,108,0.815,289,0.54,266,0.361,0.571,8.6,3.5,,1,,0.4,0.9,6.6,2024
7394,Ronald Holland II,Det,F,19.8,81,15.6,,18.1,14.7,122,0.754,265,0.608,151,0.238,0.556,6.4,2.7,,1,,0.6,0.2,6.6,2024
7395,Craig Porter,Cle,G,25.1,51,10.1,,15.9,21.3,32,0.719,92,0.554,48,0.438,0.61,3.7,1.3,,1.4,,0.3,0.3,7.5,2024
7396,Liam Robbins,Mil,C,25.8,13,4.4,,14.2,42.2,10,0.5,6,0.333,2,0,0.363,0.7,0.9,,0.2,,0.2,0.2,4.6,2024
7397,Duop Reath,Por,C,28.8,46,10.2,,17,8.8,22,0.909,60,0.6,106,0.321,0.552,4.2,2,,0.6,,0.3,0.3,6.7,2024
7398,Damion Baugh,Cha,G,24.7,15,24.7,,19.2,19.2,15,0.867,74,0.405,56,0.214,0.399,7.3,3.3,,3.7,,1,0.1,7.2,2024
7399,Yuri Collins,Gol,G,24.1,2,8.2,,7.8,0,0,0,3,0.333,0,0,0.333,1,1.5,,2,,1,0,7,2024
7400,Tyler Smith,Mil,F,20.4,23,5.3,,22.2,13.7,8,0.75,20,0.55,30,0.433,0.626,2.9,1.1,,0.2,,0.1,0.2,6.5,2024
7401,Elijah Harkless,Uta,G,25.2,10,13.8,,12.3,7.8,6,0.5,10,0.4,25,0.28,0.425,3.2,2.1,,0.8,,1,0.1,5.1,2024
7402,Trey Jemison,Nor,C,25.4,16,10.4,,13,23.7,21,0.381,32,0.469,0,0,0.461,2.4,2.8,,0.6,,0.4,0.4,6.1,2024
7403,Trey Jemison,Lal,C,25.4,22,10.3,,11.9,24.9,12,0.417,42,0.619,0,0,0.603,2.6,2.8,,0.3,,0.1,0.4,5,2024
7404,Alex Reese,Okc,F-G,25.9,1,1.9,,22.3,0,0,0,1,1,0,0,1,2,1,,0,,0,0,0,2024
7405,Jackson Rowe,Gol,F,28.3,6,8.6,,16.8,5.5,6,0.5,7,0.714,10,0.3,0.56,3.7,1.8,,0.7,,0.7,0,7.8,2024
7406,Zaccharie Risacher,Atl,F,20,75,24.6,,20.9,10.5,149,0.711,436,0.539,344,0.355,0.557,12.6,3.6,,1.2,,0.7,0.5,6.2,2024
7407,Alexandre Sarr,Was,C,20,67,27.1,,23.5,12.1,165,0.679,487,0.454,341,0.308,0.482,13,6.5,,2.4,,0.7,1.5,8.7,2024
7408,Dalton Knecht,Lal,F,24,78,19.2,,18.5,6.2,84,0.762,217,0.594,340,0.376,0.594,9.1,2.8,,0.8,,0.3,0.1,5.7,2024
7409,Cody Williams,Uta,F,20.4,50,21.2,,12.5,14.6,40,0.725,122,0.393,135,0.259,0.419,4.6,2.3,,1.2,,0.5,0.3,4.4,2024
7410,Reed Sheppard,Hou,G,20.8,52,12.6,,17.8,13.4,16,0.813,97,0.371,142,0.338,0.465,4.4,1.5,,1.4,,0.7,0.3,6.7,2024
7411,Stephon Castle,San,G,20.4,81,26.7,,26,15.2,344,0.724,655,0.501,333,0.285,0.522,14.7,3.7,,4.1,,0.9,0.3,9.1,2024
7412,Rob Dillingham,Min,G,20.3,49,10.5,,22.7,20.1,15,0.533,137,0.496,74,0.338,0.503,4.5,1,,2,,0.4,0,7.9,2024
7413,Ja'Kobe Walter,Tor,G,20.6,52,21.2,,18.2,11.3,83,0.795,207,0.454,186,0.349,0.523,8.6,3.1,,1.6,,0.8,0.2,6.6,2024
7414,Carlton Carrington,Was,G,19.7,82,30,,15.8,15.9,85,0.812,341,0.475,407,0.339,0.514,9.8,4.2,,4.4,,0.7,0.3,7.5,2024
7415,Isaiah Collier,Uta,G,20.5,71,25.9,,18.8,27.3,154,0.682,386,0.497,169,0.249,0.494,8.7,3.3,,6.3,,0.9,0.2,8.7,2024
7416,Devin Carter,Sac,G,23.1,36,11,,17.9,12.4,44,0.591,66,0.439,61,0.295,0.471,3.8,2.1,,1.1,,0.6,0.1,7.5,2024
7417,Donovan Clingan,Por,C,21.1,67,19.8,,14.2,17.7,104,0.596,285,0.582,49,0.286,0.574,6.5,7.9,,1.1,,0.5,1.6,7.8,2024
7418,Kyle Filipowski,Uta,C,21.4,72,21.1,,18.7,16.4,143,0.65,298,0.614,220,0.35,0.594,9.6,6.1,,1.9,,0.7,0.3,9.1,2024
7419,Jared McCain,Phi,G,21.1,23,25.7,,24.7,11.9,56,0.875,141,0.532,133,0.383,0.589,15.3,2.4,,2.6,,0.7,0,7.1,2024
7420,Kyshawn George,Was,F,21.3,68,26.5,,15.9,15.1,93,0.753,192,0.464,354,0.322,0.503,8.7,4.2,,2.5,,1,0.7,6.8,2024
7421,Yves Missi,Nor,C,20.9,73,26.8,,14.3,14.3,204,0.623,490,0.549,1,0,0.573,9.1,8.2,,1.4,,0.5,1.3,7,2024
7422,Tidjane Salaun,Cha,F,19.7,60,20.7,,15.2,14.4,94,0.713,140,0.4,205,0.283,0.457,5.9,4.7,,1.2,,0.5,0.2,6.2,2024
7423,Kel'el Ware,Mia,C,21,64,22.2,,17.2,10.9,67,0.687,353,0.629,111,0.315,0.603,9.3,7.4,,0.9,,0.6,1.1,7.1,2024
7424,Johnny Furphy,Ind,G,20.3,50,7.6,,12.9,11.5,22,0.818,42,0.476,50,0.3,0.506,2.1,1.4,,0.4,,0.4,0.2,5.6,2024
7425,Tyler Kolek,Nyk,G,24,41,7.2,,15.8,17.9,17,0.765,35,0.371,47,0.298,0.453,2,0.7,,1.7,,0.3,0.1,7.4,2024
7426,Ulrich Chomche,Tor,C,19.3,7,4.6,,10.2,27.7,2,0.5,5,0.4,0,0,0.425,0.7,1.1,,0.3,,0,0.1,5.3,2024
7427,Trentyn Flowers,Lac,F,20.1,6,4.5,,21.8,8,3,1,9,0.444,2,0,0.446,1.8,0.7,,0,,0,0,0,2024
7428,Jaylon Tyson,Cle,G-F,22.4,47,9.6,,17.4,14.8,24,0.792,91,0.484,58,0.345,0.523,3.6,2,,0.9,,0.3,0.1,7.8,2024
7429,Cam Spencer,Mem,G,25,25,10.1,,15.4,6.8,19,1,29,0.517,53,0.358,0.587,4.2,1.2,,1.4,,0.4,0,7.6,2024
7430,Oso Ighodaro,Pho,F,22.8,61,17.1,,10.5,17.2,50,0.58,185,0.611,2,0,0.61,4.2,3.6,,1.2,,0.5,0.5,6.1,2024
7431,Ryan Dunn,Pho,F,22.3,74,19.1,,16.7,7.7,39,0.487,213,0.577,264,0.311,0.517,6.9,3.6,,0.8,,0.6,0.5,5.7,2024
7432,Jamal Shead,Tor,G,22.7,75,19.6,,18.6,18.8,69,0.768,281,0.47,223,0.323,0.499,7.1,1.5,,4.2,,0.8,0.1,7.2,2024
7433,Justin Edwards,Phi,F,21.3,44,26.3,,16.8,11.5,46,0.696,188,0.548,190,0.363,0.559,10.1,3.4,,1.6,,1,0.4,5.8,2024
7434,Ajay Mitchell,Okc,G,22.8,36,16.6,,16.3,13.5,35,0.829,125,0.552,60,0.383,0.589,6.6,1.9,,1.8,,0.7,0.1,6.8,2024
7435,Keshad Johnson,Mia,F,23.8,16,6.1,,15.4,13.2,9,0.444,19,0.789,7,0.429,0.718,2.7,1.8,,0.3,,0.3,0.3,7.4,2024
7436,Cam Christie,Lac,G,19.7,13,4.5,,20.6,7.6,4,0.5,11,0.455,13,0.154,0.349,1.4,0.9,,0.5,,0.4,0.1,7.6,2024
7437,KJ Simpson,Cha,G,22.7,36,23.4,,19.1,15.7,50,0.82,171,0.415,130,0.254,0.437,7.8,3,,3.1,,0.9,0.2,7.1,2024
7438,Bronny James,Lal,G,20.5,27,6.7,,20.9,16.2,14,0.786,35,0.343,32,0.281,0.424,2.3,0.7,,0.8,,0.3,0.1,6.5,2024
7439,AJ Johnson,Mil,G,20.4,7,6.3,,23.9,17.2,2,0.5,14,0.357,5,0.6,0.503,2.9,1,,1,,0.1,0,9.1,2024
7440,AJ Johnson,Was,G,20.4,22,27,,17,13.8,35,0.886,109,0.486,85,0.247,0.478,9.1,2.4,,3.1,,0.5,0.1,6,2024
7441,Pacome Dadiet,Nyk,F,19.7,18,6.2,,14.7,11.3,6,0.667,12,0.333,19,0.316,0.446,1.7,1,,0.3,,0.2,0.1,5.2,2024
7442,Quinten Post,Gol,C,25.1,42,16.3,,19.6,10.7,27,0.778,95,0.526,179,0.408,0.595,8.1,3.5,,1.3,,0.4,0.4,8.2,2024
7443,Jonathan Mogbo,Tor,F,23.5,63,20.4,,15,16.4,82,0.732,286,0.486,70,0.243,0.496,6.2,4.9,,2.3,,0.9,0.5,8.1,2024
7444,Jaylen Wells,Mem,F,21.6,79,25.9,,15.9,9.3,135,0.822,284,0.525,391,0.353,0.56,10.4,3.4,,1.7,,0.6,0.1,6,2024
7445,Branden Carlson,Okc,C,25.8,32,7.7,,19.3,6.7,18,0.778,31,0.677,66,0.333,0.581,3.8,1.7,,0.4,,0.2,0.7,7.1,2024
7446,Isaiah Crawford,Sac,F,23.5,15,3,,13,8.2,4,0.5,6,0.667,5,0.2,0.509,0.9,0.5,,0.1,,0.1,0.1,4.7,2024
7447,Cui Yongxi,Bro,F,21.9,5,2.1,,33.4,0,2,0.5,4,0.25,3,0,0.19,0.6,0.4,,0,,0,0,0,2024
7448,Zyon Pullin,Mem,G,24.1,3,0.9,,15.5,0,0,0,1,0,0,0,0,0,0,,0,,0,0,0,2024
7449,Enrique Freeman,Ind,F,24.7,22,8.2,,12.3,13.9,19,0.684,27,0.556,10,0.1,0.507,2.1,1.4,,0.4,,0.1,0.1,5.1,2024
7450,Isaac Jones,Sac,F,24.8,40,7.6,,16.3,16.1,36,0.639,75,0.68,8,0.375,0.678,3.4,1.4,,0.3,,0.1,0.3,5.9,2024
7451,Jamison Battle,Tor,F,23.9,59,17.7,,15.3,7.2,18,0.889,88,0.5,259,0.405,0.59,7.1,2.7,,0.9,,0.3,0.2,5.8,2024
7452,Armel Traore,Lal,F,22.2,9,7.4,,16.5,13.6,7,0.286,12,0.5,7,0,0.317,1.6,1.7,,0.1,,0.4,0.2,3.5,2024
7453,Riley Minix,San,F,24.6,1,6.8,,6.3,0,0,0,0,0,1,0,0,0,2,,0,,0,0,0,2024
7454,Quincy Olivari,Lal,G,23.9,2,5.2,,25.6,16.7,0,0,0,0,5,0.2,0.3,1.5,0,,0.5,,0,0,0,2024
7455,Daniss Jenkins,Det,G,23.7,7,3.3,,22,9.1,2,0,3,0.667,7,0.143,0.322,1,0.3,,0.4,,0,0,6,2024
7456,Spencer Jones,Den,F,23.8,20,6.2,,13.7,12.7,3,1,17,0.588,17,0.059,0.368,1.3,0.9,,0.3,,0.3,0.3,4.6,2024
7457,RayJ Dennis,Ind,G,24,11,6.4,,23.9,13,2,1,12,0.417,21,0.286,0.443,2.7,1.1,,1.3,,0.6,0.2,9.8,2024
7458,Malevy Leons,Okc,F,25.6,6,3.5,,9.6,31.1,4,0.5,1,0,1,0,0.266,0.3,0.5,,0.2,,0,0,3.6,2024
7459,Alex Ducas,Okc,G,24.3,21,6,,11.8,11.6,2,1,9,0.222,21,0.476,0.583,1.7,1.2,,0.2,,0.2,0,4.9,2024
7460,Yuki Kawamura,Mem,G,24,22,4.2,,17,14.1,9,0.778,7,0.571,23,0.304,0.53,1.6,0.5,,0.9,,0.1,0,8.5,2024
7461,Javonte Green,Cle,G,31.7,18,9.2,,18.3,6,10,0.5,30,0.5,33,0.242,0.438,3.3,2.2,,0.6,,0.6,0.1,7.1,2024
7462,Sidy Cissoko,Por,G,21,5,12,,15.5,42.3,3,0.667,6,0.667,6,0,0.375,2,2.2,,1.8,,0.2,0.2,6.6,2024
7463,Mitchell Robinson,Nyk,C-F,27,17,17.1,,11.1,15.1,19,0.684,56,0.661,0,0,0.676,5.1,5.9,,0.8,,0.9,1.1,6.8,2024
7464,Malachi Flynn,Cha,G,26.9,4,10.9,,19.1,23,6,0.833,9,0.444,4,0.25,0.512,4,1.8,,1.8,,0.8,0,8.6,2024
7465,Lamar Stevens,Mem,F,27.8,17,9.1,,20.2,13.6,11,0.727,36,0.583,27,0.296,0.545,4.4,2.2,,0.5,,0.3,0.2,7.4,2024
7466,Tony Bradley,Ind,C-F,27.3,14,8.1,,20.2,10,6,0.333,42,0.667,3,0.333,0.64,4.4,3,,0.4,,0.1,0.6,8.6,2024
7467,Jesse Edwards,Min,C,25.1,2,2.4,,0,0,0,0,0,0,0,0,0,0,0,,0.5,,0,0,0,2024
7468,Vasilije Micic,Pho,G,31.2,5,4.1,,6.4,100,0,0,0,0,0,0,0,0,0.4,,0.2,,0,0,0,2024
7469,N'Faly Dante,Hou,C,23.5,4,12.7,,14,13,5,0.8,13,0.769,0,0,0.789,6,5.3,,0.5,,0.3,1.3,7.9,2024
7470,Skal Labissiere,Sac,F-C,29.1,4,3,,14.3,0,0,0,3,0.333,1,1,0.625,1.3,0.8,,0.3,,0,0,9,2024
7471,Kai Jones,Dal,C-F,24.2,12,21.7,,14.8,9.8,20,0.7,70,0.857,3,0.333,0.837,11.4,6.6,,1.3,,0.8,0.8,8.5,2024
7472,Jahmir Young,Chi,G,24.5,6,5,,9.7,15.5,2,1,3,1,2,0.5,0.935,1.8,0.5,,1,,0,0,7.7,2024
7473,Emanuel Miller,Chi,F,24.8,6,4.1,,15,0,2,1,7,0.571,1,0,0.563,1.7,1.3,,0.3,,0.2,0,8.5,2024
7474,Alex Reese,Phi,F-C,25.9,14,15.3,,13.1,10.1,12,0.75,12,0.833,41,0.366,0.635,5.3,3.3,,0.3,,0.7,0.7,4.5,2024
7475,Jamaree Bouyea,Mil,G,25.8,5,12.3,,16.1,39.4,6,0.667,7,0.714,5,0.2,0.581,3.4,1,,2,,0.8,0.4,6.2,2024
7476,Miles Norris,Bos,F,25,3,11.6,,12.4,0,2,0.5,2,0,7,0.286,0.354,2.3,3,,0,,0.7,0.3,0,2024
7477,Caleb Martin,Dal,F,29.5,14,19.6,,14.9,15.2,24,0.625,56,0.429,16,0.25,0.454,5.4,2.9,,1.9,,0.9,0.2,6.3,2024
7478,Colin Castleton,Tor,C,24.9,11,26.2,,13.5,24.6,18,0.722,56,0.536,8,0.25,0.549,7.2,6.9,,1.6,,0.5,0.7,6.6,2024
7479,JT Thor,Was,F,22.6,11,18.8,,10.8,6.3,14,0.571,29,0.448,15,0.2,0.429,3.9,3.8,,0.5,,0.5,0.5,4.1,2024
7480,MarJon Beauchamp,Nyk,F,24.5,6,2.9,,34.8,8,4,1,6,0.667,5,0.2,0.588,2.5,1.5,,0.2,,0.2,0,12.5,2024
7481,Anton Watson,Nyk,F,24.5,9,2.5,,21.5,18.2,0,0,8,0.5,1,0,0.444,0.9,0.3,,0.2,,0.1,0,6,2024
7482,Mo Bamba,Nor,C,26.9,4,15.3,,7.5,9.6,2,1,5,0.8,4,0,0.506,2.5,6.3,,0.5,,0,0.8,5.2,2024
7483,Colby Jones,Was,G,22.9,15,25.7,,14.7,13.4,35,0.657,64,0.563,39,0.308,0.553,8.7,4.3,,2.5,,1.3,0.4,7.1,2024
7484,Marcus Garrett,Cha,G,26.4,4,19.9,,18.6,18,4,0.75,19,0.421,8,0.375,0.487,7,1.5,,3.3,,0.8,0.5,6.6,2024
7485,Pete Nance,Mil,F,25.1,6,11.6,,13.2,19,0,0,5,0.8,12,0.417,0.676,3.8,1.8,,1.2,,0.2,0.3,7,2024
7486,Oshae Brissett,Phi,F-G,26.8,6,23.7,,16.3,16.9,14,0.571,21,0.619,18,0.333,0.576,8.7,3.7,,0.7,,0.7,0.5,4.8,2024
7487,Jalen Hood-Schifino,Phi,G,21.8,13,23.1,,17.7,14.9,19,0.842,51,0.431,46,0.304,0.484,7.8,2,,2.8,,0.4,0.5,6.1,2024
7488,Cody Martin,Pho,F,29.5,14,14.7,,15.3,13.6,12,0.75,30,0.567,27,0.111,0.417,3.7,3.4,,1.1,,0.9,0.4,6.5,2024
7489,Matisse Thybulle,Por,G-F,28.1,15,20.8,,14.3,12.8,15,0.467,40,0.525,48,0.438,0.592,7.5,3.5,,1.9,,2.2,0.6,7.1,2024
7490,Bones Hyland,Min,G,24.6,4,4.2,,10.3,25,0,0,1,1,2,0.5,0.833,1.3,0.3,,1,,0,0,7,2024
7491,P.J. Tucker,Nyk,F,39.9,3,19.3,,6,12.5,0,0,1,0,6,0.5,0.643,3,2.7,,0,,0.3,0.3,0,2024
7492,Terry Taylor,Sac,F,25.6,3,2.1,,6.8,0,0,0,1,0,0,0,0,0,0.3,,0.7,,0,0,0,2024
7493,Marcus Bagley,Phi,F,23.5,10,25.3,,13.8,9.2,10,0.8,37,0.595,32,0.156,0.456,6.7,7,,1,,0.9,1.2,5.7,2024
7494,Lester Quinones,Nor,G,24.4,9,18.5,,21.6,12.4,12,0.833,29,0.483,41,0.317,0.511,8.6,1.7,,2.6,,0.3,0.2,7.3,2024
7495,Kevin McCullar Jr.,Nyk,G,24.1,4,7.3,,11.7,0,2,1,6,0.333,1,0,0.381,1.5,2,,0.5,,0.3,0.3,6.3,2024
7496,Phillip Wheeler,Phi,F,23,5,8.9,,22.4,4.5,2,1,11,0.273,10,0,0.183,1.6,1.6,,0.4,,0.2,0.4,4.5,2024
7497,Cole Swider,Tor,F,25.9,8,19.6,,16.7,6.5,1,0,16,0.438,42,0.357,0.505,7.4,3.1,,0.3,,0.5,0.3,3.9,2024
7498,Tyson Etienne,Bro,G,20,7,21.6,,18.6,13.3,10,0.8,8,0.5,44,0.295,0.488,7.9,1.3,,1.7,,0.4,0.1,4.8,2024
7499,Drew Timme,Bro,F,24.6,9,28.2,,21.4,12.8,16,0.625,67,0.537,35,0.257,0.5,12.1,7.2,,2.2,,0.4,0.1,8.2,2024
7500,Isaiah Stevens,Mia,G,24.4,3,1.9,,15.9,0,0,0,1,0,1,0,0,0,0.7,,0,,0.3,0,0,2024
7501,Patrick Baldwin Jr.,Lac,F,22.4,2,3.1,,14.1,0,0,0,0,0,2,1,1.5,3,1.5,,0.5,,0,0,16.9,2024
7502,Colin Castleton,Phi,C,24.9,5,19.6,,12.9,4,9,0.667,20,0.6,4,0,0.536,6,7.4,,2,,0.2,0.2,9.1,2024
7503,Jaylen Sims,Cha,G,20,6,18.6,,16.2,22,15,0.8,13,0.462,15,0.4,0.607,7,1,,2,,0.5,0.2,5.2,2024
7504,Braxton Key,Gol,F,28.2,3,3.6,,29.8,19.2,6,0.5,3,0,1,0,0.226,1,0.7,,0,,0.7,0,0,2024
7505,Chuma Okeke,Cle,F,26.7,2,12.7,,11.7,0,0,0,1,1,6,0.167,0.357,2.5,2,,1,,0,0.5,5.4,2024
7506,David Roddy,Hou,F,24,3,11.6,,18.6,7,4,0.5,6,0.667,7,0.143,0.44,4.3,1.7,,0.7,,0,0.3,5.9,2024
7507,Kylor Kelley,Nor,C,27.6,3,19.7,,9.8,24.5,4,0.5,9,0.444,0,0,0.465,3.3,6,,1,,0.3,0.3,5.5,2024
7508,Ron Harper Jr.,Det,G-F,25,1,17,,22,0,2,1,2,0.5,6,0,0.225,4,7,,2,,0,0,9,2024
7509,Terence Davis,Sac,G,27.9,1,7.9,,10.9,0,0,0,1,0,1,0,0,0,1,,1,,0,0,0,2024
7510,Isaiah Mobley,Phi,F,25.6,1,17.4,,19.7,0,2,0.5,4,0.25,3,0.333,0.381,6,4,,5,,1,1,11.3,2024
7511,Tolu Smith,Det,F,24.7,1,22.4,,23.2,17.7,3,0.667,9,0.667,0,0,0.678,14,8,,0,,0,0,0,2024
7512,Jacob Toppin,Atl,F,24.9,1,26.6,,20.1,7.7,0,0,4,0.25,8,0.625,0.708,17,4,,2,,0,0,7.7,2024
7513,Jabari Smith Jr.,Hou,F,22.5,5,34,,17.1,4.6,11,0.909,32,0.5,30,0.367,0.561,15,5.2,,1.4,,1.4,1.2,5.6,2025
7514,Alperen Sengun,Hou,C,23.3,5,36.5,,24.6,17.7,41,0.78,57,0.456,17,0.529,0.603,22.2,8.4,,7.6,,1.8,1,12.3,2025
7515,Steven Adams,Hou,C,32.3,5,22.4,,11.3,27.6,12,0.917,18,0.667,0,0,0.752,7,9.6,,1.8,,0.8,0.4,8.8,2025
7516,Kevin Durant,Hou,F,37.1,5,35,,26.2,12.3,48,0.854,56,0.607,22,0.409,0.686,27.2,5.4,,1.8,,1.2,1,7.3,2025
7517,Amen Thompson,Hou,G-F,22.8,5,33.2,,21.2,17.7,26,0.692,49,0.551,11,0.091,0.525,15,6,,5.8,,0.8,0.2,9.7,2025
7518,Tari Eason,Hou,F,24.5,5,23.7,,19.4,24,3,0.333,20,0.45,21,0.571,0.65,11,5.4,,2.2,,0.6,0.6,8.6,2025
7519,Reed Sheppard,Hou,G,21.4,5,21.4,,21.5,13.1,5,0.8,19,0.316,27,0.444,0.539,10.4,2.6,,3.4,,1,0.4,8.4,2025
7520,Clint Capela,Hou,C,31.5,5,9.9,,13.8,15,8,0.75,11,0.727,0,0,0.758,4.4,3.6,,0.2,,0.4,0.6,5.9,2025
7521,Josh Okogie,Hou,G,27.2,5,22.5,,11.5,8.2,16,0.813,7,0.714,15,0.6,0.861,10,1.4,,1.4,,0.6,0.2,4.8,2025
7522,Luguentz Dort,Okc,G,26.5,6,34.7,,12.1,9,8,1,17,0.529,33,0.182,0.411,7.3,5.3,,1.8,,1.2,0,4.7,2025
7523,Chet Holmgren,Okc,C-F,23.5,4,34.2,,23.7,18.9,28,0.857,27,0.704,24,0.417,0.726,23,10.3,,1.8,,1.3,1.3,8.8,2025
7524,Isaiah Hartenstein,Okc,C-F,27.5,7,30.7,,14.6,19.3,14,0.571,52,0.654,2,0,0.632,10.9,11.4,,3.6,,1.3,0.4,10,2025
7525,Cason Wallace,Okc,G,22,6,30,,13.5,11.2,8,0.875,18,0.389,29,0.379,0.534,9,3.5,,3.3,,3,0.5,6.3,2025
7526,Shai Gilgeous-Alexander,Okc,G,27.3,7,35.9,,34.2,8.8,67,0.896,115,0.617,41,0.268,0.633,33.6,5.1,,5.9,,1.1,1.1,11.2,2025
7527,Jaylin Williams,Okc,F,23.3,7,17.9,,15.7,13.5,4,0.75,5,1,33,0.273,0.503,5.7,4.1,,2.3,,1,0.6,8.4,2025
7528,Aaron Wiggins,Okc,G,26.8,7,27.8,,20.9,9.9,8,0.75,36,0.556,46,0.348,0.55,13.4,4.1,,2.3,,0.1,1,7.2,2025
7529,Alex Caruso,Okc,G,31.7,4,20.7,,14.5,10.9,2,1,7,0.286,17,0.353,0.482,6,2,,2,,2,0.8,5.6,2025
7530,Brooks Barnhizer,Okc,G,23.7,6,7.9,,7.2,0,0,0,8,0.5,0,0,0.5,1.3,1.5,,0.2,,0.2,0,3.7,2025
7531,Ajay Mitchell,Okc,G,23.4,7,27.6,,26.2,8.5,27,0.926,64,0.516,33,0.303,0.556,17.3,3.6,,3.6,,1.3,0.1,8.8,2025
7532,Chris Youngblood,Okc,G,23.7,7,4.7,,12.8,0,4,1,0,0,8,0.375,0.666,1.9,0.4,,0.1,,0,0,3.6,2025
7533,Jimmy Butler,Gol,F,36.1,7,33.5,,23,12,59,0.898,70,0.5,18,0.5,0.658,21.4,5.7,,4.9,,1.3,0.4,10.1,2025
7534,Jonathan Kuminga,Gol,F,23.1,7,30.9,,22.1,17.3,31,0.839,58,0.569,23,0.435,0.645,17.4,7.1,,3.3,,0.6,0.3,9.6,2025
7535,Draymond Green,Gol,F,35.7,7,29.1,,14.5,28,11,0.545,19,0.526,27,0.444,0.61,8.9,6.1,,6.1,,0.7,0.6,9.5,2025
7536,Brandin Podziemski,Gol,G,22.7,7,29.9,,16.4,9.4,14,0.643,34,0.559,33,0.394,0.588,12.3,4.7,,2.7,,1.4,0.3,7.2,2025
7537,Stephen Curry,Gol,G,37.6,7,30.8,,33.1,14,38,0.947,51,0.588,78,0.385,0.638,26.6,3.6,,4.4,,1.6,0.6,9.7,2025
7538,Buddy Hield,Gol,G,32.9,7,16.8,,19,11.7,3,1,13,0.692,32,0.281,0.518,6.9,1.4,,1.6,,0.6,0,5.9,2025
7539,Gary Payton II,Gol,G,32.9,7,8.4,,15.3,19,0,0,11,0.727,6,0,0.471,2.3,2,,0.6,,0.3,0.3,6.7,2025
7540,Al Horford,Gol,C-F,39.4,5,21.1,,15.4,21.1,0,0,13,0.462,17,0.294,0.45,5.4,4,,1.2,,0.4,0.6,5.6,2025
7541,Gui Santos,Gol,F,23.4,6,6.6,,15.1,35.7,0,0,2,1,7,0.429,0.722,2.2,1,,0.3,,0.3,0,5.3,2025
7542,Will Richard,Gol,G,22.9,6,13.7,,13.3,17.1,6,0.833,7,1,12,0.417,0.786,5.7,1.7,,1.3,,1.3,0,6.8,2025
7543,Quinten Post,Gol,C,25.6,7,12.7,,15.8,18.2,0,0,8,0.625,19,0.316,0.519,4,3.4,,0.6,,0.1,0.4,6.3,2025
7544,Austin Reaves,Lal,G,27.4,7,37.8,,30.9,15.1,72,0.903,74,0.608,61,0.344,0.654,31.1,5.1,,9.3,,1.4,0,12,2025
7545,Rui Hachimura,Lal,F,27.7,7,35.7,,15.2,13.4,16,0.75,42,0.667,29,0.448,0.686,15.3,4.1,,1.9,,0.4,0.3,5.5,2025
7546,Deandre Ayton,Lal,C,27.3,6,31.4,,19.8,18.2,11,0.455,67,0.627,0,0,0.619,14.8,7.8,,1.2,,0.5,0.8,6.6,2025
7547,Gabe Vincent,Lal,G,29.4,3,23.9,,9.7,13,3,1,3,0.333,10,0.2,0.384,3.7,1,,2.3,,1,0,3.4,2025
7548,Luka Doncic,Lal,F-G,26.7,4,38.3,,38.8,13.9,54,0.796,51,0.784,48,0.292,0.672,41.3,11.5,,8.3,,1.3,0.3,16.5,2025
7549,Marcus Smart,Lal,G,31.7,5,27.1,,14.8,21.2,11,0.818,15,0.733,18,0.278,0.608,9.2,1.8,,2.8,,1.4,0.2,5.3,2025
7550,Jake LaRavia,Lal,F,24,7,28.6,,15.7,14,21,0.571,31,0.677,24,0.5,0.7,12.9,5.1,,2.6,,1.4,0.1,7.8,2025
7551,Jaxson Hayes,Lal,C-F,25.4,4,20.7,,9.3,17.6,2,0,13,0.769,1,1,0.773,5.8,5,,2.5,,0.5,0.8,8.1,2025
7552,Jarred Vanderbilt,Lal,F,26.6,7,19.5,,14.2,27.3,12,0.833,23,0.522,6,0,0.496,4.9,6.1,,1.4,,1.4,0.4,7.1,2025
7553,Evan Mobley,Cle,C,24.4,7,34.1,,24.7,15.3,42,0.69,67,0.522,38,0.316,0.547,19.3,8.9,,4.4,,2,1.7,10.7,2025
7554,Jaylon Tyson,Cle,G-F,22.9,7,24.3,,17.1,16.3,7,0.714,22,0.591,34,0.441,0.643,10.9,2.7,,1.6,,0.9,0.7,5.9,2025
7555,Jarrett Allen,Cle,C,27.5,5,27,,18.7,16.5,30,0.8,39,0.59,1,0,0.658,14,7,,1.8,,1.4,0.4,8.3,2025
7556,Sam Merrill,Cle,G,29.5,4,25.8,,19.7,11,9,1,5,0.6,35,0.514,0.785,17.3,2,,2,,0.8,0.3,6.4,2025
7557,Donovan Mitchell,Cle,G,29.2,6,33.6,,30.9,16.5,40,0.775,56,0.661,55,0.436,0.688,29.5,2.3,,4.5,,1.3,0.5,8,2025
7558,Dean Wade,Cle,F-C,29,7,24.4,,11.2,4.8,12,0.75,8,0.5,31,0.323,0.531,6.7,4,,1.6,,0.9,0.4,5.7,2025
7559,Lonzo Ball,Cle,G,28,6,24.3,,16.2,30.8,5,0.6,10,0.4,28,0.286,0.435,5.8,4.3,,5.3,,1,0,8.4,2025
7560,Craig Porter,Cle,G,25.7,7,17.9,,12.5,19.9,7,0.429,15,0.667,13,0.462,0.66,5.9,3.6,,2.1,,1.3,0.3,7.9,2025
7561,Larry Nance Jr.,Cle,F-C,32.8,7,17.2,,15.2,9.3,3,0.333,22,0.364,17,0.235,0.36,4.1,3.7,,1.6,,0.4,0.1,6.7,2025
7562,Tyrese Proctor,Cle,G,21.6,6,12,,18.3,15.9,2,1,11,0.455,15,0.133,0.335,3,1,,1.2,,0.7,0,5.1,2025
7563,O.G. Anunoby,Nyk,F-G,28.3,6,34.7,,19.5,11.9,15,0.733,33,0.545,48,0.396,0.594,17.3,5.7,,2.7,,2,0.8,7.4,2025
7564,Karl-Anthony Towns,Nyk,C-F,30,6,33.9,,23.4,17.6,44,0.909,51,0.392,28,0.357,0.559,18.3,13.2,,2.8,,0.5,1.2,10.4,2025
7565,Ariel Hukporti,Nyk,C,23.6,3,13.4,,6.1,33.3,0,0,4,0.25,0,0,0.25,0.7,3.3,,1.3,,0.3,0.3,4.3,2025
7566,Mikal Bridges,Nyk,G-F,29.2,6,36.4,,15.8,10.3,16,0.875,37,0.622,32,0.469,0.69,17.5,6,,5.5,,1.2,0.7,9.2,2025
7567,Jalen Brunson,Nyk,G,29.2,6,34.4,,33.6,8.1,47,0.851,85,0.565,51,0.333,0.597,31.2,3.8,,5,,1.2,0,9.8,2025
7568,Guerschon Yabusele,Nyk,F,29.9,5,9.3,,12.4,7.1,0,0,4,0.25,9,0.222,0.308,1.6,3,,0.2,,0.2,0.2,4.2,2025
7569,Miles McBride,Nyk,G,25.2,4,27.6,,15.2,7.8,6,0.833,11,0.273,24,0.417,0.545,10.3,3,,2.5,,1,0.3,6.2,2025
7570,Trey Jemison,Nyk,C,25.9,1,7.7,,0,0,0,0,0,0,0,0,0,0,2,,0,,0,0,0,2025
7571,Landry Shamet,Nyk,G,28.6,6,17.7,,15.2,11,7,0.857,6,0.167,26,0.423,0.584,6.8,1.8,,0.7,,0.5,0,4.6,2025
7572,Jordan Clarkson,Nyk,G,33.4,6,15.2,,24.5,11.7,8,0.875,22,0.409,23,0.348,0.505,8.2,1.5,,1.3,,0,0.3,6.6,2025
7573,Tyler Kolek,Nyk,G,24.6,6,8.8,,18.7,20.8,0,0,8,0.625,11,0.273,0.5,3.2,0.7,,1.3,,0.2,0,6.5,2025
7574,Terance Mann,Bro,G-F,29,6,26.7,,14.7,7.6,11,0.727,28,0.786,20,0.35,0.691,12.2,4,,2.7,,1.3,0,7.6,2025
7575,Michael Porter Jr.,Bro,F,27.3,6,31.9,,27.2,10,12,0.75,57,0.579,51,0.333,0.556,21,8,,3,,0.7,0.2,10,2025
7576,Nic Claxton,Bro,C,26.5,6,27.7,,19,10,14,0.571,59,0.61,4,0,0.578,13.3,6.5,,2.8,,0.8,0.7,9,2025
7577,Cam Thomas,Bro,G,24.1,6,31,,31.9,12.4,50,0.88,65,0.431,41,0.366,0.566,24.2,1.5,,2.8,,0.3,0.2,6,2025
7578,Ben Saraf,Bro,G,19.6,5,18.2,,15.4,25.6,6,0.667,11,0.273,12,0.167,0.312,3.2,2.2,,3.2,,0.4,0,6.2,2025
7579,Ziaire Williams,Bro,F,24.1,4,19,,19.1,6.4,9,0.889,8,0.75,21,0.381,0.667,11,2.8,,0.3,,1.5,0,4.4,2025
7580,Egor Demin,Bro,G,19.7,5,19.5,,15.7,25.5,4,0.75,2,0.5,24,0.417,0.63,7,3.2,,2.4,,0.6,0,7.7,2025
7581,Day'Ron Sharpe,Bro,C,24,6,15.9,,18.8,35.6,9,0.667,18,0.833,7,0.286,0.725,7,4.8,,1.7,,1,0.7,9.7,2025
7582,Noah Clowney,Bro,F-C,21.3,6,19.9,,14.6,20.8,9,0.889,8,0.375,22,0.182,0.383,4.3,3.8,,1.7,,0.2,0,6.1,2025
7583,Tyrese Martin,Bro,F,26.7,6,19.6,,16.4,13.2,3,1,15,0.4,24,0.292,0.446,6,3.2,,2.7,,0.3,0.2,7.6,2025
7584,Jalen Wilson,Bro,F,25,5,17.6,,15,17,6,0.833,8,0.5,16,0.438,0.638,6.8,0.8,,1,,0.2,0,4,2025
7585,Drake Powell,Bro,G-F,20.2,2,5.9,,10.7,33.3,0,0,2,1,0,0,1,2,1,,0.5,,0.5,0,6.8,2025
7586,Nolan Traore,Bro,G,19.4,2,14.8,,15.3,19.6,2,0.5,3,0,5,0.4,0.394,3.5,0.5,,2,,1,0,4.1,2025
7587,Kon Knueppel,Cha,G-F,20.3,7,30.2,,18.5,16.4,8,0.75,25,0.52,51,0.431,0.616,14,4.9,,2.3,,0.6,0,7.2,2025
7588,Miles Bridges,Cha,F,27.6,7,33.1,,23.9,6.8,37,0.919,54,0.463,56,0.393,0.594,21.4,6.4,,3.6,,0.6,0.3,9.5,2025
7589,Ryan Kalkbrenner,Cha,C,23.8,7,27,,11,22.8,5,0.6,37,0.811,0,0,0.804,9,6.6,,0.4,,1.3,2.1,4.3,2025
7590,Brandon Miller,Cha,F,22.9,2,19.9,,33.7,10.6,10,0.7,14,0.571,11,0.182,0.493,14.5,0,,4,,0,0.5,0,2025
7591,LaMelo Ball,Cha,G,24.2,6,33.3,,30.5,16.1,27,0.815,54,0.537,60,0.333,0.556,23.3,7.8,,9.8,,1.8,0.2,14.6,2025
7592,Collin Sexton,Cha,G,26.8,7,26,,23.6,22.6,36,0.833,47,0.553,21,0.476,0.668,16,2.6,,5.3,,0.6,0,9.3,2025
7593,Sion James,Cha,G,22.9,7,23.3,,9.9,8.2,7,1,15,0.6,18,0.722,0.887,9.1,2.9,,1.4,,0.6,0.3,5.7,2025
7594,Moussa Diabate,Cha,F,23.8,7,20.2,,17.8,8.3,29,0.724,44,0.636,0,0,0.678,11,7.1,,0.4,,0.3,1.1,6.2,2025
7595,Tidjane Salaun,Cha,F,20.2,7,11.9,,12.2,13.5,6,0.667,7,0.429,12,0.333,0.508,3.1,3.6,,0.7,,0.3,0.1,6.7,2025
7596,Tre Mann,Cha,G,24.7,7,20.3,,24.1,13.9,9,0.889,32,0.375,36,0.278,0.431,8.9,2.9,,2.6,,0.7,0,8,2025
7597,Andrew Wiggins,Mia,F,30.7,6,31.5,,21.7,15.2,19,0.579,51,0.608,27,0.296,0.562,16.2,5.5,,1.8,,1.3,0.8,6.9,2025
7598,Nikola Jovic,Mia,F,22.4,6,22.3,,17.1,15.9,14,0.786,17,0.471,25,0.36,0.561,9,4,,2.3,,0.3,0.2,7.8,2025
7599,Bam Adebayo,Mia,C-F,28.3,6,34.1,,25.6,12.1,31,0.903,60,0.517,41,0.341,0.576,22,9,,3.2,,1,0.3,10.1,2025
7600,Norman Powell,Mia,G,32.4,3,30.9,,26.4,11.9,23,0.913,26,0.462,18,0.5,0.665,24,7.3,,2.7,,2,0.3,10.1,2025
7601,Davion Mitchell,Mia,G,27.2,6,28.2,,15,17.2,9,0.333,30,0.5,18,0.389,0.52,9,2.2,,7.7,,0.8,0.2,7.6,2025
7602,Jaime Jaquez Jr.,Mia,G,24.7,6,30.1,,21.5,16.8,28,0.786,61,0.689,8,0.25,0.689,18.7,6.8,,4.5,,0.8,0,11,2025
7603,Kel'el Ware,Mia,C,21.5,6,19.6,,18.1,16.2,7,0.857,23,0.609,18,0.333,0.59,8.7,6.8,,0.8,,0.7,0.7,7.4,2025
7604,Simone Fontecchio,Mia,F,29.9,6,21.1,,19.2,9,10,0.8,15,0.533,35,0.514,0.717,13,2.8,,1.5,,0.5,0.2,7.2,2025
7605,Dru Smith,Mia,G,27.8,6,17.5,,14.8,21.1,0,0,15,0.6,15,0.4,0.6,6,1.5,,3.8,,1.7,0.2,7.4,2025
7606,Pelle Larsson,Mia,G,24.7,6,16.6,,16.2,11,8,0.875,14,0.714,18,0.389,0.676,8,2.5,,2,,0.3,0,8.2,2025
7607,Franz Wagner,Orl,F,24.2,7,34.2,,24.4,10.5,43,0.767,80,0.538,30,0.433,0.613,22.6,5.6,,3.4,,1.3,0.3,8.8,2025
7608,Paolo Banchero,Orl,F,23,7,34.1,,28,13.6,69,0.739,85,0.518,29,0.276,0.565,23.3,9.3,,4,,0.7,1.3,11.2,2025
7609,Wendell Carter Jr.,Orl,C-F,26.6,7,28,,15.7,20.9,29,0.69,33,0.485,16,0.563,0.64,11.3,8.7,,1.4,,0.7,0.9,7.4,2025
7610,Desmond Bane,Orl,G,27.4,7,30,,22.8,14.6,17,0.941,62,0.5,31,0.258,0.508,14.6,4,,3.7,,0.4,0.3,8,2025
7611,Jalen Suggs,Orl,G,24.4,5,19.2,,22.3,31,9,0.889,13,0.846,20,0.35,0.69,10.2,3.4,,4.4,,1.8,0.2,11.1,2025
7612,Tyus Jones,Orl,G,29.5,7,15.1,,10.9,14.3,0,0,11,0.636,13,0.154,0.417,2.9,1.1,,1.4,,0.4,0.3,4.4,2025
7613,Jonathan Isaac,Orl,F,28.1,6,8.4,,12.8,15.1,6,0.5,4,0.75,7,0.143,0.44,2,1.8,,0.2,,0.5,0.7,4.3,2025
7614,Anthony Black,Orl,G,21.8,7,26.2,,20.7,24.6,25,0.68,39,0.615,22,0.318,0.597,12.3,3,,2.3,,0.9,0.9,6.7,2025
7615,Goga Bitadze,Orl,C-F,26.3,7,18,,11.5,9.6,10,0.6,23,0.826,5,0.4,0.772,7.1,5.7,,1.4,,0.4,1.1,8.5,2025
7616,Tristan da Silva,Orl,F,24.5,7,20.9,,19.2,8.1,16,0.875,25,0.56,31,0.355,0.595,10.7,2.9,,1,,1.1,0.1,6,2025
7617,Brandon Ingram,Tor,F,28.2,7,32.8,,26.3,16.7,29,0.862,81,0.605,28,0.393,0.641,22.3,5.9,,3.9,,1,0.4,9.8,2025
7618,Scottie Barnes,Tor,F-G,24.3,7,33,,25,12.6,24,0.708,79,0.519,32,0.469,0.592,20.6,7.4,,5,,1.3,1.4,11.1,2025
7619,Jakob Poeltl,Tor,C,30.1,4,23,,14.7,26.7,5,0,22,0.591,0,0,0.537,6.5,5.3,,2.3,,0.3,0.5,7.5,2025
7620,RJ Barrett,Tor,F-G,25.4,7,32.5,,23.1,13,23,0.783,65,0.662,35,0.371,0.649,20.4,4.4,,3.4,,1.3,0.3,8.3,2025
7621,Immanuel Quickley,Tor,G,26.4,7,31.1,,19.2,14.9,28,0.75,38,0.5,36,0.278,0.516,12.7,3.9,,6.3,,1.4,0,8.7,2025
7622,Ochai Agbaji,Tor,G,25.5,7,15.1,,11.7,11.4,8,0.625,12,0.667,11,0.091,0.452,3.4,2.4,,0.9,,0.7,0.1,5.1,2025
7623,Sandro Mamukelashvili,Tor,F-C,26.4,7,16.7,,15.6,21.4,15,0.8,18,0.722,11,0.455,0.744,7.6,2.6,,2.1,,0.3,0.4,8.3,2025
7624,Gradey Dick,Tor,G-F,22,7,15.4,,18.6,2.5,18,0.778,18,0.5,21,0.286,0.533,7.1,2.6,,0.3,,0.4,0,4.6,2025
7625,Jamal Shead,Tor,G,23.3,7,17.1,,16.2,16.9,12,0.833,18,0.444,16,0.5,0.636,7.1,1.9,,5,,0.4,0,9.5,2025
7626,Jonathan Mogbo,Tor,F,24,5,5.4,,9.3,16.7,0,0,5,0.6,0,0,0.6,1.2,1.4,,0.4,,0.2,0.4,6.5,2025
7627,Jamison Battle,Tor,F,24.5,5,8.7,,17.3,16.7,0,0,3,0.667,12,0.833,1.133,6.8,1.4,,0,,0.2,0.2,0,2025
7628,Zaccharie Risacher,Atl,F,20.6,5,23.1,,18.5,8.1,4,0.75,26,0.5,19,0.316,0.503,9.4,1.6,,1.2,,1,0.6,4.5,2025
7629,Jalen Johnson,Atl,F,23.9,6,31.7,,25.3,13.5,26,0.808,76,0.658,13,0.154,0.632,21.2,9,,5,,1.5,0.3,12.4,2025
7630,Kristaps Porzingis,Atl,F-C,30.3,5,25.3,,27.7,11.9,19,0.789,39,0.59,27,0.37,0.612,18.2,7,,3.4,,0.4,1,12,2025
7631,Dyson Daniels,Atl,G,22.6,7,32,,14.7,16.6,14,0.571,56,0.464,4,0.25,0.476,9,5.7,,3.4,,2.6,0.6,7,2025
7632,Trae Young,Atl,G,27.1,5,27.8,,29.4,12.4,39,0.821,44,0.477,26,0.192,0.511,17.8,2,,7.8,,0.8,0.2,9.4,2025
7633,Nickeil Alexander-Walker,Atl,G,27.2,7,30.9,,23.8,11.9,30,0.867,52,0.538,44,0.273,0.54,16.9,2.9,,3.4,,1.3,0.9,7.1,2025
7634,Keaton Wallace,Atl,G,26.7,6,11.2,,12.4,20.8,2,0.5,7,0.429,8,0.625,0.693,3.7,1.3,,2.7,,0.3,0,8.4,2025
7635,Luke Kennard,Atl,G,29.4,7,26,,12.4,18.2,11,0.909,19,0.579,21,0.476,0.691,8.9,2.3,,2.3,,0.6,0.1,5.6,2025
7636,Onyeka Okongwu,Atl,F-C,24.9,7,29.5,,17.9,9.1,24,0.583,47,0.596,23,0.391,0.602,13.9,8.6,,2.3,,0.4,1,8.8,2025
7637,Mouhamed Gueye,Atl,F,23,7,15.1,,17.3,14.9,8,0.5,18,0.778,16,0.313,0.626,6.7,3.9,,1,,0.1,0.6,7.9,2025
7638,Kelly Oubre Jr.,Phi,F-G,29.9,6,38.1,,17.7,9.3,25,0.8,42,0.619,36,0.417,0.657,19.5,6.3,,1.2,,1.2,0.8,5.5,2025
7639,Dominick Barlow,Phi,F,22.4,2,25.1,,13,22.4,6,0.833,7,0.714,3,0,0.593,7.5,6,,2.5,,0,0.5,7.7,2025
7640,Joel Embiid,Phi,C-F,31.6,4,22.1,,32.8,17.9,20,0.8,32,0.5,18,0.389,0.587,17.3,5.3,,3.5,,0.5,1,12.4,2025
7641,VJ Edgecombe,Phi,G,20.3,6,38.9,,20,11.4,17,0.824,55,0.545,38,0.421,0.607,20.3,5,,5,,1.5,0.3,8.2,2025
7642,Tyrese Maxey,Phi,G,25,6,42.4,,28.6,9.3,57,0.877,80,0.463,56,0.464,0.627,33.7,4.8,,9,,1.2,0.8,10.7,2025
7643,Quentin Grimes,Phi,G,25.5,6,31.9,,22.8,19.7,31,0.774,31,0.452,42,0.452,0.629,18.2,4.7,,5.2,,0.8,0.5,9.6,2025
7644,Adem Bona,Phi,F,22.6,6,15.7,,8,26.2,7,0.571,11,0.455,0,0,0.497,2.3,3,,0.5,,0.3,2,3.8,2025
7645,Jabari Walker,Phi,F,23.3,6,13.9,,13.9,10.9,2,1,18,0.556,6,0,0.442,3.7,3.3,,0,,0.2,0.5,0,2025
7646,Justin Edwards,Phi,F,21.9,6,11.4,,15.2,8,0,0,7,0.429,16,0.313,0.457,3.5,1,,0.5,,0.2,0.2,4.2,2025
7647,Andre Drummond,Phi,C,32.2,6,14.7,,12.6,4.5,11,0.455,16,0.625,5,0.2,0.542,4.7,6.7,,0.5,,0.8,0.8,6.8,2025
7648,Jaylen Brown,Bos,G-F,29,7,31,,32.5,18.5,36,0.75,82,0.573,41,0.463,0.641,25.4,4.7,,4.3,,0.6,0.3,10.3,2025
7649,Sam Hauser,Bos,F,27.9,7,23.1,,16.6,11,2,1,5,0.2,51,0.451,0.642,10.4,3.3,,1.3,,0.4,0.3,6.1,2025
7650,Neemias Queta,Bos,C,26.3,7,22.3,,14.1,17.3,14,0.714,36,0.667,2,0,0.657,8.3,7.6,,1.3,,0.7,1.6,7.8,2025
7651,Payton Pritchard,Bos,G,27.8,7,32.7,,20.5,7.7,19,0.789,45,0.667,50,0.18,0.493,14.6,4.1,,5.6,,1.3,0,8.5,2025
7652,Derrick White,Bos,G,31.3,7,32.2,,24.7,5.6,18,0.889,49,0.388,68,0.25,0.42,15,3.6,,4,,1.4,1.1,7.5,2025
7653,Xavier Tillman,Bos,F,26.8,6,9,,14,5.6,0,0,10,0.7,7,0.286,0.588,3.3,2.5,,0.5,,0.3,0.2,7.1,2025
7654,Josh Minott,Bos,F,22.9,6,21.8,,15.7,6.9,13,0.769,20,0.55,20,0.3,0.547,8.3,6.8,,1.7,,1.5,0.5,8.4,2025
7655,Anfernee Simons,Bos,G,26.4,7,26.6,,22,8.6,9,0.778,37,0.432,48,0.396,0.54,13.7,2.4,,1.4,,0.7,0.3,5.4,2025
7656,Chris Boucher,Bos,F,32.8,5,11.3,,13.4,5.7,2,1,8,0.5,8,0,0.296,2,1.8,,0.4,,0.6,1,4,2025
7657,Luka Garza,Bos,C,26.9,6,14.3,,16.2,13.6,9,0.778,14,0.643,11,0.364,0.639,6.2,3.8,,0.8,,0.2,0.5,7.4,2025
7658,Ausar Thompson,Det,G-F,22.8,6,27.6,,21.6,8.8,24,0.542,61,0.508,11,0.273,0.509,14,7.3,,3.5,,1.2,0.5,10.3,2025
7659,Tobias Harris,Det,F,33.3,6,32.2,,17.9,10.1,18,0.944,43,0.465,28,0.286,0.513,13.5,6,,2.8,,0.8,0.2,7.6,2025
7660,Jalen Duren,Det,C,22,6,23.7,,25.3,20.4,39,0.846,58,0.638,0,0,0.712,17.8,10,,1.3,,0.5,1.5,10.4,2025
7661,Duncan Robinson,Det,F,31.5,6,31.7,,11.9,3.9,13,0.846,12,0.5,37,0.405,0.621,11.3,3,,1.2,,0.2,0.7,4.3,2025
7662,Cade Cunningham,Det,G,24.1,6,35.5,,28.6,17,41,0.78,75,0.467,37,0.27,0.508,22,5.7,,9.8,,1.2,1,12.1,2025
7663,Isaiah Stewart,Det,F-C,24.5,6,22.1,,16.9,10,14,0.5,31,0.452,14,0.5,0.547,9.3,6.2,,1.3,,0.3,2,7.6,2025
7664,Caris LeVert,Det,G,31.2,3,18.4,,16.7,14.1,5,0.6,12,0.333,6,0.333,0.421,5.7,1,,2,,0.3,0,4.9,2025
7665,Ronald Holland II,Det,F,20.3,6,21.1,,20.7,19.9,13,0.846,25,0.56,23,0.304,0.558,10,3.5,,1.8,,2,0.3,7.5,2025
7666,Paul Reed,Det,F,26.4,4,8.5,,23.6,25,0,0,12,0.583,3,0.667,0.667,5,2.8,,0.5,,0.3,0.8,9,2025
7667,Javonte Green,Det,G,32.3,6,15.8,,15.3,5.7,3,0.667,19,0.316,14,0.429,0.466,5.3,2.3,,1,,1.2,0.3,5.8,2025
7668,Isaac Okoro,Chi,F-G,24.8,6,22.5,,15,18.6,1,1,22,0.455,17,0.294,0.456,6,2.3,,1.2,,0.3,0.3,4.5,2025
7669,Matas Buzelis,Chi,F,21.1,6,28.8,,21.4,13.5,17,0.824,41,0.537,29,0.414,0.607,15.7,4.3,,1.2,,0.8,0.8,6,2025
7670,Nikola Vucevic,Chi,C,35,6,32.2,,20.4,13.7,17,0.824,49,0.612,26,0.538,0.703,19.3,12.3,,4.3,,0.7,0.3,12.5,2025
7671,Tre Jones,Chi,G,25.8,6,29.8,,16.3,19.9,22,0.864,38,0.474,10,0.6,0.633,12.2,3.3,,6.3,,2.2,0.3,8.5,2025
7672,Josh Giddey,Chi,G,23.1,6,33.6,,27.7,16.9,36,0.722,71,0.521,27,0.407,0.584,22.2,9.3,,8.7,,0.8,0.3,14.5,2025
7673,Kevin Huerter,Chi,G-F,27.2,6,24.9,,19,13.2,18,0.889,26,0.731,26,0.308,0.651,13,4.2,,2.7,,0.8,1,8.5,2025
7674,Ayo Dosunmu,Chi,G,25.8,5,26.1,,19.4,5.4,13,0.846,31,0.645,21,0.476,0.702,16.2,3,,3.2,,0.2,0,8.2,2025
7675,Patrick Williams,Chi,F,24.2,6,22.8,,15.4,13.2,12,0.667,14,0.571,25,0.44,0.644,9.5,3,,2,,1,0.5,6.8,2025
7676,Jalen Smith,Chi,F-C,25.6,6,14.4,,23.5,9,10,0.6,20,0.65,20,0.3,0.563,8.3,5,,0.7,,0.3,0.3,8.5,2025
7677,Dalen Terry,Chi,F,23.3,3,3.1,,22.2,0,0,0,3,0,2,0.5,0.3,1,0,,0,,0,0,0,2025
7678,Trey Murphy III,Nor,F,25.4,6,34.8,,17.7,4.8,11,0.909,36,0.444,43,0.349,0.519,14.5,6.5,,3.5,,1.2,0,7.9,2025
7679,Zion Williamson,Nor,F,25.3,5,31.5,,32.1,17.8,57,0.667,78,0.487,0,0,0.553,22.8,6.8,,4.6,,2,0.2,11.3,2025
7680,Yves Missi,Nor,C,21.5,5,23.2,,13.4,26.4,16,0.563,22,0.682,0,0,0.671,7.8,6.6,,1.4,,0.2,1.2,7.2,2025
7681,Herbert Jones,Nor,F,27.1,6,27,,16,17.1,8,0.75,22,0.318,26,0.462,0.543,9.3,4,,2.2,,1.2,0.2,6.4,2025
7682,Jordan Poole,Nor,G,26.4,6,30.9,,24.8,12.3,28,0.964,32,0.406,53,0.358,0.565,18.3,1.7,,3,,0.3,0.3,5.9,2025
7683,Saddiq Bey,Nor,G-F,26.6,6,23.6,,16.2,8,10,0.7,19,0.421,27,0.333,0.496,8.3,3.3,,1.3,,0.8,0,5.6,2025
7684,Hunter Dickinson,Nor,C,24.9,1,4.7,,35.9,50,0,0,2,0.5,0,0,0.5,2,0,,0,,0,1,0,2025
7685,Jordan Hawkins,Nor,G,23.5,5,12.9,,14.8,4.7,4,1,7,0.286,13,0.231,0.391,3.4,2,,0.8,,0,0,5.5,2025
7686,Jeremiah Fears,Nor,G,19.1,6,26.5,,24,16.4,12,0.75,49,0.531,22,0.318,0.537,13.7,2.5,,3.8,,1.5,0,7.6,2025
7687,Derik Queen,Nor,C,20.9,6,17.5,,19.2,14.9,18,0.778,31,0.484,3,0,0.525,7.3,4.8,,0.2,,0.5,0.7,4.4,2025
7688,Kentavious Caldwell-Pope,Mem,G,32.7,7,24.8,,19.5,12.3,20,0.95,32,0.344,32,0.344,0.508,10.6,2.4,,4.3,,0.6,0.1,7.7,2025
7689,Jaren Jackson Jr.,Mem,F-C,26.1,7,28.3,,23.9,15.8,30,0.8,59,0.61,26,0.346,0.626,17.6,5.6,,1.4,,0.7,1.1,7.3,2025
7690,Jock Landale,Mem,C,30,7,23.6,,15,12.9,13,0.846,32,0.625,15,0.533,0.711,10.7,5.3,,1.4,,0.3,0.6,7.3,2025
7691,Jaylen Wells,Mem,F,22.2,7,26.7,,18.2,6.6,14,0.643,28,0.5,43,0.256,0.454,10,3.7,,1.4,,0.6,0,5.6,2025
7692,Ja Morant,Mem,G,26.2,6,28.6,,33,12.4,35,0.971,74,0.514,32,0.156,0.515,20.8,3.3,,6.7,,1,0,10.8,2025
7693,Olivier-Maxence Prosper,Mem,F,23.3,5,9.5,,18.7,18.2,12,1,10,0.8,3,0,0.766,5.6,2.6,,0.2,,0.2,0,6,2025
7694,Santi Aldama,Mem,F-C,24.8,7,24.7,,21.2,9.5,10,0.4,45,0.511,31,0.29,0.479,11,7.4,,2.4,,1.3,0.6,9.4,2025
7695,Javon Small,Mem,G,22.9,6,16.1,,16.5,23.3,10,0.8,8,0.375,18,0.333,0.526,5.3,1.3,,3.7,,0,0.2,7.3,2025
7696,Cedric Coward,Mem,G,22.1,7,25.3,,18.6,9.9,22,0.909,40,0.65,23,0.478,0.722,15,4.9,,2.6,,1.1,0.4,9.1,2025
7697,Cam Spencer,Mem,G,25.6,7,17.3,,17.3,15.4,12,0.833,9,0.222,29,0.414,0.578,7.1,2.3,,3.4,,0.9,0,8.8,2025
7698,John Konchar,Mem,G,29.6,7,13.7,,8.8,14.7,1,1,6,0.833,11,0.455,0.745,3.7,2.7,,1,,0.7,0.4,6.3,2025
7699,Khris Middleton,Was,F,34.2,6,24.9,,18.7,14.2,14,0.643,37,0.514,17,0.412,0.565,11.3,4.5,,2.2,,0.7,0.2,7.7,2025
7700,Kyshawn George,Was,F,21.9,6,31.2,,21.8,21.2,16,0.625,41,0.561,33,0.545,0.679,18.3,7.8,,4.5,,0.8,1.3,11.1,2025
7701,Alexandre Sarr,Was,C,20.5,6,27.4,,24.8,18,16,0.75,63,0.556,14,0.429,0.595,16.7,8.5,,3.7,,0.7,2.2,11.8,2025
7702,CJ McCollum,Was,G,34.1,6,29.8,,21,9.3,15,0.8,39,0.359,39,0.385,0.502,14.2,3.7,,3.7,,0.7,0,7.8,2025
7703,Bub Carrington,Was,G,20.3,6,27.1,,14.8,21.7,10,0.7,27,0.259,16,0.438,0.443,7,4,,3.5,,1.2,0.2,6.8,2025
7704,Marvin Bagley III,Was,F,26.6,6,14.9,,15.1,13.7,10,0.5,21,0.762,4,0.5,0.731,7.2,3.5,,1.7,,0.5,0.3,9.4,2025
7705,Tre Johnson,Was,G,19.7,6,26.5,,20.4,10.5,9,1,30,0.5,38,0.342,0.542,13,3.3,,1.7,,0.3,0.8,6.3,2025
7706,Cam Whitmore,Was,F,21.3,6,16.7,,25.5,10,7,0.571,37,0.459,17,0.353,0.491,9.3,3.2,,0.8,,1.2,0,6.9,2025
7707,Corey Kispert,Was,F,26.7,6,19.8,,15,12.1,7,0.571,11,0.727,25,0.28,0.525,6.8,2.8,,1.3,,0.2,0.2,5.9,2025
7708,Justin Champagnie,Was,G-F,24.3,5,4.2,,18.9,0,4,1,6,0.167,2,0,0.307,1.2,2,,0.2,,0,0,7.5,2025
7709,Will Riley,Was,F,19.7,5,5.7,,18.2,0,4,0.75,7,0.571,4,0.25,0.549,2.8,1.4,,0.6,,0.4,0,9.3,2025
7710,AJ Johnson,Was,G,20.9,4,3.9,,13,0,0,0,5,0.2,0,0,0.2,0.5,0.5,,0.3,,0,0,4.3,2025
7711,Tristan Vukcevic,Was,F,22.6,5,5.7,,20.9,15.1,4,0.5,7,0.429,4,0.25,0.431,2.2,1,,0.2,,0,0.2,5.3,2025
7712,Anthony Gill,Was,F,33,3,2.6,,20.1,29.1,2,1,2,0.5,0,0,0.694,1.3,0.3,,0,,0,0,0,2025
7713,Sharife Cooper,Was,G,24.4,2,2.1,,9.9,100,0,0,0,0,0,0,0,0,0,,0,,0,0,0,2025
7714,Gary Trent Jr.,Mil,G,26.8,6,29.2,,19,7,15,0.667,19,0.526,47,0.383,0.579,14,1.8,,2.7,,1.5,0,5.6,2025
7715,Giannis Antetokounmpo,Mil,F,30.9,5,32.6,,35.2,12.8,56,0.643,87,0.69,8,0.625,0.715,34.2,13.4,,7.2,,0.8,1.2,18.3,2025
7716,Myles Turner,Mil,C-F,29.6,6,28.7,,17.4,15.1,8,0.5,24,0.458,32,0.344,0.496,9.8,6.2,,2.5,,0.7,1.8,7.4,2025
7717,A.J. Green,Mil,G,26.1,6,28.4,,13.6,11.9,9,0.667,5,1,39,0.513,0.792,12.7,2.7,,0.8,,0.3,0,4.2,2025
7718,Kevin Porter Jr.,Mil,G-F,25.5,1,9.4,,26.9,0,2,1,2,0.5,3,0.667,0.85,10,0,,2,,1,0,0,2025
7719,Kyle Kuzma,Mil,F,30.3,5,23.6,,19.7,16.5,14,0.857,30,0.7,10,0.1,0.617,11.4,4.2,,1.8,,0.8,0.6,7.5,2025
7720,Bobby Portis,Mil,F,30.7,6,19.9,,24.1,12,2,1,39,0.436,19,0.421,0.51,10,5.8,,1,,0.2,0.2,7.8,2025
7721,Ryan Rollins,Mil,G,23.3,6,32,,21.6,14.5,17,0.882,46,0.63,30,0.4,0.653,18.2,3.7,,5.5,,2.3,0.2,9,2025
7722,Cole Anthony,Mil,G,25.5,5,19.5,,25.6,16.6,9,0.444,27,0.667,18,0.278,0.562,11,3,,5.6,,0.6,0.6,11.7,2025
7723,Taurean Prince,Mil,F,31.6,6,21.2,,10.9,12.7,3,1,8,0.625,19,0.526,0.759,7.2,1.7,,1.2,,0.8,0.3,4.6,2025
7724,Amir Coffey,Mil,G-F,28.4,6,11,,7.4,9.6,3,1,5,0.8,4,0.25,0.678,2.3,1.3,,0.7,,0,0.2,4.7,2025
7725,Jericho Sims,Mil,C,27,3,3.2,,8.3,0,2,1,1,1,0,0,1.064,1.3,0,,0,,0,0.3,0,2025
7726,Gary Harris,Mil,G,31.1,2,2.9,,0,0,0,0,0,0,0,0,0,0,0.5,,1,,0,0,0,2025
7727,Andre Jackson Jr.,Mil,G,24,2,3.5,,0,0,0,0,0,0,0,0,0,0,0,,0,,0.5,0,0,2025
7728,Thanasis Antetokounmpo,Mil,F,33.3,1,1.7,,25.3,0,0,0,1,0,0,0,0,0,0,,0,,0,0,0,2025
7729,Derrick Jones Jr.,Lac,F,28.7,5,23,,13.7,8.5,2,0.5,12,1,20,0.45,0.791,10.4,2.4,,1,,0.4,1,5.1,2025
7730,Kawhi Leonard,Lac,F,34.3,5,32.8,,27.6,9.6,22,0.955,57,0.544,27,0.444,0.635,23.8,6,,3.4,,2.2,0.4,9.6,2025
7731,Ivica Zubac,Lac,C,28.6,5,28.8,,19.8,14.9,11,0.909,51,0.647,0,0,0.681,15.2,8.6,,2.4,,0,1.4,9.4,2025
7732,Bradley Beal,Lac,G,32.4,3,20.5,,15.6,14.7,4,1,11,0.455,6,0.333,0.533,6.7,1,,1.3,,0.3,0,4,2025
7733,James Harden,Lac,G,36.2,5,33.2,,27.6,22.1,32,0.906,29,0.655,41,0.341,0.648,21.8,4.8,,9.2,,1.4,0.2,11.9,2025
7734,John Collins,Lac,F-C,28.1,5,24.1,,20.8,21,11,0.727,32,0.656,9,0.333,0.644,11.8,5.8,,1,,1.2,0.6,6.8,2025
7735,Kris Dunn,Lac,G,31.6,5,22.8,,13.9,16.9,2,1,18,0.556,11,0.364,0.569,6.8,2.6,,0.6,,1.4,0,3.9,2025
7736,Brook Lopez,Lac,C,37.6,5,16.3,,21,10.7,4,0.5,7,0.429,26,0.308,0.46,6.4,3.6,,0.4,,0.4,1.2,5.1,2025
7737,Chris Paul,Lac,G,40.5,5,13.7,,13.2,19.6,1,1,4,0,12,0.333,0.395,2.6,1.4,,4,,1.4,0,7.1,2025
7738,Nicolas Batum,Lac,G-F,36.9,5,14.9,,11.3,10.5,0,0,2,0,15,0.333,0.441,3,3.4,,0.6,,1,0.6,4.9,2025
7739,Cam Christie,Lac,G,20.3,3,6.2,,23.1,12,4,0.75,3,0,4,0.5,0.514,3,1.3,,0.3,,0,0,6.8,2025
7740,Kobe Sanders,Lac,G,23.4,2,4.3,,25.6,20,0,0,3,0.333,1,0,0.25,1,0.5,,0.5,,1,0,5.9,2025
7741,Kobe Brown,Lac,F,25.8,3,4.8,,8.9,41,2,1,1,1,0,0,1.064,1.3,1,,0.7,,0,0,8.1,2025
7742,Yanic Konan Niederhauser,Lac,C,22.6,3,4.4,,19.2,0,4,0.5,4,1,0,0,0.868,3.3,1,,0.7,,0,0,12,2025
7743,Lauri Markkanen,Uta,F-C,28.5,6,36.7,,30,4.2,49,0.878,74,0.581,61,0.377,0.632,33,6.7,,2.3,,0.5,0.7,8.7,2025
7744,Kyle Filipowski,Uta,C,22,6,18.6,,16.5,11.6,5,0.6,21,0.429,17,0.294,0.448,6,3.8,,2.7,,0.3,0.2,8.5,2025
7745,Walker Kessler,Uta,C,24.3,5,30.8,,16.3,30,20,0.7,29,0.69,8,0.75,0.786,14.4,10.8,,3,,1.4,1.8,10.1,2025
7746,Svi Mykhailiuk,Uta,G-F,28.4,6,26.7,,9.9,13,2,1,7,0.714,26,0.346,0.576,6.5,2.5,,1.7,,1,0.2,4.5,2025
7747,Keyonte George,Uta,G,22,6,34.1,,26.9,21.5,54,0.926,51,0.529,36,0.25,0.591,21.8,3.5,,8.8,,1,0.5,10.3,2025
7748,Brice Sensabaugh,Uta,F,22,6,14,,22.9,11.8,12,0.917,13,0.692,24,0.333,0.627,8.8,2.7,,0.8,,0.5,0.2,7.6,2025
7749,Ace Bailey,Uta,F,19.2,6,17.4,,18.7,12.9,4,1,25,0.36,15,0.133,0.335,4.7,3,,1.7,,0.3,0.2,6.6,2025
7750,Taylor Hendricks,Uta,F,21.9,6,16.5,,13.3,10.2,8,0.75,14,0.571,12,0.333,0.576,5.7,4.3,,0.3,,0.3,0.3,4.7,2025
7751,Jusuf Nurkic,Uta,C,31.2,6,18.1,,23.8,29.2,12,0.667,28,0.5,13,0.154,0.454,7,7.8,,2.5,,1.5,0.2,11.4,2025
7752,Walter Clayton Jr.,Uta,G,22.7,6,17.5,,16.5,17.3,6,1,17,0.471,16,0.313,0.519,6.2,2.8,,2.7,,0.5,0,8.2,2025
7753,Cody Williams,Uta,F,21,4,9.6,,11.7,27.3,0,0,4,0.75,4,0.5,0.75,3,1,,0.5,,0,0.3,4.8,2025
7754,Julian Champagnie,San,F,24.3,6,29.3,,10.7,13,13,0.769,10,0.7,23,0.304,0.581,7.5,6.3,,1.8,,1,0.3,6,2025
7755,Harrison Barnes,San,F,33.4,6,30,,13.4,19.1,10,1,14,0.571,28,0.393,0.636,9.8,2,,2.7,,0.8,0.3,5,2025
7756,Victor Wembanyama,San,F-C,21.8,6,33.9,,30.8,12,48,0.792,89,0.584,21,0.286,0.61,26.7,13.7,,3.2,,1.3,4.7,12.4,2025
7757,Devin Vassell,San,G-F,25.2,6,34.2,,19.7,12.1,8,0.625,32,0.5,48,0.354,0.527,14.7,4.3,,2.3,,1,0.2,6.1,2025
7758,Stephon Castle,San,G,21,6,32,,27.2,27.4,46,0.63,48,0.667,26,0.346,0.637,20,6,,5.3,,1.8,0.5,10.7,2025
7759,Luke Kornet,San,C-F,30.3,2,25.2,,12.6,7.6,4,0.5,12,0.583,0,0,0.581,8,8,,3.5,,0,1.5,9.6,2025
7760,Keldon Johnson,San,F-G,26.1,6,24.1,,17.5,5.7,16,0.688,34,0.676,15,0.467,0.696,13,5.3,,1.2,,0.5,0,7.2,2025
7761,Dylan Harper,San,G,19.7,6,23.4,,25.3,14.6,18,0.833,50,0.54,14,0.357,0.584,14,4,,3.8,,0.7,0,10.2,2025
7762,Jordan McLaughlin,San,G,29.6,6,10.3,,13.4,0,3,1,4,0.5,14,0.286,0.492,3.2,0.7,,1.5,,1,0,5.8,2025
7763,Carter Bryant,San,F,19.9,5,7.6,,20.5,17.2,3,1,8,0.375,6,0.333,0.49,3,0.8,,0,,0.4,0.2,0,2025
7764,Bismack Biyombo,San,C,33.2,5,8.8,,3.9,50,0,0,2,0.5,0,0,0.5,0.4,1,,0.4,,0.6,0,2.5,2025
7765,Harrison Ingram,San,F,22.9,3,3.6,,11.9,0,0,0,2,0.5,1,1,0.833,1.7,1,,0,,0,0,0,2025
7766,David Jones Garcia,San,F,23.9,3,3.6,,33,0,3,0.333,7,0.571,0,0,0.541,3,1,,1.3,,0,0,17.5,2025
7767,Riley Minix,San,F,25.1,3,2.8,,30.9,0,0,0,3,1,3,0.333,0.75,3,0.7,,0.3,,0.3,0,12.2,2025
7768,P.J. Washington,Dal,F,27.2,6,33.8,,20.3,20.4,22,0.591,46,0.522,24,0.292,0.515,13.7,7.7,,2.8,,0.7,1.3,7.9,2025
7769,Anthony Davis,Dal,F-C,32.6,5,29.9,,28.2,12.7,31,0.742,64,0.563,11,0.273,0.587,20.8,10.2,,2.2,,1.6,1.2,10.4,2025
7770,Dereck Lively II,Dal,C,21.7,3,16.9,,13.2,35.2,4,0.5,9,0.778,0,0,0.743,5.3,5,,3,,0.7,1.3,10.2,2025
7771,Klay Thompson,Dal,G,35.7,6,20.6,,22.1,9.5,4,1,23,0.391,34,0.294,0.442,8.7,3,,1.3,,0.2,0.3,6.3,2025
7772,Cooper Flagg,Dal,F,18.9,6,32.5,,20.6,12.7,21,1,54,0.407,21,0.286,0.493,13.8,6.5,,3,,0.8,0.5,7.9,2025
7773,Naji Marshall,Dal,F,27.8,6,23.6,,12.2,18.5,20,0.9,19,0.526,7,0.143,0.589,6.8,3.5,,1.7,,1,0,5.8,2025
7774,Max Christie,Dal,G,22.7,6,30,,13.1,13.4,9,0.889,13,0.615,32,0.5,0.735,12,2.2,,2.3,,0.2,0.3,5.2,2025
7775,D'Angelo Russell,Dal,G,29.7,6,22.1,,30,15.8,28,0.714,34,0.471,35,0.314,0.523,14.2,3.3,,5,,0.7,0.2,11.2,2025
7776,Ryan Nembhard,Dal,G,22.7,3,9.2,,22.8,34.6,2,1,7,0.571,2,0,0.506,3.3,0.3,,1.7,,0,0,5.2,2025
7777,Dwight Powell,Dal,F-C,34.3,5,11.7,,14.1,40.4,17,0.882,7,0.714,0,0,0.863,5,2.8,,0.8,,0.4,0.4,7.6,2025
7778,Brandon Williams,Dal,G,25.9,4,14.4,,26,19.8,12,0.583,18,0.611,6,0.167,0.546,8,1.8,,1.3,,0.8,0.3,7.4,2025
7779,Jaden Hardy,Dal,G,23.3,5,10.4,,22.1,7.9,5,0.8,10,0.3,13,0.462,0.556,5.6,1,,0.2,,0.4,0,4,2025
7780,Caleb Martin,Dal,F,30.1,5,9.1,,13.6,22.5,4,0.75,6,0.5,4,0.25,0.51,2.4,1.2,,0.8,,0.6,0,5.8,2025
7781,Moussa Cisse,Dal,C,23.1,2,2.2,,0,0,0,0,0,0,0,0,0,0,0,,0,,0,0,0,2025
7782,DeMar DeRozan,Sac,G-F,36.2,6,37.2,,21.9,7.1,37,0.784,80,0.538,11,0.273,0.578,20.7,4.3,,4.8,,1.2,0.2,8.1,2025
7783,Nique Clifford,Sac,G,23.7,2,19.8,,5.4,20,0,0,4,0.25,0,0,0.25,1,5.5,,1,,1,1,3.6,2025
7784,Drew Eubanks,Sac,F-C,28.8,6,12.9,,13.8,14.2,9,0.333,17,0.471,1,0,0.433,3.2,2.7,,0.3,,0.7,1.2,4.3,2025
7785,Zach LaVine,Sac,G,30.7,6,37,,27.2,8.7,35,0.943,60,0.65,55,0.4,0.679,29.5,3.2,,1.7,,0.5,0.2,5.9,2025
7786,Dennis Schroder,Sac,G,32.1,6,32.5,,21.2,16.9,6,1,49,0.51,29,0.345,0.533,14.3,3.3,,6.5,,1.7,0.3,8.3,2025
7787,Maxime Raynaud,Sac,C,22.6,2,7.8,,8.3,33.3,0,0,2,0,0,0,0,0,2.5,,1,,0,0,0,2025
7788,Malik Monk,Sac,G,27.7,5,25.2,,20.8,8.6,8,0.875,28,0.571,25,0.52,0.69,15.6,1.2,,2.4,,1.2,0.8,5.6,2025
7789,Dario Saric,Sac,F-C,31.6,3,9.2,,10.7,15.5,2,1,3,0,2,0.5,0.425,1.7,1.7,,0.7,,0,0,5.5,2025
7790,Russell Westbrook,Sac,G,37,6,26,,22.6,14.6,17,0.647,37,0.405,27,0.37,0.497,11.8,4.8,,4.8,,1.3,0.2,10,2025
7791,Keon Ellis,Sac,G,25.8,6,19,,14,8.8,8,0.625,12,0.667,19,0.368,0.608,7,1.7,,0.7,,1.8,0.2,4.3,2025
7792,Dylan Cardwell,Sac,C,23.9,3,10.8,,11.7,24.3,2,0.5,5,0.4,1,0,0.363,1.7,1.7,,0,,0.7,1,0,2025
7793,Dillon Brooks,Pho,G-F,29.8,3,30.5,,30.9,10.5,5,1,28,0.464,31,0.29,0.474,19.3,3.3,,2.3,,2.7,0.7,6.9,2025
7794,Ryan Dunn,Pho,F,22.8,7,24,,15.7,9.8,6,0.667,30,0.7,25,0.32,0.607,10,6.4,,1.7,,0.9,0.9,8,2025
7795,Oso Ighodaro,Pho,F,23.3,7,17.4,,16.2,27.1,8,0.5,32,0.5,0,0,0.507,5.1,3.1,,1.3,,0.1,0.4,6.3,2025
7796,Grayson Allen,Pho,G,30.1,7,34.5,,19.8,13.8,18,0.833,30,0.467,63,0.381,0.57,16.4,3.6,,5,,1,0.3,7.7,2025
7797,Devin Booker,Pho,G,29,7,36.4,,31,17.6,61,0.836,89,0.539,46,0.457,0.649,30,4,,7.4,,0.4,0.4,10.6,2025
7798,Collin Gillespie,Pho,G,26.4,7,25.2,,18.4,13.1,5,0.8,17,0.529,49,0.408,0.601,11.7,3.3,,5.4,,1.3,0.9,9.4,2025
7799,Mark Williams,Pho,C,23.9,6,24.5,,16.5,6,19,0.684,47,0.596,0,0,0.623,11.5,9,,0.5,,1.2,1.2,6.1,2025
7800,Royce O'Neale,Pho,F,32.4,7,32.8,,15.1,14.6,4,0.5,11,0.545,59,0.424,0.62,12.7,5.7,,3.3,,1.7,0.1,7.6,2025
7801,Nigel Hayes-Davis,Pho,F,30.9,7,10.9,,10.9,20,0,0,10,0.7,6,0.167,0.531,2.4,1.6,,0.6,,0.6,0,4.8,2025
7802,Nick Richards,Pho,C,27.9,7,9.6,,20.5,23.8,10,1,22,0.545,0,0,0.644,4.9,3.3,,0.3,,0.3,0.4,7.1,2025
7803,Jaden McDaniels,Min,F,25.1,6,33.2,,21.8,10.8,19,0.842,59,0.525,23,0.435,0.598,18,4.3,,1.8,,0.5,1.7,6.2,2025
7804,Julius Randle,Min,F-C,30.9,6,34.7,,27.4,11.4,40,0.825,67,0.612,34,0.471,0.687,27.2,6.5,,5,,1.2,0.3,11.1,2025
7805,Rudy Gobert,Min,C,33.4,6,32.3,,11.1,17,20,0.55,34,0.676,0,0,0.666,9.5,9.5,,1.8,,0.5,1.5,6.8,2025
7806,Anthony Edwards,Min,G,24.2,3,25.7,,36.8,10.3,17,0.824,33,0.545,19,0.474,0.647,25.7,4,,2,,0,0.7,9.2,2025
7807,Donte DiVincenzo,Min,G,28.8,6,30.2,,18.2,15.9,16,0.813,15,0.467,43,0.419,0.623,13.5,2.7,,3.8,,1.3,0.3,6.9,2025
7808,Naz Reid,Min,C-F,26.2,6,22.9,,24,14.2,14,0.571,35,0.514,25,0.32,0.514,11.3,5.5,,1.7,,0.8,0.8,8.3,2025
7809,Terrence Shannon Jr.,Min,G-F,25.3,6,17,,14.1,19.1,5,0.8,15,0.267,10,0.4,0.441,4,2.7,,1.2,,0.7,0,5.5,2025
7810,Mike Conley,Min,G,38.1,6,21.6,,14.6,19.8,8,1,15,0.267,17,0.412,0.521,6.2,2.5,,3.5,,1,0.5,7,2025
7811,Jaylen Clark,Min,G,24.1,4,16.1,,15.3,4.7,4,1,13,0.615,7,0.143,0.528,5.8,2.5,,1,,1,0,6.1,2025
7812,Deni Avdija,Por,F,24.8,6,32.4,,26.6,19.9,40,0.8,56,0.554,36,0.389,0.62,22.7,6,,4.2,,0.5,0.8,10.2,2025
7813,Toumani Camara,Por,F,25.5,6,32.1,,15,8.7,12,0.75,32,0.469,31,0.323,0.505,11.5,4.7,,3.7,,1.3,0.5,7.3,2025
7814,Donovan Clingan,Por,C,21.7,6,25.7,,13,8.4,10,0.9,26,0.692,17,0.235,0.601,9.5,10,,2.2,,0.8,1.3,9.2,2025
7815,Shaedon Sharpe,Por,G,22.4,6,27.2,,31.3,15.5,21,0.952,58,0.414,45,0.267,0.463,17.3,4.3,,1.5,,1.3,0.2,7.1,2025
7816,Jrue Holiday,Por,G,35.4,6,32.3,,22.1,17.4,15,0.8,44,0.591,41,0.366,0.595,18.2,5,,8.7,,1.5,0.3,11.5,2025
7817,Jerami Grant,Por,F,31.6,6,28.2,,22.7,11.3,44,0.886,34,0.588,36,0.417,0.694,20.7,3,,1.2,,1.5,0.7,6,2025
7818,Yang Hansen,Por,C,20.4,5,5.8,,19.6,24.3,6,0.833,6,0.333,3,0,0.387,1.8,0.8,,0,,0,0.4,0,2025
7819,Blake Wesley,Por,G,22.6,6,16.4,,18,17,10,0.6,24,0.5,10,0.2,0.469,6,2.3,,3.2,,1.7,0.2,8.6,2025
7820,Kris Murray,Por,F,25.2,5,23.2,,10.3,13.6,4,0.75,16,0.625,9,0.333,0.598,6.4,3,,0.6,,1.6,0.2,3.9,2025
7821,Matisse Thybulle,Por,G-F,28.7,4,12.2,,10.2,8.7,4,1,4,0.5,6,0.667,0.85,5,1,,0.8,,2.5,0,5.2,2025
7822,Bones Hyland,Min,G,25.1,6,12.8,,19.7,23.4,2,0.5,9,0.667,17,0.353,0.577,5.2,1.2,,1.5,,0.5,0,6.6,2025
7823,Ousmane Dieng,Okc,F,22.5,4,7.9,,12.3,22.2,0,0,2,0.5,5,0.2,0.357,1.3,1,,0.3,,0,0.8,3.7,2025
7824,Branden Carlson,Okc,C,26.4,5,6,,17.2,16.7,0,0,5,1,5,0.4,0.8,3.2,1.6,,0.4,,0,0,8.5,2025
7825,Aaron Nesmith,Ind,G-F,26,6,31.8,,19.4,3.6,18,0.667,32,0.313,49,0.367,0.484,14.3,4.5,,1,,0.2,0.3,5,2025
7826,Pascal Siakam,Ind,F,31.6,6,35.2,,30,9.6,51,0.569,87,0.471,35,0.371,0.519,25,9,,4.8,,1.3,0.3,11.7,2025
7827,Isaiah Jackson,Ind,F,23.8,6,15.8,,16.6,20.3,11,0.909,27,0.444,0,0,0.534,5.7,5,,0.8,,0,0.3,7.2,2025
7828,Bennedict Mathurin,Ind,G-F,23.4,2,36.4,,26.3,13.7,26,0.885,21,0.571,10,0.5,0.73,31,7,,2.5,,0,0,9,2025
7829,Andrew Nembhard,Ind,G-F,25.8,1,16.9,,20.9,26.9,4,1,3,0,2,0,0.296,4,1,,4,,0,0,6,2025
7830,Obi Toppin,Ind,F,27.7,3,27.4,,22.5,14.1,9,1,19,0.632,17,0.176,0.526,14,6.7,,1.7,,1,0,7.9,2025
7831,Taelon Peter,Ind,G,23.7,4,7.8,,10.7,40.3,3,1,0,0,4,0.25,0.564,1.5,0.5,,0.3,,0.3,0,3.1,2025
7832,Ben Sheppard,Ind,G,24.3,6,27,,13.7,9.9,12,0.75,20,0.5,25,0.16,0.408,6.8,6.2,,2.3,,0.3,0.2,6.8,2025
7833,Jay Huff,Ind,C,28.2,6,14,,14.3,10.5,4,1,9,0.667,16,0.188,0.467,4.2,2,,0.7,,0,1.3,5.2,2025
7834,Jarace Walker,Ind,F,22.2,6,29.5,,20.2,13,11,0.818,34,0.324,39,0.308,0.43,11.2,6,,4,,0.7,0.5,8.8,2025
7835,Tony Bradley,Ind,C-F,27.8,6,13,,12.9,4.7,9,0.444,19,0.737,1,0,0.668,5.3,3.7,,0.3,,0.3,0.3,5.6,2025
7836,Johnny Furphy,Ind,G,20.9,2,12,,10.1,33.3,0,0,2,0.5,2,0.5,0.625,2.5,1.5,,0,,1,0,0,2025
7837,Cameron Johnson,Den,F,29.7,5,26.8,,13.3,10.7,10,0.9,14,0.5,19,0.316,0.548,8.2,3.2,,1.4,,0.4,0.2,5,2025
7838,Aaron Gordon,Den,F,30.1,5,30.2,,22.1,13.3,23,1,33,0.606,25,0.48,0.727,19.8,5.4,,2,,0.8,0.2,7.9,2025
7839,Nikola Jokic,Den,C,30.7,5,34.7,,22.6,18.4,22,0.864,45,0.756,21,0.238,0.674,20.4,14.4,,10.8,,1.8,0.8,16.9,2025
7840,Christian Braun,Den,G,24.5,5,30.9,,16.1,15,10,0.9,34,0.588,11,0.182,0.557,11,3.8,,2.4,,0.8,0.4,6,2025
7841,Jamal Murray,Den,G,28.7,5,33.7,,29.1,9.5,20,0.95,62,0.581,33,0.394,0.626,26,4.6,,5.4,,1.2,0,10.3,2025
7842,Tim Hardaway Jr.,Den,G-F,33.6,5,23.3,,16.7,2.4,7,0.857,14,0.5,27,0.444,0.635,11.2,1.2,,1.2,,0.6,0,4.3,2025
7843,Bruce Brown,Den,G-F,29.2,5,18.5,,12.5,15.9,4,0.5,13,0.615,8,0.375,0.593,5.4,4,,1.6,,0.8,0.4,7,2025
7844,Peyton Watson,Den,G,23.1,5,21.2,,12.8,26.5,12,0.833,15,0.667,4,0.5,0.741,7.2,3,,1.8,,1,1.4,6.4,2025
7845,Jonas Valanciunas,Den,C,33.5,5,12.1,,31.3,15.3,11,0.727,33,0.545,0,0,0.581,8.8,4.6,,1.4,,0,0.6,12.7,2025
7846,Spencer Jones,Den,F,24.4,4,3.8,,20,57.1,0,0,1,1,2,0,0.333,0.5,0.3,,0,,0.5,0,0,2025
7847,N'Faly Dante,Atl,C,24,3,4.6,,16.7,18.4,1,1,4,0.25,0,0,0.338,1,2.3,,0,,0.7,0,0,2025
7848,Vit Krejci,Atl,G,25.4,3,17.8,,16.8,9.9,3,0.667,5,0.4,13,0.385,0.543,7,2,,1,,0.7,0,5.4,2025
7849,Asa Newell,Atl,F,20.1,3,10,,22.3,13.1,2,0.5,6,0.333,7,0.571,0.612,5.7,3.3,,0.3,,0,0,7.1,2025
7850,Jett Howard,Orl,G,22.1,5,4.9,,15.2,11.1,0,0,1,0,7,0.286,0.375,1.2,0.4,,0.6,,0,0.2,5.4,2025
7851,Baylor Scheierman,Bos,G,25.1,6,9.8,,8.2,0,1,1,2,1,9,0.556,0.874,3.3,2.8,,0.3,,0.5,0,5.7,2025
7852,Hugo Gonzalez,Bos,G,19.7,5,15.3,,12.7,8.7,0,0,14,0.429,7,0.286,0.429,3.6,2.2,,0.8,,1.2,0.2,4.8,2025
7853,Jordan Walsh,Bos,G,21.7,4,6,,17.6,0,0,0,5,0.4,5,0.4,0.5,2.5,1,,0.3,,0,0,6.1,2025
7854,Amari Williams,Bos,F-C,23.8,2,3.5,,12.2,0,0,0,2,0.5,0,0,0.5,1,1,,0.5,,0.5,0,9.1,2025
7855,Josh Hart,Nyk,G,30.7,5,23,,14.7,23.5,7,0.714,15,0.467,14,0.143,0.39,5,6.6,,3.2,,0.8,0,8.2,2025
7856,Chaz Lanier,Det,G,23.9,5,6.4,,15,8.3,0,0,2,0.5,9,0.333,0.5,2.2,0.2,,0.4,,0.2,0,3.5,2025
7857,Daniss Jenkins,Det,G,24.2,4,10.3,,14.4,27.7,2,1,7,0.429,3,0.667,0.643,3.5,0,,1.5,,1,0,0,2025
7858,Keshad Johnson,Mia,F,24.4,2,5.2,,27.4,0,0,0,4,0.5,3,0.333,0.5,3.5,1.5,,0,,0.5,0,0,2025
7859,Jahmir Young,Mia,G,25.1,2,4.8,,17,25,0,0,2,0.5,1,0,0.333,1,0.5,,1,,0,0,6.6,2025
7860,PJ Hall,Mem,C,23.7,3,5.7,,12.1,20,0,0,2,1,2,0.5,0.875,2.3,1.3,,0,,0,0.7,0,2025
7861,GG Jackson,Mem,F,20.9,2,9.1,,17.9,0,2,0.5,4,0.5,3,0,0.317,2.5,1,,0,,0.5,0,0,2025
7862,Jose Alvarado,Nor,G,27.6,5,14.7,,11.4,10.4,2,0.5,4,0.25,13,0.308,0.419,3,1.8,,1.2,,1,0,5.1,2025
7863,Rob Dillingham,Min,G,20.8,4,11.2,,20.3,28.6,0,0,15,0.533,0,0,0.533,4,0.3,,2.8,,1,0,5.3,2025
7864,Joan Beringer,Min,F,19,3,2.8,,5.2,0,0,0,1,1,0,0,1,0.7,1.3,,0,,0,0,0,2025
7865,Joe Ingles,Min,F-G,38.1,2,2,,10.8,0,0,0,0,0,1,0,0,0,0,,0.5,,0,0,0,2025
7866,Leonard Miller,Min,F,21.9,2,3.4,,12.7,50,0,0,1,1,0,0,1,1,0.5,,0,,0,0,0,2025
7867,Johnny Juzang,Min,G,24.6,3,2.3,,30.2,0,2,0.5,1,0,3,0.333,0.41,1.3,0.3,,0,,0,0,0,2025
7868,Dalton Knecht,Lal,F,24.5,6,18,,17.5,9.4,5,0.8,16,0.688,22,0.227,0.51,6.8,1.3,,0.5,,0.7,0.7,3.6,2025
7869,Bronny James,Lal,G,21.1,4,11.5,,10.2,36.4,0,0,5,0.2,2,0,0.143,0.5,0.8,,1.3,,1,0.3,2.8,2025
7870,Christian Koloko,Lal,C,25.4,2,3.2,,0,0,0,0,0,0,0,0,0,0,0.5,,0,,0,0,0,2025
7871,Moses Moody,Gol,G,23.4,5,18.3,,19.2,16.1,9,0.778,9,0.111,22,0.455,0.558,7.8,2.4,,1.2,,0.6,0.8,6.2,2025
7872,Trayce Jackson-Davis,Gol,F,25.7,3,8.8,,14.3,13.4,4,1,6,0.333,0,0,0.515,2.7,1.7,,0.7,,0.7,0.3,6.7,2025
7873,Pat Spencer,Gol,G,29.3,3,5,,17.2,0,0,0,5,0.4,1,0,0.333,1.3,0.7,,0.3,,0.3,0,5.2,2025
7874,Rayan Rupert,Por,G-F,21.4,4,6.3,,9.3,16.7,0,0,2,0.5,3,0.333,0.5,1.3,1.3,,0.5,,0.5,0,6,2025
7875,Duop Reath,Por,C,29.4,4,6,,16.4,0,0,0,1,0,9,0.444,0.6,3,0.3,,0.5,,0,0.3,5.1,2025
7876,Isaac Jones,Sac,F,25.3,3,5.6,,7.3,0,2,0.5,1,1,1,0,0.521,1,0.7,,0.3,,0,0,4.2,2025
7877,Domantas Sabonis,Sac,F-C,29.5,5,34.2,,19.9,19.1,15,0.667,48,0.604,11,0.182,0.564,14.8,13.6,,3.8,,1.2,0.2,10.7,2025
7878,Rasheer Fleming,Pho,F,21.3,4,4.7,,19.9,0,0,0,4,0.25,5,0.2,0.278,1.3,1,,0.5,,0.3,0,7.4,2025
7879,Jordan Goodwin,Pho,G,27,4,12,,23.6,31.6,5,0.8,4,0.5,13,0.308,0.521,5,2.3,,1.5,,1.5,0,8.6,2025
7880,Khaman Maluach,Pho,C,19.1,4,5.7,,17.2,31.3,8,0.875,3,0.667,1,0,0.731,2.8,0.5,,0.3,,0,0.5,5.3,2025
7881,Julian Phillips,Chi,F,22,5,6.8,,13.6,0,0,0,6,0.5,5,0.2,0.409,1.8,0.4,,0.2,,0.4,0.2,3.1,2025
7882,Jase Richardson,Orl,G,20,5,4.1,,13.7,32.2,2,0.5,2,0.5,2,0,0.307,0.6,0.2,,0.8,,0,0,4.5,2025
7883,Jacob Toppin,Atl,F,25.5,2,3.1,,13.8,0,0,0,2,0.5,0,0,0.5,1,0,,0,,0,0,0,2025
7884,Caleb Houstan,Atl,G,22.8,2,1.7,,0,0,0,0,0,0,0,0,0,0,0,,0,,0,0,0,2025
7885,Mason Plumlee,Cha,F-C,35.7,3,3.8,,7.2,50,0,0,1,1,0,0,1,0.7,1,,0.3,,0,0,6.3,2025
7886,James Wiseman,Ind,C,24.6,1,19.9,,12.1,50,0,0,3,0.667,0,0,0.667,4,4,,0,,0,1,0,2025
7887,RayJ Dennis,Ind,G,24.6,5,25.6,,19.7,13.3,6,0.833,24,0.292,28,0.321,0.421,9.2,2.8,,4.6,,0.6,0.8,7.7,2025
7888,Isaiah Livers,Pho,F,27.3,4,9.3,,9.9,0,2,1,0,0,8,0.25,0.45,2,0.3,,0.3,,0.5,0.5,2.4,2025
7889,Jalen Pickett,Den,G,26,3,5.5,,22.2,11.8,1,1,3,1,4,0.25,0.672,3.3,0.7,,1,,0,0,9.6,2025
7890,Julian Strawther,Den,G,23.5,3,5,,30.8,10.8,4,0.5,3,0.667,5,0.2,0.461,3,1.3,,0.7,,0,0,11.2,2025
7891,Zeke Nnaji,Den,F-C,24.8,3,3.5,,24.2,18.4,2,1,2,1,2,0,0.615,2,0.3,,0.3,,0,0,6.5,2025
7892,DaRon Holmes II,Den,F,23.2,2,2.2,,9.8,0,0,0,0,0,1,1,1.5,1.5,0,,0,,0,0,0,2025
7893,Mark Sears,Mil,G,23.7,1,7.4,,11.6,50,0,0,1,0,0,0,0,0,0,,0,,0,0,0,2025
7894,De'Andre Hunter,Cle,F-G,27.9,5,29.2,,26.7,10.9,28,0.857,30,0.533,43,0.279,0.539,18.4,5.6,,3,,0.8,0.2,9.3,2025
7895,Liam McNeeley,Cha,F,20.1,5,10.1,,14,21,7,0.714,4,0.5,7,0.286,0.533,3,1.4,,1.4,,0.2,0,7.1,2025
7896,Pat Connaughton,Cha,G,32.8,3,6.2,,18.6,12.5,1,0,3,0.667,4,0.5,0.672,3.3,0.3,,0.3,,0,0.3,4.3,2025
7897,Quenton Jackson,Ind,G,27.1,4,20.2,,21.3,13,11,0.727,22,0.591,11,0.545,0.687,13,3.8,,3.5,,1.3,0.3,11,2025
7898,Collin Murray-Boyles,Tor,F,20.4,5,22.7,,19.6,11.9,7,0.714,31,0.484,13,0.462,0.563,10.6,3.8,,1.6,,1.2,0.2,7.1,2025
7899,Miles Kelly,Dal,G,22.8,1,2.2,,19.2,100,0,0,0,0,0,0,0,0,0,,0,,0,0,0,2025
7900,Bogdan Bogdanovic,Lac,G,33.2,2,16.5,,18.7,35.7,0,0,4,0.25,5,0,0.111,1,3,,0.5,,0,0,2.8,2025
7901,Chris Manon,Lal,G,23.9,2,3.5,,6.1,0,0,0,0,0,1,0,0,0,1,,0,,0,0.5,0,2025
7902,Devin Carter,Sac,G,23.6,3,7.9,,12.4,31.1,2,1,2,0.5,2,0,0.41,1.3,1,,0.7,,1,0.3,4.9,2025
7903,Luke Travers,Cle,F,24.2,3,8,,16.9,10.6,2,1,5,0,3,0,0.113,0.7,1.7,,0.7,,0,0.3,4.7,2025
7904,Thomas Bryant,Cle,C-F,28.3,4,6.8,,17.5,0,1,0,6,0.667,5,0,0.35,2,1.5,,0.3,,0.3,0.5,5.7,2025
7905,Colby Jones,Det,G,23.4,1,6.8,,17.6,0,0,0,1,1,2,0,0.333,2,4,,2,,0,0,14.8,2025
7906,Bobi Klintman,Det,F,22.7,1,6.8,,14.3,0,1,0,2,0.5,0,0,0.41,2,3,,0,,2,0,0,2025
7907,Tolu Smith,Det,F,25.3,1,6.1,,52.8,18.8,7,0.714,4,0.75,0,0,0.777,11,4,,0,,1,0,0,2025
7908,Noah Penda,Orl,G-F,20.8,4,10.6,,10.6,19.6,2,0.5,6,0.5,2,1,0.732,3.3,2,,1.3,,0.3,0.5,7.7,2025
7909,Eric Gordon,Phi,G,36.9,2,7.8,,13.4,20,0,0,1,1,3,0.667,1,4,0,,0,,0.5,0,0,2025
7910,Hunter Sallis,Phi,G,22.6,2,2.8,,15.1,50,0,0,1,1,0,0,1,1,0.5,,0.5,,0,0,9,2025
7911,Tyson Etienne,Bro,G,20,1,5.4,,7.7,0,0,0,0,0,1,0,0,0,0,,0,,0,0,0,2025
7912,E.J. Liddell,Bro,F,24.9,1,5.4,,26.5,0,1,1,1,1,2,0.5,0.872,6,2,,0,,0,0,0,2025
7913,JD Davison,Hou,G,23.1,2,7.4,,16.5,0,2,0,1,1,4,0.5,0.68,4,0,,1,,0.5,0.5,0,2025
7914,Aaron Holiday,Hou,G,29.1,2,7.4,,19.4,31.1,2,1,2,0.5,2,0.5,0.717,3.5,1,,1,,0,0,8.2,2025
7915,Jae'Sean Tate,Hou,F,30,2,7.9,,15.9,16.7,0,0,5,0.4,0,0,0.4,2,1,,0,,0.5,0,0,2025
7916,Jeff Green,Hou,F,39.2,2,5.8,,10.9,0,0,0,0,0,3,1,1.5,4.5,0,,0,,0,0.5,0,2025
7917,Ron Harper Jr.,Bos,G-F,25.6,2,5.6,,18.8,0,0,0,1,1,4,0,0.2,1,1.5,,1.5,,0,0,9.4,2025
7918,DeAndre Jordan,Nor,C,37.3,2,11.7,,12.4,16.1,2,0.5,5,0.8,0,0,0.765,4.5,5,,0,,0,0,0,2025
7919,Micah Peavy,Nor,G-F,24.3,3,6,,25.6,9.8,2,0.5,6,0.333,3,0.333,0.405,2.7,1.3,,1,,0.3,0,10.1,2025
7920,Karlo Matkovic,Nor,F-C,24.6,4,4.3,,16.8,0,2,0,5,0.6,1,0,0.436,1.5,1,,0,,0,0.3,0,2025
7921,Bryce McGowens,Nor,G,23,3,4.2,,12.7,0,4,1,1,0,1,0,0.532,1.3,0,,1,,0,0,0,2025
7922,Ja'Kobe Walter,Tor,G,21.2,4,12.1,,11.2,16.1,2,1,1,0,9,0.222,0.368,2,1.5,,1,,0.5,0.3,4.8,2025
7923,Hunter Tyson,Den,F,25.4,2,3.6,,12.2,0,0,0,0,0,2,0,0,0,2.5,,0,,0,0,0,2025
7924,Caleb Love,Por,G,24.1,2,9.6,,28.4,0,0,0,6,0.333,8,0.25,0.357,5,2.5,,2.5,,0,0,13.1,2025
7925,Sidy Cissoko,Por,G,21.6,1,1.2,,0,0,0,0,0,0,0,0,0,0,0,,0,,0,0,0,2025
7926,Nick Smith Jr.,Lal,G,21.5,2,15.1,,21.7,21,3,0.667,5,0.4,6,0.167,0.365,4.5,2,,2,,0,0.5,6.9,2025
7927,Trendon Watford,Phi,G-F,25,3,18.3,,13.2,22.9,1,1,10,0.7,3,0.333,0.67,6,4.3,,3.7,,0,0.3,10,2025
7928,Jamir Watkins,Was,F,24.3,1,0.2,,0,0,0,0,0,0,0,0,0,0,0,,0,,0,0,0,2025
7929,Myron Gardner,Mia,F,24.5,1,2.7,,15.1,0,0,0,0,0,1,1,1.5,3,1,,1,,0,0,21.4,2025
7930,Mohamed Diawara,Nyk,F,20.5,2,0.6,,0,0,0,0,0,0,0,0,0,0,0,,0,,0,0,0,2025
7931,Jahmyl Telfort,Lac,G,24.5,1,2.9,,0,0,0,0,0,0,0,0,0,0,0,,0,,0,0,0,2025
7932,Elijah Harkless,Uta,G,25.7,2,12.1,,11.6,0,2,0.5,2,0.5,4,0.25,0.436,3,1.5,,1,,1,0,5.5,2025
7933,Mac McClung,Ind,G,26.8,2,15.8,,26.5,10.3,4,0.75,8,0.625,9,0.222,0.506,9.5,2,,0.5,,2.5,0.5,5.4,2025
7934,Orlando Robinson,Orl,C,25.3,1,1.9,,0,0,0,0,0,0,0,0,0,0,0,,0,,0,0,0,2025
7935,Bilal Coulibaly,Was,G,21.3,2,25.5,,23.5,15.2,8,0.75,13,0.538,9,0.222,0.509,13,5,,4,,1,2,10,2025
7936,Isaiah Joe,Okc,G,26.3,2,25.6,,20.9,0,2,0.5,5,0.8,19,0.421,0.663,16.5,5.5,,1,,1,0,7,2025
7937,Mitchell Robinson,Nyk,C-F,27.6,2,16.5,,8.8,14.3,0,0,6,0.333,0,0,0.333,2,8,,1.5,,0,1,7,2025
7938,Vince Williams Jr.,Mem,G,25.2,2,19.1,,22.7,19.6,2,1,6,0.833,10,0.3,0.622,10.5,2.5,,3,,1.5,0,9,2025
7939,Kyle Anderson,Uta,F-G,32.1,2,18.5,,15.7,16.3,5,0.6,10,0.5,0,0,0.533,6.5,1.5,,2.5,,0.5,0,6.3,2025
7940,Robert Williams III,Por,C-F,28,1,11.3,,8.4,0,1,0,2,1,0,0,0.82,4,4,,1,,0,1,8.9,2025
7941,Daniel Gafford,Dal,F-C,27.1,1,17.4,,10.5,0,3,1,3,0.667,0,0,0.81,7,4,,3,,0,0,10.1,2025
7942,Jeremiah Robinson-Earl,Ind,F,25,1,6.3,,6.4,0,0,0,1,0,0,0,0,0,1,,0,,0,0,0,2025
7943,Kevon Looney,Nor,F,29.7,1,16.5,,15,38.3,2,0.5,2,0.5,1,0,0.387,3,3,,2,,0,1,6.4,2025
7944,Johni Broome,Phi,F,23.3,1,4.7,,44.3,0,0,0,4,0.5,1,0,0.4,4,2,,1,,0,0,17,2025
7945,Kyle Lowry,Phi,G,39.6,1,3.2,,13,0,0,0,0,0,1,1,1.5,3,0,,1,,1,0,0,2025
7946,Kevin Love,Uta,F-C,37.2,1,14.5,,16.2,46.2,4,0.75,0,0,2,0,0.399,3,5,,5,,0,0,11.6,2025
7947,KJ Simpson,Cha,G,23.2,1,16.6,,24.6,42.4,2,1,2,0.5,3,0.333,0.595,7,4,,4,,1,0,11.6,2025
7948,Jevon Carter,Chi,G,30.1,1,12.2,,3.4,0,0,0,0,0,1,0,0,0,0,,2,,0,0,0,2025
7949,Pacome Dadiet,Nyk,F,20.3,1,0.5,,0,0,0,0,0,0,0,0,0,0,0,,0,,0,0,0,2025
7950,Koby Brea,Pho,G,23,1,4.1,,29.1,0,2,1,1,1,1,0,0.694,4,0,,1,,0,0,0,2025
