"alpha","beta[1]","beta[2]","beta[3]","beta[4]","beta[5]","beta[6]","beta[7]","beta[8]","beta[9]","beta[10]","sigma","lp__"
0.0749150290552953,0.207819425988313,0.267664529544765,0.218298831453624,-0.271524677163505,1.52623358422534,0.497728566018841,0.186531494946557,0.158345290904354,-1.15082324881882,-0.02239725676101,6.18465783781166,-52143.1264240623
0.030601336802575,0.230685779271941,0.252055712915435,0.192734834372283,-0.2986536459134,1.5342498746277,0.475221446265521,0.142299077245198,0.157681455588463,-1.16052869423169,-0.0814890584350208,6.16879400799223,-52145.2759949391
0.0856958148675148,0.235557614968943,0.264910309575538,0.196672471847264,-0.296581039514843,1.53762684355838,0.488018033809434,0.193044147915382,0.163367125070795,-1.12769748755558,-0.0836999621657312,6.16967480490571,-52145.0299111458
0.133013159603228,0.192305700861958,0.255916694461268,0.213139577973371,-0.251114985814787,1.525461852631,0.498847011373897,0.129271293003768,0.146818652967464,-1.19521449630756,-0.0202032311409311,6.17162056516304,-52141.4546462849
0.0520537074653268,0.188909313555598,0.264571050106107,0.191654524429124,-0.242997905984321,1.53569250449311,0.472232479074937,0.17050304833959,0.141431836720138,-1.17405125952971,-0.0472015297220824,6.2027360694461,-52141.2692390212
0.133285016847798,0.211104788118074,0.250519842012508,0.204243763286697,-0.27211010950444,1.52284213704726,0.503195374113873,0.139386126597402,0.152416779675957,-1.16162706056055,-0.0552947189439499,6.14521233232946,-52141.2232986227
0.0666645075226156,0.230243589718567,0.26641015045376,0.214950516245784,-0.29078954725634,1.52938597733791,0.480675424200469,0.189798900112133,0.152525112893802,-1.12247168339144,-0.0431560179761945,6.21628727229429,-52141.7661824913
0.0675397331788354,0.204209471274754,0.2591973697406,0.204905336122675,-0.261484229432629,1.51688357555741,0.499593793443056,0.151152411394324,0.155620000386178,-1.16572773302378,-0.0469411207341683,6.16955428231702,-52136.734995576
0.157743200823053,0.20539305132903,0.255076462493578,0.197359121778709,-0.274716790618318,1.52878175349222,0.47590370874949,0.15759246098474,0.152144551816354,-1.17024279728423,-0.0534413209076023,6.19232433878298,-52137.8327715047
0.0756998253892294,0.203641444687114,0.259636709370161,0.206299454953914,-0.268196982300729,1.52003019320971,0.503402667376863,0.162798488772265,0.140056420852845,-1.16552446586382,-0.0423924474497687,6.19412422104311,-52137.5159500661
0.045666820523441,0.204614735355754,0.263586213485841,0.20945140287288,-0.27463996525549,1.52593201949774,0.487974199098246,0.145535462331449,0.125714116407166,-1.17590510981757,-0.0394330044741661,6.16643702653007,-52138.5287397474
0.0500359656178104,0.209482824988824,0.254166940897757,0.195068422834866,-0.272602102811023,1.52302686210155,0.495542561455623,0.173508465512439,0.184223321814824,-1.15975417538389,-0.0679244097521152,6.21507048206402,-52142.8060590975
0.0672921981471389,0.203829830370359,0.264714218862574,0.209603284951272,-0.27316976169286,1.5189218636814,0.488069039105481,0.156770083878029,0.129361610245244,-1.16413381943661,-0.0385831391726743,6.14581120653887,-52139.3114506608
0.0636284718830021,0.219291005499145,0.254630753513501,0.204661586438444,-0.278403873869391,1.52758124951329,0.489561302732166,0.167135480263117,0.172688280002502,-1.15379250718677,-0.0596186644822529,6.20790331498421,-52138.2469698323
0.0550017963869127,0.203056291592835,0.261567184345006,0.196004268718139,-0.263096436512542,1.52702584396315,0.488185445619505,0.173229943034966,0.171208072211547,-1.15719508095188,-0.0581263018329121,6.20684108019321,-52138.0959879118
0.188301814692475,0.189798427470991,0.25903161687021,0.197583542075506,-0.265699781687909,1.53216604486308,0.489132225243226,0.139221025249523,0.131413157471563,-1.19651611584199,-0.0495030414219337,6.21415083939709,-52140.8562556627
0.149365423443321,0.190629177961762,0.262484915331542,0.193035720203416,-0.259717954562385,1.52168933850894,0.482542367154632,0.164563456422841,0.133309758251912,-1.17931931311008,-0.0462944833919068,6.20549682652177,-52138.3646483232
0.190135065193202,0.195933749943414,0.265225540355361,0.200074159608585,-0.256541370370062,1.54765108802286,0.482189353791419,0.177142589081929,0.123051630862222,-1.1762658870002,-0.0430234781465699,6.16752893150407,-52143.3189126139
0.0480374483834316,0.17560152290428,0.255672715743322,0.174753497162971,-0.228448839018701,1.52612931208071,0.491933379477742,0.154241882597198,0.166185723164016,-1.19711627341653,-0.0757045771286056,6.18948813386233,-52141.4092587869
0.0489254148575203,0.189074967640469,0.262387974225489,0.190611225061078,-0.257608935203845,1.5350752028872,0.480378261109209,0.165124715094293,0.137791565428507,-1.18515471905619,-0.0571927071260732,6.15816212554442,-52136.6785246434
0.13443326309247,0.206157499960307,0.253970032356479,0.210643961570842,-0.262212237874305,1.52453535027924,0.506151973358511,0.157657128825448,0.152355595723089,-1.16140470598901,-0.04566698806612,6.19353755715475,-52140.8712928641
0.0868937481836084,0.206152017964365,0.253723536112636,0.191315817870884,-0.269760497581471,1.54845507480351,0.48767391937398,0.166480677884559,0.156003037699246,-1.18330618544282,-0.0541177005426399,6.18932907428595,-52142.281281262
0.0820724767220767,0.228291896822967,0.26675794250312,0.214106676410966,-0.293435250491115,1.52579381623571,0.476326897536085,0.129645624125753,0.149369893900491,-1.16099424276528,-0.0351559591958414,6.12745481653853,-52144.3575073486
0.080785189932237,0.206773658964754,0.254859831565609,0.209548221012221,-0.277251526872171,1.52190895705777,0.485589823253822,0.175683835323941,0.140065574212631,-1.15199502866146,-0.054378513606617,6.24194999235018,-52141.4168900093
0.138642994546238,0.191679885686681,0.264684629268493,0.195214290284476,-0.252474324502304,1.53555807654109,0.477744755580054,0.152076169281822,0.159322767610408,-1.198205184474,-0.0590086426269418,6.11796721235714,-52141.285847047
-0.0109918702459921,0.222435375895139,0.253334833146528,0.212272290994124,-0.281406869716861,1.52022526710947,0.49368407098106,0.172902663713861,0.1401960998181,-1.14698964318883,-0.0598771828206236,6.23350324440336,-52144.119374638
0.105107588786433,0.200684716034601,0.265991973826306,0.211865341102832,-0.265367484989756,1.52738137490765,0.494224755516258,0.148888744391741,0.148690807327308,-1.1760865853012,-0.0474732088341737,6.11279805539326,-52140.8143759446
0.065253302278552,0.216849848118903,0.254702628939385,0.208156880233424,-0.278603939226249,1.53219621361463,0.477226277039263,0.163123319389235,0.163903971437868,-1.14550403836471,-0.0549044246717839,6.15202492576929,-52140.2631934079
0.1032132339468,0.224975808493038,0.257219955782806,0.217038884548275,-0.299842036055835,1.52641673821288,0.490473960260771,0.164774174663003,0.12953553351528,-1.1506417650244,-0.0340790710381184,6.22163483991991,-52140.2290592785
0.0756514503501823,0.202302784941607,0.260805048911672,0.199011287653741,-0.256661130351885,1.52766106034587,0.490665832145015,0.158370527026027,0.171316899633757,-1.16512201815317,-0.0666733002286118,6.16917954843598,-52138.884046391
0.0859434853348553,0.203919167923794,0.2681418420983,0.201463570441047,-0.275210526245337,1.52978599730186,0.479443796195233,0.166596404263744,0.157279104171559,-1.17166072842278,-0.0401996500934459,6.19217153405806,-52138.495959756
0.111653136707696,0.186059273377509,0.264904442957402,0.189494364126723,-0.241455472959843,1.53529575525128,0.479160035503321,0.171518845331156,0.148626940254629,-1.17459146418418,-0.0604727544248463,6.19494835824555,-52138.3946296637
0.126710241262766,0.22987808501306,0.257482877852416,0.203613497074653,-0.303759953447325,1.54216972850174,0.476081968931861,0.146543344571112,0.141141194238772,-1.18438730147233,-0.057969848903067,6.15058702445253,-52143.615385148
0.0401312558325099,0.190095347459791,0.266563703689584,0.198770853971144,-0.257484877469499,1.52017886180013,0.498977134947965,0.190140109160889,0.158814832171375,-1.17436022427411,-0.0463727802207999,6.18856425620931,-52143.3113574351
0.0949791860950938,0.218400564503084,0.251896487942401,0.196243675776509,-0.28498864545666,1.53435902156475,0.497988550835886,0.149133372625906,0.147162554755804,-1.16524533402612,-0.06608894357243,6.16916798061244,-52140.5318239824
0.0785891372994197,0.223929188361962,0.255086518045875,0.197992420018902,-0.290449734223969,1.52999304264208,0.491581568376295,0.131714833737825,0.139643538852565,-1.16174402945429,-0.0706919486398968,6.17870246091561,-52140.6125332243
0.0923675239548683,0.211276870223058,0.258798806674495,0.196715061674199,-0.275929767245198,1.53812511445374,0.487434294354566,0.155879335060088,0.137011854266264,-1.18027596183874,-0.0637624535771312,6.1663226935403,-52137.2395369435
0.11953199344095,0.203447824914959,0.263826421327275,0.216882066203581,-0.271941334657088,1.52644519230654,0.491386385603872,0.162911285451416,0.147836021028502,-1.16576738581236,-0.0293286981670062,6.18216778393168,-52137.9227886282
0.0876908025159145,0.1994548471324,0.256089967172426,0.197130157005895,-0.262315739522333,1.52908355077006,0.486544030062513,0.146000504149168,0.135995527531531,-1.19246153917418,-0.0549097303588478,6.16030570385994,-52136.963721634
0.161971037210109,0.175928957066451,0.264252817140472,0.192863495218058,-0.243368490687279,1.52350590528331,0.489626844053005,0.180958596926705,0.144011020762191,-1.17838102937328,-0.0486583860372642,6.15094750445824,-52139.5079223928
0.0943991605957197,0.195002835004042,0.266360460914777,0.197398177270933,-0.252443619687552,1.52568239759668,0.488024624869419,0.179556095917254,0.158754243518249,-1.16316125425693,-0.0475698335831553,6.14364559426347,-52138.2129897701
0.0931937932675009,0.213995024704835,0.25128387401943,0.200023162025628,-0.277564943116999,1.53291103290964,0.493581485577202,0.152812449077681,0.138532872312158,-1.16446334670173,-0.0612054249167338,6.19156560488696,-52137.9231767252
0.177007831749769,0.186869794932713,0.268074335618123,0.187516305107297,-0.255137965415769,1.52415473220449,0.48062061034813,0.166067256039682,0.143131014026916,-1.17213604277723,-0.0574605636428118,6.19981221175789,-52139.5548700467
0.10590742829977,0.208162618667999,0.258911845537786,0.190229365493794,-0.277132381425274,1.54119022330291,0.485207275224267,0.174120066552967,0.135112613260159,-1.15974365941458,-0.0647985197149683,6.13196570241415,-52139.3694173542
0.0756684403401909,0.190105298379636,0.260786999529763,0.210838146266118,-0.247732560040549,1.52636520721391,0.490215437362597,0.157859771447024,0.166311609306203,-1.18665390190064,-0.029389455737747,6.19458412161413,-52139.8940682942
0.0664326058073398,0.19902662050667,0.257220866908803,0.197134736472778,-0.264526173331861,1.52157024396247,0.497761608102451,0.168725333498457,0.126162388345848,-1.15975775507023,-0.0752719531313025,6.14452479576759,-52140.4162100363
0.128355335126458,0.206177841222564,0.261566784365733,0.210678584724564,-0.268228202392893,1.53042076294337,0.474447055943168,0.154363572721892,0.16240105032161,-1.168200512494,-0.0334814585895686,6.2161555209351,-52139.6520526565
0.0126678644153496,0.20133411917565,0.257899955228981,0.195960892173899,-0.257656931483816,1.52844918516121,0.503816091033832,0.161777149104029,0.144018648043063,-1.16777156572506,-0.0674481909285184,6.16220189270366,-52139.7790685411
0.180333323940395,0.212778362194313,0.260369128833965,0.213960056199951,-0.287070250873908,1.53162774443781,0.481542361083358,0.155264191756933,0.155605655182797,-1.16852435270453,-0.0275451878624309,6.2123909182254,-52140.3231860412
0.0469358529848094,0.187648224371806,0.259422191142219,0.193929016904158,-0.25077199929165,1.52517642150627,0.497496870307319,0.163111524374624,0.136046924661787,-1.18754875331639,-0.0604118750013198,6.14265920369238,-52138.0416104539
0.117372324675152,0.188687952046774,0.25767176652841,0.196241477604797,-0.251886728165105,1.51720559730226,0.49000541691006,0.169362249935694,0.154193820937313,-1.17927464172463,-0.0541785069380141,6.21514192277042,-52137.9461184117
0.0814459006879822,0.183584909220715,0.26502688061352,0.190400889014466,-0.24172501584735,1.52489677685734,0.497413330123432,0.151728661898446,0.14572707605648,-1.18020534559569,-0.0510659445708211,6.18510414645759,-52138.1511462773
0.0598449972042495,0.209838165465418,0.250569005075846,0.204788734694361,-0.270474028606773,1.51612863545751,0.495986810035405,0.158901746629295,0.144988509329647,-1.14509779879163,-0.0470973710468883,6.16577860162658,-52138.9494774461
0.0615134923363177,0.201375894762376,0.251919363973534,0.199848775751434,-0.258031578649374,1.51373406533915,0.508445160860559,0.154227109762128,0.138283296026875,-1.15994110700827,-0.051580603177496,6.16001600305356,-52140.250762863
0.0626815420543184,0.192756503383552,0.258087981760698,0.197941803536085,-0.252514017117611,1.51978485058312,0.496197771504034,0.151368345405337,0.145682923089478,-1.16790047577702,-0.0269232044586416,6.20645738627046,-52142.1172011678
0.0740697790352326,0.172622512127861,0.261840202249581,0.168624037915929,-0.239735518711097,1.53141869253932,0.483741542478194,0.15033641865138,0.136236030411263,-1.18757163965956,-0.0734152947718675,6.14539651755849,-52143.2563702172
0.116354993889975,0.199450531268807,0.260608448551103,0.210254991423305,-0.260316803165052,1.51361583641646,0.488911170286511,0.167033630736952,0.144373436242294,-1.16525727608903,-0.0407524723104839,6.19651401038646,-52138.5587393181
0.0666111153451834,0.216536768782039,0.25504806717514,0.194379133705485,-0.286826305633915,1.54808869777912,0.478529321045429,0.162560528103723,0.145976243050915,-1.1595565720008,-0.0648322078443344,6.16576886977089,-52140.4303146188
0.144871227732982,0.22634005918621,0.263517075969762,0.203687277139601,-0.301108246439784,1.53885920626812,0.47508096281281,0.155510027085712,0.142822108368228,-1.15912844484009,-0.0520332987398855,6.12909800305027,-52140.284225455
0.0554514379878347,0.200848589555723,0.271419283937704,0.207205590049464,-0.254538357356771,1.54544920174872,0.475034490816961,0.182610634380618,0.136388390574343,-1.17525625304264,-0.0406108330107864,6.12204195110949,-52145.9880061012
0.0294506160281949,0.212355931829636,0.259737738853142,0.201171118461438,-0.287347241511041,1.54626711174307,0.478267143458889,0.172115414581309,0.168613863590988,-1.17267541214358,-0.0452055049652368,6.13571288193224,-52143.396771237
0.158123482419619,0.20507403386484,0.264821086684682,0.190074348485127,-0.276494653695613,1.52792416598842,0.477948487219657,0.164395699211427,0.136592415277579,-1.15924786913177,-0.060918365011805,6.21513335707744,-52139.75860153
0.183970255566748,0.204238951988014,0.261796606531312,0.198462553072267,-0.279282569802217,1.53236116181546,0.480487136354776,0.163887089404034,0.151420759320182,-1.17493833725193,-0.0660357774205432,6.20650328566439,-52140.2859938111
0.0337499073807694,0.216900530769156,0.253930588555802,0.200254026452088,-0.274281963674465,1.54665671859329,0.479936242366271,0.150879973868112,0.128217355165972,-1.16604424069678,-0.0521437885514171,6.14145033948028,-52143.5543797869
0.0486165360211559,0.202716552110686,0.256674769542627,0.196569279937736,-0.279629899132118,1.54942421249898,0.484744059679481,0.139733579514957,0.133297441765097,-1.19448995577941,-0.0526506643672729,6.15757641800849,-52141.0681132706
-0.00662229276177541,0.20503451755009,0.258374128765655,0.203088182610538,-0.274529725761613,1.53229919804595,0.48704869922668,0.12078978486202,0.151267669293825,-1.18284278760505,-0.0348637169063013,6.1877076098811,-52143.45468687
-0.00240619765425811,0.212962768625379,0.255631065432567,0.209026191773913,-0.275865639151774,1.53811357368028,0.489253441443371,0.131649233757416,0.143732477744958,-1.19166161750763,-0.0435578191923866,6.19623850095416,-52140.1029259293
0.127215988699903,0.197726569939963,0.258520977505303,0.20678835099704,-0.256363074314235,1.51053182142709,0.500887450112886,0.161425922816939,0.139959948484866,-1.15735153359956,-0.0489218318341584,6.14320066742173,-52139.13676442
0.0529892103296175,0.182959268333375,0.26322261250783,0.194268275771799,-0.24919372495675,1.51361043659368,0.494052198269203,0.183569870378309,0.141137264275684,-1.16073333576157,-0.0404517515379635,6.15136269123941,-52140.9528057557
0.098073264464781,0.198930895162676,0.26171351742171,0.199318939417272,-0.260258320862377,1.54277226782706,0.481279437368151,0.151981521864318,0.141074629058537,-1.19297141688966,-0.043604954675759,6.20114669218957,-52136.9458918002
0.0911188784768629,0.222860090572168,0.258114397031344,0.200696030816297,-0.290356845445005,1.53582304707508,0.480124416713141,0.158778586917209,0.148857856837304,-1.15879782766266,-0.0649490894866999,6.12238002860606,-52138.4775953152
0.0643481930159516,0.193536153268011,0.265009569097778,0.199867991454344,-0.267151533865156,1.52941662399578,0.494958435740296,0.155517807511574,0.133400138979466,-1.18441219484827,-0.0420899664391785,6.18845288290446,-52137.6544548431
0.163493085707778,0.206218945396266,0.25953987860617,0.193325919695454,-0.261271271562469,1.53033022242663,0.493156872935126,0.172470214055867,0.166002684555131,-1.15282430499577,-0.0610622759042568,6.15511613420981,-52141.1978675708
0.0192204291178602,0.20151228318572,0.261083481920099,0.196968946448597,-0.267959316766488,1.52435765141122,0.48980607971056,0.166178185940031,0.129446682849882,-1.15275598612235,-0.0437502189970777,6.20175223053187,-52141.542138152
0.0239702759868549,0.20614710405218,0.261975999459579,0.203782544209254,-0.268274911953713,1.52472860421225,0.488357905315051,0.16842612737152,0.129855721456228,-1.15346207028132,-0.0399015696822345,6.1885233914019,-52139.8237555286
0.0253639280638414,0.203169154725273,0.262781300938431,0.201437684147865,-0.266359996123845,1.52277119950271,0.489311933382438,0.171327734509324,0.135626245596998,-1.15129821657604,-0.0418193258504122,6.1988913948274,-52139.6309409631
0.079626796179743,0.184930391302958,0.258193090136704,0.183236231391238,-0.24260583899894,1.53495037572517,0.489812687216108,0.145309206306262,0.159599260243184,-1.19160467846502,-0.0588039324429825,6.15130557780287,-52139.6300566148
0.0512268447220819,0.169665035070324,0.261521689432691,0.180812483888894,-0.229539501757792,1.53186297478655,0.471987659647745,0.152154036081837,0.176462092619519,-1.22375095202101,-0.0674950001466989,6.20315988689635,-52146.7739480071
0.099015797483945,0.17923640531528,0.258346127900954,0.184230623392011,-0.23710868402198,1.53580718408612,0.492530359372028,0.153422240472139,0.115771178983527,-1.1979071131107,-0.0746627947590462,6.18230787967255,-52141.6058402583
0.0495641322476247,0.209412087190667,0.263432770699772,0.214739999791417,-0.259365472333632,1.52367557840202,0.488281047215131,0.155141911612312,0.153187275535613,-1.16620234116281,-0.0410579372885059,6.15566893962915,-52138.9246224874
0.110375279539038,0.224190601275408,0.254584841398224,0.21263501709724,-0.282739874336477,1.53435724983702,0.48800258234567,0.157136700937666,0.148252864156108,-1.15472548302003,-0.0667179095615693,6.20177959079727,-52140.8019461897
0.104351032845633,0.217378717763455,0.272279851619699,0.194671878216355,-0.29597448474656,1.52574439164362,0.487798873071408,0.154049771482322,0.137999058640947,-1.15621694970428,-0.0649736408220643,6.17613318074249,-52143.526645765
0.049007336324795,0.211987041658877,0.263040882588742,0.216715655755998,-0.278016466409038,1.52563135691345,0.487837657022082,0.158940087116164,0.150792065434605,-1.14404318226492,-0.0301004059725573,6.14701790235284,-52140.2088491354
0.0530984421990432,0.221535326140704,0.261755426177497,0.221944614104599,-0.289568823431965,1.51624911879159,0.484560326113316,0.168644925677083,0.158634391522739,-1.16384088872526,-0.0257226902010699,6.14799523839804,-52145.035274885
0.0664675583810642,0.227006393434405,0.258612065777077,0.21044859198665,-0.294331872165068,1.5261396941054,0.500803699577067,0.160355617211366,0.161860023576099,-1.13681219143461,-0.0703254457856126,6.17761945980269,-52140.583085821
0.0979234250236574,0.193923039146339,0.256337273479978,0.192813005610578,-0.255417477435171,1.51579240889317,0.489610558124256,0.179944879952014,0.14897774661301,-1.15369158347328,-0.0517575621356726,6.17919643092282,-52137.4578597722
0.119110530452097,0.184756952710363,0.264788779293069,0.190047366490544,-0.257067011330025,1.52894387971048,0.492855469493945,0.162788955567336,0.136700004641413,-1.19150562832497,-0.0585633364371568,6.18527967946552,-52137.4905648605
0.0893063667235618,0.203077453421195,0.261816458665265,0.205506654797318,-0.272414375557041,1.5469407969115,0.467831443212414,0.140621497387577,0.146825017954527,-1.1927727698601,-0.0426212856842379,6.16427505605308,-52140.4217748442
0.0840558372346894,0.191655339725417,0.262592689620595,0.19653450062669,-0.266911885004525,1.53813455235405,0.46930134276127,0.141808182738554,0.145474840538088,-1.19513346569714,-0.0474863429282946,6.17564122640836,-52139.891344458
0.154495434558078,0.182483411134809,0.269107505955005,0.203795625527566,-0.247831354822078,1.52783388030773,0.484818128167069,0.151778781677473,0.163406647872866,-1.18984429344378,-0.0298069139843862,6.20258323500576,-52142.5747029213
0.0974170445872424,0.202896804023397,0.263261990446571,0.212607876014173,-0.268053089816483,1.52689721731102,0.496671837370653,0.146091277767649,0.111645541874102,-1.16821535402294,-0.0505121446078862,6.1344671737678,-52142.8255116602
0.119880793567025,0.200106086088582,0.266458799067118,0.19518112985963,-0.274275525004737,1.53301770236717,0.493524777471958,0.154912991089349,0.116333041456795,-1.18161770693041,-0.0493741487001247,6.13937073009897,-52141.1903502144
0.158661315380876,0.19804002943496,0.268017947473111,0.194694481950123,-0.265087817496493,1.5456094928749,0.483625850040738,0.164641814779922,0.116703435338667,-1.17999199610243,-0.0676835360626625,6.14660547179193,-52142.3679412771
0.0886145340419343,0.201370082430889,0.267846921386352,0.205256946764802,-0.280921438132244,1.52758952966749,0.485536269526802,0.156417083229536,0.128064247664156,-1.17918089862112,-0.0463221751202527,6.14470133375752,-52139.5566368183
0.107092308737781,0.239938446738644,0.252920223809124,0.209643733438923,-0.310641390563913,1.5355592536282,0.487673493236207,0.155585907727447,0.168522963961429,-1.15544668628312,-0.0602612510501555,6.20698230957105,-52142.4301814487
0.0639592775026669,0.218925831283813,0.270850821484813,0.218819149322059,-0.297646344485964,1.54034556977019,0.465732428704039,0.165160065659985,0.158201957223388,-1.17665907281864,-0.0239850822890459,6.19637496642198,-52147.0382614077
0.0851739103190924,0.188138797294163,0.245676990614778,0.182126423832823,-0.234418731565855,1.51738991523644,0.494888223976176,0.173926193265879,0.135047556791671,-1.15655881779046,-0.0770980483328709,6.23351078537824,-52147.3545102563
0.11230490996284,0.192400093079442,0.250983838230766,0.186128667560086,-0.275683737624859,1.51467623176557,0.492609558745243,0.189475155417116,0.150760667394986,-1.14851059923449,-0.073315959844657,6.21088303253148,-52144.6379806276
0.106156321876275,0.212603576737063,0.263970226015906,0.208547360187666,-0.268731999039311,1.52252866343254,0.495344791393141,0.15264078338642,0.150364830032674,-1.17230279280711,-0.0332003284442115,6.1503172424205,-52139.9058019408
0.0964373359983602,0.21389468030591,0.267726650342076,0.211956190478259,-0.273922608709325,1.53837608507819,0.479580267943533,0.135337736055445,0.133587626780107,-1.17051250843682,-0.0491444654461811,6.20387967371011,-52140.5025934196
0.091611819325448,0.220127749513543,0.272831736960694,0.206779579507128,-0.299165003854542,1.53515247971277,0.48640863932004,0.154173695688899,0.12331110891987,-1.17451226907739,-0.0619555436904271,6.20950400902947,-52144.0418076771
0.0796380701033231,0.217158691921816,0.270598485199509,0.205230416154679,-0.276590756932307,1.55684569855823,0.484302377386357,0.137948452604845,0.137025576253989,-1.17672728925506,-0.0474324889636799,6.19107357356542,-52144.8200147666
0.0810961008727136,0.220490489256896,0.27263478607801,0.211727880931112,-0.287322673680629,1.54824232912621,0.476470493634024,0.13515920753364,0.143073130593255,-1.15773314482912,-0.0408433050700282,6.20035168194553,-52145.3365956953
0.110316092737765,0.21584724502547,0.251999590480118,0.211492538710366,-0.276130699541094,1.50490581854409,0.505759063818974,0.17454377091412,0.159735418338401,-1.14262938719028,-0.0555268740760471,6.17778888147207,-52141.9271396629
0.132062122011793,0.219318060330254,0.250754566932161,0.21002803665918,-0.285214760919284,1.52323570068314,0.488103938660444,0.175509302042662,0.164534089234146,-1.14971659473452,-0.0463044914630418,6.11544545617059,-52141.0549418855
0.0887467302159189,0.183161763117564,0.263972217133485,0.214541852288139,-0.245766786276575,1.52106993445525,0.489348225549774,0.140369116518908,0.151699286890159,-1.20350593581195,-0.00875132654660394,6.23770259872684,-52145.3404141217
0.148125534453026,0.17975405672749,0.25919584297328,0.201140897511942,-0.237922216629661,1.5270016446914,0.496570342142926,0.113301862909373,0.13323608822678,-1.21146521495791,-0.0349850725087905,6.16856720774398,-52143.3058837047
0.0865120314675849,0.204470631246881,0.26056607282372,0.200504015759873,-0.269785466231373,1.53386397681395,0.479088481956021,0.191431580190795,0.141720291873593,-1.15082661259473,-0.0565503379552656,6.18884848834864,-52137.9872092772
0.0936767106173299,0.215774631253151,0.25863826806205,0.210301254960169,-0.284328891607471,1.5246467638899,0.490272424043787,0.133236316627457,0.154016255103074,-1.17010624616413,-0.0391279501369746,6.12261284498947,-52138.9652185138
0.119237743999834,0.207125822526784,0.260061705539058,0.197583771282147,-0.275590858420609,1.53720494133253,0.484857403776474,0.173951666198249,0.149267446518745,-1.16758005345427,-0.0490547612591245,6.22925332406696,-52138.2059456496
0.0970438116845059,0.199296973514624,0.259479375988436,0.197490780436438,-0.259433109049622,1.52778573661453,0.480779268300969,0.173784173002149,0.136607206501806,-1.16343431745616,-0.0570991163283208,6.20222644530191,-52136.9467711293
0.136388078596863,0.177126546725602,0.266591049107809,0.185929220675031,-0.235644427166838,1.52298089376194,0.492637441725137,0.155555681113826,0.163152020971548,-1.20095052120654,-0.0464701198515716,6.21469368573678,-52142.4688753907
0.127289606634909,0.168091346920956,0.263573821753552,0.19127182141759,-0.234914858398823,1.52536194172169,0.492302601551145,0.157306276290736,0.161108967491167,-1.20379254527905,-0.0469627011698653,6.19345436410256,-52141.2111187484
0.0829169123481534,0.205241772114104,0.256792834937789,0.196399917633981,-0.269741300863534,1.53345166332464,0.494369583509773,0.163033728180666,0.130719576076818,-1.1768482931735,-0.0581133905800212,6.16697007111718,-52137.4376047295
0.0935199579552155,0.193598700725362,0.264214363375628,0.195553671746981,-0.253137025690899,1.51989842054946,0.488340421117862,0.156001252758315,0.163132020970391,-1.18227768328221,-0.0431044517558444,6.18165759135474,-52138.1899303689
0.0306018912016623,0.213800036134634,0.258494654390131,0.206930341502265,-0.2733163033996,1.53026657190045,0.490473390983478,0.153320953619978,0.152038201867029,-1.16730044454566,-0.0490166722522302,6.18806876680508,-52136.0800428064
0.126793218305039,0.184512958515418,0.255624433300886,0.204186990718963,-0.245886045015976,1.53071643977662,0.490558865492309,0.170530952495195,0.124596139289441,-1.17782884620178,-0.0182353450031842,6.14626663430999,-52142.6837918587
0.136276992859956,0.216830266438462,0.26542800524456,0.193975680846945,-0.282561909791478,1.53030486803223,0.480689684052511,0.153425683952902,0.158644355862932,-1.15132842324844,-0.0754489602704834,6.20364903630646,-52140.0742430184
0.0818910221497242,0.201312811281773,0.257400308895431,0.197145947411201,-0.26636149467079,1.53564588681072,0.482630482568423,0.168088678987696,0.148640670491551,-1.17654723881904,-0.056873457792949,6.20784653423513,-52136.1540758474
0.0932089365804264,0.214422044989418,0.265466948344212,0.216963577788533,-0.278809582044513,1.52704809543933,0.490792537081906,0.145200241435523,0.139876950024435,-1.1778781312231,-0.0434459625076278,6.16234770781492,-52138.5279527318
0.129034019765787,0.216702267264105,0.252326699657631,0.218982391298987,-0.284619107494841,1.52890630161079,0.486733408065769,0.155811962669985,0.149041427727137,-1.17056946920327,-0.0367723836896335,6.18242424570722,-52139.2272202295
0.0762519178133817,0.194201946690094,0.273847278041853,0.190670999924901,-0.265880902535866,1.53665686684223,0.475628655162264,0.148017372878702,0.134881145114606,-1.1825379549478,-0.0592018900396747,6.17209344849956,-52140.6881539433
0.0608132497822686,0.217249171204308,0.247019388220947,0.209114580761354,-0.282457357167172,1.53161644604749,0.498399858812758,0.138819938865982,0.155312079956906,-1.17823905249333,-0.0369447195892904,6.17856619550287,-52141.8337080835
0.0789536497708743,0.203610409133799,0.269307610147775,0.194509216827106,-0.281286212094305,1.52508655771362,0.476204260979443,0.168021895172033,0.16050541167032,-1.1625279393093,-0.0626092231044707,6.1723075403343,-52140.8953883641
0.106501810365544,0.239652712959667,0.256469379806857,0.219009755076718,-0.312876755362793,1.54935836048201,0.492729960004155,0.148125832421896,0.131301099141895,-1.1598825981883,-0.0325369602267004,6.16894749638968,-52145.7654155545
0.0744034701533438,0.221610156961071,0.264370908740532,0.216090461932384,-0.275277384223279,1.51515167537568,0.482102214805871,0.166293125951694,0.175043463593395,-1.15257892861681,-0.0566970025108791,6.19211193145678,-52144.0713171674
0.0752676843588689,0.209544655392053,0.24943226355961,0.2023952148885,-0.279979512880303,1.52204589861824,0.491383642082,0.162896974046461,0.116432544738841,-1.15968304839571,-0.0417076363265958,6.15627414681733,-52143.1253026507
0.0953654015491989,0.212319810775906,0.256366204686136,0.212538876529233,-0.27821491433067,1.52557303263893,0.496535277306871,0.15042775876382,0.130957896396038,-1.15828884570762,-0.0503205564425837,6.16408268723649,-52137.6432218749
0.107095348440979,0.237664776578245,0.263795426131522,0.226206344783394,-0.300150706799204,1.54009767309106,0.479031798945006,0.163694151459676,0.170731044394908,-1.14249993011625,-0.0377379001161837,6.19090505245001,-52141.1625107582
0.121667411868217,0.205678246655464,0.262181867453648,0.198426757476252,-0.267222928406261,1.52046636596076,0.489092398607784,0.191173029257311,0.136103742222036,-1.14173211167045,-0.0558471384538655,6.15098443903442,-52138.5293742334
0.159586315981035,0.201669004740514,0.263547326139661,0.2047936222097,-0.270404158634061,1.52983675224012,0.493562344174861,0.165216421306309,0.145387171447081,-1.16455933236508,-0.0476134684719706,6.18523307548565,-52137.5215460202
0.0331076543056117,0.215396215450402,0.255026292936642,0.210651869159515,-0.295198946171825,1.52506194355465,0.491955348008493,0.158895646220477,0.154053605578825,-1.16608959880606,-0.0454934521889882,6.16760311197527,-52139.8120418802
0.120716704688039,0.179832367322733,0.261677897917019,0.190320166114053,-0.254058047540533,1.52105952863431,0.495659003645875,0.151386766919172,0.137400578658623,-1.1914494033226,-0.0604700414611298,6.20093359660149,-52138.5985845939
0.0773500230503718,0.172251842928637,0.256779949096938,0.187312884060932,-0.230468007869911,1.52490974688116,0.489953170445619,0.182689555326624,0.152383904021939,-1.19905444101666,-0.0519546940830566,6.13687405061433,-52141.0987287166
0.107868730262211,0.181901129291445,0.256326452198568,0.186464216941418,-0.233660289230044,1.51963659389065,0.47713794775464,0.144377863774115,0.161402753641659,-1.18259588326994,-0.0519434643719835,6.20288511843977,-52142.8758499874
0.163460737770248,0.182506848958468,0.270404603372035,0.18545437987384,-0.256821442591358,1.52848700017773,0.494738372926565,0.173863257592412,0.151837429351781,-1.18821019419098,-0.0680113701864152,6.1626950132214,-52144.4157383369
0.0827868939799875,0.224370305722026,0.25190050784416,0.220306246669987,-0.301686469714435,1.55408768825946,0.477574993977353,0.14977692124972,0.137342969753945,-1.19184079552981,-0.0302769451770236,6.1884315749426,-52147.5645293152
0.111011868819387,0.209362937304123,0.269149006912276,0.198745845198362,-0.275765252956805,1.53224644981315,0.479358496199391,0.157877968005055,0.150557997757829,-1.15162815966937,-0.0669795370670554,6.2116073268865,-52139.8569003493
0.11466212642066,0.205549990756599,0.252433114383215,0.205505491909051,-0.277994460657748,1.53703226190883,0.477231819668575,0.159657243819304,0.156064614789692,-1.15920133721662,-0.0410677118243675,6.15253479762449,-52141.5080232859
0.0269099397069252,0.192481766540536,0.263370626978417,0.202048200621827,-0.266559876852684,1.53028313955076,0.489365405253179,0.149745452244883,0.142359481765674,-1.18498155008351,-0.0513849939469398,6.15714544266708,-52138.1183822487
0.0713209861765471,0.176530626750682,0.264182272003631,0.193289590625222,-0.241188717348772,1.53027155509672,0.484346318199044,0.156974676375625,0.146159108025515,-1.19636218206855,-0.0386327825766638,6.13137635353642,-52138.6720626988
0.0856016328758299,0.218379589205996,0.256258673635901,0.195591692957646,-0.288869370036959,1.52464212337321,0.491055715200339,0.152098519817883,0.151694327043244,-1.15694349075456,-0.0746205764569333,6.20593553300812,-52138.7362510129
0.0781678846446729,0.208571798687587,0.258698510812195,0.195895573271398,-0.278905359585049,1.52365358075488,0.495555856816435,0.159704500518178,0.143758737128134,-1.1584868626215,-0.0780164468632225,6.19392105652878,-52138.1817575125
0.0803393378552986,0.204122720420435,0.264082886639439,0.194243572062448,-0.267664977572544,1.54110233946743,0.470288440801672,0.153213928390845,0.160317565296267,-1.17183476537612,-0.0584536353824649,6.174225125181,-52139.1163682819
0.0887756880247792,0.169955386038032,0.25441177503182,0.192655429675146,-0.227904917760915,1.52366841750279,0.504077991517622,0.15519287199886,0.124671223412755,-1.19477181632785,-0.0493761922255127,6.18309197239956,-52141.054392744
0.112168507840392,0.197849194908126,0.263138945759979,0.200649362843967,-0.261344500679124,1.52322434500637,0.486721974301477,0.161120228720547,0.159161002755952,-1.1663813200896,-0.0511388472924431,6.1799257549491,-52135.9972161246
0.035436829966315,0.194690851756024,0.256667946221957,0.191589579365352,-0.268424434876521,1.52814662271942,0.487984915279739,0.162496319606619,0.133339768745198,-1.17636424911752,-0.0631907815612472,6.17370717435416,-52137.5932335612
0.126712735638082,0.222825451695865,0.255027168678321,0.21724572699755,-0.276796831568869,1.52536121708921,0.482734567210254,0.171429430916466,0.152955824773213,-1.13074259814095,-0.035634266036345,6.16056657369889,-52140.6885787561
0.0104308302717108,0.19836908879179,0.262574174058087,0.20044617354546,-0.246004005221824,1.52891542048928,0.492144137051112,0.130200711333232,0.154068841325005,-1.18512297820924,-0.0601055053864056,6.19588878069685,-52141.4088696428
0.0710758689513014,0.190637069685907,0.261897505109106,0.191719204430846,-0.262941522123721,1.53249428951813,0.481632779916852,0.141182393316047,0.163690998245763,-1.20973550096355,-0.0525235170895185,6.19498445287297,-52140.0314311407
0.140903558096417,0.192794000003565,0.259794391652787,0.194279355503047,-0.25202029462983,1.52648957743831,0.485835778356832,0.170927223632235,0.148397127241631,-1.14751925838251,-0.0457997814557125,6.16409099863791,-52141.0593855881
0.179021140084591,0.204522858925903,0.263712342102068,0.204787554366636,-0.268370088378328,1.52968998980291,0.483328776411011,0.187102227208485,0.159956021442729,-1.17241553027788,-0.0455825234196933,6.22971333830885,-52143.5715633136
0.104413209123193,0.213471194158407,0.260033059975913,0.210510121735325,-0.291768285043125,1.53326314191081,0.486509867232302,0.145792393964663,0.124392723315211,-1.17448329811232,-0.0546026176464521,6.13809177023578,-52140.0934210773
0.0973377103901339,0.198114575714083,0.258061639926562,0.200643685131959,-0.260275306124972,1.53314768115148,0.483823848602079,0.174072938025587,0.167331563782429,-1.17382420022137,-0.0454437306285967,6.21119616957679,-52138.1451710988
0.0686577702827674,0.203623456979024,0.257980501221674,0.204379947474281,-0.268228624163102,1.51470531745738,0.500090177774953,0.154174873837577,0.153753612292321,-1.1549860724739,-0.0641064223545061,6.17440942310762,-52138.4798219979
0.127563617015378,0.213551197717768,0.2582018725203,0.203526417001302,-0.287404557698246,1.54028979781423,0.477903247720992,0.176155909551928,0.141842642411475,-1.15962198824603,-0.0435471650119858,6.16724351352478,-52138.0369939808
0.124812450821044,0.200087984152676,0.256684103716399,0.198710617737418,-0.260086699228726,1.52683805694903,0.486424078890822,0.172939873933961,0.143887311833741,-1.16445447557467,-0.0500907395237819,6.14051177527331,-52136.4107654417
0.0488292657617784,0.201374498220723,0.263027296905901,0.193870657727105,-0.264255786942298,1.52906115111123,0.486220820185088,0.159866919967136,0.153796783123466,-1.17430447078004,-0.0675334036261874,6.18928248303752,-52136.2530760879
0.17817548209196,0.202722204317308,0.25089815286967,0.196297454933396,-0.266878422168147,1.52880880466319,0.474597972217735,0.153704995624688,0.155226120109932,-1.17687476140263,-0.0320340623447163,6.11073092934388,-52145.653903335
0.010529804644326,0.210290118840801,0.266572597114651,0.202235571209598,-0.270593352683243,1.53448484664796,0.492436644988285,0.150949214765983,0.132114400132226,-1.16657021502188,-0.056140953331682,6.25607436387061,-52142.4918177607
0.183358791812164,0.214685306402062,0.24623676656136,0.201666992419324,-0.276927982402058,1.51947589504638,0.4836740809924,0.169645736939557,0.158950563809345,-1.157527967386,-0.0508980979943406,6.12903631816461,-52143.6204984716
0.14680680252073,0.195259264929364,0.264894716927543,0.197987753013395,-0.264343438758031,1.5379771342064,0.482995305452829,0.162539928546454,0.134536729418192,-1.17159268599511,-0.0544620150386445,6.26224864236996,-52141.5394773394
0.0844439452718515,0.220755549460255,0.258660650445796,0.204813571351499,-0.276861870306189,1.541143271465,0.469125598406015,0.157588141816275,0.157518944056094,-1.16816818546598,-0.0425698659255623,6.12426288160164,-52141.6427722981
0.149082057485007,0.213573754916341,0.258889344511071,0.207318034153261,-0.268947572488121,1.50790668776773,0.504511269890838,0.174082934341743,0.136764135655085,-1.13835250558871,-0.0557484427411596,6.23395738439493,-52143.2186447887
-0.0346870777177041,0.227086054043762,0.256234368020438,0.2102951117233,-0.302987427121315,1.52867317936316,0.486400036259025,0.178856295442027,0.174305733248948,-1.14247705496308,-0.0614548605865625,6.10139858269615,-52148.7344976531
0.193089482676811,0.187057555272079,0.265213437947179,0.192624228665371,-0.271349688212415,1.53123119976888,0.476422209475213,0.14281192804441,0.119110479864024,-1.19386722285835,-0.0447121244770396,6.2697617465706,-52148.1492803305
0.200949199470217,0.186257891784757,0.255138622845977,0.197430994297959,-0.251800329188047,1.53664860569535,0.485632071058665,0.167399736092203,0.122211603507348,-1.17700351187256,-0.0413848268486445,6.18985095714571,-52142.1951577154
0.115512398089923,0.210779717762624,0.263929574786505,0.194375554745566,-0.263427811869678,1.53099031041763,0.480784648684609,0.164967879041686,0.137235947209985,-1.15191721356092,-0.0594634577253584,6.15661115026893,-52139.7147809328
0.0461881636184717,0.214652778020818,0.253902039601441,0.203881193159153,-0.261844022292614,1.51979917335463,0.490615865500747,0.15431098947007,0.160987981792622,-1.15289008585487,-0.0472000519982008,6.20123791896868,-52139.7421435539
0.0435261557082308,0.207640041581533,0.253738638561538,0.20659913832311,-0.268776898929208,1.52383742109558,0.491951869704798,0.150617055171071,0.159780192771077,-1.16266743894515,-0.0547363108746597,6.18542915033496,-52137.3525606171
0.12810483050609,0.19463492893911,0.263238275871826,0.201690756329385,-0.248789605656719,1.52483306176568,0.500435686433915,0.179626822546133,0.134821475369429,-1.16348857037882,-0.0547709147527761,6.17334723130478,-52139.6811303928
0.113263751454516,0.188245750161631,0.264579307454873,0.201450174880423,-0.257526549686702,1.52501597001952,0.501830642618198,0.189308210567084,0.14004550276897,-1.1667194536469,-0.0584311904736849,6.1660374615233,-52142.1700944745
0.105164447163149,0.218470245425687,0.257699248596031,0.204622547089305,-0.279533303201081,1.5409720060726,0.484482649178623,0.133860201079057,0.16077012584338,-1.17719822221974,-0.0393713047881458,6.17706460124078,-52139.5460644164
0.0832787488821047,0.196058441167392,0.265860970541649,0.197837042017766,-0.265731169288904,1.53074410208077,0.483613039589321,0.178485325508245,0.127646337747862,-1.18022276522626,-0.0463079736063096,6.23666429449602,-52140.7225012958
0.107087212393294,0.175711206012537,0.257583343757195,0.190187571847649,-0.240972414294364,1.53446680722958,0.484054710270723,0.134608686239564,0.162612160473093,-1.22276153907958,-0.0441391686109287,6.11346171521741,-52143.3370406569
0.0781028754631165,0.195871739299088,0.270995650478931,0.194831412879958,-0.265537384679855,1.53589185108505,0.478499898830088,0.160216714081985,0.13427152923045,-1.16252477479413,-0.0493365985945298,6.19085619980094,-52140.8166980104
0.159195271427129,0.2147776107925,0.256607444306899,0.196793541773118,-0.276299323408627,1.53185901705685,0.489492003260941,0.162136134934359,0.145432135720712,-1.16293792850572,-0.0568820593514779,6.16396368812673,-52138.0490772522
0.118003655741461,0.202607599817509,0.263273413716661,0.197304627088042,-0.273934196223812,1.53335028386016,0.479883042970125,0.158473722067533,0.134038425397572,-1.160169184458,-0.0573876107756082,6.15216816892993,-52137.7084481044
0.0620611163484174,0.199970678145832,0.263771675579394,0.199968531920786,-0.259863431048059,1.53748254843974,0.482422890699819,0.160406642713322,0.160666746729954,-1.18867172426607,-0.0338070920679615,6.18945518368283,-52138.945261403
0.127887807657298,0.222597849476346,0.259821914065142,0.203811609871544,-0.286981855858204,1.51983156621792,0.502150306769237,0.149531067716963,0.137384847140937,-1.14560998325238,-0.0534256613489444,6.16201505302456,-52140.7189142853
0.0919112297303123,0.236709098132897,0.251810214774323,0.227270155675091,-0.278758523922153,1.51983723840853,0.491709738745186,0.156679238731709,0.16327848092019,-1.12335616346511,-0.0335379016331971,6.20449673729119,-52145.0370058001
0.127889699961555,0.230845691762619,0.256638957794868,0.224627724158018,-0.308215551778468,1.51878636451161,0.500471354639704,0.177266834367166,0.17494829343467,-1.14384987447921,-0.0334359703005744,6.16098728712395,-52147.1446229539
0.0911726986121757,0.209751560576355,0.263157312835035,0.215251185984705,-0.261263849409248,1.50446715512382,0.494453900108003,0.152518693244047,0.146082759866244,-1.12633978200092,-0.0470658983668981,6.18129225572676,-52147.2215982055
0.0970788099174016,0.208985838182219,0.252738267875019,0.201636805373603,-0.265545883977629,1.54779525963371,0.491837370622739,0.182023999730851,0.125999355108687,-1.16785192950697,-0.0523692682433722,6.16936491086681,-52144.5400336437
0.0464497242622353,0.19536913822476,0.25582285741779,0.192291195561453,-0.260861574011247,1.52335491393844,0.49636901952861,0.151429415300325,0.146985019660169,-1.17993162837057,-0.0506063528065864,6.18893560778869,-52137.5472749479
0.0809797760664211,0.182237234819574,0.256303146183392,0.200787081480677,-0.236673933888841,1.52385242796161,0.500311254338657,0.167023444893747,0.142770688839601,-1.17673041740036,-0.0474363063630241,6.19140609631668,-52139.1691965329
0.0237914523664775,0.204658382907434,0.259079705240455,0.203600418175071,-0.257695632437575,1.52439118389405,0.488582402715976,0.148141745842661,0.166549096341939,-1.17473967663979,-0.0603066059097668,6.16188856258402,-52138.8871874666
0.1072331901205,0.217744996777807,0.256382024262164,0.207769277683006,-0.290141669415955,1.54487771048846,0.483244190496556,0.142217347533903,0.124893776154744,-1.19112101437006,-0.0604229993510358,6.195014035434,-52142.6671460156
0.118008771641083,0.223359152961559,0.267131525528446,0.213556070600602,-0.296423821381769,1.53105874404581,0.480414569711511,0.176399696050367,0.14768051555989,-1.16283795401062,-0.0575065402620836,6.1715740666268,-52142.0660601908
0.0731875560236945,0.209557113090147,0.257590190776531,0.204132005753856,-0.262911435159597,1.5233472802794,0.49666676348216,0.137822816251586,0.14594475946989,-1.15843541969656,-0.0521974630833818,6.19103399317216,-52138.7102469482
0.0508481710495335,0.201976687595284,0.259235591862629,0.203408132842924,-0.262257458811345,1.52650466604644,0.49942149768215,0.150688907764364,0.151521037367625,-1.17524097070929,-0.0615775131649648,6.14993178976366,-52138.0730152926
0.114869672386434,0.190470126509015,0.265897137243338,0.190704469253618,-0.258568195008728,1.53733570122163,0.486529056332065,0.163752925608338,0.142490821227967,-1.18031860316075,-0.0574251558564191,6.20138298326048,-52136.8922791915
0.080024209253522,0.226855994637535,0.258007781835621,0.219703548768471,-0.298239989575459,1.53304991977435,0.477527956102657,0.146336459258859,0.145663750284882,-1.1647829096714,-0.0419805437644248,6.15917701029186,-52139.021314556
0.0727663416419233,0.212593051033836,0.263008040147822,0.202945206454349,-0.291247710889316,1.53868408151666,0.483965790296687,0.155793601261106,0.166180296050024,-1.18159998269609,-0.0462129752905412,6.20786147696566,-52141.0326925694
-0.0124166473138782,0.218339716247205,0.252657070163752,0.201141122799187,-0.273832635190036,1.53660959865054,0.488043131582073,0.120961618505708,0.142392448725116,-1.17470099200713,-0.0692604199268548,6.20311616777282,-52145.3892531509
0.0916993617445391,0.21680571969552,0.266221759470753,0.202496651167475,-0.280703923253847,1.52851819427912,0.494585134299175,0.158987941348267,0.146000243644672,-1.14988571628661,-0.0646799205712423,6.17342944619535,-52137.3546175958
0.098676467459811,0.188661734021304,0.256199619008403,0.19562887914356,-0.258356984986371,1.53132010104234,0.492621880925805,0.157112447963601,0.150186427917404,-1.18540675254522,-0.0448139423709458,6.21331392586226,-52137.6600808577
0.122757162095749,0.204330282273432,0.258034780478291,0.201899299782664,-0.272820854432352,1.53171450452799,0.473287813243773,0.149461169751443,0.139991510023283,-1.18320994185954,-0.0567964009946557,6.1650494749484,-52138.8430249847
0.10395462728358,0.195310447894378,0.25656602889746,0.190680636379425,-0.258035177659801,1.53185454368387,0.482865534202201,0.161522141665657,0.160477801237166,-1.17600533533096,-0.0487341794239794,6.14090953721786,-52137.7690194389
0.0795742410262882,0.21066632415298,0.258416101759202,0.207872456218229,-0.277839884708305,1.53066320279158,0.496027781677167,0.159580833816367,0.126668350770142,-1.16902870554491,-0.0600169897787864,6.19275777335228,-52138.5115398181
0.0238637632199395,0.217287050041679,0.263618746814771,0.204162155973565,-0.286476346810005,1.53871194794988,0.474172241051058,0.174717427645656,0.163923575898017,-1.16184684372202,-0.0614467855328559,6.15567223665343,-52140.2903387193
0.188949575952407,0.222783659189821,0.257988217727871,0.207183433214324,-0.288607167387157,1.53292775042689,0.482642281880125,0.169731635625776,0.144749383079897,-1.14561095901541,-0.0605638887419082,6.20622818276367,-52139.4279353314
0.0350258717966168,0.211158812367936,0.264025062929586,0.219251597250574,-0.278644500873041,1.5302114932776,0.492823760726811,0.148315458423028,0.14344327471791,-1.16290571698488,-0.0362500101694395,6.15294001092663,-52138.8039994213
0.140967102506227,0.222859314292759,0.255942328240112,0.204337256272432,-0.292569515419942,1.53100637986997,0.485264277361336,0.160794647677431,0.149302866862787,-1.14485954264301,-0.0601411030745769,6.1986988459835,-52137.4565037482
0.102148966804335,0.19942003770314,0.263007593397136,0.206072060405296,-0.25929310128045,1.52098134476037,0.491060881210403,0.150214645312734,0.151067995903033,-1.17557915371419,-0.033958888610714,6.15493738741086,-52136.8893797475
0.0676445915853286,0.240504078893438,0.261969386201827,0.215011054995273,-0.305131548497624,1.53083473694341,0.477627030869642,0.161290102614146,0.147379235866359,-1.14828857594856,-0.0507038761437849,6.23458194650372,-52142.228805095
0.100751387964569,0.229200298671621,0.252653643311817,0.220195357736958,-0.304329891018301,1.53396248889326,0.494242519988039,0.151475405339985,0.14216857195636,-1.14630855853975,-0.0394256184462878,6.22578557452922,-52141.3587702461
0.0623354760112482,0.23154548591001,0.265467597723544,0.210574361850711,-0.291092123321934,1.51730481753913,0.492704865764144,0.168731875013068,0.155370764710015,-1.12721551095563,-0.0580691033375002,6.12608475383857,-52141.359232392
0.0317725361683826,0.208662988526966,0.247071624708077,0.202091302347891,-0.2735506208216,1.52548277819736,0.495864278084518,0.160661275080372,0.164723190107004,-1.15495738243401,-0.0582417388928219,6.22236970905987,-52141.7769177246
0.102472186599347,0.205224634617079,0.268237848597998,0.210062461232955,-0.264908718602684,1.51611485932505,0.499133501627359,0.146509187508535,0.13734442734561,-1.17015169082028,-0.0347813489560614,6.12700135488481,-52141.7271354963
0.0937412739584751,0.199580496041069,0.264334209030477,0.216116523952856,-0.260981220766198,1.51646437838354,0.50440261391639,0.141336434433124,0.146623068173181,-1.18948373522453,-0.0360375810288453,6.12840972379166,-52143.5763914841
0.0847859127314406,0.219467718014586,0.261158520041373,0.219088119299497,-0.288686329528597,1.52752520077726,0.49042745761749,0.114060143546585,0.15123975903997,-1.16586430875021,-0.0273439800467603,6.19076174037928,-52142.2419151095
0.0770987308601128,0.235322115591326,0.257907720810473,0.216728797554016,-0.310922644385351,1.53553210026858,0.481741861476544,0.187420245320617,0.152209651192754,-1.12417968151402,-0.0531371754567716,6.17234629478171,-52140.631377098
0.0532407386588527,0.224986877051884,0.259766688106516,0.213627752515447,-0.297182563973445,1.53492317278405,0.483354351672254,0.149157595080911,0.138569414011052,-1.15012731368289,-0.0509997272763688,6.12724979125682,-52139.6887005599
-0.0320817004207803,0.209367573038674,0.25532741141645,0.209167152279963,-0.272967149970619,1.52946467251466,0.484432906602607,0.155725606324728,0.141285094021351,-1.17584700925668,-0.0364300141338538,6.16781620535478,-52141.7757780559
0.113353081668906,0.211677476249866,0.269367276449876,0.211867238233798,-0.283673654694032,1.54055441623828,0.487287812176331,0.136093825563651,0.137604845569579,-1.17952436160071,-0.0451317074894447,6.2024810483538,-52139.5184422665
0.210708575182856,0.213288674750804,0.261086816477566,0.200570187827697,-0.285341753947297,1.5375771117129,0.474633858401301,0.121664953494962,0.142341157610089,-1.18997534070092,-0.0555815972835193,6.20737917816366,-52143.8778047231
0.0240240195245859,0.169255159165745,0.265658327139453,0.188883994071117,-0.229345674870077,1.53356591450362,0.486066767690951,0.200310111077308,0.13241016277953,-1.18391271038505,-0.0390305345285637,6.1486350416365,-52144.9912951888
0.187568439916896,0.228395809701459,0.257963042458111,0.20404155875703,-0.299231334657452,1.53822585778944,0.486025228835922,0.127645102842813,0.151194544374641,-1.18245224452098,-0.0740556857677229,6.20910213553928,-52146.9275226918
0.0374853291084175,0.20080556538179,0.263843520941857,0.213098350490567,-0.267221909441155,1.53860133274649,0.482439403971947,0.192775819459609,0.147077360253042,-1.17521766234495,-0.0239474202937589,6.14593990546265,-52144.9303516277
0.169167566621438,0.20799262112754,0.252933320333484,0.198156259108615,-0.270382939216053,1.51092574933418,0.500166194297189,0.141825204256043,0.141854002716343,-1.15168756695784,-0.0668545215874059,6.20484778577719,-52142.8062616328
0.0307718386423023,0.195475623915636,0.263667897054703,0.209706907970553,-0.253460176348719,1.53544686788178,0.481754650953003,0.1827310359581,0.150296564956861,-1.17743285742713,-0.0362922799054336,6.16399861143636,-52141.3789254155
0.0369333341088402,0.203147796475232,0.263355954878895,0.205970800137376,-0.247580369696355,1.53396291367971,0.48335453075721,0.18091230423476,0.154032996150846,-1.18111997973957,-0.037008210072731,6.16195279979365,-52143.9674561632
0.0531488227917695,0.189380987383506,0.263212656992039,0.198239540950132,-0.241916312121002,1.5318845313929,0.48229969976321,0.169358086628209,0.154636995651221,-1.16165963147151,-0.0391686982517433,6.16780274280653,-52141.2802237652
0.131513300895953,0.213434001177332,0.259146160619605,0.191808423349405,-0.279241800949381,1.54088658362861,0.483621681765897,0.145289184301548,0.14285734211324,-1.1629848917252,-0.0756552424853864,6.19197105030371,-52140.1793597449
0.029225201493335,0.197521429943117,0.263295227754529,0.201218472873639,-0.261054914938897,1.53345016281811,0.479317880288546,0.172818574416772,0.152425025573824,-1.15851834356829,-0.0541838435659418,6.21776250039278,-52140.2617367504
0.160029583014031,0.214083166153501,0.259049581631021,0.203120296338042,-0.272135891077304,1.53822525751985,0.486541429479681,0.168914215914135,0.131040006734585,-1.15377509087405,-0.0622330387203234,6.16188584231325,-52139.7795918625
0.0497400444618821,0.19188081647792,0.259961998449213,0.210213702954444,-0.243434267889649,1.51531166971556,0.496113704454731,0.15312908635995,0.158950639156965,-1.17475483576961,-0.0328256475802201,6.20280795267824,-52139.7402389955
0.129028478072091,0.21543612232767,0.262908787156616,0.192803119742941,-0.284103920921213,1.53965911539018,0.473519702047302,0.166176298281424,0.132320978917622,-1.16507540591355,-0.0749160229920416,6.16338300086463,-52139.5418824893
0.0637958959521349,0.208392566656749,0.259573687521482,0.208282055068919,-0.269632399755757,1.52306204583031,0.501369506542684,0.165903562552347,0.153932984475003,-1.16081010824091,-0.0511384058654662,6.19720852799841,-52137.256849023
0.102384114445438,0.187237884058848,0.264028208637101,0.198619604245901,-0.249899275921184,1.51744278688506,0.487985584710739,0.170496418919916,0.140024245006086,-1.15013006055594,-0.0479651376443077,6.17131506019451,-52140.3762977219
0.132838321364887,0.204981367639683,0.266546599751891,0.200002638774322,-0.270501941173299,1.52990480391539,0.495901396402041,0.168049032890709,0.130265556284086,-1.17372285551336,-0.048061456087058,6.136190863668,-52140.5153900942
0.144558862766714,0.20442752220423,0.255216891592984,0.209811318789125,-0.271957089510513,1.51638388819522,0.486119849550232,0.147584216987132,0.152650119105907,-1.15344143036346,-0.0447435106570351,6.2220495418389,-52141.3517489411
0.0245108071658151,0.21225592917056,0.259696727622987,0.21123746545582,-0.283871850642758,1.52180623182076,0.490633763627426,0.174366494796001,0.141993524566545,-1.13504635840547,-0.0562874079228513,6.13818785913531,-52141.2706022379
0.0115990942210627,0.20469144640745,0.26216174011982,0.207513415736455,-0.271858421240111,1.52992444009977,0.503707289955124,0.165544754677409,0.139139494168604,-1.15956180761965,-0.0493262740485742,6.17839287657087,-52139.6266343902
0.0522362831456006,0.199898874065109,0.259827554446668,0.208489599169833,-0.265750760810873,1.51903762792482,0.495704326793342,0.163621730116907,0.14367231494068,-1.15989097958606,-0.0422812954607479,6.20090284805552,-52136.9498291805
0.0698758222743201,0.197718056691637,0.255888125522454,0.203623474393504,-0.260657239894344,1.52194434029298,0.493107081500059,0.150889873488813,0.150987664545968,-1.17621690366361,-0.0399559946733688,6.14628149843876,-52136.4447256426
0.176410671068819,0.193793437701264,0.260834812740079,0.203163141922775,-0.263533991306242,1.51918556487856,0.494506069183983,0.136110171593844,0.144541263826505,-1.1788953934283,-0.0449628719768816,6.16043286774484,-52139.7729276283
0.203449020067194,0.197004149447346,0.260843822354006,0.202987946971535,-0.258539029137709,1.51172086664705,0.501001956727087,0.133398365878537,0.137661592424385,-1.18008962056062,-0.0373020629488386,6.12558180515857,-52145.2586576597
0.00123732817140562,0.193353433964815,0.25979637025928,0.191765738712413,-0.260871499222184,1.54209345502262,0.482996487738171,0.185050294936706,0.160537523713762,-1.17028720543152,-0.0669737961743197,6.22745534148418,-52143.3904874475
0.207513255832379,0.210799087506274,0.260033937990378,0.194038313206038,-0.26913952651959,1.52783393390482,0.474976729394882,0.13978135382966,0.140903193922079,-1.17606648581505,-0.0681109570983884,6.13837873196114,-52144.3122163219
0.138136054172229,0.189431492047613,0.258277131097871,0.192343486156642,-0.268737612549858,1.53121992595138,0.497466136042811,0.142507155965032,0.125492496831822,-1.18529668138047,-0.0584321545180106,6.15280401756986,-52141.045954768
0.0677272793332411,0.186595867362043,0.255058608621293,0.191809037949302,-0.246355193938266,1.53192720934309,0.486960653371913,0.179755519910272,0.163625926462395,-1.18359026430583,-0.0577688327830337,6.17991413795906,-52138.8518660897
0.05962050455261,0.202736622247622,0.264440354162573,0.206337973577003,-0.267235080392176,1.51426959485659,0.493265475655464,0.160698232629136,0.140472625084638,-1.16589964232739,-0.0590337382924058,6.17137106288209,-52139.0677857943
0.0773166319563479,0.194784258251185,0.275142250176496,0.199380362062513,-0.254680582719893,1.5247143580968,0.495230342997451,0.147711497504512,0.139235544914269,-1.1724790039037,-0.0411763569282625,6.16516242429124,-52142.5219478721
0.0746252609594277,0.189789227035754,0.258439101957305,0.19674111735526,-0.251921789175013,1.52955359342239,0.48919049766581,0.146736752229498,0.156792557031967,-1.20195227515922,-0.0605675132201046,6.15850200245551,-52138.6393574503
0.190484444093315,0.210338896127028,0.252772610707952,0.211787028383252,-0.270062122220775,1.52157020654688,0.494416375231304,0.147284804046011,0.12146395936867,-1.16604076479255,-0.049574716360012,6.19319874123073,-52143.1388626973
0.129801984104333,0.195581928805328,0.257920479352806,0.201981513114904,-0.262280862582532,1.52549715092551,0.498016381931268,0.149001566408846,0.132139123147449,-1.17333238541624,-0.0397465342931145,6.18205071787643,-52137.4245938927
0.0547389077199449,0.198682352914473,0.265577079351987,0.188695937316339,-0.246487634180487,1.53517819372499,0.468432430448744,0.15792708007899,0.151655395120131,-1.16837769007665,-0.0641188620897911,6.17522566242619,-52143.9915993131
0.0881127166259084,0.210422447682025,0.253111901784119,0.208832810316469,-0.275090808019254,1.54011511362576,0.49276769925423,0.167708971258749,0.144551776878662,-1.16066694616316,-0.0439852619613586,6.23361513841992,-52140.9619479949
0.0778612358817006,0.207854714422322,0.253471982770902,0.210470721814026,-0.271760913438521,1.54104861090218,0.493467523639557,0.164484200595209,0.146679011473333,-1.16747971195589,-0.0376368205073068,6.24572387031995,-52142.4094269932
0.0708349748437386,0.202100359313014,0.26810983836083,0.198165431178513,-0.272871668389605,1.52454384266022,0.486340093018684,0.158210041334254,0.120883170286268,-1.16069537273624,-0.0494762557271423,6.1439525201202,-52140.8948765511
0.0538385877082452,0.209273771993288,0.266526141529344,0.198280381328837,-0.267860907733579,1.52333595763221,0.488797190926913,0.163367474415316,0.125878202915536,-1.15526028824776,-0.0474585072010743,6.11974413527026,-52143.7424810523
0.0699557836891443,0.203196134282057,0.268215007526914,0.20183694067264,-0.272391406769989,1.52440808403953,0.488085074608415,0.157776364274672,0.124533484614694,-1.15542432934532,-0.0498818449629437,6.10906459006312,-52142.2195062868
0.0779028573896648,0.206010447766628,0.269355078548813,0.204087576842739,-0.271177973712934,1.52689224211088,0.490195540310836,0.156875430624633,0.127354528042426,-1.15717409844421,-0.0523104164502092,6.10029116900979,-52141.9013244701
0.0450782267064849,0.213829048636335,0.260839494432239,0.203219048071647,-0.27776525562491,1.53404870447631,0.476430671348652,0.182360200316857,0.160147667746186,-1.16057303481717,-0.0552078373758198,6.14620414020327,-52139.0818238544
0.133826085854493,0.214669255955663,0.261718742288038,0.195398811507345,-0.279458994518111,1.53439072089098,0.483500150304602,0.185889395982727,0.139344280830446,-1.15458198997955,-0.058705494953979,6.20522277484824,-52138.939072739
0.0832414944402064,0.226343354469358,0.257891353147439,0.211338837639201,-0.279203341741092,1.5344236856609,0.500315486324082,0.143960871016384,0.165995068816385,-1.15976032969734,-0.0408410490194957,6.16242163671227,-52142.1569020069
0.121246441351631,0.228475971908688,0.263759315653355,0.213874207771038,-0.300953604994889,1.51502620246709,0.479352321042747,0.168765388552177,0.148645215619253,-1.12101982555711,-0.0553035832777834,6.19524748013099,-52142.6432615223
0.0969145762241811,0.239510782929808,0.258250611137223,0.214701557988502,-0.291957477141442,1.51513275639168,0.484523052930351,0.172631206817949,0.156837987228426,-1.13070597512219,-0.0529862449069773,6.19960395961298,-52143.0015789507
0.0740831156218287,0.209251938124457,0.252343237835215,0.188588730340084,-0.261391326210361,1.5316759876585,0.490244631455779,0.163131527548278,0.171728059842259,-1.1646203531236,-0.0806451406178964,6.17645831812536,-52141.4632800886
0.0820021965781163,0.199285294029533,0.260679042347342,0.199992617062161,-0.262104583841697,1.52555306817215,0.484295904582944,0.177127835739038,0.13126425002262,-1.15356763962194,-0.060932768881133,6.17782327813865,-52137.9541331367
0.140898562138102,0.214880507177139,0.258142914911813,0.21878133261559,-0.27236887148017,1.52546816140395,0.493710663433258,0.145406550329037,0.159372563181185,-1.15816967646342,-0.0332845064124791,6.1811889165901,-52138.7295010159
0.0796552639540344,0.190806866750731,0.26297940503593,0.193440367969807,-0.256448066726765,1.52702537330514,0.491964384498193,0.160823343258684,0.129880079299663,-1.16600866043891,-0.0527069346310717,6.17368065535458,-52137.0765096029
0.0588641957726203,0.20298229670266,0.255502558284429,0.194751881188333,-0.264722022721214,1.52175810356128,0.483756730068145,0.166592844106658,0.156006717037854,-1.15736837767276,-0.0676926613458502,6.18357594868431,-52137.4337330289
0.114168136006345,0.17488908635395,0.261080298033527,0.199075301173869,-0.237014246357941,1.52216834262022,0.492059515668967,0.147227163223748,0.128342654057037,-1.19998684602536,-0.0369137654127166,6.17460590779804,-52138.6236866316
0.0877593143729141,0.215554722019417,0.255131574107006,0.203234296188952,-0.277941160579842,1.53370729729206,0.487874728876992,0.139070648925276,0.150615792445661,-1.19335157090643,-0.0345162280987878,6.18738638562594,-52141.6679391627
0.0663165950995651,0.186901530524371,0.263722341709932,0.193768636057119,-0.271993581011876,1.52701680117267,0.490181143753646,0.157247234599014,0.133588374535246,-1.17575865321899,-0.0567388295894427,6.14400941522993,-52140.8225475393
0.104655529070614,0.221440598290483,0.260616509339919,0.207562695163002,-0.28181192389196,1.52510173148753,0.483345686991195,0.1555918970446,0.158826687171448,-1.14495939136152,-0.0404337067316808,6.1562148451217,-52138.2853579135
0.0934758365734359,0.21744163921406,0.26736453594358,0.205085109225858,-0.286739918404585,1.52777444337073,0.494030195959151,0.169961275539282,0.135841902316069,-1.15512056517612,-0.070976913958443,6.23674524696185,-52141.4516295694
0.102771362020574,0.198442511119108,0.255291896784926,0.196428319570298,-0.266623402997395,1.5227229222307,0.501862681532761,0.151821346336924,0.14215209145307,-1.15951782479076,-0.0559167917805633,6.19989855959256,-52138.9880771453
0.214476033088905,0.194116712899408,0.262568040723872,0.203800071395856,-0.269495708143163,1.53410378089269,0.47551648596164,0.164703915858658,0.137978000833283,-1.17685393298778,-0.0231303483994366,6.21389285979143,-52143.5497692946
0.043335501841489,0.184067998127363,0.258428586267401,0.190830845520509,-0.250660772390491,1.52136451576909,0.498744872650816,0.140302486022899,0.148214805942703,-1.19382362543436,-0.0556784337887381,6.14611826337687,-52138.7823790959
0.0728221008783634,0.187844471548949,0.251404215149837,0.202833830401778,-0.249133015723677,1.51924514505091,0.493048700172939,0.195817327439994,0.149236446358337,-1.16141640074334,-0.0311368449489709,6.21935047541735,-52142.8108865637
0.0945128874938905,0.241191543895881,0.263577337493079,0.215909807022715,-0.307918090728238,1.53740241718573,0.485693226309708,0.139618128374032,0.145115961106606,-1.14806118851036,-0.0562467264697834,6.13230653538461,-52140.4218354528
0.118909800229634,0.174769981699561,0.26029004896926,0.198982193994449,-0.232239723788291,1.52847502612068,0.493455079788779,0.177282320488595,0.153938058269023,-1.17756480315806,-0.0358398511929253,6.23577132712637,-52143.1497024629
0.067153497831199,0.216718886669396,0.261590918917724,0.212502620188864,-0.268434894591991,1.52916165083555,0.489582622718926,0.130356639557174,0.14155657851815,-1.1752746825281,-0.0401676829586709,6.14496716015669,-52139.4180606117
0.102677708234717,0.209603754200981,0.261531916616941,0.205700295818481,-0.28700682117796,1.52907224805959,0.485906577953919,0.164592039631605,0.147093857290829,-1.16689122409078,-0.0502852593918261,6.18854574784952,-52136.4771051334
0.103668148798184,0.198955053021662,0.25696657676226,0.200116301632591,-0.264035326652559,1.52772225880746,0.490180833597323,0.148433451243265,0.160353509589442,-1.16060351982052,-0.0414616035391189,6.14496234758534,-52140.1772227197
0.103954838170108,0.203661312820078,0.256189597250714,0.204408076880712,-0.255387382350784,1.52976783610408,0.488297199818603,0.151499760366459,0.160575164527086,-1.16620705495941,-0.0442634655822889,6.14581748544449,-52138.2211057363
0.100572672502833,0.2016858557419,0.256211168404152,0.208564817387347,-0.263113887404586,1.53375290850782,0.493503690201189,0.152734932509998,0.140903771934857,-1.18466138260551,-0.035010027633306,6.19032145105815,-52137.2240857312
0.0306216458378985,0.176739133949996,0.26570905445686,0.17959809319977,-0.229971132599788,1.53679742690791,0.484579782033357,0.149266422481557,0.14549957619936,-1.22302365187511,-0.0776174456082534,6.16820951845285,-52143.9039135107
0.174391658111107,0.224287636542671,0.253790673360764,0.216056636026369,-0.292984352135377,1.52458292072786,0.489890430520178,0.16487688676092,0.145298671266516,-1.13476730777072,-0.0302942545472135,6.15672551177132,-52140.7403106329
0.15722234798585,0.220511133308904,0.259002051033521,0.216469648299532,-0.290586473151791,1.51247567371763,0.491687551295252,0.157394578486376,0.148537139601203,-1.14290535047877,-0.0469324710426154,6.12746173407642,-52140.6668049414
0.146514768188932,0.247292801239055,0.256917758526386,0.218330278897095,-0.316634298845407,1.51408182720992,0.4932412053134,0.146994239521647,0.168561202438325,-1.11579008639894,-0.0622362192600064,6.12987575237438,-52145.5697967047
0.0371477450255221,0.220561627087102,0.26163394188914,0.233733435104142,-0.282732441737064,1.53798358778702,0.484237543963167,0.162732693936644,0.138526666414136,-1.16029351980488,-0.0198204247649279,6.21072434770551,-52145.2636664366
0.101910777887021,0.216983546925263,0.259528977582003,0.216729077319351,-0.288693505821069,1.52272377111274,0.492830697797514,0.144380635734798,0.140789811769246,-1.16216501279168,-0.0318363411617687,6.16567530149139,-52137.4093681903
0.0917675310056379,0.230103956875147,0.260304593922453,0.210521253675062,-0.304336709681945,1.53280537174615,0.48068706611903,0.17638603381581,0.159735693411803,-1.13355679310244,-0.0509430555094099,6.20732731245752,-52138.8540076686
0.115557393000145,0.233320120836464,0.257873998018157,0.217561481169256,-0.30279997396737,1.51761285556475,0.495294458392695,0.134737014824865,0.165442072485504,-1.15160497016643,-0.0363948942944808,6.14272445742671,-52142.0035554951
0.0917865621791193,0.233438790866979,0.25835655195651,0.215766440116792,-0.2951894062487,1.52806078626545,0.487413385215985,0.153149339124599,0.143559235045273,-1.14181062028995,-0.0433575194462892,6.21725961568646,-52138.3149422069
0.0386177293436057,0.219907152986572,0.26238772846531,0.210385427683132,-0.283887323799313,1.53688183329826,0.487688912818747,0.15093840640958,0.152571091350478,-1.15784932098851,-0.0469685912210891,6.16055584524589,-52137.0575600982
0.0915949480273238,0.209596711561207,0.251904509498805,0.202625630273892,-0.277336050634849,1.534155201605,0.485047211799568,0.173381572503873,0.149949387386417,-1.16454881245894,-0.0517169365607436,6.16551257541958,-52137.1866517663
0.0844051398252823,0.20678828912188,0.267318968508602,0.189625483693504,-0.276058941298403,1.52942315613118,0.486557277172588,0.165288003820672,0.141802635194729,-1.16440712424365,-0.0789629394929953,6.18970325252483,-52138.4090894518
0.094496166209976,0.208329136621192,0.250337625039719,0.18355247628812,-0.263883352818039,1.52432865338355,0.491184837454604,0.172808270446179,0.158756632213367,-1.15683598075613,-0.0618837092500111,6.17163470695871,-52142.9188591159
0.139031682221488,0.197659294600462,0.269925756095002,0.196853459026747,-0.269514523580594,1.52703673108321,0.479416914952776,0.177158498043268,0.151216350440508,-1.14871758860547,-0.0517183362135703,6.19606692545641,-52140.5450185274
0.0477993149194647,0.200023002862489,0.254295187328487,0.189531763954012,-0.258163970325937,1.5446159496975,0.488444624542717,0.141927055465115,0.131899743516008,-1.20335969249766,-0.0581710324911544,6.15805664239902,-52141.5253828108
0.0435446676055346,0.181933480484882,0.264490145002037,0.186667524854217,-0.247291359483075,1.52995105982558,0.483891493510605,0.159022008828201,0.139987371073355,-1.18662752102536,-0.0698320840090251,6.17506469038273,-52137.8272531391
0.123355991611548,0.205006704097466,0.255223111715047,0.198620683907579,-0.274497122073185,1.53011641797785,0.488383236257751,0.16338086272728,0.155219637276093,-1.15966619907286,-0.043228965352552,6.17820162708117,-52137.6044765748
0.145299225680493,0.212257607506836,0.254724851155379,0.202138759136224,-0.270767753344414,1.52380364044132,0.488402254995876,0.159099876431194,0.147492868367093,-1.16996776322674,-0.0669329316335813,6.1748615889421,-52139.1377819486
0.132811297791039,0.197957373744462,0.257085065087034,0.194671385031465,-0.278727166679857,1.5263463329048,0.483395156769117,0.153802604095966,0.147971347739712,-1.18232991905747,-0.0557825513962528,6.14285412547214,-52139.0428742048
0.0796254294036806,0.186260584293137,0.267529886359745,0.183460321036218,-0.261889072357952,1.55267504451695,0.471791330054782,0.17071747017275,0.136624014657151,-1.20435440315799,-0.0621782875716418,6.20276583547832,-52141.9227411179
0.106131857228294,0.178690329315939,0.260074259427691,0.189373331340564,-0.246974239336316,1.52973985621818,0.484556805302376,0.144121553090112,0.139549293202029,-1.20021951124963,-0.0560540243847052,6.13005145669378,-52138.277792269
0.0598312655879153,0.196490608188848,0.258481739672133,0.193608310810067,-0.257229478840798,1.54390745029792,0.479286404417765,0.158880493435966,0.129446989494712,-1.18874483922952,-0.0450790556336528,6.15752439195254,-52138.8705530167
0.0928486012572289,0.184393651300675,0.262741789712072,0.190861993629419,-0.245505287484795,1.52916386780888,0.485380269168568,0.158391115470719,0.144952902915891,-1.20951172273053,-0.0547944442253164,6.16028049234443,-52139.0586986237
0.089713452451203,0.185270146538055,0.259823828617149,0.190050154200245,-0.252546330457342,1.52616337858077,0.480470063546255,0.151524747924978,0.140245435561752,-1.19202432889706,-0.0535487141572852,6.16523099282225,-52136.6920229405
0.123280970765129,0.187658952195296,0.257928943675673,0.194909079516165,-0.244840395550819,1.52840737400638,0.481220956120959,0.140494656426744,0.146943385848807,-1.20180030362248,-0.0432307217546102,6.15138156720449,-52138.0023742724
0.0801778240116507,0.188666739490761,0.270208027244406,0.204426891986998,-0.250991516825026,1.53765402637879,0.49472255219466,0.161478298377104,0.121322440677364,-1.17656507771645,-0.0386560754236787,6.18968587385829,-52141.4194360137
0.0536017133463373,0.196744462568841,0.253552554663645,0.1849752699824,-0.253567003712664,1.55050686146232,0.469911662165175,0.112533894588833,0.136225560975873,-1.22284468428735,-0.062537375765337,6.17676014232254,-52147.7813582052
0.118458893036592,0.197476263184958,0.255234318888889,0.194515180792597,-0.258430761127714,1.5071323243488,0.494342403307743,0.192166469662708,0.14456402706603,-1.14873071095743,-0.052628919389008,6.17064954170782,-52140.9472315343
0.100073161420179,0.202920654940344,0.259802951652588,0.219645968572211,-0.273740298256116,1.52258474253408,0.503735047250239,0.126007332181945,0.151186344280094,-1.19076429854535,-0.0243412457217315,6.18633556771849,-52142.5115033754
0.101873450675971,0.206804180459873,0.265674020345009,0.183836458824343,-0.268075649070077,1.54068514832717,0.481315569081159,0.180077739712286,0.14650427779217,-1.1681181962644,-0.078834537040432,6.16484220535174,-52140.1404970951
0.0909187643578174,0.212742374030392,0.261580515983397,0.198492509794059,-0.275746367598647,1.53271388588857,0.480433126228786,0.136344712109065,0.143527369175898,-1.17810593238534,-0.0690121013595947,6.20518752540685,-52138.4834680079
0.112951042585078,0.21002685773111,0.255602681002329,0.212346026294522,-0.273648891662556,1.51351513014247,0.496829386811176,0.196851117679511,0.150119750367187,-1.13423753518089,-0.0411183564137587,6.13646104643541,-52141.1714430723
0.0659512101637994,0.230756095254755,0.259056315666715,0.219877751038462,-0.294729878146744,1.51616458082101,0.496689293735587,0.169137588212434,0.140968276642952,-1.11011389864676,-0.043294590234594,6.12897034934248,-52143.381009492
0.0643434082963351,0.232555297168845,0.257826274949508,0.218887224703446,-0.28869512676611,1.51758220158032,0.499052395370618,0.172575166374718,0.145544242734456,-1.11908768149132,-0.0411863813468046,6.13168705170917,-52141.5956348604
0.112142863915185,0.216175834917909,0.260841391259697,0.213346885481211,-0.282578903949412,1.52359697587233,0.485733310164607,0.153129707520158,0.173919196791911,-1.15125139047961,-0.035473107261368,6.25277523154221,-52142.0113911657
0.109919502828154,0.210248161405902,0.259178206293343,0.209284199283042,-0.287248594955889,1.53815992155404,0.488941573042715,0.15373319895724,0.121395352667369,-1.17054756618359,-0.0457654613854578,6.11082059655074,-52141.1864851198
0.0436384854118339,0.19535943325228,0.257765488154045,0.191285598321647,-0.250824146766104,1.51169983839929,0.49357812900574,0.179465076129981,0.171754940736766,-1.16501818789257,-0.0587527633859914,6.24897551793553,-52143.7025907715
0.153876745034235,0.217361102015346,0.259996224011711,0.199784906267917,-0.282265975057943,1.52880861269212,0.486857990185287,0.175918753086948,0.123111370442493,-1.1660121442329,-0.06290861260727,6.10949170400759,-52145.2272375556
0.0503009614217577,0.215415448451698,0.260016863250549,0.205663048243912,-0.277268744521064,1.53666506769227,0.476671251536174,0.149649334897677,0.180156287789497,-1.1888181334443,-0.0576627290270889,6.22128565901714,-52143.2077526541
0.120675595909304,0.201099958219631,0.260375943744848,0.197902571322817,-0.276326461294531,1.52387726334264,0.488437341771526,0.184102542196373,0.110768955454025,-1.16355282280121,-0.0585529496024663,6.12992579393156,-52143.0144807213
0.0581062974551802,0.21137030128306,0.257383336570675,0.207207164711193,-0.275663180269026,1.51561056699135,0.476162185680688,0.140578267679089,0.172259673363936,-1.16650226949806,-0.0477910105763859,6.21571133873323,-52143.4228449072
0.056073469912904,0.214395611734588,0.259367748522177,0.20606535239749,-0.281879380939878,1.53619176242073,0.488513947175366,0.145995046303559,0.157516497119967,-1.17004255794308,-0.0509396294002656,6.21237370295529,-52137.1502709831
0.148237844709801,0.211762588383567,0.261478948940591,0.207858701909619,-0.284218299634994,1.53472657799112,0.477619198514289,0.166881808414077,0.139417484838166,-1.17502494279939,-0.0516460662214505,6.11547179867282,-52141.0225575395
0.116474165333777,0.208632878082946,0.260360540453132,0.203332991723478,-0.271333304355651,1.52241276099915,0.490622219880753,0.169308040567885,0.131891499752638,-1.1707527382787,-0.0625787365253816,6.25806226633179,-52142.9996110985
0.0953138895779116,0.207385373299421,0.269273083387307,0.196881492865122,-0.279978087122273,1.53573902046377,0.491231450585931,0.176605039835345,0.133691609792673,-1.13560459243898,-0.0578717583012035,6.23052083580586,-52144.3849509089
0.112494143261634,0.210882662742506,0.26717798383488,0.204549635106669,-0.273007205059269,1.53852588745346,0.488141329097061,0.171638351010725,0.137318629257193,-1.16416384774762,-0.0452787329092203,6.24132491513432,-52140.032135082
0.0316830174605856,0.222883900624802,0.257680008955266,0.20876423846343,-0.289824973771134,1.53930196115195,0.475900433091151,0.1748904070527,0.138582045407898,-1.1601118844601,-0.0465828839677749,6.17422464018965,-52140.2527321726
0.041538284992701,0.186725863750311,0.258958544566422,0.189731080550734,-0.240902914596525,1.51902761158236,0.502857093965773,0.156583476870398,0.162545467568325,-1.17304410510972,-0.0620469800012816,6.18716736976905,-52139.7554587019
0.0704907932756942,0.198919894840304,0.256483283129748,0.208749964126187,-0.258209838442011,1.51887718378927,0.489214427052333,0.160575438528084,0.163958358416014,-1.17063399825057,-0.0446008905062544,6.19902721817953,-52137.9970738557
0.174199851899738,0.190254018218208,0.258101814377459,0.196501880856514,-0.254470538112437,1.52541471063437,0.49617451188357,0.171215977091026,0.136410812130414,-1.17026325907235,-0.0639025844327663,6.14837545781462,-52140.1531817469
0.0337389138707624,0.224428247591098,0.257023781868456,0.211226205507816,-0.284142093327017,1.54858726653784,0.482836554020944,0.156434139887603,0.160894719963511,-1.17183595145936,-0.0382298956225751,6.18782794463657,-52140.9668023673
0.142283961593482,0.199418333600114,0.248948836581417,0.196340847956118,-0.263810114578032,1.52963934460321,0.501530653696502,0.172490456542891,0.121826264956866,-1.16853794684853,-0.0632880433274004,6.23277134855446,-52144.4549604614
0.044200288335124,0.217635828683388,0.257368122835641,0.207195460384698,-0.279710829048854,1.54276432329394,0.485079291957717,0.16213960979202,0.163394379938854,-1.16537171968679,-0.0390748847545502,6.14082011778447,-52139.9491969132
0.0333723565492363,0.222651316325132,0.259669768222011,0.216494577008358,-0.286683870810203,1.53684828268959,0.480623775962765,0.143643354316094,0.166230681779313,-1.17468578167167,-0.0490387890248734,6.13160402239487,-52140.7798727425
0.0659935341051969,0.210387118564158,0.26020694081793,0.218527301708038,-0.269144938374444,1.5214631704342,0.501069739571259,0.164144484488467,0.132707086627915,-1.15884985672005,-0.0374677053654206,6.21965042564241,-52139.9350460433
0.0614818874290749,0.208411000689768,0.250965605752942,0.205021664864137,-0.267749806717503,1.51275894551606,0.497167821076184,0.146351014058146,0.177601997312207,-1.16045706054261,-0.0428871344666337,6.14817755698509,-52141.2815039289
0.0947335305171747,0.209259285996902,0.259805430162572,0.212728746004897,-0.278748961725493,1.51833751947385,0.495451395121331,0.145800139075202,0.152961948878501,-1.15734515744946,-0.0543446997322497,6.11932770038098,-52140.6255957702
0.0965338577341586,0.193411985329402,0.25795574425847,0.203634187987729,-0.253467102518712,1.52625009234715,0.48652281435691,0.153336378491005,0.158628061243431,-1.1960285379704,-0.0323522668491352,6.17233070004061,-52137.9320634176
0.0991687839671339,0.201430258755107,0.26375016909324,0.194691063704828,-0.274237230654956,1.535281525753,0.484570603887971,0.169128857229366,0.133390272543413,-1.17495164127646,-0.0641187355788675,6.18267730148757,-52136.441476682
0.0483905252158562,0.206437923797039,0.264416002079845,0.204810615213843,-0.273259330325198,1.54021215419823,0.478904493607475,0.168974480288674,0.133508042075937,-1.1739230138458,-0.050224024537252,6.20237183453328,-52138.0448106268
0.116088546633831,0.199396632838427,0.253756704226898,0.195450133767736,-0.26308796442247,1.52614510621128,0.480990982639765,0.143843109521373,0.151340446249797,-1.17291656304155,-0.0526830483387446,6.14630166900144,-52138.2943608206
0.106397024368594,0.200765332847711,0.252570584054367,0.199418438704774,-0.263727754951012,1.52024986166518,0.479804861610162,0.149807605774831,0.152362483342862,-1.1743867477945,-0.0449495742167532,6.14672098163891,-52138.9111650154
0.06798002333523,0.222351470554738,0.265781540953364,0.208957425194302,-0.286445810537012,1.53619727808684,0.481882873622016,0.170999042656326,0.134780590739906,-1.14755083221489,-0.0616152599894792,6.20612693699004,-52138.7302115769
0.163241346077021,0.212728916075679,0.252391287723686,0.208012594995145,-0.263189166579473,1.52220250018693,0.487130760098022,0.141580603753157,0.167641199453269,-1.16888039989945,-0.0461853370408085,6.15940877243431,-52140.7884146985
0.149056091156108,0.210092953225462,0.25171526231494,0.207914009785573,-0.277291740909539,1.52382536674869,0.49414438555328,0.158133427305047,0.16840196741053,-1.16046199879936,-0.047080019796754,6.17449927481006,-52139.4780424357
0.0345020851818116,0.19271617885554,0.267110042417097,0.189526208823701,-0.272275942120538,1.53350247038023,0.486053866365405,0.173869408290023,0.131711582340478,-1.16908522670081,-0.0628200547294717,6.18571629493139,-52139.7345329668
0.0725202597606527,0.20170923732779,0.265421728676091,0.195323179781508,-0.263577826129589,1.5415101595625,0.474684551987451,0.186827939998292,0.128837679704984,-1.16633574487697,-0.0601583362892843,6.16553963038194,-52139.9443809058
0.0906344471208962,0.199531497881552,0.25102848091065,0.192814371664148,-0.271528269019466,1.54010449178905,0.479908943113735,0.203085675711766,0.129609192977076,-1.15892179843178,-0.0461152835120356,6.1669343256318,-52144.544171006
0.130831631026931,0.204226647869823,0.259922652384011,0.196262262125532,-0.266996643906479,1.53295244999902,0.47649209669587,0.166972577941632,0.143081443527632,-1.16337582354566,-0.0724962974122712,6.18038723864862,-52138.6065225085
0.131916146262984,0.209324241800093,0.253839738815669,0.19849349170148,-0.280787936250123,1.51823600382569,0.500646948219643,0.16081478005584,0.148062856778977,-1.15155870647159,-0.0573704889069555,6.20824664395594,-52139.2882341288
0.0328980329903966,0.20744147907866,0.265052500644025,0.202122046062484,-0.271595096140553,1.5360280362624,0.477034388177685,0.164965405200732,0.156503560861514,-1.17432014364286,-0.0470224409154369,6.14476039185658,-52138.2575608793
0.131120123919382,0.224099715130306,0.254597623111379,0.212380220527575,-0.289956476951249,1.51715264768597,0.494127603721637,0.150993678602533,0.145039177774836,-1.14486377865164,-0.0505084154377253,6.1990418236573,-52137.9611482466
0.120691600553139,0.213619836436596,0.261644345446169,0.211635017936526,-0.276829164436568,1.52929139143888,0.504588559749033,0.147123929290816,0.159013970771276,-1.15876917501251,-0.0483349628225418,6.18302238829721,-52141.0806216752
0.104859404660273,0.219994051975211,0.258017013489149,0.214255050486537,-0.277342408599602,1.53471683331898,0.492498786088179,0.148001969950966,0.135215915773606,-1.17052340819358,-0.039852490410945,6.13974083719481,-52138.8116782479
0.0996066512091743,0.192597748119378,0.262907123441656,0.18725512209784,-0.263536483061065,1.52963355346229,0.485003824915965,0.173675526671456,0.169472585476518,-1.16507529784123,-0.0671262470302304,6.19541655042529,-52139.5663284469
0.11226302598542,0.201940916742443,0.258352392227589,0.203207346242212,-0.270858970791079,1.52437739065097,0.48853812722068,0.172272691058663,0.131791562431611,-1.15511323937566,-0.0410200478897619,6.16682377113707,-52136.8356153167
0.136673427499699,0.20926202861878,0.264403537367611,0.191950562098442,-0.278124664971319,1.53606331568855,0.485869259400121,0.15946815444952,0.144050610925195,-1.17160653789303,-0.0729332108882818,6.19574596637593,-52137.9915739281
0.0627934452782934,0.20550831879715,0.257707496992312,0.210187603023485,-0.261590762234015,1.52877732548277,0.490743583451869,0.162759889154878,0.155729154085917,-1.17575780098268,-0.0304034626173375,6.15963645779026,-52137.6806221329
0.135103209887837,0.199821831659514,0.258324552642259,0.195110846368432,-0.275245897944738,1.52248404505742,0.490731208734559,0.144289187685339,0.138883611220084,-1.18078397012422,-0.0678903537200706,6.15159616769733,-52139.0337393875
0.148656255322507,0.167918934401138,0.258271507365895,0.181819133616156,-0.230003769891525,1.52641165876215,0.488103686285367,0.149425976008834,0.144636773785298,-1.19473750579126,-0.057560709569665,6.13716330841636,-52140.7150574621
0.060745954738482,0.179431899924286,0.259519794832545,0.179539417610864,-0.24870019861628,1.52935670761445,0.488319216193091,0.179977714974264,0.131592629928414,-1.15876047550581,-0.0615961633870435,6.21749491238397,-52142.8805071811
0.0315317266801763,0.212660737493617,0.251983061608878,0.209054054500107,-0.265765657665065,1.52295651049581,0.493029351682579,0.126167970305703,0.177090509577177,-1.17821806440461,-0.0513093955744699,6.15997446745645,-52142.0189273408
0.111893857887085,0.183227570899316,0.265712685247649,0.207685022200907,-0.253519592693323,1.53157947213254,0.492186726828937,0.170726506702559,0.116460492633675,-1.17055245317288,-0.0411380138602761,6.19529285435526,-52143.0438476759
0.0734975349024939,0.20435790955157,0.256348016385669,0.185963426453808,-0.265429394229037,1.53482912858262,0.472382865354814,0.13831415616048,0.16873193364177,-1.17934828643177,-0.066684146740852,6.15110268296273,-52142.2445748224
0.117414613953272,0.198440365478135,0.253959670339983,0.194524452571161,-0.257844032110128,1.5322519335218,0.482708088606487,0.155855194325141,0.170235805760157,-1.18817223111788,-0.0664746656582867,6.2344436477958,-52141.74862753
0.12790740395162,0.205701587982919,0.257175471885016,0.186496349590607,-0.273302810250892,1.53357803070012,0.476051057058144,0.150629903013028,0.167773847300823,-1.1842474324706,-0.0670836416713196,6.20778482813382,-52140.4401096799
0.16086193998479,0.197076382498707,0.254860512706588,0.191217334435412,-0.251829604087466,1.5373714464702,0.47533453539208,0.161306154099322,0.167973882462662,-1.18629332016734,-0.0698834149844118,6.22553392537531,-52143.8685864564
0.0793414999503144,0.214262305798233,0.264938745583686,0.202502255164384,-0.276476569555214,1.52268209013232,0.490222116068632,0.193678998891039,0.133562246373205,-1.12931836810916,-0.0708362189582716,6.13858196420394,-52141.3866200486
0.0942872847812734,0.217374190619779,0.263469578759754,0.195704619629121,-0.281725884441936,1.52900503238546,0.486236955854452,0.178993040435618,0.140227957694393,-1.14484955734141,-0.0625664322045808,6.15976906174899,-52138.1335261446
0.109243474137236,0.213839866360611,0.261119379339143,0.194447036605769,-0.28411829151824,1.52662853260968,0.487732121260882,0.182612860390525,0.14162316706547,-1.14487446145861,-0.0644174493831322,6.15923326475075,-52137.7892997208
0.0763919266530855,0.207299181086435,0.254719790442868,0.204554824303722,-0.263037923932471,1.50995450913406,0.50184341069616,0.153502541778774,0.160817715404634,-1.16830030339504,-0.0366093213840137,6.20331266854345,-52141.3738327014
0.0680305002942085,0.212784095917003,0.259602220402237,0.21343453828837,-0.288402124467628,1.52429827258411,0.497262962742125,0.172915632795002,0.149405199368309,-1.14338294349653,-0.0418691831077128,6.1627360115127,-52138.5850281352
0.0607477036181474,0.241987456278418,0.256910273368055,0.219452875783296,-0.316604062922367,1.54036318213782,0.48246020719295,0.130009518886475,0.1386833273821,-1.14967868463104,-0.0539415112489956,6.16501206640694,-52142.4865755009
0.0965601310276472,0.220225751491156,0.259735017308191,0.217848865588077,-0.296383792436403,1.5329682653042,0.490241793509822,0.147359693334175,0.134569566787987,-1.17125151395693,-0.038378055845843,6.14419896106131,-52138.7991952481
0.0659142951704833,0.200807567563439,0.255778409358692,0.193503594410641,-0.258094867848418,1.52924470571745,0.483574551461379,0.169418717591095,0.162909899323703,-1.15199250659599,-0.0614515800391359,6.21126374410042,-52139.3486998727
0.120271808847971,0.219813706415525,0.26492292278034,0.21953734884108,-0.295290642045622,1.52954065131242,0.488879874643497,0.14421774290542,0.128966340312231,-1.17961714426966,-0.0388589142123133,6.16551838728497,-52141.1320355446
0.0992721236164096,0.238876080793552,0.256153486732124,0.217178654662531,-0.306259613762908,1.52717488326213,0.48662815592789,0.17735572824596,0.178154211569945,-1.13177960673186,-0.0444928991711421,6.19053822430664,-52140.7675261322
0.105300897177244,0.234785490534155,0.254872995855375,0.222715092871032,-0.292117310517732,1.52145045615754,0.477376259734253,0.181781132964074,0.190688668204922,-1.11559741729364,-0.0364548071330292,6.20244213586285,-52146.5225865101
0.0714104243742692,0.168485783979536,0.258174526230445,0.179932094065311,-0.236982132938086,1.53695408122855,0.496860138885424,0.159546319356718,0.104512702114666,-1.21894426652216,-0.058691281236874,6.15679340584334,-52144.6230493272
0.1349736259609,0.234100128458357,0.256035484238716,0.214386959277782,-0.288865607048632,1.52704583629809,0.484028148104743,0.161182307891364,0.184906421776245,-1.12806817165404,-0.0455454938854852,6.21804428962847,-52143.3768480636
0.0613620876781779,0.191150392581178,0.267216544592773,0.198246648173245,-0.258174756999039,1.5293864020982,0.498138847266413,0.164458060125284,0.120165443815736,-1.18063142342235,-0.0565222875127053,6.19359330198085,-52139.2019231366
0.0792461972945656,0.202011815010187,0.252081300997462,0.205313679151202,-0.263480755178322,1.53476280836441,0.480449063806402,0.145348718843567,0.161392453212053,-1.18928310699043,-0.033172013190534,6.16166174703052,-52138.8582034348
0.0562644750716693,0.182714189161115,0.265679611529987,0.188469876056954,-0.24685009724172,1.52155042805331,0.500340199701379,0.138489973797516,0.140335336345995,-1.19159322847892,-0.0711832217620982,6.18492066739217,-52140.4490225548
0.0637775254159102,0.168085355268032,0.256162477941485,0.191637195963887,-0.237691444442384,1.52113541201387,0.494479829099553,0.17540173529061,0.115624003636583,-1.18575891954251,-0.0404035227003365,6.16184914923529,-52141.8972989157
0.120554862339511,0.172642000401858,0.261668147557216,0.183747679770421,-0.240442705085764,1.51771544859386,0.481121502725262,0.130561023543805,0.156445564575398,-1.20880999582558,-0.0590348483790489,6.19531083452029,-52142.7139316271
0.114470565937943,0.184868823397841,0.261785752103435,0.201974039513453,-0.254312364615666,1.55409382319596,0.485458536066934,0.183969819991431,0.115817993761844,-1.19744018953768,-0.0233770259458744,6.16758119994161,-52148.7304305926
0.113058496035828,0.193298271756574,0.260815719118941,0.20086024239174,-0.264793804657013,1.53804843111546,0.478741477816306,0.154864557869673,0.119360196364237,-1.19198323661941,-0.039465992590126,6.17861273663328,-52138.4497057971
0.0986730943684113,0.187175720871355,0.273396530706398,0.190137043201081,-0.248199669987386,1.52843862638181,0.484441187573551,0.15865331661477,0.117190326845074,-1.18475436748766,-0.0717193451331166,6.23165062437025,-52144.3961536423
0.0909732335676078,0.190479590281123,0.250068082810123,0.20171768544679,-0.247272920107974,1.53229174892467,0.491578370981545,0.147881890609726,0.156712917878506,-1.20367582613056,-0.0306352839623019,6.13052178899488,-52142.0215563575
0.0711514024789005,0.226493772308821,0.268089928086462,0.212945207545334,-0.287387205968172,1.53181499844191,0.493042153567605,0.151833820711682,0.142138841765616,-1.15127747997322,-0.0552951692429234,6.22350914231247,-52139.4487199541
0.0534254601090552,0.18873155791051,0.259204538339915,0.209011164127597,-0.257020026503695,1.52075255582645,0.495728674834499,0.141416548565882,0.149085172305624,-1.17411977003394,-0.0471326890441919,6.13149270693181,-52142.894131279
0.16512925225874,0.200386396119008,0.257686121881746,0.192331003447332,-0.241097598437189,1.52928626247191,0.476598722011027,0.178383089350772,0.151037589342535,-1.17740467549903,-0.0500567934371238,6.21667376788504,-52145.6934543102
0.0792523645020422,0.207416014859822,0.260247289206611,0.205256408507479,-0.269052392859797,1.5279417377475,0.503601207023994,0.157793000920079,0.150544714473155,-1.15855431698209,-0.069026514642333,6.14034997340288,-52141.3274244659
0.114682492243742,0.254511292949005,0.254908096968366,0.234480886262467,-0.331337363679723,1.53190248513445,0.492018932950209,0.174754137088659,0.169573436960513,-1.12890357216316,-0.0248237792494786,6.22456519134809,-52148.5158307921
0.127595676498373,0.253320357150984,0.258697315129768,0.232600664207174,-0.315322646206153,1.53117915265613,0.487247254026348,0.169151165428967,0.168572942882635,-1.10538781541064,-0.0288535831743924,6.23792243471469,-52146.3549191875
0.0820697011526876,0.223085189840787,0.260501942272554,0.214361565671402,-0.285896868162387,1.52938359303731,0.498998807381523,0.148536418490448,0.146891276113279,-1.15002357388064,-0.0487826854239776,6.11595389087769,-52139.6998479079
0.0789818963777787,0.233948369112848,0.256728428276626,0.214247536931396,-0.29968555678812,1.53062770596673,0.497946473577425,0.147749787032846,0.135255066892492,-1.14878860950603,-0.0535083696273587,6.14348520727148,-52139.7349505366
0.0478892249199021,0.192953473959749,0.261801765574644,0.192821978128014,-0.254965978528225,1.51843232954986,0.481039894061248,0.198336993063039,0.163625463507721,-1.14621318560571,-0.0591486504717928,6.21422828208175,-52142.1747102994
0.00827489406889268,0.212924626932828,0.25646908320195,0.192445785994364,-0.283795737889161,1.52053490564211,0.495825832929849,0.187570959167816,0.133919787227214,-1.13792115345418,-0.0758939493535498,6.19473735509287,-52142.8674034805
0.163313107457098,0.208041077466365,0.260888054740759,0.218556854958544,-0.275135931986514,1.5270556308135,0.480190866870129,0.142115308690454,0.159727537087812,-1.17437599772313,-0.0277905026744833,6.13626046967165,-52141.5132996113
0.0548173574643946,0.235722802141409,0.253736986602142,0.207540311044318,-0.29758217233977,1.53214553793478,0.494496866927255,0.175699064691226,0.140481703680081,-1.13362528544938,-0.0686815088945621,6.1808992542245,-52140.777669212
0.0425854226710274,0.209980919387109,0.268351176796633,0.201869094923256,-0.280567167340878,1.53033488973981,0.48117801662033,0.192754707414316,0.145507674938898,-1.1452522995949,-0.0631842460674326,6.20891316214414,-52140.5270626151
0.165532889543439,0.203851487973868,0.256472977196299,0.186844748728432,-0.261613206627432,1.53678185671283,0.484382326144671,0.170178681916165,0.140791822235744,-1.15741556907412,-0.0565677233116939,6.18490917669574,-52141.1140893174
0.152757933090087,0.194012023450871,0.266398597109072,0.194547547337649,-0.258866764441393,1.52505574429176,0.482088083784822,0.171218679320223,0.141348387697711,-1.1598643612229,-0.064348961174587,6.17855995665372,-52138.2443578936
0.0392625212259159,0.21381376036433,0.254742383298788,0.203883492743127,-0.285614357583658,1.53559003693529,0.491408996467321,0.162837121792104,0.155151285816546,-1.17020821045875,-0.0498215909457872,6.19205131919963,-52138.3849861652
0.0664886112916951,0.208189094781074,0.255226761600406,0.209525425693857,-0.276547279133559,1.52880028205125,0.494328734267637,0.150822097946492,0.151284505922836,-1.15109420776228,-0.054789635728215,6.19808261964146,-52140.3016765067
0.113121085998003,0.177813770714109,0.259679676852762,0.197231584113408,-0.248028216919381,1.53185961481551,0.488078332547644,0.14358609451726,0.131180784842607,-1.1839978306101,-0.0390674781720727,6.17258902407376,-52141.1807013898
0.0466952320972944,0.173155178281375,0.273359417420999,0.192798070286827,-0.248789257616464,1.53855724064195,0.483623016008863,0.160695116045051,0.134860200987599,-1.20921405232405,-0.0469970089013835,6.1785250728436,-52142.1782212044
0.134241156854554,0.199551344120001,0.248267402739578,0.197817954242149,-0.266351500719721,1.52047556296388,0.490352727855789,0.137710399593342,0.136974969197978,-1.19579176086805,-0.0481572247932896,6.17565738848116,-52141.459395798
0.0398697970079695,0.197619085610483,0.26809571294374,0.204733510164132,-0.255808552832223,1.51781994902685,0.502436766034736,0.192947753299429,0.154914229423893,-1.1548827833731,-0.0605324521810236,6.17581390262836,-52143.5021950993
0.0497029886791014,0.213470066657458,0.253293940596217,0.202976034212391,-0.281488920075029,1.54511439518774,0.478140608352761,0.13432451060611,0.11840377995992,-1.17143166116602,-0.0578189906860395,6.18449538386992,-52145.0130213161
0.0942949037384135,0.188093946003094,0.259050975086099,0.188723229249711,-0.244335716595444,1.51321392034287,0.483549877911494,0.178261225164944,0.164327832816822,-1.15656100813397,-0.0508133961357917,6.17616566025469,-52140.7017145145
0.0607374727842374,0.200788084879929,0.265351627933818,0.194701635565692,-0.271082805416544,1.53848281597114,0.49625595465521,0.166816399775555,0.119185137334801,-1.17459222798269,-0.0690079131203563,6.18254791190316,-52140.2653076742
0.171929723107953,0.213556769877543,0.25531069126896,0.197644080870795,-0.278675333064351,1.52683154704082,0.473787177382689,0.166275100103729,0.166805378090336,-1.16389835970537,-0.0600178404017158,6.18973193639981,-52140.213313846
-0.00870606352227006,0.205776563224242,0.2608040890236,0.210033569988834,-0.272671127901567,1.52961253621578,0.500310581041693,0.151400501599286,0.139726609792743,-1.16889739516853,-0.0460963933145073,6.16165480558362,-52139.3260291228
0.193257323660612,0.225800784443822,0.257971237365275,0.22078876645065,-0.299390276914131,1.53190383968697,0.477164832121028,0.150030935971006,0.158017734127187,-1.15192964467865,-0.0437913112380797,6.19910855466864,-52142.7450569237
-0.0197026118141998,0.176137460879384,0.2637695897834,0.181437944898082,-0.235278110336616,1.53075814237442,0.494902588540722,0.173094740816678,0.130048292871111,-1.1913483490923,-0.0553778978824899,6.15530301672053,-52142.9265813328
0.200454144898524,0.177172799209656,0.256562538247968,0.184157733047568,-0.238770188579172,1.52947350761052,0.480010826618872,0.131023484018746,0.162832107951119,-1.21449380799094,-0.0466081828436648,6.21062967436164,-52144.7301069568
0.0659473268452298,0.177319985268791,0.264472181964509,0.182936010007422,-0.25154341991927,1.54256787755237,0.478735291973107,0.167732512195075,0.12814381975591,-1.18184077563962,-0.0667766793174571,6.17707139053416,-52141.2782115697
0.0886059885932004,0.178343881031062,0.263402308517905,0.188260274734243,-0.256137579592011,1.53499980923377,0.484677807094808,0.177059025292562,0.130426508080933,-1.18837733177605,-0.0636274517001847,6.13774828217931,-52140.0300686493
0.0776370687493979,0.195571147323719,0.260053247302848,0.18303632973819,-0.257359626352913,1.53381289758179,0.477849122648504,0.138600167062164,0.159686047645214,-1.18598987310509,-0.0734675948609772,6.21674474033688,-52140.4963747103
0.106017840845696,0.200686036703123,0.258280867822126,0.209968680067612,-0.271556610560622,1.51838436463145,0.494247761127205,0.187662835183613,0.127648817660553,-1.15861148874464,-0.036015968276853,6.193794986797,-52140.511920332
0.0161401708984863,0.184046184805148,0.262396427163526,0.184363402204571,-0.248526998071975,1.53614106494879,0.492569354035901,0.130954591821236,0.142684163831013,-1.20211905262429,-0.0720791093785533,6.18340397128984,-52141.0023130312
0.182992766322548,0.180220329038799,0.256821166124623,0.192584175026139,-0.240571895741846,1.5205024620408,0.482214487021121,0.186813970279668,0.136904316336026,-1.1673061186871,-0.0394652404936121,6.16947555745576,-52141.2386697596
-0.00629406935398989,0.246421930083693,0.264751358483594,0.217655607490431,-0.306448489369333,1.5343238020822,0.493885508058064,0.137504588408311,0.162765452884706,-1.13920459253157,-0.0628336237094744,6.16767366799557,-52144.0117099582
0.153448530855205,0.236985834888644,0.254969214978607,0.220148125508726,-0.299558725203573,1.52669196374135,0.480149830648045,0.172464772554171,0.149385305378087,-1.13012741230811,-0.034844879528352,6.16150090359163,-52140.6027153952
0.147488890063616,0.22132464177949,0.26491616680935,0.217292399470752,-0.294257318708338,1.52189988413956,0.496315283539986,0.165666667160297,0.141030162236787,-1.14161722690226,-0.0465894739412031,6.18201099578575,-52138.8131838794
0.03049279828735,0.214040080953559,0.261699140911845,0.210936715138928,-0.262284131423434,1.52768498155948,0.487915485070236,0.162690557934788,0.136739800485497,-1.1630240245273,-0.0586469813097839,6.17602491802251,-52141.488372287
0.147757788889123,0.213687725268576,0.258013024022977,0.20270082025871,-0.291861263454305,1.52884512853633,0.478440702593737,0.141139500176485,0.156917656299603,-1.16338504401548,-0.0363060123932674,6.21702064446952,-52142.6296785378
0.0378983571343621,0.194196949471222,0.265147316087274,0.196846849329943,-0.260656797302253,1.53758536698764,0.490184128418764,0.16485599250905,0.143047991588339,-1.17676868948246,-0.0591406904154726,6.14062081298576,-52138.0849435702
0.116006778448063,0.20975712907153,0.256567464581076,0.205774106213783,-0.271819212092942,1.52949913169635,0.484281498344794,0.142903702240972,0.139168987249616,-1.17485175080177,-0.0390204201847945,6.19576746452406,-52136.7544413588
0.0814445697570815,0.20144452771819,0.265425774597066,0.203807734088129,-0.272320885413867,1.53593761771215,0.490540209195773,0.136953923907547,0.143002902115644,-1.18022833388914,-0.0424769013600466,6.13732945817938,-52138.7198157768
0.0660060945512814,0.195744822940028,0.252989376485753,0.197290959995838,-0.253729676239498,1.52115789501235,0.493961869824103,0.160595106705467,0.137592231480124,-1.16948782672041,-0.0395167710302041,6.23560286605026,-52140.0723878563
0.130808006221081,0.208685351595719,0.259694776896075,0.203533654476042,-0.270567967387202,1.51378788232939,0.498975264200236,0.155918767045759,0.162153269953783,-1.15160813082134,-0.0530414502123325,6.13904249810721,-52138.9905535567
0.111746913940834,0.202302341486479,0.262585201265261,0.207975661541267,-0.259829659010809,1.51865317327064,0.503591004376743,0.189723606521663,0.176365894495088,-1.15497819619503,-0.0456849443703726,6.13909682077099,-52145.5208734265
0.0705957519865168,0.205645947286173,0.263567241796301,0.201137131593172,-0.256131011235185,1.51624001131211,0.494019836345396,0.177835385501515,0.16150768558373,-1.14614180764807,-0.0453265208136057,6.17843666375398,-52139.632977734
0.042573008734431,0.190267856634817,0.252506216385746,0.203724715291553,-0.247286614846806,1.5135770647731,0.506643044460773,0.180031306507471,0.139976912475441,-1.17327417045911,-0.0410229399310352,6.16971095264484,-52142.2202103121
0.167178462715883,0.221742142800453,0.272163132960454,0.195047201364825,-0.280821663758898,1.53668152676632,0.468709053387385,0.148920856833486,0.151225221827421,-1.15595346457272,-0.0634424883536434,6.18440646647006,-52145.2356922985
0.0203461002164746,0.216181250717495,0.253304993130341,0.195031489043186,-0.278215698844852,1.5429877102845,0.476133565019557,0.184460278779412,0.149281800103826,-1.14794747044297,-0.060932638160984,6.15754673651937,-52142.5997263556
0.0281446796320443,0.231484431659067,0.259594701102456,0.215664088444537,-0.294375306134423,1.54191836728121,0.486246923890406,0.160154648237537,0.146621632707447,-1.15078986419188,-0.0504116127131848,6.15096074314915,-52139.0736203842
0.166854200512225,0.190530703349972,0.262734250561343,0.200818289486032,-0.250180029708161,1.52437794787468,0.480642922294472,0.145970111124194,0.140537134179368,-1.18685563090411,-0.0399443314316895,6.2046071082142,-52138.9802052974
0.16310595122758,0.192633832431039,0.25936336433904,0.196458195550035,-0.259922324915814,1.54185731291049,0.4949390576064,0.149793344970659,0.149287479211486,-1.19255125927295,-0.0427508489840403,6.17558001879807,-52142.1557652768
0.0675487445222359,0.214081159800545,0.261119115332826,0.211969386308025,-0.287552361479984,1.51434656191104,0.484809223676801,0.171762417099122,0.142914435969759,-1.14020370928133,-0.0471176484688396,6.18530712158993,-52140.0157391336
0.069401404055098,0.214033638199414,0.260591709043233,0.213987819939381,-0.286542237755962,1.52187850926856,0.484038270270082,0.17486794111859,0.14616417185219,-1.14187740929395,-0.0445355588175228,6.18532530696367,-52138.3783475888
0.154867588099272,0.223157431511932,0.260815251895704,0.211012339621425,-0.291466720807325,1.54489386469617,0.482465301404556,0.14459277764736,0.148410565101077,-1.17711458353233,-0.0469420302833941,6.19236118798675,-52139.3899067528
0.126650717509454,0.219427123143655,0.261704019872747,0.204836992187411,-0.288409261859046,1.53541396705726,0.468001928428579,0.144181601065837,0.133736361057037,-1.16836873794565,-0.0438339492901538,6.15402365265696,-52141.4718435402
0.119222444366366,0.20968131450986,0.261687856673842,0.206159678157808,-0.28231095283974,1.54551421718278,0.478520788128675,0.151642573349551,0.141413691615774,-1.18682652760858,-0.0445855018368109,6.16616643467751,-52137.8068565164
0.0675701603584263,0.196552219506532,0.260130561878006,0.194914014799731,-0.250874536222056,1.51987023086012,0.486797337995341,0.158615426689002,0.164302288397688,-1.18805668159451,-0.045617722581371,6.18907681644675,-52139.6706318918
0.0590992375763003,0.183272499323632,0.259618682861926,0.197247907307548,-0.251749796186963,1.51583702996753,0.497400474743595,0.161055128338389,0.14939485407277,-1.16406850597306,-0.0508358869356904,6.1970622498637,-52139.3596482172
0.0978557367073145,0.217499999563949,0.263397531789171,0.193146470183275,-0.275474446096423,1.54789420374863,0.47366598177768,0.179016681654606,0.134504804934261,-1.16839572405463,-0.0636950380651433,6.15544743874287,-52142.2713493188
0.0436504737777714,0.192291560267299,0.268366919422315,0.194713544590779,-0.247847151115067,1.52881640388313,0.485808138910296,0.151240783207335,0.144154949833614,-1.20356703177667,-0.0516145777621895,6.17073390948785,-52140.5902527976
0.129550342310192,0.198104214063298,0.26017352458519,0.195595793471925,-0.249166956809338,1.53656360374411,0.492779439217477,0.139853654155123,0.121672042422315,-1.18515083094383,-0.0596800783878666,6.16946580018418,-52141.2308980691
0.102124947617644,0.200751015151261,0.25622640784752,0.203881697405395,-0.263842075946599,1.51244953074305,0.49041179225376,0.184973666211642,0.158364680582472,-1.13907994635902,-0.0545696253790033,6.18029381589798,-52139.1053459249
0.0830232480028176,0.201433932267621,0.258636219667193,0.204036053347564,-0.262197638426925,1.53331855653043,0.490956825726164,0.15082912952012,0.135062989586698,-1.16995345163446,-0.0615618388319618,6.17250650732802,-52138.2680467903
0.0992933045000354,0.189662006817603,0.260367550424209,0.191022080301431,-0.263729836732633,1.52404445978118,0.487622270671525,0.156470352105636,0.142678193780122,-1.18328524938623,-0.0528676915814426,6.17507013671665,-52136.4112884651
0.12328223242674,0.205451366943555,0.252317590440798,0.20303708617481,-0.250318175707549,1.51559559031231,0.494859157064624,0.143783993254797,0.135594424327911,-1.16717961487849,-0.0487853407178733,6.19094731287292,-52141.8459076367
0.0429321728799249,0.192993489918513,0.266976692915051,0.184953468235758,-0.268323579855548,1.53330874798714,0.472877110743208,0.183015103929644,0.149580834891983,-1.17080930204516,-0.0668056128221462,6.16189582351176,-52141.036261877
0.0979078303766057,0.205172216337343,0.24931947285907,0.209555196470153,-0.262366260025469,1.52250204978886,0.504200453136298,0.146172865273646,0.145780077723876,-1.16155514045024,-0.0409049443545914,6.19065927833815,-52140.2487311746
0.159733401201695,0.210052401436288,0.268892651109189,0.211903297363166,-0.272720863286063,1.52903337459946,0.477250960068021,0.169936570842429,0.153160607755186,-1.14327024027432,-0.0391441907317173,6.16743159066799,-52141.269780741
0.0520704773887695,0.211382448727721,0.252148799633712,0.202938370808614,-0.272132345621615,1.53311645029465,0.496073271476259,0.147739839917196,0.124475940134484,-1.16084841529762,-0.0610452245856657,6.17803172697486,-52140.6319589558
0.0848138197427405,0.187183074879146,0.252576082366758,0.198809597303641,-0.258075594477338,1.52880257847503,0.497697625009124,0.162136372876641,0.119200960660364,-1.18921556480735,-0.0438749601583637,6.16410090048786,-52139.9865402532
0.0997674213052534,0.219002405834198,0.257940667807393,0.209315239021501,-0.286968756581153,1.52471472870853,0.48378393154375,0.152192496346146,0.172634273475151,-1.1486393953997,-0.0515965426042152,6.20474640302307,-52138.7023303522
0.106123805550025,0.236771938229357,0.262876595811561,0.223570701142885,-0.300618204021282,1.53254348965103,0.491775642888206,0.164383154107724,0.132461416866086,-1.13992846010009,-0.0239843313323966,6.16257638769839,-52141.9325442379
0.0742649407770543,0.201306579131719,0.258124212770301,0.184517784163948,-0.249067620914255,1.53199719845241,0.483229755976443,0.152320941300409,0.167964536012639,-1.18064061277409,-0.0728666458006812,6.19308540058941,-52140.4772012145
0.0336442923284522,0.198996920288109,0.258666778197546,0.198553984477209,-0.262637164714105,1.52664198719568,0.487361775637066,0.150941633837785,0.140045700981052,-1.18783581769284,-0.0500629473182015,6.17960198222401,-52136.9227497503
0.123317806840943,0.193343716115747,0.265353106809746,0.197183798868696,-0.256072293400596,1.54210438490071,0.481923707708038,0.147696108504767,0.152073318164055,-1.19098591743048,-0.0457514907496513,6.17512974619002,-52137.8050291751
0.00607715175785366,0.200297177441092,0.262230102559201,0.197673628264347,-0.268664417233808,1.53345152517892,0.492997462912292,0.121270568163846,0.128740767799273,-1.20531804861671,-0.0528557995633068,6.21437074483186,-52142.4921177102
0.0618973298613674,0.210149989807351,0.256029305289591,0.195438023351278,-0.271202171177352,1.54926185404809,0.483364279493958,0.149478044093081,0.135404319365489,-1.18462649876967,-0.0594395154621635,6.1318989927165,-52140.8636914988
0.110857262926659,0.201447749436778,0.25816096792397,0.213439301266692,-0.260808521539547,1.51776419929365,0.495881234207287,0.184278912254552,0.156570981955644,-1.13960677670015,-0.031397017948807,6.24416300944927,-52142.715664497
0.0584923242689517,0.208661386554015,0.259466449082003,0.205202700543796,-0.279089536425057,1.51998810585527,0.501475943213237,0.161958741065186,0.147731671080352,-1.16588733019511,-0.0530755137426207,6.21248462995667,-52138.5508406057
0.034085076098635,0.200028509894153,0.254633550576171,0.198446420967245,-0.267652683036168,1.51697423916167,0.489277724593383,0.165369398234489,0.163531743841648,-1.17332954860065,-0.0535286493871493,6.13986724216127,-52139.7116474742
0.0599372012631873,0.202631316481779,0.25081815156438,0.194377649898855,-0.250470197768704,1.51813439344375,0.501579158579049,0.164097965029883,0.166141046669214,-1.14794843126346,-0.0716475773265258,6.19859054526818,-52142.4634772469
0.094413730964749,0.192999947098681,0.247268604834018,0.180492945681001,-0.256004401010174,1.51714435420923,0.501631167384151,0.17407466921885,0.162767367537882,-1.16054109510554,-0.0844840591864517,6.20548813786867,-52144.3119512307
0.0751667667556282,0.19514661875705,0.266238832604944,0.201466160546446,-0.264594092052242,1.52482465072811,0.487167851268791,0.15696398673519,0.123042670923748,-1.17295259961158,-0.0400623389108562,6.13156567940471,-52139.6611075507
0.116283611560911,0.200201558476032,0.258209091539798,0.194923788372034,-0.261839260313785,1.55176021553518,0.482696114993959,0.142964263657833,0.149518417104808,-1.20273894807982,-0.0646201881764796,6.228480707126,-52143.4455023869
0.118031674560623,0.192454024768829,0.258845043309713,0.18259458970991,-0.255205032017688,1.54842088330563,0.4773075236944,0.133314550259731,0.143754576645549,-1.20386826200145,-0.0568085132515875,6.2288144901329,-52142.7448731238
0.0837663752763064,0.187560439329574,0.262187055438538,0.199705624812292,-0.248624915054257,1.51657851583877,0.489139427750101,0.173142627678548,0.136604363836394,-1.17184556311759,-0.0423771228850264,6.12699793654537,-52139.2729985939
0.0805142064374773,0.206202369553692,0.260279184368667,0.190104973096587,-0.272893386377415,1.53493370271633,0.475849501848864,0.141773458495358,0.146263236971025,-1.17904882415645,-0.0644862677287408,6.22856832346244,-52139.4773341003
0.0816812450706435,0.213747791266187,0.266678232480393,0.213237875063955,-0.270087166878911,1.53240461945376,0.486078481717575,0.161633141436716,0.153773244501221,-1.16532543827677,-0.0424376789635874,6.18957298284118,-52137.2580869096
0.110186088870612,0.213500497094709,0.251781550675526,0.201177318691264,-0.272665950061558,1.52636303513166,0.494657195171693,0.171139859229475,0.147605425362274,-1.14518728802179,-0.0600849160703663,6.18259393241494,-52137.5449273796
0.112936215912855,0.215040474365529,0.266450767146125,0.204713915895218,-0.282593410302649,1.53181155489464,0.486536577459818,0.144167164876827,0.162085968330693,-1.17535145031407,-0.0399555186974561,6.21666320462466,-52139.8923315641
-0.00125880529024144,0.188412138610627,0.256068376702749,0.183839865307016,-0.261004570006921,1.54500723899822,0.479375570333763,0.179522098036223,0.127228048993511,-1.17974115311349,-0.0720735605547629,6.19005176923837,-52143.451593454
0.167729180557304,0.191711128862944,0.26327182652215,0.193274142154137,-0.260996902546048,1.51643032163083,0.489447435972077,0.17187622878926,0.177199226102064,-1.15855849259786,-0.0766025091496674,6.16680698248969,-52146.0734880794
0.0419339489573162,0.226076900493804,0.255720742844766,0.208639967502767,-0.310935541553926,1.54271785563387,0.482908135249081,0.18421038282584,0.132255458469765,-1.13278807638116,-0.0537660535279654,6.19511338272156,-52145.007399124
0.105588489295213,0.215362645169667,0.265801126367202,0.19751320311924,-0.276600699427846,1.52247113401441,0.48662192832977,0.151100950782676,0.171896544523943,-1.16031965902492,-0.0584874115635118,6.17795751289131,-52139.7689302482
0.0922685017573427,0.195495862526051,0.250226782452828,0.190675629805809,-0.259006742477994,1.52045406704317,0.495462364263089,0.179108956217673,0.12682958525901,-1.16638438714167,-0.0593119351182316,6.17583782644178,-52139.7528999771
0.092472716591582,0.192156652405388,0.26623050056638,0.197666474761083,-0.250641522998872,1.51952028761645,0.491304091122816,0.144805585156861,0.164203250083092,-1.18252413443922,-0.0400594512050966,6.18032197761801,-52139.2466399846
0.135525595082862,0.186705759586066,0.260772904309097,0.190638657559307,-0.241683938060288,1.53148525036634,0.496418560416368,0.153039027592018,0.136683874133752,-1.18895784314559,-0.0593807154357202,6.1522394091597,-52138.773708696
0.109835046799637,0.195787373858615,0.263376583854536,0.206533459402301,-0.264488426824021,1.54044600039877,0.471072949220401,0.136394660414383,0.123446126888058,-1.19859524857553,-0.0353486950876606,6.19252992322545,-52141.6094350042
0.0458227714320664,0.195356718591286,0.265666067560233,0.18542594471353,-0.266186153159269,1.5486639773147,0.478742720708644,0.18250535980403,0.130374701973881,-1.17500976216879,-0.0600889477472464,6.17858113351812,-52141.0894526911
0.0459568725653979,0.193180612534703,0.270950560005162,0.190181883701764,-0.267981068697672,1.55107526578165,0.480379767410603,0.185198084892962,0.124072605357607,-1.16947186203564,-0.0611462510627459,6.19512820986263,-52143.8116042987
0.139697395797023,0.185559020329201,0.254260216665739,0.19346699092292,-0.245492740675641,1.52638805146181,0.492868355119146,0.121825231863422,0.165749394871172,-1.1967769710912,-0.0476522893920572,6.14845996382401,-52143.4639001328
0.0931103981110409,0.199392328330199,0.252616772146028,0.194774510934312,-0.267182379304739,1.52822371719769,0.492399766685702,0.144846040303898,0.127840070376643,-1.19109969691123,-0.0630245415493184,6.19635728675147,-52139.084466211
0.0689340004377909,0.191602784997639,0.266824861285435,0.19157179187651,-0.256152691036725,1.53560908732656,0.47976583767167,0.177358779974352,0.154600090272234,-1.17911933034113,-0.0482366514214776,6.16689160117574,-52138.0065410455
0.0816130966088098,0.191023284367555,0.259972085378027,0.19530847227567,-0.252649772462865,1.53663650615702,0.487608311349931,0.152391828388524,0.151689091903525,-1.19046671016907,-0.045214326665803,6.13693684865756,-52137.1730208076
0.10211901444113,0.196181976687933,0.260611304040311,0.195333611327789,-0.261186593681412,1.52996191289789,0.487385777833868,0.167547611219783,0.126997787350428,-1.16466781708976,-0.0525635396801673,6.22216555735988,-52137.4291589454
0.0193754578450112,0.215814451923299,0.257047371998053,0.210325830914609,-0.271907793777322,1.53269855590162,0.492704445856238,0.135599305895447,0.178680995816308,-1.17460508923698,-0.0432340927400384,6.15688986327815,-52141.0640207096
0.177088408249006,0.203528329133184,0.2665089060739,0.199903425916081,-0.279119609699629,1.53029819375913,0.485738357051354,0.180971624107917,0.127127428331486,-1.16550821228464,-0.0538900539964542,6.17147042652545,-52139.816096947
-0.0132761040123394,0.21199670213356,0.252788527775089,0.209739712074601,-0.27611713018027,1.52171524282974,0.495379462653785,0.144408153591363,0.158418631611563,-1.17931854840653,-0.0437641823023168,6.18050058272547,-52140.6280298701
0.084674886491457,0.226271683887451,0.257525480351363,0.225363815626659,-0.285810480698257,1.54127134613128,0.482799476458501,0.164435624985787,0.13866779865231,-1.15188557945519,-0.0263719649783734,6.16384939515081,-52141.1789622837
0.0971095395820623,0.225562426248182,0.261440765604548,0.213722495881982,-0.306615795149245,1.53391575884018,0.481408326707083,0.162914194042591,0.130754379513314,-1.15039605572414,-0.0442681562498036,6.15470729897683,-52139.2490534733
0.137922249076308,0.222178278983139,0.249198080540608,0.218053578647596,-0.286753784242202,1.52040761522099,0.491302281458694,0.141304129978941,0.158879371334825,-1.14957557228677,-0.0447064048717964,6.14688343508678,-52141.2754208962
0.0487909363890492,0.222572704749613,0.269408265072376,0.205072376153382,-0.287676634243871,1.53868763625745,0.485959197288897,0.142490109847308,0.139454924734207,-1.17776088272466,-0.0457023635963792,6.1631068146765,-52141.3204193734
0.0869660894304174,0.204484705902955,0.253171245721544,0.206750445728747,-0.279527349245373,1.52211710626579,0.496575744834563,0.145536767425594,0.14593073295652,-1.15491186411451,-0.0436834198140929,6.18698192071982,-52140.1577128668
0.0785474383094521,0.213086022040551,0.25709613607422,0.219990520428709,-0.264106190734524,1.52185281383013,0.502209625363051,0.151645352229644,0.14063907467588,-1.17059121634003,-0.0372537581374051,6.17246085370443,-52140.5833098577
0.081198595535585,0.207049389071597,0.260289390509727,0.215105661156409,-0.277473398665172,1.52182639775366,0.491908779317067,0.156253749026296,0.147989488447177,-1.15834382441073,-0.0318639381535639,6.17298271612592,-52137.0867619557
0.0883796306710009,0.20913876295387,0.256365761530089,0.221315920013292,-0.267197597367261,1.51922654635074,0.503362838822023,0.153307682857512,0.14403504856136,-1.15420706277597,-0.0275027109261433,6.15051626522307,-52139.9861548994
0.0769235412622873,0.205939610357931,0.259708025566813,0.18917059001824,-0.267444055841986,1.54614440127699,0.471142517467012,0.161971687609471,0.153114985609179,-1.16790666354225,-0.0780214474755024,6.20566558451194,-52141.4258376598
0.126848662497938,0.216119334895632,0.258391701950885,0.204186671777547,-0.269635390414369,1.53480371157446,0.482711055326314,0.148937917536337,0.145225457730445,-1.17090504206114,-0.048863701586508,6.15995908427996,-52137.4655996961
0.0497798733921869,0.212709466872138,0.259269104115275,0.207479721167824,-0.269254082122638,1.52481378802521,0.496054097641999,0.168179303540472,0.15188570622559,-1.15852954834953,-0.0427458476792578,6.18206553440487,-52136.9445853248
0.0380831421818089,0.202589270609435,0.262265844027245,0.210146807409551,-0.260616335865206,1.52564159627239,0.502443854680629,0.173827896779786,0.150253091319579,-1.14975080817565,-0.0407232289749742,6.19590952342712,-52139.7828746759
0.165163572259163,0.214137167269066,0.257332999537464,0.205883163880881,-0.269599776232788,1.52300190847971,0.478234999399064,0.124548121506269,0.159304794997398,-1.17484523300696,-0.0444768975711073,6.15978016560001,-52142.1927304454
0.159652418003882,0.215444277815921,0.256436128579556,0.203623934943019,-0.270306955491371,1.52573241167529,0.474867784170798,0.123773777571781,0.157782973328711,-1.17489978979971,-0.0398978169813105,6.16195477136219,-52143.6634382616
0.0105491548238831,0.216251101825637,0.265603371049611,0.214369389261575,-0.28776745387072,1.54496196798228,0.480204620912069,0.141980559200932,0.12556198086047,-1.16410138821358,-0.033541610277517,6.20235090675151,-52143.9800345028
0.0737404169821939,0.195358968584938,0.260362860358346,0.213332351980872,-0.267895565903944,1.53807607757626,0.491891672660728,0.111059457706255,0.145614370648467,-1.21318037684669,-0.0238613077883795,6.13638068788138,-52144.5032437466
0.120486913282896,0.199149734581922,0.263761445647388,0.215986552800139,-0.262395452606785,1.53104340137863,0.484745263167672,0.132656180458129,0.132298518300386,-1.17610867334348,-0.0235342085782444,6.2015110709619,-52141.7956681621
0.115592110525535,0.214014083907884,0.257852084085163,0.214926882847455,-0.290665195261114,1.5290604847634,0.49664402681417,0.148632407674114,0.145986147453468,-1.16671499145847,-0.0493201861849735,6.16702660752406,-52139.1866307841
0.0461577467622225,0.193739808994522,0.258544083600789,0.200400337134126,-0.26415039681457,1.52041420804354,0.483394550505067,0.171310802183244,0.155491108145615,-1.16730357686697,-0.0467080735254117,6.18823588152042,-52138.1638156009
0.218009351974573,0.196172570028908,0.257416683065911,0.203734060197539,-0.258067438699251,1.52474654294148,0.487754191436162,0.183941146800049,0.153765932352636,-1.15320883303071,-0.0476309410900693,6.15997320059849,-52142.3413504673
0.0654610780326002,0.195465483412165,0.259715964376869,0.200338175212645,-0.255060625514765,1.53342457948795,0.489797182192596,0.141418433988848,0.120364626067877,-1.19699646503324,-0.0404522806632059,6.19813095331799,-52139.0149325072
0.112222063212303,0.195501144657116,0.262073505593448,0.192509620726143,-0.256268628455647,1.53786250167233,0.489420320628073,0.151173773275784,0.16671670439111,-1.18163688431463,-0.0548689198271292,6.1604263328466,-52139.5179583394
0.089345584112164,0.198708186779433,0.256939195050098,0.204677233403543,-0.259182293239108,1.51400880691555,0.485599136425032,0.160469503070319,0.142636848090925,-1.1583631960602,-0.0333382898116011,6.1765909266895,-52139.5032078332
0.0604071459192635,0.197977476029849,0.258366231325215,0.201076556245781,-0.266333998396245,1.52463931561574,0.497955060682275,0.153036019037945,0.141201093610707,-1.17592655092944,-0.0633584547797922,6.13634913877495,-52138.3540427133
0.107210049558075,0.188919865207526,0.264183416933597,0.191040400536462,-0.254056684277109,1.5296088741646,0.482780155527727,0.16666179211014,0.14695210378314,-1.16584343294366,-0.0603186642725199,6.19045864974621,-52137.1846817774
0.123745084917344,0.205092032604164,0.257337634545747,0.196911548483105,-0.28061772331889,1.53418341750799,0.482718664895695,0.177769122769958,0.153495969210241,-1.14817156147474,-0.0476307039619942,6.16004867015704,-52139.8579313445
0.156204327812059,0.216444040013722,0.263356788315192,0.19900087408522,-0.279152102816906,1.5381012449881,0.478626580968911,0.182900280162192,0.155834721639586,-1.16366857395464,-0.0610574795299367,6.15576021377691,-52140.1426116237
0.161867010627745,0.209201485395146,0.263567951942229,0.20103297978307,-0.279035938326374,1.53926277439317,0.473153012504831,0.166925493846668,0.1442949877645,-1.16123658459013,-0.0435289645844366,6.18356896553879,-52138.422517453
0.117442145687217,0.188232829422131,0.262797694338857,0.195583663258175,-0.256185078651505,1.52397827623918,0.487596800276111,0.16535483601262,0.15208457543302,-1.17862940907756,-0.060920782872768,6.15335122449148,-52137.2471131295
0.119221133304961,0.190053302801126,0.262155490440827,0.183563137560525,-0.249143813090856,1.51949971928072,0.491287987124173,0.167102404743012,0.140683628039504,-1.17808786300407,-0.0566413628169282,6.17681004143881,-52139.2979777984
0.117359487559197,0.18152787831454,0.256153537451688,0.195482178115237,-0.236546542898472,1.53003060144873,0.489705802374908,0.171399381263997,0.136712726412703,-1.17638717057,-0.0325601701062662,6.14749200903576,-52140.1128348827
0.0933056705425392,0.183301374386891,0.264900779571221,0.202055958808243,-0.245886807166985,1.51814569513812,0.494121219965057,0.1568655406157,0.164538647720339,-1.1894232050647,-0.0207739199651511,6.16533685895036,-52142.3819084554
0.0619570889879328,0.192641508766474,0.260254175611722,0.168382545851816,-0.249936783367215,1.52788479800423,0.486550760770183,0.161158885597441,0.150028820777941,-1.17371659186428,-0.083270367684653,6.13794924282446,-52144.8380772106
0.0655012067521381,0.191038055241017,0.26159959561796,0.182585331892189,-0.255986745540152,1.529668114883,0.487753471207226,0.164244843205868,0.151976660495136,-1.1785443309834,-0.0896233102982992,6.17386516350628,-52139.7876472529
0.08236454209977,0.215308936422641,0.267646821250579,0.21429034267367,-0.283613958410378,1.52192391002035,0.493804749565087,0.167879391975576,0.140711929866032,-1.14384743561083,-0.0511597340676292,6.11934436127617,-52140.0564059066
0.0433497996808385,0.242037501756721,0.253662147616906,0.216666237200969,-0.305493557013955,1.54491758880234,0.481892212284273,0.144911177606187,0.159110031092345,-1.1625268778577,-0.055162709027828,6.23004039655758,-52143.2515517056
0.0644004487323212,0.238197760603958,0.264150241064883,0.224006020001407,-0.296153642070161,1.52943864323482,0.480818750517067,0.124662937315711,0.173132028714778,-1.16901989344077,-0.0492924353999301,6.16062753450944,-52143.9315367308
0.091446583758036,0.216281586116045,0.261667172028472,0.205673271172517,-0.289960822821821,1.53592651002789,0.492264766281023,0.137495082739848,0.175075271782697,-1.16710430720202,-0.0491515337268497,6.17722086763628,-52142.4934279772
0.12250977734282,0.211964542747055,0.260423675479425,0.219101236372465,-0.282560206355782,1.53370057105405,0.49665755904724,0.184661237648763,0.131674425379925,-1.14105331024656,-0.050432498280082,6.19293038356982,-52144.3124537154
0.0283591859246252,0.191913475742729,0.259880601578854,0.188576639186205,-0.24752231064084,1.52027562095583,0.487510256339368,0.172208006845918,0.137415328488642,-1.17127674975231,-0.0430798457954124,6.19343119936652,-52142.5708061017
0.0949067051687023,0.201131317514473,0.26282890530018,0.190629820601844,-0.256007683511221,1.53726397175801,0.485252980211556,0.161593247199499,0.144664464391128,-1.1922063556669,-0.0715066914653216,6.13513942473019,-52140.7172670928
0.149928693230437,0.194282602886863,0.25511721639885,0.193569170534009,-0.262303051717442,1.53968139860652,0.488174962435315,0.153159180902777,0.149903545305162,-1.18429694440323,-0.060107309817646,6.12821724911605,-52140.8776042454
0.1203859136686,0.224376330231795,0.257510146614647,0.210727021657814,-0.30252815494508,1.52167440786707,0.473998835287725,0.177329264311994,0.138818659724436,-1.13531778635732,-0.0748323978601501,6.14340326352989,-52148.0198359423
0.00488651049867207,0.200823784776885,0.262721663999359,0.206727361658013,-0.270339658772675,1.53961236486578,0.479243450934071,0.12459624334675,0.165769981511402,-1.21423885425789,-0.032762219596431,6.21632538448914,-52144.3192317082
0.000918379978953298,0.218835837661752,0.262433102118934,0.197519896976396,-0.262008781338072,1.54024496221107,0.479240685693937,0.129041737139145,0.173927731930723,-1.19030318624317,-0.0603043716574516,6.17124098295819,-52146.4306570536
0.0957690299654269,0.192645526973085,0.257463236641197,0.196830159753772,-0.245486890257427,1.5250826173696,0.4842404901552,0.189196482799241,0.143119132449007,-1.15999020516981,-0.047863729662342,6.19808453199236,-52138.751118389
0.0861893682718586,0.200151704688374,0.263274377227386,0.194817766753608,-0.2715518380628,1.53311794231868,0.490080175566668,0.182135165811681,0.145855095035865,-1.16311143436503,-0.0618458427137375,6.1876735426796,-52136.9434262373
0.075216748526606,0.21389464959693,0.263642750864223,0.211542327300272,-0.273717803674154,1.52859048641274,0.487652358878335,0.175029790062403,0.153241566439751,-1.14434686059351,-0.044427384645314,6.16080864772135,-52136.9281775282
0.0592614000628823,0.21862722185932,0.258713748096596,0.203919599664146,-0.287742483835397,1.53083445376832,0.483898798728553,0.15971210350968,0.149246178545045,-1.1604751109159,-0.0710361127887539,6.12825089723198,-52139.0575831102
0.162044611802305,0.212837369600176,0.258679097880474,0.215337706355883,-0.281012339533301,1.52526045962376,0.488588924670394,0.148272299383777,0.162468003291314,-1.1712231443627,-0.0368526447255291,6.18336484036123,-52138.7043987769
0.0788738918326227,0.203782942264285,0.248889680349535,0.207527122625402,-0.268720566240744,1.51523643231108,0.497770305064619,0.155160901485971,0.143983421581445,-1.15858787851296,-0.054009708472874,6.18319721472694,-52139.3103225091
0.0846313058328376,0.212386286551126,0.26257762340044,0.214923297632428,-0.284161864332471,1.52730346011986,0.487998799533955,0.163748378862872,0.172008399401338,-1.16395625653634,-0.0387908270490988,6.16880366360783,-52139.118451783
0.0659199668538385,0.188373802847229,0.253953848799956,0.188771498318863,-0.250185677432157,1.51467529273131,0.500914298333521,0.179328681658909,0.130378285411202,-1.1700749430538,-0.0663239280999447,6.1984881703628,-52140.2033118902
0.0526611296573819,0.185184428474875,0.255516954338995,0.182811428544787,-0.245033178637531,1.5250794928385,0.497720080942809,0.174886040507065,0.132951825565693,-1.16813721257849,-0.0749696952814266,6.24407411710817,-52141.6040436167
0.170715445181816,0.172531778020663,0.254007821754206,0.179018962126952,-0.240144842781657,1.52279981138311,0.484140093400003,0.137514124288357,0.155136766961282,-1.19992267240172,-0.0572160285428133,6.14707529835741,-52143.2527205397
0.105591530288062,0.200519205838306,0.266515573186383,0.194015659945618,-0.277809217984724,1.54251775665277,0.47803499835208,0.157091980750398,0.142343018437812,-1.17789099254743,-0.0522781352156799,6.2106705985178,-52138.6370243576
0.140023627406271,0.202516310934989,0.267132996380061,0.206278551945893,-0.266866896158392,1.54070920305939,0.479060107999769,0.136728775940236,0.136872525276311,-1.19247867644535,-0.0516804994175933,6.1818786882813,-52139.5948659688
0.0747688795020175,0.200601481893687,0.254452217242187,0.209321405535962,-0.264002710022737,1.52155605609374,0.487693074204199,0.167408761526154,0.142736115973332,-1.1609430432788,-0.0449575029629836,6.1685070914348,-52137.7709237558
0.0752569177462888,0.203586328674975,0.256152522084383,0.207276518123678,-0.262116012400981,1.52226650793836,0.489379254512612,0.167223509792445,0.139885671651138,-1.15340993715476,-0.0412393798190358,6.1982097168088,-52137.289435507
0.0706467884484838,0.232210251794926,0.2648792987577,0.213165451237771,-0.290590875840147,1.53564648206572,0.484629714705484,0.147779679221524,0.153373197300893,-1.15742604993804,-0.0592218580660032,6.15612937205405,-52138.545736498
0.110215696183207,0.213070589025764,0.267525180351795,0.203080354288855,-0.287096896494664,1.5335925710924,0.495789055739534,0.153355458223464,0.150849209109922,-1.166196954819,-0.0556805577036457,6.175575807635,-52139.3237929158
0.0667929269948176,0.188603851131574,0.250999248055765,0.183190965605338,-0.257188041354874,1.52529305875949,0.48951729610337,0.171403907038541,0.146105354622919,-1.17795299732251,-0.0550720354997203,6.19383921325595,-52139.4752925761
0.0708506642423724,0.184433520133625,0.251428281575031,0.186951046009658,-0.257624770621255,1.5255942115836,0.488590344262572,0.182671934983057,0.148205429469631,-1.17182713713612,-0.0574277094925247,6.1992229108554,-52139.4325177627
0.110687463293926,0.186708298900411,0.267808621078048,0.193368023070865,-0.255245077769449,1.53011626629438,0.49837141594668,0.150335549669435,0.149632087055652,-1.1947115718287,-0.051555442253068,6.16374745410151,-52140.0173458322
0.125946528428057,0.189737198112998,0.253289391604812,0.185518690536901,-0.268542015337148,1.53547273730699,0.489610073052294,0.180386603970239,0.144616818641127,-1.16944143288086,-0.0510016440741892,6.19079560199656,-52142.2595206564
0.123053732664828,0.198381454562599,0.258710891583472,0.198754971605604,-0.260463742363988,1.53012926482746,0.482271742264148,0.178110751455878,0.138215613352349,-1.17084040166035,-0.0688649449248906,6.20151567107759,-52139.6936565899
0.0796229821460435,0.187091710600086,0.261946193814645,0.197698948658193,-0.242312905531882,1.52863103879818,0.488178744842802,0.135969513555947,0.1477458461288,-1.20134462930574,-0.038570715411218,6.16501819511586,-52137.568918291
0.102969184889583,0.18273368890531,0.263969719996362,0.199863743600589,-0.246433365017521,1.52733220631255,0.488182525152581,0.133512279074154,0.143584309919566,-1.19528624045123,-0.031222114938303,6.18368325439547,-52138.8387863682
0.0836078006055507,0.199167157099282,0.257915983726685,0.201276474529074,-0.270179459243059,1.53350130966753,0.496706988306139,0.137369257157196,0.113351627545875,-1.18802038719214,-0.0419593802541744,6.16827191614748,-52140.2844396239
0.0988362893418026,0.216687178191748,0.265609536368358,0.210848441754143,-0.278438110895318,1.5350817090092,0.489642875315542,0.158365083750835,0.12655229517379,-1.16559073524495,-0.0501717160472414,6.15906631906537,-52138.1014951675
0.124035574250252,0.226056461689749,0.251716982775473,0.202751539497233,-0.296488572331356,1.53009405167146,0.485383786284286,0.154082702090286,0.146971287808568,-1.16537403331495,-0.0596018510115703,6.16342534567671,-52139.5210939378
0.0889579796981768,0.20423432377847,0.270299378078557,0.206911804564831,-0.276079123326357,1.52631162402457,0.477221740945469,0.177830326359693,0.151062565008949,-1.16503235962106,-0.0409379717985786,6.20343288142452,-52140.4222428207
0.0900448673180844,0.189471093108736,0.248330585763525,0.185597006059829,-0.24521712729548,1.52332431970276,0.492741962250719,0.132003983652812,0.133330352756405,-1.18905450473492,-0.0658079490827932,6.13727201167924,-52143.1127732928
0.0421152782207124,0.186440318244401,0.268488491299525,0.193973480202242,-0.239207552588524,1.53489886487826,0.488119837837754,0.180799078225095,0.167195062754347,-1.16898660008976,-0.0501764133189598,6.21064748735338,-52142.9125786279
0.108057418521428,0.188139520758989,0.258136746748945,0.190500667966588,-0.259389652923423,1.52824018970976,0.483655085677107,0.16281576709434,0.11431072901145,-1.18173288932185,-0.059178951709706,6.11476899899093,-52141.1648113274
0.0594679286349518,0.193927513999046,0.266060215777831,0.194993768072625,-0.259422397335176,1.53952427061137,0.493902136613365,0.18535279591266,0.116344567790991,-1.16808220797954,-0.0702205926562645,6.23244105829924,-52144.0327198669
0.0538005894648717,0.202201942781061,0.252766767163434,0.193000336310516,-0.273567165266696,1.51560459400382,0.496394453162964,0.162191390519553,0.118933001398916,-1.15704871527259,-0.0660770838245557,6.23830485006508,-52144.0072341487
0.133541864416607,0.216195314465209,0.26658744747662,0.208081709059129,-0.291871906451854,1.52586758864791,0.498842637846868,0.184076438859531,0.135090853894278,-1.14217522319525,-0.0572890078270072,6.17928723092378,-52140.6830752278
0.120993246201716,0.221066277153364,0.260563611555373,0.207794331398674,-0.287997300338425,1.52685827646286,0.49690964574503,0.182502147896971,0.13495775725932,-1.1393525666571,-0.0528115204247406,6.15385053799879,-52138.710985615
0.0970338956770319,0.206588002899834,0.257886674865973,0.207247210718189,-0.270268020788572,1.52190369194834,0.49400133974701,0.184342769972483,0.130831758338911,-1.14612564748469,-0.0438126737954762,6.20970861173406,-52138.3056429024
0.128914844526801,0.20206911869561,0.260943525431341,0.197865603680296,-0.259030258315707,1.52388291313437,0.495196060672309,0.178124887323692,0.133914862113544,-1.15608853639894,-0.0533484432920228,6.23218593811339,-52139.1065060516
0.0721893632007525,0.204861786801334,0.260786991252897,0.197292727265668,-0.269034704808846,1.52777581745421,0.481424378132391,0.180792786082648,0.145013292570411,-1.16141110336733,-0.0415599159558945,6.1877572961294,-52138.491489609
0.0826544198627765,0.199394198386949,0.26231059246443,0.201869174411867,-0.26594359100956,1.53249925994792,0.477918850575077,0.155857957592366,0.140662318855176,-1.16251472952245,-0.0485272867127,6.18622566355367,-52138.2368391834
0.117836251492302,0.208570831616733,0.260313986215608,0.196339920077686,-0.281031306279615,1.53823935551364,0.46907754993767,0.176886846141001,0.134913882998751,-1.18659109910376,-0.0550138562841933,6.18768811092757,-52143.0706867255
0.103535113897351,0.167197436612346,0.261017726811271,0.186420179684206,-0.228572711721547,1.52424493957212,0.496755764920419,0.150557666008514,0.136238598586216,-1.20712716906763,-0.0655449631303843,6.1872192730211,-52140.1464355784
0.139986612742584,0.185278752542172,0.259922858342491,0.194971997813469,-0.245120522124182,1.52479225743688,0.473244718823634,0.190100455367311,0.140757328255913,-1.18551026785336,-0.0514889669707243,6.18528653611105,-52143.5289100599
0.123089685967388,0.183913189264099,0.262646029850207,0.197341557526417,-0.250448486313902,1.53856978512462,0.475076190021756,0.175580432934489,0.136023635809709,-1.16553708055238,-0.0449720627094497,6.18702454880584,-52142.368819344
0.0833367267998772,0.196129142337872,0.260632276195965,0.182314248879529,-0.269213533820804,1.54043068099992,0.480512134164364,0.133174137497734,0.154841196140173,-1.18960373242265,-0.0833710963152981,6.23277207787254,-52144.2558671931
0.0913910883055719,0.199102614580723,0.262398601580023,0.181257932808167,-0.263367339558025,1.54424935818178,0.481190351670284,0.148932511605256,0.135544527814705,-1.19072955470457,-0.0878485821500311,6.20182928682596,-52141.2505180563
0.0794434542843061,0.197411548523467,0.258955668847471,0.182734962247634,-0.262662238266759,1.54252563876862,0.482090988165643,0.146675257786693,0.139458810628999,-1.19489240659785,-0.0764292245295667,6.19564628511008,-52138.9496900525
0.132979288491727,0.204908911114466,0.254666808275626,0.198689478709836,-0.267626855911354,1.53276539675049,0.48239163658,0.186288891998141,0.129432583079313,-1.16021936028691,-0.0541197514058922,6.18367569301748,-52138.7457024179
0.061118769736598,0.219560106426444,0.264067999807964,0.214503500736334,-0.284576746397637,1.51974572388239,0.507427130720175,0.14506673060515,0.161622414048301,-1.15147533607722,-0.0530750294636938,6.18670800273556,-52141.1413617622
0.0436567877895602,0.22795283811738,0.269671411606852,0.214699399550072,-0.295134664072542,1.51988736452464,0.504215744621447,0.13933832603299,0.164289838230523,-1.14754359292287,-0.0492117272483475,6.18966398206445,-52144.1723370039
0.1288024872114,0.193189751033428,0.256508537978379,0.203046594910447,-0.256212915250807,1.54214226544124,0.479914657657408,0.188234126215397,0.143919008013018,-1.17662581947628,-0.03559727375476,6.17147410737776,-52141.2968353984
0.0713727602939974,0.193084474217572,0.255024950858444,0.195026357589384,-0.248711226004095,1.50694351148778,0.496901809715029,0.170028850205017,0.152020807452002,-1.1666417465484,-0.0640433622551956,6.20939134790838,-52140.3733940533
0.171671913860795,0.190274136770419,0.258962933267307,0.203648967122407,-0.243168666111889,1.51644527941542,0.495908006984008,0.202228454020415,0.146383783387398,-1.15101666022254,-0.0326033094041197,6.14708333443162,-52144.4027879703
0.0374289079357745,0.221972219808691,0.259879529649386,0.214982290560812,-0.287546415471261,1.5332651100665,0.489624427390492,0.125464535723592,0.140833727486335,-1.1755007704055,-0.0645652693352257,6.20535851611649,-52142.5451103165
0.109060670942288,0.196877440349368,0.258284781893645,0.210780817454957,-0.271091021953899,1.5212939845521,0.499112649077931,0.146067294651855,0.128695011991172,-1.18682497282807,-0.038484105791272,6.15632739041777,-52139.8011623428
0.13548131138377,0.197333634035306,0.260835146339663,0.203443536045025,-0.2547779034681,1.51744204052035,0.495779167523634,0.154173956151933,0.146820457399844,-1.16156216216013,-0.0387138861110097,6.12786400734351,-52139.1253940213
0.0508378672002297,0.201930568669461,0.26398804002246,0.188633331017181,-0.27948032884706,1.53910432488213,0.478659848481525,0.159106960974673,0.159355370793204,-1.17077867913786,-0.0732976894072701,6.18517591000462,-52140.2123787593
0.111330549073728,0.200105166425628,0.256742541137723,0.187613902832092,-0.25634748018443,1.53852238933782,0.476694606860242,0.176018089203906,0.15167976723805,-1.1627758695644,-0.0707087326750426,6.1868906154261,-52138.9725494462
0.0881170959604014,0.2122525827348,0.260374912975459,0.215285918494089,-0.267769591016616,1.52110368465206,0.503294784383877,0.138176201870194,0.15162314926305,-1.17967666763103,-0.0277736132968224,6.18601963241784,-52140.685105315
0.0925610665091989,0.223937710039588,0.262537254610798,0.201843422162578,-0.284386545827949,1.5374201024219,0.484436231225569,0.180867391714945,0.154988829303747,-1.13648613141302,-0.0666677813053776,6.17328834672753,-52138.4192711596
0.119704352111414,0.236938043609381,0.258445289940671,0.225745013272744,-0.296092031564787,1.52538883636162,0.4868738862512,0.151678630401568,0.15208221443841,-1.13873627694511,-0.0296487578409357,6.18301596022499,-52138.8673432364
0.146950352322189,0.214249685515107,0.253506828217885,0.196840228356105,-0.280023030216225,1.52895119379765,0.482254938858353,0.167303946137712,0.163965041328819,-1.15073597641429,-0.0656876636492295,6.1899462931881,-52138.4321091996
0.115829090615119,0.197939082759298,0.259139339909013,0.199144399609052,-0.264775645117572,1.52313324640718,0.48659010266277,0.18209735710203,0.144639488296472,-1.15627170995721,-0.0489741079914602,6.17794536594134,-52136.0918099553
0.0668052676822673,0.202480683698511,0.257210173382736,0.201651061221849,-0.271731384932234,1.52800006840964,0.490386768389786,0.122282489240138,0.145469413280472,-1.17966689235245,-0.0383566835417714,6.18758501785833,-52140.2514858025
0.144674947773213,0.184885944896785,0.257228558843587,0.209902903696186,-0.255049424051741,1.52466101923512,0.487120023901968,0.15197375049985,0.132227893853618,-1.19051145061777,-0.0280693473856276,6.20293715671849,-52140.7851274792
0.05691490748911,0.207127612955811,0.264155662240695,0.184643932846835,-0.269781536137743,1.52427810720728,0.4778907886375,0.171407976447773,0.146390198944462,-1.16379524302981,-0.0798486739832466,6.15908464480892,-52141.6185934741
0.0607349590109359,0.198915101635026,0.253760232488,0.214496455863253,-0.267088921670217,1.52919070351894,0.504741693747761,0.153536915949479,0.154113130518207,-1.16964760832098,-0.0338201943975446,6.18849218899653,-52142.5286120605
0.0674114228109096,0.20881177183879,0.249662567663542,0.209031711519458,-0.280780297747811,1.52000384831615,0.482213618549993,0.161565155532331,0.138950337833807,-1.14409473738704,-0.0468012570953141,6.14629300844245,-52143.6658890924
0.115742246712479,0.200602261605303,0.269878878558435,0.193932332329012,-0.248566736689548,1.53079283923794,0.485253958444975,0.160530321752228,0.15445109320908,-1.18112863375175,-0.0608676543316954,6.20786138447211,-52141.0393587054
0.121163923935729,0.207845548874317,0.24792544566396,0.209472837768995,-0.271797393708236,1.518478213931,0.494349811182999,0.159825672582418,0.134814230807497,-1.14399953470446,-0.0375375604278732,6.14802896047638,-52141.7266234607
0.0747641689266553,0.190295109045486,0.265161787608179,0.201263120019034,-0.264581016982992,1.51557170466679,0.502672698049343,0.179237567177547,0.148093897183081,-1.15593957480355,-0.0527793445523599,6.16038214665805,-52140.7170862518
0.150104685170289,0.186160121363787,0.262570516040335,0.196491859694902,-0.247433968630525,1.51034731815239,0.492949296147337,0.169907811250657,0.144377739959781,-1.15634500252818,-0.0603779082624811,6.22755171031028,-52141.5612856636
0.10825537324886,0.190462407521018,0.266778697215091,0.195555825155915,-0.24863986642465,1.5183493021111,0.49158699399123,0.166064710076531,0.142677193630629,-1.16656607027775,-0.06177293213312,6.22065446948318,-52138.770076865
0.0901983878530341,0.191252790410799,0.262429710299104,0.202214997219764,-0.255000883339111,1.51639635168141,0.490545936194818,0.174732460384335,0.147892544044899,-1.16543434708832,-0.0544093571445285,6.21114431003448,-52138.2758494701
0.0654361287114706,0.231650427690555,0.259934745676207,0.211674013485084,-0.287555283891759,1.54799442986116,0.482841720126955,0.160228675572182,0.144608771869855,-1.16779612613869,-0.0552254968073751,6.17188285275709,-52141.1937288774
0.151402301968225,0.193873499356641,0.264582350657769,0.186707676069981,-0.25113186846262,1.53182833967837,0.477422826886345,0.16162393346918,0.153493824736265,-1.18037250890547,-0.0633056268676297,6.18931140981001,-52138.0901958633
0.113201530439341,0.200303368155738,0.257358121854532,0.195873816328649,-0.266654810710215,1.53439303466972,0.489934393090793,0.165278970975559,0.138768942147433,-1.19119949119053,-0.0558568827671907,6.17742400491856,-52138.2965134424
0.032438439043104,0.204361184846841,0.260062729107565,0.198428410753642,-0.264352766921002,1.53573126585602,0.477336644338918,0.139682410670476,0.151504161485739,-1.18336603354147,-0.0550540282290724,6.18372259513443,-52137.8895730423
0.0855079663393457,0.180468714978075,0.25914211985661,0.19398293607282,-0.237176732843655,1.52097326434321,0.49203071093792,0.161714165491169,0.143910056343768,-1.18285360214101,-0.0555453704281304,6.17149764471183,-52136.8605813914
0.104441702379839,0.166002574567411,0.256431767547632,0.178594778432772,-0.222868874927868,1.52859182302192,0.487360104741746,0.163115457060977,0.144631031536815,-1.19784366279493,-0.0723586197192726,6.17060813767043,-52140.1194598448
0.0533973392473193,0.194946261233026,0.258687131807473,0.199585134951743,-0.244858308180469,1.52807789286897,0.489680010844409,0.159360771755492,0.140793460061032,-1.18131890665969,-0.0471628907679793,6.19371379258362,-52137.3450270366
0.0455243049291837,0.179325092512911,0.261881406446468,0.185513557575219,-0.23704435638431,1.5288255923722,0.491545301742057,0.148113957559318,0.141396345824509,-1.19577044023935,-0.05835348814067,6.1641115119394,-52137.3872242951
0.132301341618,0.205424427484351,0.261178093539947,0.207996809121749,-0.276715513470331,1.52851087215398,0.480582349629077,0.1747171605486,0.144727947101271,-1.17291900192005,-0.0452628151757441,6.21437684494452,-52138.9249257906
0.0970534527373998,0.223959318367692,0.260031198033189,0.210970553541967,-0.281969622299704,1.52806694902856,0.492516935712479,0.138326253549545,0.146052948251058,-1.14862457737764,-0.0467765485298586,6.13864736799034,-52139.2745245856
0.0818744460574981,0.218331192297349,0.258034480591416,0.205442619961649,-0.26914232248035,1.5351589512366,0.485435715224161,0.170118408663988,0.159653900150192,-1.15488443761926,-0.056168576680348,6.21596058266482,-52138.5346069399
0.147233106693188,0.226252802015332,0.269570522068297,0.21193297307213,-0.29345538634943,1.54088311429208,0.482023174390947,0.174897730463213,0.150838980091492,-1.15546316221586,-0.0369604501946537,6.15088916791927,-52141.8637099942
0.113429040955527,0.218130259165403,0.259339945222505,0.214742684589632,-0.285348628181223,1.53994313768268,0.481589524919628,0.154851241012911,0.120978374888051,-1.16340275131245,-0.0370903747524346,6.20956887735552,-52139.7979180543
0.0850305771578643,0.222270330642208,0.265920207679415,0.21585423305095,-0.291305051041914,1.52719277716338,0.489479871935013,0.16435604668776,0.151674899077029,-1.15457903303304,-0.0509740539084034,6.18755592963577,-52137.4207950563
0.177102066880383,0.205090305396548,0.252245294759629,0.204086618351116,-0.271548171058208,1.5218939673346,0.483399937550473,0.186784618254242,0.139057731848919,-1.15270030845331,-0.0452195614709418,6.18478606129173,-52140.1562079211
0.0908788799459972,0.196666287477359,0.267754555025138,0.200714846641656,-0.262971169949905,1.5367050818439,0.489509460021965,0.129712827208411,0.137753456343506,-1.20193971439152,-0.0528257732218131,6.16406386727324,-52138.7416837996
0.140432485276762,0.177704969090668,0.252212975957796,0.208748047124584,-0.248977825306473,1.51488073895367,0.495424378426977,0.164949047526586,0.125338669172334,-1.17489150175182,-0.0315422683270569,6.18304431254234,-52144.7063295366
0.0101431075193233,0.197590022341834,0.266167191258433,0.187867810068634,-0.272093711666982,1.53699935829415,0.47197291445208,0.153651217918301,0.166857264762471,-1.17760062402808,-0.0844202698983385,6.17176447434085,-52145.8891130455
-0.00923059785773559,0.202212733947134,0.26322301055902,0.183541514128995,-0.251003999881583,1.54775597044564,0.467913855979952,0.168965847430708,0.182033032730471,-1.1809585239253,-0.0699617884787523,6.1749065851178,-52148.3097602421
0.120955162885411,0.189721503021082,0.265610520905936,0.186755324369243,-0.259347433048009,1.53231693853205,0.471590564051268,0.167115954808801,0.139596505563132,-1.18823214135971,-0.0530972934850596,6.15643035906116,-52139.1380844014
0.0429033808488409,0.184823617242862,0.263452379642015,0.184898537931245,-0.250922019585234,1.54531322583563,0.490933037870206,0.149092005952682,0.121666964343663,-1.20579067202122,-0.0613737170756624,6.15833190638975,-52140.7244536279
0.182370664197531,0.211249960818872,0.25764284782311,0.205022057386702,-0.260654141873943,1.51817650114281,0.49594498812978,0.194173892457568,0.173703511298314,-1.14215329289052,-0.0587339905516708,6.19065113355278,-52145.1906988289
0.176968442606268,0.208537025833651,0.257465161974932,0.195755114818037,-0.271997927140051,1.52057508264618,0.499856688377422,0.192190679816771,0.174484913572048,-1.14225981221674,-0.0517180536330856,6.18944303522985,-52145.9625173121
0.231266721284553,0.209406805327805,0.256423348522567,0.196696041872498,-0.268927484511617,1.52134790555038,0.487972765763445,0.164440118792995,0.170350373475424,-1.14311062408672,-0.0781913648905802,6.19255951902267,-52147.2627782945
0.0459043619546993,0.223519310778164,0.259142940429984,0.214352860434688,-0.280749002498286,1.52662982467834,0.48009987263814,0.168456385713895,0.15408830443865,-1.1575210508464,-0.0392500950135108,6.17425948993141,-52139.2979275139
0.0788588270579344,0.20889057420024,0.259921838165485,0.208260433705008,-0.275215211570464,1.53053211182437,0.495285391681738,0.135398546293516,0.158750450271463,-1.17573892893346,-0.0586527699703761,6.18022345480528,-52138.9324494653
0.0672086356192128,0.194384276752185,0.258844706623423,0.206080225779178,-0.261792715781381,1.52145085653073,0.491842826273094,0.144153987802685,0.136398388882681,-1.18479887827054,-0.0448586149592581,6.21885497340718,-52138.0730645288
0.0642564529224564,0.199960180992391,0.258804119234864,0.204779685806536,-0.261908763084946,1.52036489706516,0.487656019128454,0.134695814187515,0.127206419112932,-1.17193967504382,-0.0469509217493356,6.20873817265174,-52140.6415992458
0.0551549774609485,0.196642835253986,0.265370380559003,0.198814325982584,-0.254764863667063,1.5492017856599,0.487685011194393,0.158069158077258,0.144725833532257,-1.19264643201621,-0.0444582060461885,6.15730599059323,-52140.3330050663
0.0719467504917434,0.205061025435693,0.256513578154455,0.194153104623765,-0.277151517550325,1.52241430355634,0.47873881225312,0.152534069706639,0.163751797453276,-1.16261256958144,-0.0711213201213635,6.19571622942997,-52140.3334363408
0.12384788721374,0.212163697235025,0.26413444658137,0.214268178405847,-0.273063297838122,1.52924112130439,0.496427552493341,0.168460171828782,0.12748252477099,-1.15441679475347,-0.0477224024740039,6.14077261357678,-52139.779971692
0.124616995433832,0.1920011427809,0.262250109091785,0.193071310629987,-0.248761102142793,1.52993151253091,0.47479993355627,0.166040499872122,0.152362002791779,-1.17636873388983,-0.0478013645263256,6.20736867675208,-52138.1261677849
0.11473335109631,0.202041897023073,0.260156017256582,0.193315574552586,-0.27212460588408,1.53402856071383,0.487434333477894,0.16772991708034,0.153036267035294,-1.16851683717319,-0.064160694339073,6.10967112335085,-52139.0208444985
0.183163502458728,0.164607588936558,0.261793149601027,0.176161842492485,-0.243486342934079,1.53223350717241,0.479224259013838,0.159590097567494,0.113507826285896,-1.20667731260632,-0.0645285127361611,6.19860411330817,-52143.303464944
0.118359939195857,0.168617470113932,0.255896504498014,0.181580051506641,-0.228666080975815,1.53218083386115,0.497162125393209,0.144893122912313,0.117696114642389,-1.20483779920801,-0.0618275659911083,6.19462336449535,-52141.7469159429
0.077855124939337,0.181067344284922,0.266686126941656,0.196545261394543,-0.235799915044388,1.52204966789182,0.485015113214628,0.121218084742868,0.15610326147182,-1.2156776583436,-0.0459586926471336,6.15246189372402,-52142.9193323108
0.052081541008902,0.186425232587546,0.260187086495593,0.193922159986905,-0.248219286107661,1.52956850713832,0.48089598645036,0.141955866361575,0.1517968262236,-1.19289351182816,-0.0473031668584907,6.18020086826636,-52137.3999184603
0.0456740243452181,0.179840118061063,0.265618653588174,0.202890020156772,-0.237510639966701,1.51931306059954,0.502013625931547,0.139353905687074,0.155123365879052,-1.20647826134336,-0.0424412909170693,6.20530198797882,-52142.5000274893
0.0879564469012158,0.172818826106937,0.263361769391069,0.195934867122249,-0.234777133604987,1.51955726855226,0.488490658106661,0.152281058820707,0.160739601653723,-1.18819893055072,-0.031827963460131,6.16360214047761,-52140.8933944419
0.147340564068802,0.197592442337876,0.255047762626853,0.193364071286851,-0.266791392794774,1.53352361534107,0.489200117538923,0.148776324150367,0.133516823075433,-1.16746898175042,-0.0542903847406865,6.20364081146818,-52139.6258650761
0.182868520506762,0.204882784577412,0.249335471138813,0.191536268930778,-0.275755230690575,1.53872556966478,0.48308863877498,0.158641515175349,0.162879292371524,-1.18933923754515,-0.0697864129770101,6.19771800340124,-52145.4119879974
-0.0187265979563307,0.203214329831243,0.268470443032912,0.213595870028183,-0.252507674069631,1.51538610771537,0.51095273449799,0.169166177526581,0.147036511485075,-1.13544785904735,-0.0371324678019417,6.17721650983661,-52148.853876617
0.183905487290054,0.215877962016817,0.249861860790672,0.203044065083053,-0.272830053996805,1.53140774536688,0.481430627401414,0.133070524891379,0.139355856680121,-1.16210839095949,-0.0423597254046444,6.1929451389849,-52144.3858763789
0.0394861706920115,0.18456888280225,0.269292868675281,0.193905923424845,-0.231459858999603,1.52742033536026,0.496358863258293,0.175171001485122,0.147245427892656,-1.1712476422835,-0.0510422572063295,6.15962550483287,-52141.8301163445
0.138831012277085,0.229827966277436,0.250631680681311,0.20315291415875,-0.284615913426852,1.53513599971511,0.48316827724821,0.143535562630569,0.136699551221288,-1.16005635279908,-0.0619829017910011,6.2044083038612,-52142.6893344489
0.10300198211625,0.197165124837321,0.264471690666201,0.201205215421263,-0.259944407926345,1.53812505512019,0.484012916597794,0.162604214705386,0.131352554464483,-1.19695043307389,-0.0423621970500446,6.197904230704,-52138.7705630481
0.120426536818765,0.216393107169395,0.267401691977494,0.197534158719385,-0.28248139403861,1.53503366859539,0.478083259710615,0.161279275895034,0.140865980028535,-1.1571658772973,-0.0658150114402521,6.19372366229343,-52137.7821743399
0.121169765029294,0.214033655717757,0.266919259582012,0.198395328361724,-0.283858826912861,1.53479200026521,0.478827303564377,0.157435039421871,0.146347544472206,-1.15479492601526,-0.0661369559393194,6.19497592960638,-52137.8942578144
0.0583152429520493,0.215756727615868,0.248916310620784,0.217837188113882,-0.279920893991252,1.51121077935107,0.495879285262999,0.177446987256544,0.154291121909077,-1.1393823714983,-0.0356693672430754,6.17204879781713,-52141.1741918209
0.0637795498834043,0.230739563620922,0.258827716824819,0.222336776180607,-0.292490490933218,1.53483185037465,0.490217018937361,0.162453182627675,0.150944340041769,-1.14093093303783,-0.0289915501128269,6.17863313626773,-52138.856308136
0.0247432238252187,0.241908846520248,0.260401970287057,0.231622143504661,-0.314803473883274,1.53438039514918,0.477448665052756,0.176346833193143,0.146491919715873,-1.13825409409593,-0.0282695549831346,6.1289643467974,-52146.2851505141
0.0373010358294148,0.236567640513135,0.259307214418222,0.212873558239983,-0.298917437449008,1.53740272974642,0.480099407179776,0.173550147515746,0.153804877090234,-1.12762141911194,-0.052830549793749,6.16143217081731,-52140.1474667054
0.0173988269614265,0.23192268243953,0.258201376972612,0.21526910427639,-0.310020232328102,1.53993547633608,0.485832805982214,0.182018048618118,0.15157126956869,-1.15381658435176,-0.0531848468965668,6.17717062221374,-52143.5261785858
0.0905253564894419,0.212170007440823,0.266656982691331,0.192096903278241,-0.274098713100353,1.53664205357793,0.475636399476465,0.147456181082389,0.152610472918987,-1.16722994641461,-0.0776196233927473,6.15097758274198,-52140.1451956333
0.0838882212221046,0.192477560743602,0.257314460887382,0.1943916314064,-0.260148863624612,1.52575009583183,0.486333813811704,0.159048122143749,0.138333779903791,-1.19229084641897,-0.0645944373622132,6.17424925966957,-52137.9730166083
0.0855678301914702,0.189977181620286,0.25594132893006,0.192616177673016,-0.263108093273916,1.52385703430086,0.488095322825837,0.161132875617,0.138062844086214,-1.19594315273784,-0.0605185733596093,6.16656955869773,-52139.1043828104
0.0602652104860322,0.184580119073724,0.262714618236832,0.191166164941676,-0.23463683098908,1.53469069546484,0.490991798131822,0.167237526975602,0.143418384677406,-1.17328941655135,-0.0479600747178982,6.18382173164725,-52139.780067666
0.132806472006474,0.22065338596773,0.260983914891932,0.200477651901509,-0.275600525317732,1.53634718033584,0.477416200982759,0.15007599419346,0.137540953022654,-1.15865396519748,-0.0586954808041028,6.16913829597229,-52139.4176624646
0.120835252488173,0.220852400105593,0.259613980979809,0.200553271460865,-0.278630984368884,1.53554252419909,0.478537967347991,0.149199473613217,0.14343521443403,-1.15842397107499,-0.0609445589469225,6.18776992265253,-52138.0300968204
0.179605066859817,0.227211299058046,0.261184779950237,0.205526483024054,-0.296075553818885,1.54971276256676,0.484617234150885,0.153038676648033,0.142214778011527,-1.16047633431591,-0.0614553187634721,6.19968844557724,-52142.8588935112
0.100533121802796,0.218758502032743,0.264301607761982,0.203894299685135,-0.292738612573434,1.53912807851313,0.483668092634957,0.161363851295402,0.132752089710929,-1.15524793923271,-0.0618785902620397,6.20693030843164,-52137.835142502
0.11431464634208,0.178055802750929,0.259089153448971,0.187118542945646,-0.238053740360691,1.52345920757914,0.48813088170878,0.166186165519727,0.15116937906856,-1.19111405794108,-0.0503456263952728,6.13877773525521,-52137.5899944366
0.0637566961721073,0.178034476710891,0.262436180172592,0.186003116050721,-0.248300127051689,1.5225703384385,0.503142757696602,0.158732261858144,0.116146491173974,-1.18371388675486,-0.0669210230512797,6.21482902000151,-52141.4773316138
0.0564808624998586,0.177957936728324,0.262893683514831,0.186963913982966,-0.247248935235113,1.52305202948166,0.505519576667923,0.15723594756141,0.115681095774127,-1.18100752154371,-0.065635724807768,6.22493389670504,-52142.8533347026
0.0499922626306062,0.183028882704436,0.253351920870148,0.196274699335622,-0.241875174992053,1.52129563279289,0.495257646585563,0.175156253712679,0.132220479453627,-1.17354656847656,-0.0523003185670974,6.16657468737057,-52138.9402493318
0.0783650939298849,0.192438572005519,0.271165463148424,0.183246237538817,-0.249991002115006,1.52324867020369,0.488640738335145,0.197987800693547,0.15669274488275,-1.14910618434652,-0.0756158543718018,6.18305131519352,-52142.8431330533
0.0515948102094791,0.197420729357098,0.251981872719998,0.191959518162927,-0.256119978643479,1.52425267726347,0.491380911855182,0.175178908273215,0.155998839282144,-1.17254387398515,-0.0604264401139209,6.18211956432674,-52137.7519991428
0.132245656679593,0.203406787904304,0.271719621108055,0.195551925069463,-0.268941310799831,1.52339459943877,0.480179938731619,0.165534243295749,0.16543569633291,-1.16762844388523,-0.0483183436557541,6.18983776219155,-52141.6515078593
0.00310516329489809,0.196655366926341,0.255128725214513,0.193743722330397,-0.267751434223684,1.54826850541043,0.48619956430968,0.139837667765537,0.134284740773337,-1.19315908440796,-0.0550212414567517,6.13276665593187,-52143.4529810809
0.0935907939844055,0.186924598841763,0.266753961241263,0.206494045505477,-0.252822937357654,1.52511741315341,0.48049085981271,0.171332490586331,0.14137129759002,-1.17692622660371,-0.041025992750049,6.166495431701,-52139.9111632538
0.0689678728943994,0.211946236674881,0.252888690729054,0.194678365865416,-0.276255060278916,1.52636077991682,0.49347988227211,0.167322520912013,0.149065113318093,-1.15816769937699,-0.0779679920726092,6.19110609823899,-52138.4464766904
0.0806329542939665,0.227634273877573,0.259512298637249,0.231385990030353,-0.293490854627718,1.51700244846216,0.492122488072051,0.129672594265694,0.168387060140839,-1.16462465412685,-0.0191695015151799,6.16862630561104,-52142.5527915026
0.0273401867729312,0.236983750759044,0.26275197395747,0.221881225979425,-0.296305285229012,1.52556358638538,0.487313433396256,0.133943386262087,0.173910930804067,-1.14255398178447,-0.0378346811458932,6.15318276203834,-52142.3435526566
0.126240013124864,0.223882245161076,0.257839437786794,0.212471967991094,-0.287348326405175,1.53852681531249,0.487681616160587,0.175262352564961,0.136366524417072,-1.14080375630631,-0.0441593975032006,6.19075523580046,-52138.786192413
0.115735404214743,0.218829170659369,0.270915512877722,0.204558159010453,-0.296969425245016,1.52383537883589,0.483889251634166,0.15543617088332,0.150161116813727,-1.15430995482047,-0.0600989891033937,6.17772134253855,-52140.332857412
0.160344937157666,0.230201887253899,0.261917386190885,0.222326462787415,-0.285377597356327,1.52812726401492,0.483535055796863,0.143451549432873,0.153419742223966,-1.15216083510968,-0.036138777357069,6.13808198589119,-52140.7359046845
0.0800475608023424,0.21347740728828,0.259244079832488,0.209463278148338,-0.275660292509516,1.52956526647189,0.494460885117604,0.174953605744329,0.140461654208311,-1.1433507766529,-0.0507218403432183,6.21557137380836,-52137.6996719476
0.0865314044325969,0.199136508109012,0.261055583177626,0.197160929113238,-0.274126836910495,1.52350677705448,0.485771053462961,0.163733322459008,0.150376691665129,-1.16653254029423,-0.0587901648603161,6.18052786933862,-52136.3423069153
0.083543484954762,0.176494762551301,0.246192113897965,0.194379445702526,-0.240316128720811,1.52587302327626,0.491904900524373,0.117755622236141,0.157383605754431,-1.22381236144125,-0.0347316704306929,6.18826534728532,-52145.3792713129
0.0767763775919013,0.220949599788647,0.274293470543069,0.204610693571898,-0.287946479816077,1.53672598730012,0.479396228856988,0.197122934653574,0.13124519048335,-1.1252813170301,-0.0730368663234363,6.14395001420935,-52146.4091922006
0.146381638707399,0.21683173212965,0.259151467993548,0.211951566452909,-0.277640124943382,1.53260159232038,0.490489093373263,0.152004542108174,0.139957608734086,-1.1515474013591,-0.0556666965563138,6.21950771057437,-52139.9696406094
0.0653072522820036,0.194109160399122,0.258405187571962,0.199575967502462,-0.272536673663066,1.52824483964761,0.484898006631794,0.170302341381444,0.155926396232445,-1.17265916665789,-0.0447986740895833,6.15056519772719,-52138.7501439877
0.0431501874929247,0.205745257523591,0.258876419163979,0.196887996162309,-0.259620456666692,1.52587456158839,0.49384134107537,0.153284785464009,0.144449692783864,-1.1658427274731,-0.0480540089377646,6.18147669545284,-52138.1083723983
0.0735203273434141,0.199690371139621,0.267300611061342,0.196144394370877,-0.262848447217044,1.52160663876962,0.498280908923784,0.16514958654433,0.142861257326759,-1.16984588890788,-0.0527154640280182,6.15242685948932,-52138.8227009882
0.117938972109656,0.180981477611035,0.253359235505682,0.183129391918417,-0.245666698286242,1.539931211376,0.480291482237337,0.160761743959342,0.135722624694111,-1.20681038780603,-0.0563596223547667,6.20756123207466,-52139.4502552193
0.183611453222436,0.188970837486896,0.259582258541979,0.185658644450726,-0.242050480453733,1.52753439034416,0.480281629101183,0.134938194792767,0.149832199042848,-1.21255552497304,-0.0608901079295271,6.1475519083438,-52144.0739548908
0.173116520564679,0.189766775308532,0.259205183021781,0.194632336885511,-0.24494649053195,1.52944074458605,0.480667252289495,0.132214520279388,0.141292820467117,-1.19968865608907,-0.055487821191015,6.14658823701044,-52141.1597189248
0.0857488016312035,0.21519445024433,0.2608553528587,0.22625683104891,-0.276863385638582,1.52759849711493,0.494114212201625,0.153103162384376,0.133444860283133,-1.15456308149485,-0.0309667647983547,6.18622832061985,-52140.1063285501
0.092930879293421,0.221346582688078,0.248461625592245,0.212577454227182,-0.292638764243274,1.53612152258284,0.492816957871252,0.150995535943115,0.150402233842874,-1.16548626680416,-0.02988776963358,6.16946346287642,-52141.5846601593
0.0966746754782974,0.206777742006196,0.26230775427206,0.210275067118956,-0.266214769880092,1.52474559042064,0.480779045422513,0.134263054062101,0.151205021280389,-1.18739588920594,-0.0460359475244819,6.15802606591098,-52139.2139029275
0.0626066979928203,0.224677414885791,0.258755176247472,0.212746271316602,-0.289210089880796,1.53369329681926,0.490514216172151,0.154132955815898,0.172182589716285,-1.16443893540078,-0.0532528368870851,6.22008296989838,-52139.7216994124
0.123296812634045,0.220781537994741,0.258174050774089,0.213554281214855,-0.294453387735852,1.52375500768896,0.491668765717087,0.168064665234404,0.130111660109732,-1.13968871719926,-0.0363071929132438,6.13884498390368,-52139.6497406404
0.0755604967981951,0.205467226833722,0.26410221856503,0.197325988444829,-0.276257020247754,1.53199969086888,0.480709122655179,0.146819646518426,0.162782536094417,-1.17138803397583,-0.0589314791517108,6.21455985297713,-52138.3212411006
0.114086968866726,0.202179993297548,0.261363809890389,0.199127940448997,-0.279826893796813,1.54204788375682,0.481760849289427,0.177646416441099,0.126337679542247,-1.17120956712265,-0.0512181022885763,6.18360029151574,-52138.4583418082
0.0749629069967319,0.195557997668082,0.259344299827316,0.199987983931102,-0.26152100154045,1.52348516780304,0.491823939132136,0.131669331470449,0.16048278339893,-1.18351461561441,-0.0494862745158027,6.17594113707275,-52137.9051046772
0.108288856885005,0.199042112674355,0.259589606096985,0.206699997613759,-0.265604450010702,1.53177965852385,0.487817232034008,0.147925195431494,0.133413703636981,-1.19323042877442,-0.0232902115859257,6.18028797177136,-52138.6993951576
0.0525529039511807,0.188930316962989,0.25787510012913,0.196780801440056,-0.239682253960835,1.51583235746338,0.494664982702462,0.138517467266678,0.141419605378238,-1.18539785883068,-0.053916363000046,6.16591714587326,-52139.400371408
0.0649572761047329,0.194309379688453,0.263103000191452,0.190164004065988,-0.251956020134465,1.53780257889449,0.477437289516913,0.184328559934684,0.154260134966014,-1.15688738594963,-0.0493049560314709,6.20200322816448,-52141.1089427661
0.107768108804798,0.202453332291616,0.258940085570231,0.194616098229797,-0.270890219205497,1.53425172736513,0.479286896664177,0.171557486978856,0.152783355734953,-1.17112066466579,-0.0636870075481201,6.15176043524224,-52136.5482656444
0.108099684459448,0.204370347849725,0.257704369636651,0.187365011620356,-0.267363240919631,1.52720677910877,0.474087385269881,0.170570651422316,0.150561140911674,-1.16406054275518,-0.0675293156561984,6.14494891539206,-52139.1116501981
0.0568539516020588,0.195364320247172,0.261577716525881,0.208979922077929,-0.258334659163786,1.51646646307255,0.49111414745105,0.139335974440382,0.130058607966368,-1.18021304902634,-0.0431379303363696,6.2337842154403,-52141.6413061438
0.124114916090825,0.192457341038078,0.259517728044594,0.189547196117612,-0.263045617027903,1.5318768170502,0.484519753031901,0.142596258692284,0.136118349956067,-1.19883712667758,-0.0530769376566552,6.16113086984824,-52137.4017012888
0.0806932441194005,0.201485918398836,0.247018091088703,0.194834690999565,-0.262677072152373,1.53919216244115,0.486730826313846,0.154922528633257,0.132607666061907,-1.17465929899743,-0.0611565472560933,6.19990860513863,-52141.3407403735
0.100109100414407,0.239645295606486,0.270245230582364,0.227783305425002,-0.307692810544297,1.53153440342492,0.477709905299923,0.163815352044749,0.178286075356462,-1.13487648960629,-0.0326441225891229,6.17632084426142,-52143.7089632302
0.0720083679243568,0.214131876430093,0.257275948971322,0.207812877619108,-0.295070825735401,1.52867372168309,0.49215186477902,0.174974561013227,0.139939233837103,-1.13398066743864,-0.0502427322117627,6.15717424776474,-52140.8405644105
0.0131978987343681,0.217761153307881,0.260977570358961,0.20905970008969,-0.282725380772725,1.5152621628212,0.487334413734272,0.152333145408628,0.156987893085153,-1.15633478224557,-0.0498641037274102,6.20276717593545,-52140.1798242037
0.0445317731789684,0.238535269778555,0.252807848835244,0.220381950275599,-0.301019426957467,1.54606157288369,0.488600775806115,0.152103660625678,0.170017672932233,-1.15918519845255,-0.0413623151260238,6.19600516608843,-52143.4520562538
0.0457114542953965,0.236856345818157,0.253233068418723,0.221163879184566,-0.29484740173379,1.54946249743648,0.490065597053497,0.153040926335314,0.171965245733058,-1.15342114380968,-0.0430150025517601,6.18666980351174,-52145.7712532852
0.0795148330426413,0.231087947756917,0.263174885905804,0.218798200179326,-0.290246030699036,1.54212832440577,0.486477420284591,0.146570336087744,0.175998558645006,-1.16823009448517,-0.0397707469374423,6.16249494645032,-52141.5623297026
0.00907578493343202,0.228741882938437,0.267216979518248,0.211040294093169,-0.298223650961287,1.53620808246118,0.474288518172994,0.150552017412426,0.158942467612264,-1.15290757428872,-0.044830030621883,6.1633165126796,-52141.8390842911
0.164941493315108,0.19623743875027,0.254564059941384,0.203927652114257,-0.267379492573148,1.52310125064931,0.49938427704591,0.141294660929784,0.128020403216519,-1.17463592218316,-0.0387158063825369,6.19329379438199,-52140.3577174734
0.162078959163562,0.194105321864154,0.261525272296118,0.203500907912412,-0.251809146695756,1.52143741452542,0.49399345397328,0.157983944899687,0.148045604396093,-1.17621257413012,-0.0411403656780796,6.20694506824281,-52137.9887130329
0.209603084737446,0.170306427313455,0.258945746076887,0.184333404074753,-0.242005140194208,1.53010129805113,0.479987667863401,0.159440457397432,0.122176153789851,-1.20014469576609,-0.0530460793828529,6.15481574454152,-52142.0245081099
0.125184233703027,0.184404155753119,0.262758877104893,0.186824699866277,-0.245776752121747,1.53642797017439,0.483395731174807,0.179102018073768,0.146028159154509,-1.17309273261753,-0.0674388591991197,6.13694516043302,-52139.3016753818
0.0918337181588623,0.161868992751122,0.256180389212189,0.172701205273385,-0.223924290922002,1.52377846668134,0.48401030570088,0.172060266022336,0.137852530986795,-1.21412700663744,-0.0531897996121832,6.19457552986431,-52142.1006866247
0.0984255090913937,0.207286044561663,0.261755872503255,0.208703676549704,-0.271379674913727,1.53972493565751,0.488283403420888,0.15401174903591,0.136597473275271,-1.17325403398995,-0.0450206980895061,6.12179217413579,-52138.430628748
0.124368337601514,0.203440683260038,0.267307376868046,0.195046619422611,-0.273099509248915,1.52975782505039,0.48600904394759,0.171314192813075,0.123857587224813,-1.16408517315384,-0.0574176098574783,6.18205919894724,-52137.9571882244
0.170294944211548,0.185059432837157,0.258866366278453,0.191785317945143,-0.243346401876116,1.52427812066834,0.487201940290906,0.173011928728439,0.143993398298091,-1.18447209300886,-0.0487790492310027,6.146536292111,-52138.5681897105
0.0620903251277602,0.195040045027421,0.260543068271368,0.19767100601989,-0.264626754073278,1.52185943842305,0.495858116814028,0.162179640478481,0.149357946380414,-1.16975870906697,-0.0595457457587956,6.20866968443989,-52136.8535152238
0.0464550838848372,0.208975152482685,0.262255881432713,0.197439000478874,-0.290298988992826,1.52645008966039,0.487389186171521,0.190094030297583,0.152752867179897,-1.14772337025526,-0.0643790490890596,6.17438768089585,-52140.5132559661
0.0654990673004453,0.216780584970323,0.263536485713482,0.199845685295858,-0.276606385972505,1.53174655401063,0.488029362839278,0.189759988641536,0.144722822877361,-1.14802730678405,-0.0639998824082191,6.17732579823875,-52138.4956675661
0.087289013178554,0.214460477376306,0.257636165811224,0.21505388160542,-0.285531576490034,1.52525492656402,0.488869253023194,0.165434283224316,0.154340355113799,-1.1553179174919,-0.0489299247605463,6.16847767421078,-52137.3299591494
0.0856132380089709,0.203478562077055,0.262744288262,0.201587834861086,-0.271210385595721,1.53041631954459,0.48836885674199,0.156266388249028,0.143619153640049,-1.17711428333726,-0.0520896617363535,6.19070773483943,-52135.0804458215
0.150713057180059,0.173425181393936,0.265090599040807,0.186856986222991,-0.243795999393822,1.53173360504312,0.478356194742706,0.188853830052669,0.144366470886999,-1.18295005268102,-0.0409005064029379,6.17707661229465,-52140.8487711909
0.0733389387149341,0.185690259499295,0.256163052762097,0.184653141435728,-0.255679838654895,1.52618143743618,0.487897708745117,0.163295163255682,0.158742984511942,-1.19398933662561,-0.0538099599419898,6.17115152005043,-52138.8607609254
0.117020240921642,0.20504487413538,0.253520829008936,0.197945973233937,-0.254360647563399,1.53049297114969,0.482510175685632,0.138885466496091,0.154568505395664,-1.18542129327435,-0.0589737600091248,6.17920941679444,-52139.3838212309
0.059726063980578,0.213235910977405,0.26695439289185,0.204284494943345,-0.277499224508486,1.53017880258432,0.485112347564974,0.166053783929183,0.133958003560016,-1.15514305025128,-0.0434776189666439,6.18822782202198,-52138.2489766197
0.0939520475653234,0.213672347831177,0.267130734257955,0.207852947000582,-0.283198687763607,1.52772085708497,0.492313442129296,0.160025200656851,0.133978836710528,-1.15556544437062,-0.0618037151513221,6.18464176337889,-52137.5983582064
0.0911944498266215,0.203898263726047,0.270430531661565,0.202744599023073,-0.279475769732592,1.53404443645583,0.491878605328083,0.161412325080747,0.126337170815277,-1.16638365376315,-0.065424568079082,6.17524645394213,-52139.9047427615
0.0457696630798001,0.211593441503014,0.254490102873887,0.201455509831213,-0.280825964527206,1.52827042693264,0.484839989247468,0.162377080750617,0.144782101714481,-1.14759534151731,-0.0560160286675439,6.14534791749319,-52138.763215869
0.146918557146685,0.208963338003721,0.264297906551443,0.203830902261696,-0.271950082149711,1.5282329651723,0.489645088664912,0.153566796865496,0.150188556984,-1.16132575608909,-0.0483202874742045,6.21160354258101,-52137.12414818
0.0456918316096662,0.201626712734706,0.267695292073656,0.203475602572511,-0.27446447466562,1.53600502880509,0.482042028347668,0.148453709204613,0.153242379570138,-1.18912407884384,-0.0441058333200379,6.17856404494714,-52138.013684721
0.0141412069841556,0.206234740173373,0.263794339390868,0.206496607020931,-0.258923940495248,1.53939465407012,0.477908492086521,0.163632694850934,0.155598772709626,-1.17416706881278,-0.0477623729078822,6.19552667186434,-52139.8565517957
0.0554087242983144,0.219916667873978,0.262388459094949,0.214981077850447,-0.300684236382442,1.53127091820335,0.483000102121877,0.158879400115986,0.151980385760571,-1.15664295941772,-0.0320173124154794,6.18844186459428,-52139.6574311114
0.0751226541821368,0.218567215173749,0.251492111482732,0.208634098577773,-0.268211407405212,1.52736635265108,0.488810069339232,0.161426244310283,0.157567703226318,-1.16120015235537,-0.0578083088482081,6.18859355964429,-52139.2405618901
0.0893365562978394,0.200358892500755,0.26261578825409,0.195193846841732,-0.266556032720009,1.52575090498496,0.510008491747302,0.158035491465905,0.145728029112945,-1.17134437520178,-0.0532860830774647,6.16479923834837,-52142.5987454811
0.11704571208435,0.183277705773147,0.272186591481885,0.196694162444924,-0.241591351588921,1.51937582106227,0.478431734363588,0.144587725231156,0.132326146871484,-1.19001643486624,-0.0558060158200442,6.14396696851294,-52145.1927621484
0.0476959971010614,0.213248770877306,0.248316676201772,0.211022346442837,-0.263557484312815,1.54521156686163,0.489778575810992,0.142600365593897,0.141858842644505,-1.18024480296273,-0.0424906241531929,6.21006266369689,-52144.7067145335
0.0983920201563374,0.211460591171328,0.267942479840158,0.213295069557771,-0.262255501487305,1.5255394059911,0.493502931080937,0.126464911642579,0.145850280018414,-1.16665777311891,-0.0451609305844596,6.14837281430706,-52142.1700860705
0.0561246313959984,0.213704371289291,0.253962870469322,0.203747519014102,-0.260887104875645,1.53541092632346,0.485350831011667,0.203004376917085,0.153487954890212,-1.12973902006938,-0.0559828977452919,6.22727651282646,-52146.0619614128
0.0409306814664192,0.207776944921925,0.253632240648808,0.198804407645553,-0.268694062304212,1.52526144359748,0.499378184990865,0.207241792215503,0.147465436364207,-1.13643967291608,-0.0666784511809045,6.21146210081,-52143.1120877147
0.0470876681497398,0.202170031229188,0.255139009620537,0.197326658114391,-0.263572393306147,1.51638071651597,0.493825089098062,0.206277231279069,0.144284825401488,-1.13499002841625,-0.0542150761625998,6.21166710423129,-52142.0399975217
0.0738086555080015,0.217253998436806,0.260984267828597,0.216084193010308,-0.284880934578262,1.52811070000927,0.487009864099408,0.186183750379329,0.1462555820009,-1.14284014289701,-0.0332857923074737,6.13750955178272,-52139.3835965891
0.133095207956865,0.21831633440008,0.256763663390615,0.197486026810963,-0.287054660799545,1.51740014277722,0.49944229306669,0.164214131909174,0.169517941012701,-1.14072974307394,-0.0711694240217766,6.21291071659416,-52142.1161939605
0.170520626009309,0.209385254720904,0.26261845867461,0.208823873712384,-0.268457488692617,1.50382102400201,0.487131558688448,0.181251311247167,0.15197055800927,-1.12983588984391,-0.0544227592679321,6.17209825626053,-52143.9169564252
0.0867936367865733,0.21577338456399,0.252077603324614,0.208995626377341,-0.277577957069647,1.53168214643435,0.495482946053567,0.174576101639904,0.149298572390666,-1.15228516977688,-0.0553608208183143,6.15639882662875,-52138.7017661459
0.168121151792954,0.198828543149441,0.266219329238452,0.194936114390408,-0.263547670721092,1.52753477868566,0.489125489883295,0.171425549600647,0.139719622435915,-1.15714191533354,-0.048458785002501,6.20576919009231,-52138.9481890405
0.0711212515522123,0.216528371189407,0.257346851697418,0.19968193564088,-0.276262356615188,1.53802533088045,0.490110706035766,0.183349143342853,0.153402785907213,-1.15822787221088,-0.0722666870891378,6.15261405848245,-52140.3465809195
0.114355392527769,0.230779821861874,0.261073185949886,0.193152145112802,-0.300552943782045,1.53538291601136,0.482366314256025,0.17276349378113,0.156124095946736,-1.13304343437332,-0.0772013078843224,6.1402883789999,-52142.2572617272
0.0553263165509402,0.204240558781016,0.264999143039361,0.203688626106812,-0.265220651037062,1.5206583213725,0.49456883856966,0.172799806602933,0.129989357254262,-1.14801835851173,-0.0551532447090298,6.18610283427254,-52138.2563819113
0.102893332102828,0.189159903002101,0.265734767589457,0.183462523138167,-0.254227774340345,1.53392001133002,0.485936759888654,0.178551341009945,0.142155663981669,-1.18121295370177,-0.0654803928462994,6.17684131475713,-52137.548229297
0.119926495800556,0.199763361857051,0.264449047637181,0.199545406731563,-0.256068288157379,1.5281816080939,0.495013958211096,0.162295453883575,0.132933757082252,-1.17191650731446,-0.0502363919399734,6.18144237465341,-52137.1452422253
0.0659894214767048,0.219125374321149,0.258549690768249,0.211759452391418,-0.288267771426301,1.54215132620204,0.467720021038229,0.114489921795125,0.149594481942727,-1.18660454617957,-0.0368674136561103,6.17834017314804,-52144.1127348164
0.0693676992664611,0.22532801597769,0.264525543587285,0.217548201813329,-0.29291492654623,1.54360437830087,0.483184246118713,0.126263913973401,0.152449716101149,-1.18565633966838,-0.0360761283765909,6.20653231276527,-52140.3321813586
0.0816858267227342,0.23541628544366,0.263494087186743,0.213385685732225,-0.305183333705941,1.53619184963763,0.475953588133773,0.158971805234674,0.156125882432878,-1.15387823944711,-0.0514568690342313,6.14271407210104,-52139.196299696
0.154449308465068,0.206883104642931,0.254349800958495,0.202413386744045,-0.262612716881778,1.53292329986371,0.482123191716815,0.170061864708994,0.15760291366875,-1.1650214999936,-0.0406117717430643,6.13427767124024,-52139.4532375865
0.12987734466672,0.201507115819133,0.269362317804967,0.197193745218133,-0.271840221374843,1.52603884563446,0.486364597715859,0.16963791783143,0.127150446949879,-1.15612242869488,-0.063089309338804,6.2081309675392,-52138.9893718918
0.155543875195419,0.216181668541562,0.254057622426223,0.211610395444154,-0.283272854809239,1.52920144720436,0.494762610632005,0.153204556439149,0.137841728532952,-1.1635821765112,-0.0374557584615613,6.16914333324602,-52138.2416913581
0.14378677851949,0.214433505253467,0.254007718809844,0.206922619399723,-0.283289971704943,1.53530060271643,0.487070681289407,0.15458649728152,0.143303768389207,-1.16815423298186,-0.0348747510177097,6.17157024840434,-52138.120984876
0.136401330999208,0.195195827122861,0.265772045896459,0.203775834395979,-0.263985499517644,1.5289498547953,0.484265958859472,0.151604112065366,0.130367151332321,-1.17703840768309,-0.0543781561324508,6.16454489663464,-52138.3069950341
0.0931569012368583,0.173812812918805,0.260401296983413,0.179958499151191,-0.239258350043885,1.54278814636589,0.482062794120192,0.174589855048015,0.140610388968907,-1.21955929116125,-0.0572443068506261,6.1986553446731,-52142.1709263807
0.0912982728054866,0.211158854900525,0.264510483720828,0.206580733544521,-0.296462946258431,1.51602602293466,0.48487230138291,0.145168790137855,0.134790832844131,-1.16194854992612,-0.0560102175243479,6.14651749852509,-52143.5852875862
0.149300722411131,0.213158715830172,0.268231539701136,0.207933239245437,-0.280707531141588,1.52133933805349,0.491816342062377,0.138883403418452,0.137463296962633,-1.17434672657756,-0.0447695255128929,6.14569892414075,-52140.7716554712
0.103213009050178,0.190108654441053,0.249403297560218,0.196712197859515,-0.251526074861938,1.52462784220027,0.492730031161427,0.176114905346943,0.141291450395245,-1.17142443123854,-0.0434939517022096,6.22416239402522,-52139.4902414048
0.0862027166455483,0.199269114487309,0.271309854441503,0.18516552706199,-0.257047021361428,1.52597932812775,0.483254153069673,0.145222046842346,0.167761040751333,-1.16773456052888,-0.0851913070763972,6.17645220959683,-52144.8892288767
0.0785473707815834,0.199652393413261,0.261846368354569,0.180072361104069,-0.261134812108042,1.5200658756623,0.483681774062727,0.151893006090112,0.153891508560799,-1.16938534352402,-0.0845379921810185,6.17354362139326,-52141.1926487313
0.152016652008093,0.215303104029493,0.262284307114103,0.20956825228216,-0.287375481679761,1.54588200356831,0.47765440937608,0.178004870706749,0.14231075857293,-1.15209095057737,-0.0331847542059277,6.18838716614307,-52141.128813794
0.083039011045743,0.223873349378664,0.263576044379955,0.20926719311424,-0.288949478840828,1.51556679891506,0.493754995993831,0.154501801271066,0.140749439076947,-1.1432948637367,-0.0567922874654484,6.16720235328858,-52138.6829404447
0.0814852764130138,0.181166268694117,0.258130906251346,0.188938867207499,-0.246249676761235,1.54077014340672,0.477887278050768,0.162983384458842,0.161888406903836,-1.19703538771159,-0.046033183673732,6.17872822279574,-52139.2256923221
0.0673997690085186,0.200017492055007,0.264272405405055,0.199337657016691,-0.259882237853753,1.5276691429841,0.4829445136603,0.135177875093609,0.161257563547456,-1.18728010981078,-0.0615170312303245,6.19897726981026,-52138.7433735123
0.0845058824531482,0.191153572857665,0.256668016662428,0.196129311013687,-0.252592727098117,1.5277719118205,0.500220484754379,0.163118342887512,0.15804968206454,-1.17940386912551,-0.0575116156824838,6.1380463577343,-52139.1864201821
0.0861567822862977,0.220456100222997,0.260448641258432,0.202614841740738,-0.27561814483994,1.53494508179004,0.483650824838505,0.161861155991267,0.147466057994324,-1.15708224463233,-0.0474518466760099,6.22055438655927,-52138.628813604
0.107774993961321,0.194298227311848,0.258783799773429,0.192932209347076,-0.238983348447878,1.52521059671429,0.48451968501897,0.172523137769512,0.14939226954488,-1.18113190474724,-0.0678697663706237,6.13760499110157,-52142.2277687503
0.07565326567882,0.196255895016451,0.261494240840479,0.193224031766016,-0.244550467456198,1.53224605181874,0.491007147683137,0.148838162129214,0.132681460309369,-1.17276560014709,-0.0437807955862509,6.22161292644676,-52142.1908638749
0.0568168027285643,0.191628950876514,0.261600735701039,0.189000022200692,-0.246676992095666,1.53754902356094,0.490372849520744,0.140798792564589,0.129170437739602,-1.1693576949564,-0.060624660720382,6.1237567992937,-52145.7751250998
0.0406922609831617,0.198767344879971,0.259667165384238,0.198157558698968,-0.26141264296925,1.54259146207332,0.492261297764888,0.159033006471769,0.138933417134448,-1.19367554593685,-0.0564394968435672,6.17943250343931,-52138.8728920973
0.074149874481872,0.17595534395097,0.263425512853572,0.192499948742832,-0.240355384834815,1.50867215438547,0.495771804751024,0.167718000106789,0.140312858685167,-1.18195722669038,-0.0584359087049875,6.16484914466866,-52140.3606162463
0.0205636945316118,0.190526727321083,0.259288019656149,0.183680710016256,-0.259563001019661,1.53627978402063,0.490437565754094,0.149061168475219,0.140220405628652,-1.17882894104187,-0.0752065911769944,6.15207917881203,-52140.6228541991
0.152730273115416,0.178909544789195,0.256024849528898,0.18733523087611,-0.22648646552112,1.52101624193826,0.490895964755609,0.16493428417611,0.141025441693213,-1.17599635583181,-0.0421186118462989,6.19269873857911,-52141.334956592
0.129487703582975,0.179963665096234,0.246120307935226,0.181132051689441,-0.248458224296472,1.52693913012936,0.480357140872581,0.170066816639762,0.15230995703611,-1.20542751465635,-0.0519947057015708,6.19575326523823,-52144.5140628057
0.150447978052196,0.176414565507768,0.24945567554969,0.179120215735309,-0.234959529626059,1.53186695704359,0.479294189715718,0.174412024565534,0.152419899991243,-1.17970657847305,-0.0629955128982237,6.19793295637722,-52142.3911263378
0.0590370187640415,0.180413201274869,0.267227892550626,0.190647549158275,-0.231323845075555,1.53702162495769,0.491915635760806,0.126360158546192,0.146426438809939,-1.21862564013837,-0.0521785272685968,6.14524477264643,-52142.5231793304
0.124787382908613,0.195046737448064,0.251630181627899,0.194165518511912,-0.256455893614955,1.52929774876362,0.496380681351002,0.18787421699145,0.143083774620926,-1.15921787738483,-0.0547278343592615,6.21220949842541,-52140.0864438044
0.152964623222499,0.195733160198932,0.254916601075507,0.195704876925851,-0.262144690016779,1.52472442109059,0.493697368988842,0.187173889782047,0.145189895998,-1.15325937872788,-0.0461314211589768,6.18204035590902,-52138.8183514105
0.110578200170853,0.187743909962806,0.259418901158775,0.193196748894553,-0.243348645550821,1.521872369054,0.483463206334926,0.189818061169247,0.142528445198132,-1.1563157319462,-0.0520994263377454,6.17079607178236,-52138.7947489166
0.173315805757973,0.193556588309549,0.261599338726854,0.203255585274089,-0.2643566227008,1.525648262582,0.489281622012406,0.17232082149893,0.154199580565797,-1.17447570000448,-0.0383630428449718,6.16553774357598,-52138.939602418
0.160287296472094,0.210422312362901,0.251560018398848,0.210915070897016,-0.265259485115931,1.52187578290383,0.489479626944914,0.167217737992719,0.150029563328683,-1.15177454171512,-0.0521723990717978,6.19857571046913,-52140.4320933394
0.100876516144944,0.187610571630282,0.253020498135103,0.190408559994697,-0.260753046850188,1.51008717357227,0.490386696867463,0.151013411751539,0.140110082490524,-1.17239199993654,-0.0513347981344859,6.21145085486619,-52141.5841549305
0.0693230868055691,0.185027022335775,0.269484634576337,0.186347233167598,-0.257250536861415,1.53562989642431,0.481528151072371,0.177258026771368,0.138875518321915,-1.19286142869899,-0.0581264616996719,6.14143878525409,-52140.238177272
0.047673818794884,0.204329880969473,0.253125658468117,0.20300567167013,-0.284103918253121,1.53193454868073,0.493477527769372,0.151128519420481,0.130467134024722,-1.16831179039529,-0.0585754172272537,6.18726423722055,-52140.4064804499
0.0853888701057614,0.217577958278953,0.257434922681902,0.220115527782652,-0.285855677518516,1.52812820134344,0.491970303799319,0.134700676395453,0.142449441661819,-1.16118970372505,-0.045964943345459,6.20579003920682,-52139.8635949546
0.116818539869283,0.191821338463255,0.252982362185994,0.195953702354387,-0.256361497798159,1.52385723166898,0.486859787830664,0.170911046079162,0.159804132818851,-1.17390296071938,-0.0509506108054595,6.20488633316627,-52137.4814890338
0.0564718913470502,0.199989475398835,0.263583318566823,0.197353697601732,-0.271254424532738,1.52992169234283,0.487048898328848,0.163368347671724,0.132294101281648,-1.16811997047856,-0.0574943840621428,6.16039506146026,-52136.3421986121
0.177537206285729,0.218410674845511,0.259042509200909,0.198556094378766,-0.288587991185233,1.53441398158094,0.476731222744983,0.165789385172278,0.161278711628025,-1.15275244481901,-0.0490879994461615,6.19508930686768,-52140.1306627891
0.0622827825321811,0.21428053441351,0.265073686369899,0.20676815963318,-0.281971314529601,1.54069482575287,0.488175045536634,0.15979772429906,0.139112308985226,-1.17525364834287,-0.0530290826710417,6.1607128179917,-52137.5191347246
0.0674611820947245,0.2299969105704,0.265032072459486,0.201581398621826,-0.300989483416299,1.54318002132573,0.472225393976017,0.127193872027159,0.159187185376286,-1.17263449046361,-0.0668391377134171,6.17301326960075,-52142.5131840187
0.0336191084384624,0.219933959832619,0.265038124583744,0.203023069530644,-0.289526849562565,1.53938631186598,0.489396131372153,0.128854300868589,0.161895973586535,-1.17354536538796,-0.0594796739557387,6.17691269050131,-52141.0283011214
0.0671459487657202,0.197328984116911,0.251247614572651,0.206183745978836,-0.255610274797074,1.53251754028432,0.484943636357462,0.1704636217694,0.138908599344947,-1.15751379061673,-0.0284783511950122,6.1881757187282,-52142.3753101932
0.105360195054561,0.227305839987669,0.271334589475967,0.206875838754221,-0.283384937840799,1.5405709890024,0.481259178869663,0.118820618090563,0.15847501194304,-1.178167853314,-0.0640910412664112,6.17131319786348,-52144.6726233597
0.0517426987128902,0.20800658218406,0.251971622010225,0.199385444796534,-0.270612682328746,1.53316197239281,0.483582794971766,0.161648495058815,0.140844230687955,-1.16483704007651,-0.0624106976545825,6.17874132428299,-52137.8053981176
0.0532254816990413,0.196569737155357,0.260305314533324,0.187710215075228,-0.26788935644632,1.53337066827509,0.488986162983579,0.164435926090151,0.141385779869349,-1.18060047061151,-0.0625703973393303,6.15301401069181,-52137.3365781096
0.147073222273715,0.217372596085982,0.264256635303291,0.207161563785381,-0.281700585973875,1.53774466186957,0.483080316311251,0.159791727974716,0.144281488548807,-1.17854415482037,-0.0399743658027915,6.20574358906501,-52139.5680200697
0.117696545248122,0.208136430399365,0.258088810510193,0.193041576765133,-0.280828008680844,1.53838566035622,0.485921550318648,0.145502188980279,0.1598568453713,-1.17414481772442,-0.0545834102141065,6.15691701588942,-52139.8394875066
0.0908506445248736,0.200178521991127,0.260610307179953,0.199798430190035,-0.273349351451715,1.52580899802437,0.494193998468368,0.172732340264747,0.136887705336294,-1.15934503652134,-0.0514186268769521,6.20861750094696,-52136.7876172534
0.0905617278559692,0.207003645579124,0.254615316775804,0.201608278611439,-0.266950150485065,1.51989960392661,0.495954229087557,0.171586334699397,0.126093475702019,-1.14569373017718,-0.0638327720352317,6.25318954236169,-52142.2478208413
0.135569292344796,0.21412066679864,0.256653068536417,0.200938306291858,-0.272679174796826,1.50755713890722,0.495635931565467,0.175642372728193,0.164508036219964,-1.14826430419502,-0.054947143032218,6.19734156342383,-52141.4473411247
0.0603972784797831,0.188427143962737,0.263608104383243,0.195803598957394,-0.255121364523622,1.54642030486589,0.486533569621202,0.157571914941587,0.139456616008253,-1.20587055139942,-0.0377673969241817,6.15455408741494,-52140.0845024331
0.114650887105405,0.215351879275595,0.258200553596135,0.2010259149432,-0.277509293912436,1.52992956649637,0.496860354461722,0.160000595993281,0.159872636558796,-1.15428431872156,-0.0704379706440574,6.20504366100281,-52139.1769049428
0.089747034641001,0.205185665512796,0.258849828474249,0.197352540363257,-0.271020970090428,1.52398378746158,0.496905588784293,0.172867711147274,0.138507910120368,-1.16805029439275,-0.0552700695941222,6.1502767196189,-52137.9267629201
0.068571211818285,0.214246280863622,0.257700377385701,0.206514830289036,-0.259345011616497,1.5220986489706,0.486338083218355,0.159200778449514,0.144981085892508,-1.16316536742198,-0.0377124500969821,6.22494262178532,-52142.2079276871
0.0893160896232719,0.232161637964906,0.262440824415922,0.210851982661367,-0.306218581485245,1.54341831957166,0.482420590646957,0.149804749839237,0.151485662704674,-1.15606318071326,-0.0594375137676809,6.13298263575647,-52139.8533269124
0.07193479649017,0.236566529045041,0.266809019097257,0.204322930384318,-0.2978024264319,1.53191109837044,0.484510597393451,0.169685004471625,0.150027641486018,-1.14092157362816,-0.0692235852315937,6.17233972877469,-52140.6329800684
0.106620904454708,0.197335295862837,0.254042922236768,0.198336755528315,-0.255530596996317,1.52610194570333,0.492054686057458,0.180443445421103,0.154302424746066,-1.16369718386839,-0.0431429433607891,6.1831284577466,-52137.3700523812
0.106013715119777,0.191100291849259,0.260412458432309,0.195054471260089,-0.245717008430296,1.51478936797007,0.494269667354605,0.158813318383732,0.139935795139529,-1.17187912123511,-0.0482147279823368,6.151470987088,-52137.9306853567
0.0625597226202713,0.211404682368976,0.263665102041289,0.204612235204827,-0.281723905127851,1.53849143176911,0.488007524781783,0.182993128744263,0.145986170300858,-1.1625678579861,-0.0303488911934796,6.26522924108188,-52146.1205743682
0.0917717438388726,0.199191738453907,0.256206537029931,0.192275107871897,-0.260750671644833,1.524927861811,0.484191417030736,0.163079470767244,0.16042662730205,-1.15855858187777,-0.0542786792281156,6.10582658043753,-52140.4764484743
0.0630551760276193,0.233465291092958,0.262123410588078,0.213828901869179,-0.287750251946353,1.52537299136543,0.487636066819329,0.188795308680984,0.157911870685462,-1.11226571857459,-0.0531826656048997,6.24559116211165,-52143.5150583253
-0.00377893402241671,0.218039721203228,0.261735087929257,0.202610249082058,-0.284096322580399,1.53017554334161,0.481488459665903,0.181322668857558,0.155373501677268,-1.15838427772489,-0.0545295402813695,6.16720171854146,-52140.8594911238
0.107079067181522,0.22168770882628,0.256520996474636,0.204792137502334,-0.279587714351658,1.53628863455802,0.488911842595698,0.154974557439995,0.150572721009572,-1.16851040034597,-0.0512405531036386,6.20801869645599,-52137.9891616525
0.0834961871575544,0.177089366007042,0.262486342619993,0.183677919743195,-0.22572806071023,1.53278429809995,0.496145505647976,0.162089993935639,0.139540132672889,-1.20611155790995,-0.0504462967567601,6.156169443992,-52141.798149759
0.114275516978917,0.194902343649083,0.257597597272878,0.206035438976996,-0.262629773174959,1.52878001702442,0.47762022479135,0.146422936773715,0.147632243444673,-1.17377957905612,-0.045763847894033,6.19697934691608,-52140.3025372771
0.0366431421080778,0.211404342899881,0.265299050504331,0.201936286745451,-0.276129638116938,1.53725435328063,0.488548331580083,0.16922343204875,0.134642824469679,-1.15060165308091,-0.0658729006453536,6.1591115925526,-52138.8485986145
0.0812454524279571,0.22410950809818,0.253565402121889,0.212732034390407,-0.298780200311202,1.5235430066048,0.482782928733006,0.160630786532094,0.173723270351867,-1.15573788747549,-0.0401256010257329,6.17567966307769,-52140.4060012012
0.0368393038814601,0.229831639989385,0.263004284466806,0.209425645244205,-0.298151623562427,1.5373414315548,0.488839424271054,0.162195719779556,0.15010376584843,-1.15858216162892,-0.0498504503183653,6.16771173648639,-52138.9562765155
0.0240497507067472,0.225774050511453,0.271953319530967,0.20340515642379,-0.288570762677821,1.54810537820313,0.473997737986256,0.178263375933296,0.135491210324458,-1.15021357351641,-0.0677989595953873,6.2344390749098,-52145.7805858132
0.0601396027157417,0.221250218294399,0.267108013795693,0.2060630676319,-0.27918908046295,1.53406917254913,0.479470116185644,0.175967164923701,0.138602106868477,-1.15041158260915,-0.0454452011829995,6.19948056910592,-52140.2525817648
0.159041865950577,0.205767974397338,0.2516313059426,0.204286947381304,-0.272863366102287,1.52348146548547,0.494380757483854,0.144220250757405,0.141686267263546,-1.15430384724148,-0.052970139297204,6.16596363563739,-52140.8147103954
0.12309903899968,0.205575500994818,0.259660491886967,0.200756116986036,-0.286552463372341,1.52607023777774,0.480915752049994,0.183291957755202,0.117483942873852,-1.15453972370828,-0.0555817358716218,6.126185723945,-52142.8660137089
0.223165346411742,0.174693664385604,0.258989377861268,0.183959675148818,-0.253593511204774,1.55272569077556,0.470824210379459,0.157402394875853,0.141662436627136,-1.21563535997184,-0.0689590107217373,6.201868594005,-52151.7364808279
0.090211155921201,0.163939555501025,0.26005467657609,0.182907284927954,-0.232130400931299,1.53649563026462,0.470511662286785,0.165352681440547,0.128639700185956,-1.20758991601052,-0.0753501114228594,6.13410742306136,-52148.891534872
0.0777889251063307,0.199340325015839,0.261599296591546,0.199020392165784,-0.260211468927155,1.50645125877753,0.494032553906492,0.153537785357304,0.149965465384699,-1.16960719689286,-0.0388011132050119,6.22249911738754,-52143.0877243564
0.0847160857353436,0.207394020077883,0.249641141450207,0.186390365448832,-0.260099360339224,1.53057915999742,0.498412196587285,0.185332045754203,0.144872904107536,-1.16251597752363,-0.0836234029708462,6.20757733854858,-52145.2160458058
0.0736764756463141,0.196722374261499,0.243861339829632,0.18928850236764,-0.259344556447961,1.52880116329054,0.488056341872093,0.179758888468661,0.168231014941265,-1.14803446380846,-0.0719929771649497,6.14337588704436,-52147.0351742012
0.070144371881342,0.196117520346628,0.267395726649396,0.203759243156653,-0.275983042553723,1.52417815801701,0.491344789368877,0.187897199385875,0.132510972685165,-1.13828346727924,-0.0374652260351497,6.17605304566,-52144.1050215183
0.101090313703533,0.208868449698454,0.253957671755355,0.205975834804549,-0.278101455590295,1.5311455712136,0.482989292818781,0.124257004881988,0.166058213933384,-1.18994734300797,-0.0652338393381405,6.18031618258394,-52143.5851782829
0.0974341260591606,0.194832785414889,0.265391663008583,0.194249807863095,-0.2655571565222,1.54466089993122,0.476102836892137,0.152322830334958,0.137300704663678,-1.18852071933734,-0.0612675952092784,6.14685523973699,-52138.4234343415
0.13532457823406,0.182230802507855,0.261146818579191,0.184523885727889,-0.253900184591275,1.53321844392467,0.481760309908337,0.143501081157662,0.133619317660423,-1.19981953345108,-0.0651550112839715,6.19198603110103,-52138.0866514727
-0.027551793512986,0.201461342140532,0.265339786657058,0.19913854539018,-0.260959405554928,1.54171077135922,0.48668664316658,0.163478978780321,0.143648591259279,-1.18824802428074,-0.0480627394520814,6.17299860257069,-52141.0968410346
-0.043099766986551,0.19565700947724,0.26811289748465,0.200097992208314,-0.272146911985747,1.52763766767491,0.497680551343154,0.159502615391289,0.125003294611488,-1.1746805410338,-0.0689466358407202,6.19015212762461,-52145.6299162852
0.0938702044044249,0.198050661235721,0.248844703761966,0.213297110414518,-0.257050604283019,1.52811781966675,0.489728499336064,0.177651208090214,0.149415808095141,-1.16317817688472,-0.0329614841631605,6.23691413738774,-52143.9402345491
0.131174506133599,0.194230772902536,0.261377245277795,0.19470891319799,-0.273555719496859,1.51482473590718,0.494138211548678,0.167496018777257,0.134424709424187,-1.15978318363441,-0.0574500314863135,6.17932656394008,-52139.0921664548
0.0868050010590538,0.196236107834469,0.266914434446573,0.213498945084397,-0.254544566229013,1.52865490471945,0.493948167257602,0.163039814749653,0.148916808254489,-1.17047531443968,-0.0475165035068229,6.17627658747503,-52140.9240500942
0.0994418821957842,0.196078944556264,0.261570416449052,0.198869141695255,-0.276400494217847,1.54927600138282,0.464199151519558,0.159217257258697,0.154899326460213,-1.18704939271587,-0.0348178281967609,6.20465329740376,-52144.4817009048
0.123510381897435,0.21506070596354,0.262754284817701,0.205370452147305,-0.27630123944805,1.53894768421367,0.468029404847903,0.158817484125196,0.139025846167161,-1.18168722557238,-0.0432864066985488,6.199562676322,-52140.9506512584
0.0884418043376907,0.190083475687221,0.264205096169888,0.194460820514004,-0.259892744399258,1.53552426228658,0.476172179932481,0.158221548887852,0.145319338348396,-1.19193108609981,-0.0597511227894923,6.17890557318037,-52137.2931971112
0.0571466635107921,0.185917149456121,0.260184260915009,0.18481583888411,-0.248304297045944,1.5320369236916,0.488597476871828,0.16571412596155,0.15374834428818,-1.17731049180843,-0.06303958163988,6.18667160993938,-52137.0431688549
0.1447826369674,0.180114407949747,0.260466922216767,0.191553187424563,-0.245771011745355,1.52865742232606,0.479606466161513,0.150127200732641,0.132968138777298,-1.19430130197593,-0.0488595534069353,6.16563351134162,-52137.7982788768
0.12631077239554,0.1756615274142,0.254964416707449,0.185928035494069,-0.244776519232384,1.53116223865805,0.480681303979265,0.136080089841729,0.159057672146533,-1.20260764957386,-0.0514274716952437,6.18284840788862,-52141.2759157397
0.150580846868744,0.178890520944815,0.26055362042,0.204196173253157,-0.243702726289091,1.52118712123363,0.497010368146204,0.165317234360441,0.142360606165208,-1.17106351016734,-0.02996043617147,6.16955101666529,-52141.0475769036
0.0103142913797154,0.220057909587493,0.257380212492651,0.207095215734895,-0.294449798296573,1.53633797225002,0.477002698697772,0.174179494094686,0.158907328992195,-1.14628154013423,-0.0541417850735348,6.14119889706189,-52141.5894603371
0.138521967291444,0.216176468522931,0.260862027492266,0.212947712280562,-0.279100592253076,1.51479937194952,0.502811895543166,0.160296041041978,0.143366389523383,-1.15237972274652,-0.0512796175408906,6.21162964026319,-52139.6102147644
0.122642706958685,0.206176316479809,0.261917936951917,0.204363056370115,-0.279353275434844,1.52740669421818,0.488957319178903,0.162290486271228,0.122891718472997,-1.15470399688252,-0.0398562660943801,6.18484004057286,-52138.3486800963
0.0383120923678851,0.201775274958234,0.254866451804242,0.192608273208382,-0.24504665295851,1.5217767749671,0.500579448845584,0.157183897625032,0.166358217709193,-1.15875316819817,-0.0555400491841762,6.19357380693245,-52142.5840073663
0.053721010746153,0.184337896324539,0.259670005008797,0.193499877579304,-0.251191047954557,1.52271002282389,0.495819654711316,0.157152638666873,0.165673937954064,-1.18373359035584,-0.0650305144429994,6.19477524587954,-52139.8540814173
0.148239572912795,0.209928153252576,0.26894348881754,0.205995281134838,-0.289620343615749,1.53348758390441,0.488765604187766,0.17805027852976,0.13482888086573,-1.16245237766484,-0.0458629541153896,6.17435872933861,-52140.3718804286
0.0444821007486694,0.232924318060911,0.26478341300242,0.226600465871817,-0.288167213604617,1.54288845503005,0.475270209857333,0.15907354464313,0.132481054395864,-1.15489780782499,-0.0394743096075061,6.17334663981107,-52144.9254175392
0.0594716052739902,0.20432948154837,0.272627204100635,0.193189506899931,-0.273668714969626,1.53773422906031,0.480827112444602,0.165275342005117,0.13507553328847,-1.17936208606584,-0.0323364502313194,6.17889837509517,-52147.7073884716
0.0659216906077112,0.200619807311636,0.270024654009339,0.204432081653392,-0.269368506088027,1.53867271415232,0.47875627904179,0.175638559520242,0.128430511517142,-1.17211596117716,-0.0228154181074368,6.15781477851833,-52143.6159624231
0.0720767567891137,0.221035216173108,0.266221142939315,0.210364076317974,-0.282206034051385,1.5500238886158,0.476468768718872,0.180983279830127,0.132994944871947,-1.16422774575611,-0.0530649668026071,6.14968563869096,-52142.8450093466
0.135501369406975,0.210998827935678,0.262962776774865,0.190361161952702,-0.285088846858273,1.53669779101335,0.488221072179852,0.177418261679146,0.134045716011185,-1.14899001493521,-0.0644615704934231,6.19799399614759,-52140.1565600714
0.0598127715465272,0.194833641739733,0.256785929362813,0.192023890079264,-0.263496035250399,1.52653652481717,0.497001353565556,0.129188296960298,0.156634279970081,-1.18950550031118,-0.0486185476225882,6.20773326543192,-52141.0565225394
0.0546392658348313,0.194216314484322,0.26027022314204,0.184047211523181,-0.266222640629188,1.53322785510808,0.481903438738093,0.143731588651093,0.15032610715256,-1.18666127747748,-0.0656264219725115,6.17099758366506,-52138.4970140485
0.096597008250928,0.18909778873317,0.263550543832424,0.212928363983669,-0.247240796399322,1.52792041931856,0.502337745701667,0.142363718974216,0.144482878824929,-1.19741318921585,-0.0282707168694157,6.18839322256428,-52141.4560133646
0.0112327590174882,0.20785748093986,0.254494510740529,0.186431625489928,-0.277040063344195,1.5339738263837,0.480042801492368,0.187385433970781,0.127697627971545,-1.16751119661323,-0.082815269156329,6.16972790761212,-52145.580919818
0.187229202388252,0.181551272942485,0.267175356866987,0.204301569180816,-0.248422759897096,1.52419496495001,0.481194427816036,0.149110608765974,0.164277763943507,-1.19747820071329,-0.0342631448285204,6.18082662991898,-52144.0808193868
-0.00915924325167212,0.214900530267394,0.249511333481072,0.20000249065878,-0.285484109520163,1.53806827744808,0.504441480169655,0.172527447913692,0.133570948760592,-1.1471933154932,-0.0661135767623731,6.18098305868241,-52147.1416586103
0.049574416690263,0.208623148115274,0.259248054530326,0.209220664778011,-0.268792768302694,1.51592347360909,0.487846565076603,0.159841597174147,0.172160966970344,-1.15445861906367,-0.0466224806856097,6.16041320328793,-52138.6265744696
0.0557453991216425,0.200879433634244,0.25557105876188,0.184752491852277,-0.26077980863419,1.53108604839082,0.498713824374293,0.168184006433946,0.147225584414121,-1.15419167403039,-0.0793167747509311,6.24227896487772,-52143.2774811208
0.18154173155392,0.19903659376181,0.2635014972922,0.197109398312498,-0.27729820328027,1.52484449814185,0.481007029168788,0.149729322061123,0.127922715795922,-1.15689682445423,-0.0486711007410865,6.14205622086761,-52143.4660452269
0.07386723049497,0.219912511992014,0.254945620035477,0.202680914502927,-0.282646162614973,1.53013892860732,0.497076962364379,0.165503555515594,0.152220808058761,-1.15419623097909,-0.0403506032034736,6.22592772318534,-52141.8515341937
0.143570858267561,0.198983402011696,0.26370806542581,0.196371766986813,-0.270254286316101,1.53574971428511,0.479239145899702,0.13512463290671,0.136063559160626,-1.1935471388389,-0.0347640583991165,6.15907970648714,-52140.184743536
0.0658242613870953,0.197179475760642,0.258561848639184,0.193085441875452,-0.270160376417757,1.53776612687826,0.494514270517003,0.155132419559105,0.138505939764818,-1.18006661604204,-0.0557637189923838,6.20471648060446,-52138.3391008415
0.0735381372711143,0.202003106552492,0.258827204233229,0.192335439228717,-0.269514079583912,1.54004947597324,0.491940655192815,0.15648371239546,0.135354899239296,-1.17080284857667,-0.0533781449721737,6.20298191452317,-52138.906900326
0.0864381300061886,0.204735798813133,0.257807259106194,0.193583296037115,-0.2647873013655,1.53945173244539,0.494944892102249,0.157593008930376,0.131826989399816,-1.1723752937881,-0.0563716198479815,6.1968877903231,-52138.9833630158
0.0650868154675929,0.199711019091962,0.264711072863002,0.189077506339703,-0.266156636430486,1.51704858307632,0.492995399260584,0.178616616099074,0.142938217205141,-1.1571206762495,-0.0801719923931602,6.15444589575151,-52139.9851131747
0.0557637498149447,0.198103097461149,0.265570799745392,0.184171653684558,-0.259669688904165,1.51766759522245,0.487377146277315,0.163651756081576,0.140924550078666,-1.14672260013701,-0.0675591556036605,6.1511614270421,-52143.7798101386
0.0753017618449364,0.219352558575457,0.256924422326108,0.214064955835614,-0.278206680445855,1.52659718349595,0.497677279359998,0.158730541381854,0.155459983977065,-1.16738489882598,-0.0552890187327505,6.20054125425146,-52139.4668720607
0.101954871915167,0.238832463467713,0.252192535214717,0.228711067805885,-0.293143338613683,1.51807368138164,0.487283190289909,0.16070281357427,0.164836984127927,-1.13572813911949,-0.0426946695337952,6.17360013065182,-52142.2429369256
0.0948562790911634,0.224068220125544,0.250855738124026,0.215718121577737,-0.280780052913511,1.52455045692907,0.477456579996446,0.170217344285201,0.172714746758902,-1.13793284207163,-0.0347233377612305,6.1578780372345,-52142.1271761657
0.0445748395492058,0.222273947726054,0.268107516352118,0.202588527745806,-0.283793778258221,1.5348657606693,0.488624820396699,0.167295330982722,0.130782331274363,-1.14340471723903,-0.0750099513988727,6.18771356532162,-52140.9140483196
0.196842356931737,0.207975240198595,0.25216984375496,0.211050983494477,-0.26155974022531,1.52650838196628,0.476919616431821,0.17113308312914,0.168582677646683,-1.15699374523242,-0.0287684865685667,6.16069172748204,-52144.3037373028
0.000435882166903526,0.190516327556398,0.268582328904125,0.190666467930525,-0.268064391156937,1.53360770903343,0.494059087978447,0.160836422152531,0.127653923978359,-1.19346699852566,-0.0708912268128751,6.1786211120459,-52143.0789440912
0.0602244698987265,0.193284192089142,0.253099400432537,0.199800252711145,-0.256753238893913,1.52752453244342,0.491200443340876,0.166070249079388,0.133040214029241,-1.17495333939231,-0.0387216079112798,6.1860623678722,-52137.5783468444
0.154961641528531,0.194167148565441,0.25700430231548,0.187884779203299,-0.255954336029284,1.52638498853108,0.488798218834617,0.162355289304217,0.152477934657734,-1.18041391653438,-0.0558548390102881,6.17762835879142,-52137.4301955383
-0.0193631576938533,0.20302714012654,0.264100423235013,0.188605778101556,-0.274741494567486,1.53606312037916,0.486230808460696,0.16795562175902,0.143788509244883,-1.17884497173936,-0.0654052031393771,6.19511453071762,-52141.5038737394
0.0468351838137064,0.215981696852882,0.262436023417925,0.195492922458994,-0.278199647239525,1.54622957738281,0.47733173538567,0.173456006236488,0.133596815413061,-1.15974660522544,-0.0670267583857438,6.19271947911812,-52139.8181740403
0.142437034235387,0.186276205950305,0.258549480785527,0.206899414045068,-0.252092579088794,1.5159472861506,0.50009215551295,0.150676197176196,0.137350093382226,-1.18396336323731,-0.0344085451770469,6.1732301331347,-52139.0957252846
0.0658011764167417,0.185845291933079,0.262294290492662,0.189386519473602,-0.252126713752473,1.52954922156934,0.490844013923586,0.172099803015859,0.120530323394697,-1.16497887220273,-0.0547826217017771,6.166745198091,-52139.0474289243
0.0494391063977279,0.186182547915059,0.263634602423717,0.20362068774978,-0.245023171363652,1.52585785855514,0.49242966819102,0.174950590099301,0.140566446476223,-1.19500806084614,-0.0367932789128854,6.15049618911562,-52141.4077789762
0.158366523551866,0.207439378965372,0.258138681965574,0.204091052021912,-0.270342083084884,1.53486933819533,0.484044592593391,0.155199223106765,0.155793705646247,-1.16890837708725,-0.0615462921809757,6.20953341162372,-52139.4719545983
0.0481646406219909,0.208163768879484,0.266289778881391,0.20724842202898,-0.282510465082881,1.52999428012895,0.497693672416905,0.169729757152664,0.145680018283445,-1.15041939655132,-0.0495635704296484,6.1438611577467,-52139.8182422347
0.0635544438521674,0.201919115777224,0.250025694651672,0.20381679286371,-0.270848153674615,1.52090024550599,0.489263316567906,0.165631669163914,0.143827126308986,-1.1486118326424,-0.040617431567041,6.17767929382602,-52140.2242688145
0.0386592383029216,0.208703548516778,0.250775788855488,0.203826599572795,-0.272493774075994,1.52214253243348,0.493400715765247,0.170712390432117,0.143116544117969,-1.15467760982346,-0.0416662233421526,6.17660632026846,-52138.6572493809
0.140360951944928,0.198571247738625,0.268433894874044,0.193299874351676,-0.25844891008452,1.53289147818755,0.480487174165584,0.155785545479995,0.151786875985749,-1.17687399033148,-0.0548444772890228,6.16278827311897,-52137.7035638904
0.0956767581762674,0.174917510965131,0.258823125409698,0.189915886834525,-0.243687968276922,1.52628895109673,0.48949291206311,0.172053502630256,0.135215513395843,-1.18719697595268,-0.0486185610200796,6.17049181278476,-52136.9267898179
0.0854295409220501,0.202090567199006,0.261185231826607,0.189923711385726,-0.265752322700081,1.5416233947522,0.482659305566081,0.137901595498625,0.141595209397648,-1.2041771504654,-0.0620245272706341,6.19542256760901,-52138.9668376432
0.0639384214421445,0.218116730964264,0.268973844231972,0.217915682686541,-0.279416403331045,1.52019206563251,0.492247138592766,0.148734952444199,0.149617042257378,-1.17262170579407,-0.0321159562084695,6.20062280979361,-52141.6028750658
0.186801018881042,0.222087063912352,0.254913432877909,0.193405766854575,-0.292046020840723,1.53549728706122,0.475983545536594,0.17286415838244,0.14038871368968,-1.15600065683892,-0.0591380143319451,6.16162575025258,-52142.3427009872
0.103566891139701,0.215817892697575,0.252573490845179,0.212691366251372,-0.278816164938342,1.53538889561317,0.477981126381765,0.175250348089426,0.154185909333845,-1.15174006654328,-0.0462971094459273,6.18776313512384,-52139.7878815293
0.0806052433121712,0.212804144537805,0.25888124685184,0.202627429054929,-0.28938010108612,1.53236675653697,0.492146940889429,0.174953472672583,0.14489673610711,-1.15573789570192,-0.0605276439169537,6.15637608305107,-52137.7061042352
0.179647910681205,0.210764795167524,0.255960981849305,0.205194422025378,-0.28175218479576,1.50905140795261,0.492069806237839,0.178699256292845,0.143434735963883,-1.14806411694087,-0.0465636929491812,6.1964520732733,-52141.5197878436
0.132873670518977,0.198786898396919,0.258185951318717,0.19166317682512,-0.253455309543705,1.52085626099702,0.494697865075601,0.187417876603398,0.155711835707651,-1.15479161738405,-0.0708251292982625,6.13745266954752,-52140.0346041446
0.0541654153384716,0.198620819367578,0.261222796191942,0.20962334362069,-0.267494930815356,1.53029201905171,0.480250307142098,0.138581810696537,0.125092959783398,-1.18909932946001,-0.0427907799123286,6.21647838032135,-52141.3260107291
0.121371736030536,0.197053142920358,0.266503149834815,0.205420639732019,-0.271761874160457,1.53817283354925,0.492755798738926,0.166302424538459,0.14360904498168,-1.19161567385205,-0.0530445933903042,6.19439727219102,-52142.4501081689
0.126237705451708,0.211957438660918,0.264593514902196,0.197671200536769,-0.268697094391126,1.53527990359698,0.475756397507674,0.166278974665147,0.133178688477039,-1.14844939765023,-0.0420249894965931,6.19598634339256,-52142.8351647507
0.097130014267322,0.205648010586246,0.265286991179605,0.208632243942774,-0.285532850174798,1.53999905134391,0.459970078845002,0.160132684194311,0.150781238925046,-1.18673015362354,-0.0492399763099544,6.17721930639696,-52146.3119555154
0.106518048415079,0.214698234826519,0.268496002805593,0.208643432959289,-0.280742055060618,1.54199736399973,0.475621468606151,0.151003992949418,0.155236640171598,-1.16554095874647,-0.0279351320761283,6.19636381156255,-52141.0801207797
0.0965681364163716,0.242011609066726,0.255340211558409,0.22706398118482,-0.311379506581064,1.54378511128446,0.481712545077756,0.124517038641763,0.148606749081848,-1.16912439869922,-0.0367399003313517,6.23259965143011,-52144.0829852751
0.0432005057198239,0.20644829912586,0.266152775111672,0.205191405623915,-0.278091199885005,1.52884838538114,0.488949689352601,0.177419604467531,0.137324810758209,-1.16536663840425,-0.0509813332427045,6.10779487940955,-52141.0354734732
0.0596945874627814,0.20228362653204,0.263819539936652,0.204994574492758,-0.275416457262338,1.52743109685278,0.485941460858186,0.17944010690515,0.137977883007222,-1.16137429991605,-0.0498449202885067,6.12347701581778,-52139.0798740235
0.0688766673215746,0.198059285398521,0.261528308276518,0.196306028484634,-0.256119401665583,1.53913725788767,0.479975077528422,0.166948176099045,0.161701245344407,-1.17993550896607,-0.0549415820634976,6.23481110707165,-52138.9934262042
0.0441973051334431,0.195204567441389,0.257242761474607,0.19373818165167,-0.26392662090972,1.54099131395918,0.483222121815303,0.170717362253,0.159536603894911,-1.17112252366409,-0.0638482290593847,6.22992023583023,-52141.2670783268
0.0633284622924012,0.206329750994905,0.258736836262747,0.189352605950035,-0.264678996925411,1.52771824954943,0.471613627391211,0.175104783942939,0.145696422698866,-1.16248328038101,-0.0650736710201189,6.1773959392837,-52140.7831396066
0.114380066179099,0.205874846022829,0.259860261166622,0.179047839919148,-0.275618136490732,1.53897068365095,0.488238728036831,0.190555406110975,0.144718655525089,-1.17088907364153,-0.0875664029416481,6.15943591861002,-52144.8758685181
0.144132259880015,0.207382503359108,0.258067195326183,0.185775674204475,-0.283704012181889,1.53707071039127,0.484983688832439,0.172359190505665,0.143278757493507,-1.14934864033582,-0.08921626271532,6.17822101641733,-52142.6786275792
0.0679610971033658,0.192594068935515,0.262036657940513,0.200296466573897,-0.248508198817571,1.51369665455469,0.493624371342713,0.183401640197283,0.140661544144174,-1.15769362723201,-0.0360125673924863,6.19180903290927,-52140.28643662
0.0371040234094751,0.185407054791272,0.262211427842,0.198484355220101,-0.249655055355363,1.53042215834256,0.490046677410786,0.178953481851101,0.134526719628466,-1.18206134458797,-0.0457503157924762,6.15774367650197,-52138.2687384855
0.0434125255849382,0.229329588469875,0.254000578607996,0.208482960789392,-0.285580308384957,1.51789672370377,0.501946740232591,0.138251669833899,0.171768342282165,-1.15703032377845,-0.056973519570128,6.19733856938951,-52142.2239342579
0.0780207250508421,0.217785429951644,0.263046304302092,0.20779866631087,-0.274065338844154,1.51525784671771,0.489673135006104,0.155178907278261,0.171386500053216,-1.14256850124504,-0.0435647499454429,6.15300153123936,-52140.2635843885
0.0597786948770287,0.23156191954147,0.25379168771778,0.215203268129833,-0.298228720835422,1.53487436674394,0.493205648043071,0.156622379405941,0.141767149927963,-1.13617270147966,-0.0392092052150591,6.20459388689137,-52140.8994277435
0.0749389624344765,0.239632444995203,0.258346306145359,0.231749832347846,-0.30660249885913,1.52361756440503,0.496684337589127,0.139636730068077,0.14463727829032,-1.15245685976529,-0.0381239755960407,6.15427083461163,-52141.2109315549
0.0597125996841811,0.237294106207303,0.258542849201863,0.224691831679333,-0.290258707339219,1.52876593811234,0.494256493984527,0.137782941901171,0.148520250617003,-1.13756768208645,-0.0369808182130811,6.17250230339871,-52141.0813461785
0.109175019053149,0.243120849735483,0.258036329282911,0.22048479285095,-0.308502738580645,1.53928686250818,0.474740322024118,0.149242007784599,0.187012630490642,-1.1350117003517,-0.0444777019470994,6.1643550016093,-52144.8233823454
0.0786727351100384,0.214561077620521,0.262764271584521,0.212867587104257,-0.280547854913982,1.52934510033487,0.495654409487334,0.160663049507464,0.118510654355868,-1.15147496761272,-0.0549977036785256,6.19289329451881,-52139.6526160913
0.0277034784043183,0.208306226742869,0.259407409541325,0.199862675736953,-0.273692154983176,1.53928926355163,0.498959811002313,0.172971826665956,0.125905605746969,-1.16180786832538,-0.0512563606535291,6.15813220038237,-52141.3942363006
0.0184241612296557,0.207779619244628,0.25345260102371,0.207054872000735,-0.270646625522741,1.54243109285504,0.495797523562142,0.165317036380878,0.125088160030753,-1.161136138631,-0.047675507327818,6.14556688849562,-52143.510172276
0.189491209052139,0.203996121394685,0.262336390544289,0.199313761415016,-0.277536363895308,1.52911519872457,0.485481264133032,0.167913002866891,0.171567785015244,-1.1688280805979,-0.0549169267371172,6.21564599477355,-52142.391851755
0.171775244674175,0.208534971625073,0.258310420884433,0.198131326927357,-0.263353617240119,1.52338490073294,0.484140714525554,0.172400772815805,0.167424681328215,-1.16591106025127,-0.0529037650502244,6.21816131568744,-52140.6661577222
-0.00271791317991996,0.179751010742364,0.264182773815582,0.192619819382906,-0.249372499214287,1.52926369739362,0.49404692037527,0.181722226785129,0.122520122499073,-1.17346621585672,-0.0602201744838151,6.16520568423263,-52141.9262797711
0.0472403078748845,0.199813198435569,0.259031845724905,0.197676637587286,-0.266093647981042,1.5339490237387,0.48768213678959,0.195450817745253,0.128691211252839,-1.15412921690487,-0.0488273610428074,6.18865890412273,-52139.871249896
0.0493708024598765,0.200917076225795,0.257714183261552,0.214831916379684,-0.270859370356928,1.53452973162115,0.49735619651159,0.204164943886175,0.13193020150839,-1.1463778556309,-0.031218514771095,6.21395279686186,-52147.0566640758
0.119705670792365,0.208541557759892,0.258643145175658,0.196599118836775,-0.280533414562346,1.52634580690995,0.4952064221478,0.117829804635664,0.177112180864924,-1.18673934246633,-0.0689039605827272,6.13157231177295,-52147.8451703457
0.0737387216904047,0.183062078614447,0.261980392754275,0.20631545885583,-0.246661798548946,1.53343713782294,0.480676053172794,0.188786563195265,0.108801006722966,-1.18772776720168,-0.0222929452823091,6.23084963159573,-52149.2467557369
0.0799209361155932,0.179161345145265,0.268016942323037,0.187878389612306,-0.240201409088844,1.53278182503886,0.486290171209402,0.158544971061222,0.125878199444677,-1.19335468704957,-0.0419511839297308,6.20541149928333,-52139.7765065394
0.118319591680766,0.159833764550391,0.252170243629773,0.175443829726739,-0.222073924442472,1.52629567366103,0.492247504350235,0.157039093034139,0.147238762068748,-1.2028413898711,-0.0556260488607725,6.17339534023242,-52141.2199762861
0.0972464197047506,0.202168144913876,0.265552531632209,0.198719653991935,-0.261145727731307,1.52720646613675,0.481699696839591,0.160085301115338,0.143141111821295,-1.17122453889292,-0.0418431849945169,6.15907205443952,-52137.4870732927
0.0963535350077278,0.21014602842368,0.255525011539098,0.191606061059225,-0.276715822429082,1.53124286209634,0.490290845456573,0.166522904728124,0.145121720880233,-1.14668497657059,-0.06376270489047,6.19786312633783,-52138.7408771299
0.0918551782859766,0.206400588460606,0.260590231021742,0.209948066214453,-0.269067067150646,1.52749375897666,0.482255971820575,0.162438398706234,0.15850696960957,-1.17697219799306,-0.043586430604834,6.12895444134928,-52138.5432799675
0.0547442622938947,0.197859736139366,0.264136773487095,0.191362494494315,-0.257768058841123,1.53891792328875,0.480564199672655,0.160722064511513,0.144964349974294,-1.18068373323906,-0.0631195142977986,6.18587901871996,-52136.5357347796
0.136795968562164,0.195621257551224,0.252015302920507,0.206075844379405,-0.259305691264075,1.52766772187115,0.48733824125304,0.139689442774403,0.127996183808311,-1.19579683821135,-0.0305975685656689,6.19955003875641,-52140.1961212579
0.13519855472418,0.19300268975207,0.252265785550428,0.202361582176403,-0.259248194306729,1.53061419608308,0.490163607516724,0.134031166348559,0.125136825137468,-1.19387386350685,-0.0290254312954645,6.20085388360441,-52140.7864679044
0.0615370554606473,0.189523418589416,0.26798758233051,0.188708734811454,-0.254996294760613,1.53041555316679,0.477049104367342,0.145487717637842,0.15880310015836,-1.18459930761388,-0.0552525152793797,6.16225666995513,-52139.8232137309
0.0981890724981767,0.193436774012517,0.267219466934778,0.194100395027456,-0.243426210907243,1.53084284289041,0.483670895184902,0.147431093838059,0.167771230440577,-1.18941833166906,-0.0662350040500093,6.18288594497819,-52140.9586129185
0.0853014939839098,0.197699955579984,0.258555179766288,0.191317403200038,-0.270568012504128,1.5361879132165,0.485370469238771,0.137818999697902,0.137162914704543,-1.18876673736528,-0.0434006445584415,6.19010509504772,-52139.5016476435
-0.0112690973431462,0.203104564335145,0.254729953035644,0.209870898001318,-0.257582944730331,1.53308251910289,0.493906822055223,0.151734992648954,0.156149236233536,-1.19354307199372,-0.050996838571284,6.15640274185104,-52143.0966771287
0.0363708736174723,0.198876283011173,0.254488959682519,0.197473700003348,-0.264667458710959,1.53304608581957,0.489116257023302,0.132165044579571,0.141451870021672,-1.19151180000488,-0.0472125946798369,6.1975313084953,-52138.2765784151
0.125769674733602,0.193271948015564,0.261554845702617,0.187301920841743,-0.257608751354356,1.5260778083123,0.48738831329697,0.160373726336779,0.145756296793472,-1.17316552627677,-0.0657625698904649,6.17190335733329,-52136.0047650104
0.112425262056352,0.193930735229536,0.252530038163112,0.191386677539922,-0.260876434296417,1.53605179040628,0.480446077000961,0.154939112925997,0.159141620675211,-1.18322506469573,-0.0639678317986173,6.17809715477383,-52138.8016793507
0.097991514152446,0.174132063206846,0.266545833564109,0.196051314344592,-0.22523081872589,1.52063098989023,0.499857126163505,0.169047158925676,0.126467189142762,-1.1906786440956,-0.0353783602995886,6.19093469378906,-52142.1880413665
0.0747815264037942,0.192326422284422,0.254876108885163,0.189535721929021,-0.244033295758446,1.52620488223034,0.487132363374943,0.160551505462496,0.132645598629541,-1.17745539704228,-0.0549255069777915,6.16442663710213,-52138.4828687957
0.0429299426253554,0.181205830354714,0.262287546025867,0.194857713128665,-0.246747270335909,1.53116617259066,0.495720544792722,0.145393818657139,0.141414175465774,-1.2016165561145,-0.0420370558513359,6.17903396335461,-52137.8740200694
0.0754027742079722,0.181422148112626,0.261379161666806,0.198987509377471,-0.252077213139823,1.52032147167013,0.491076888415874,0.157759416849393,0.143009682998183,-1.19394171135868,-0.0195448827993804,6.08966577145245,-52146.5198284057
0.0473369734036867,0.22413944645588,0.257072735546094,0.202174064337521,-0.291948617628212,1.52828924648821,0.488255260401793,0.137041444560831,0.160043667253615,-1.16857421911655,-0.0575092211617553,6.26683296407138,-52143.5154605584
0.138106582430996,0.186595624455944,0.26581123026053,0.197777900657747,-0.259758322384663,1.53596469320102,0.47945218757896,0.167150216160573,0.144291967759117,-1.18220394177846,-0.0327386134075814,6.09414360723187,-52143.2678726304
0.0955292238597966,0.185461278057647,0.25794879807727,0.179562941248011,-0.248331768000701,1.52412051437192,0.491850178330905,0.153543017714936,0.132757568207881,-1.18769852727726,-0.0686553337451312,6.25697852085838,-52141.6908090753
0.0799957156433523,0.163889043631349,0.264579080083923,0.188760369435692,-0.212427961696474,1.52992429362308,0.490813683317738,0.154210572718475,0.124054952776315,-1.21623535364483,-0.0454038866989414,6.15038488032309,-52142.6169875359
0.0919642927338234,0.161083667700604,0.264083764812758,0.187851053467927,-0.216594817465038,1.53067044173318,0.492561050264977,0.152852210700194,0.123782677237216,-1.21510491319447,-0.0445410941333432,6.13117108212443,-52141.9862553449
0.130248860614046,0.178263553725185,0.261117570147732,0.17055460148748,-0.23436187575159,1.54501815866215,0.475981906208119,0.181889758616468,0.153424051562937,-1.19183045938489,-0.0804051230429767,6.22692203522508,-52144.2392728697
0.151487874493745,0.184774425112651,0.266439116158928,0.184694237821051,-0.252807983778931,1.54237150334061,0.466555656549616,0.18759488924556,0.11518384815414,-1.17760458620084,-0.0578228777496712,6.13616709530728,-52144.976356841
0.0380472886377536,0.213396053918276,0.249461164678014,0.209756680335716,-0.259369899142107,1.50401801433951,0.516379218912606,0.154029037174848,0.178781410360734,-1.14620593242616,-0.0552079989067934,6.22240632110618,-52148.5097697095
0.0274864238470894,0.204855698978848,0.249053716835301,0.201657228190727,-0.271085554300962,1.50470328657663,0.512981758729002,0.156877228439895,0.168460800778739,-1.1471460079118,-0.0554171554977126,6.20924184715856,-52145.9520313503
0.0781340835926136,0.212125439127262,0.264969195514731,0.205590971565098,-0.281093227983572,1.53212315879849,0.481650701051775,0.145476582191433,0.131582986813133,-1.18180813638929,-0.0294924024982499,6.15580676421884,-52141.2130708146
0.0697945335124261,0.185250246001796,0.259590956036302,0.18337126929043,-0.259358506851324,1.53104080709063,0.487736280320255,0.173352131503742,0.153832569388562,-1.16927182345036,-0.070475058917852,6.18196849224093,-52139.0820313565
0.0791238347589473,0.179527249940587,0.259410188148156,0.198475205316998,-0.249899803624815,1.50941597960801,0.501551515922936,0.192789196494222,0.139694283401002,-1.15139943956006,-0.0312192825499671,6.15553214010902,-52144.4783964286
0.122660895330326,0.191310189919006,0.25916660326067,0.205809927002086,-0.241960443021071,1.51038997097084,0.499894249695956,0.196677839191413,0.132123153778844,-1.15091697822084,-0.0478458092705728,6.17903390099585,-52143.8271642896
0.0886233328478366,0.206080196693624,0.248645915483125,0.196863792277985,-0.258583401912962,1.52483385931245,0.494421693058759,0.167496407640782,0.134603654653397,-1.1691963624969,-0.0606488795407882,6.1918013994273,-52140.3872897749
0.133696848901994,0.197491498784774,0.272351937127121,0.193206898773146,-0.260284351475877,1.53422634778906,0.480211945980129,0.175591002169141,0.150490880465854,-1.1645310882231,-0.0557937923216469,6.16942529916598,-52139.1821650423
0.062927945055765,0.208291862195276,0.250994415994222,0.18925734022115,-0.279665047288391,1.53768401658143,0.480834769001774,0.128798874320903,0.152571535615923,-1.19624857308775,-0.0638067815949944,6.18731447292441,-52142.0285760287
0.12584264196885,0.198088177597172,0.26855438151589,0.202283703336034,-0.266040444675314,1.53272873352005,0.488663578749207,0.184659697558743,0.152438256194272,-1.16148329989709,-0.0453815629489982,6.1748498888582,-52138.9377526807
0.157679014991095,0.193758043746977,0.268762978110454,0.198215577280081,-0.266141242149633,1.52238598499615,0.481963819561245,0.166493400638172,0.150876574297086,-1.16494239145158,-0.0469174367542826,6.18721385288246,-52139.1403812306
0.0430688413463215,0.205252660478594,0.261317909454222,0.200376292234837,-0.266311206420474,1.54318145018379,0.483329833920854,0.16055678708378,0.146365334423196,-1.16674319237247,-0.0594717892941613,6.18740556316607,-52138.1180734354
0.104746394248614,0.22579532049277,0.266878246098001,0.213990441666046,-0.281944801075003,1.53022738854829,0.484537297177691,0.136908690069966,0.14008784791971,-1.16907757752876,-0.0399057743798693,6.1922437436688,-52140.0041541321
0.0924367053136446,0.197485105069518,0.257153766271277,0.205047778594987,-0.271423292184146,1.53792964112352,0.487646195744405,0.160961055607652,0.130254584348911,-1.18374798076346,-0.0428990396196148,6.18957836101065,-52137.7933214772
0.0821271950726721,0.190128709870722,0.261726423569567,0.177658745915545,-0.248210144910493,1.53102845697941,0.478405524055537,0.181973700956905,0.148247995439229,-1.18422609738577,-0.0781119295202776,6.20147673750423,-52140.5307611808
0.0826944164580578,0.183159756317142,0.249033620266361,0.182579542987291,-0.236911448417627,1.51480055456981,0.498553672207075,0.162738713447758,0.143192421497148,-1.17309596864687,-0.056119016971,6.13272401601388,-52142.3494778905
0.0949396874616512,0.183473735079413,0.244693010093894,0.193496964032065,-0.227864185044126,1.51655691784497,0.496869699378759,0.1594159691824,0.149137700429569,-1.17524013432542,-0.0555357608360353,6.1261502450783,-52145.3277985432
0.101111864002319,0.181927810410961,0.254051503011037,0.18595396572046,-0.260964969873372,1.52153747039918,0.494776848525124,0.151020464043644,0.14603026782584,-1.19406992584411,-0.052089187992828,6.17445075944436,-52140.4939550952
0.131816085241817,0.217755072615327,0.266157430401916,0.209121616434848,-0.282089588834886,1.53458353587521,0.482466515622347,0.163771560299757,0.154160824206097,-1.19727713593795,-0.0415252841396583,6.1817566376324,-52148.2449688711
0.141406608736915,0.203246771324958,0.26314373831251,0.203866938455593,-0.282888795407373,1.53923157775093,0.485585126904808,0.154402912868017,0.141290149690948,-1.15896181877904,-0.0479260026380163,6.18829069969466,-52141.2736601749
0.0561967405770368,0.206786686312996,0.260241770414439,0.193323234184547,-0.263396643127876,1.52317690202923,0.489934352666327,0.170771976989771,0.132203083104843,-1.16306635334649,-0.0491358593041265,6.19086172723403,-52141.1762490181
0.0329593934082517,0.199778533440644,0.25786850183658,0.20219451008441,-0.262922527644044,1.52275857836873,0.491043774025183,0.163889121789642,0.131936869984103,-1.16404471138764,-0.063997571717092,6.15015673292394,-52139.1670690045
0.165725925049423,0.216269698386633,0.25763932088112,0.21321505860249,-0.268847012322517,1.52135608868263,0.486859079095809,0.155460070701377,0.177830832325719,-1.15629279389963,-0.0315030817283909,6.2104787357317,-52141.7220757155
0.00963114896303477,0.231661231199205,0.260256095014449,0.210612509739754,-0.294778802569873,1.53744594631625,0.493356281977742,0.153429704146996,0.128523567590237,-1.15173158231862,-0.0645050289663581,6.14978174170146,-52141.8662891481
0.122702893637702,0.181254834599995,0.261734417110784,0.197225348618551,-0.240222135349482,1.52554376054554,0.486860639782091,0.152156039959762,0.157953692715884,-1.19386047394221,-0.0349517075910518,6.20529657447171,-52138.3141329629
0.0744187006565459,0.206352184508197,0.256940019173779,0.195786437889352,-0.277029437180173,1.52972880627712,0.486256222294316,0.158417307311461,0.130871156305128,-1.15749047405524,-0.0718186885826049,6.14868643570792,-52138.7200116477
0.0212035763256964,0.202373863671962,0.2671465299274,0.209498130119021,-0.250267446906468,1.54228022997745,0.490751181990213,0.152014731279643,0.167684003327675,-1.19005154501432,-0.0228454496289192,6.20733003242955,-52146.0857245727
0.173234534892007,0.216583772476582,0.253941570807661,0.193391989384306,-0.275957351562373,1.53675523890854,0.493666667725605,0.15828930306527,0.129610361034709,-1.15813899468186,-0.0723812172406189,6.15573835857676,-52143.1861894487
0.195020581787344,0.213534326215103,0.254812447675232,0.196559136129924,-0.28872816031483,1.53529730843555,0.494627979675367,0.165793392172076,0.129381451694375,-1.15779764773027,-0.0766282536447283,6.15718583668002,-52144.365545557
0.0278334242989053,0.200575419405901,0.265583656207575,0.202656355163709,-0.252760013679475,1.52892368281323,0.481763511254676,0.154487190667742,0.169735182166376,-1.19248705914459,-0.0350907572706341,6.19695259846183,-52142.0379915342
0.126052076957074,0.22039057483384,0.263762258493818,0.201749695510587,-0.278600066787659,1.52416571561758,0.494968019996556,0.138288982146681,0.156559913848279,-1.14765767496176,-0.064766406958381,6.13549494047594,-52141.950944562
0.077820394498164,0.213574878785596,0.260627754537325,0.220766311189734,-0.275389364839103,1.54100930310883,0.474277265394404,0.149721200659722,0.151305685270891,-1.17339078011402,-0.00698236725248836,6.20216550016057,-52143.7848014549
0.122795360174888,0.219770102441215,0.255756923641398,0.196772401075343,-0.289982483660248,1.54918781639309,0.479096648729213,0.120820956858363,0.140371379547175,-1.17089314146146,-0.0712942186354098,6.19578598704186,-52146.5118128231
0.0526060061486475,0.195632985062755,0.266563948577356,0.205628197915663,-0.252325220264643,1.52311972959903,0.475578846231839,0.165667255353552,0.149046400767694,-1.15400181124434,-0.0326742434977855,6.16276200804499,-52144.3803799407
0.151731157299673,0.208734468371609,0.259736760454104,0.198742377033741,-0.290940340074036,1.51954355319394,0.495716906705088,0.181668933365288,0.143648999607512,-1.14863930647041,-0.0708405855929688,6.17197491948669,-52141.5512962286
0.0351996166790499,0.212864071328551,0.259647113675815,0.210913692424532,-0.287136583724843,1.53485473014907,0.485609922006812,0.152875652682941,0.155635548503365,-1.18321941502948,-0.0352620618902171,6.18567046407377,-52139.0986807521
0.0976303126596592,0.220213243173921,0.264147149761409,0.203331385798459,-0.28302134593997,1.53176276531871,0.483860069290528,0.161091891779859,0.149334593119932,-1.141082554048,-0.0657114842110828,6.16379801470103,-52137.7328338227
0.175353797586484,0.21360743959946,0.25983270587045,0.202560435281922,-0.284241649127911,1.52176771733789,0.484215228664889,0.171388365835343,0.171365724240901,-1.15214280657391,-0.0540215380824224,6.26069306109603,-52143.5729977091
0.0101360315773887,0.1946833113432,0.256987041942355,0.20390703990022,-0.256774702599163,1.53886583842524,0.489211642230155,0.14716314883744,0.12336751869298,-1.18633710045949,-0.0410423018181438,6.12840586593131,-52141.9075544095
0.181470807274966,0.197395548649464,0.260322626623467,0.200353658977856,-0.265750582407945,1.53457774848145,0.483199093815112,0.131653011421688,0.136479675416855,-1.20704487008173,-0.0397805616584678,6.21728426718108,-52141.0605528759
0.0214317410994037,0.218296618825616,0.262557310970236,0.207348193767923,-0.260885973483637,1.5340355693016,0.498529616745268,0.184967532919801,0.164247275232801,-1.13159228776545,-0.0594833800790039,6.13552187697737,-52147.0957090916
0.0303011439518947,0.214603748273951,0.252043840288306,0.19783948854794,-0.295487308161018,1.52159056651586,0.491633672155327,0.184199617742834,0.125796026165568,-1.15316203837781,-0.0667436540212675,6.15365723001425,-52145.8000828483
0.149781208313687,0.175668105280977,0.264567733619344,0.185786472567731,-0.240591800697626,1.51804765404148,0.487452327020717,0.166911815440488,0.16649476059478,-1.20304182021596,-0.0597606313308577,6.20605232705551,-52143.8412741268
0.0792512224491393,0.189582210550601,0.256378957724247,0.191179153746145,-0.248014126823307,1.5331332354186,0.479630807283333,0.180637692376045,0.142882999536966,-1.17869737308539,-0.0635949738236397,6.16396160354703,-52138.3133716839
0.0707937131242906,0.186583938482808,0.253981783473828,0.191348460937071,-0.244019119372672,1.53639635129487,0.481745655478641,0.182059349804381,0.141108341304828,-1.17596608905771,-0.0536933548531716,6.15311798905243,-52139.2675042077
0.140765257953054,0.192752913679564,0.264933121122345,0.201259336435972,-0.259065833094749,1.52621107672661,0.490041373157266,0.116357537128668,0.143958376829027,-1.19399242492543,-0.0567558297042854,6.19421729707471,-52142.1612052785
0.0264019209746686,0.185835195674611,0.255973084369188,0.201388836294575,-0.251391581701973,1.53830818204709,0.489139531836366,0.138098136174595,0.135502223887421,-1.207909693595,-0.0239666603256443,6.19229767185692,-52141.3221078295
-0.00265416608593826,0.184530221397563,0.257001071497983,0.201720531488119,-0.241082878694581,1.53894265856272,0.489286547295472,0.132090017099526,0.140779865405419,-1.22000951255367,-0.0332284382801213,6.16272131697731,-52142.3268508675
0.0421414083781701,0.176761757070421,0.263009676607554,0.199361112139385,-0.229370460736386,1.53761126937321,0.478909505229093,0.150697914701871,0.141922963847333,-1.21618439849461,-0.0196658156916258,6.21923872386522,-52144.2540910691
0.113422201480338,0.186023522500479,0.255576266911462,0.174733050443978,-0.25596187196854,1.52615414188927,0.49037386511509,0.155880854189193,0.145460092351728,-1.17451816842912,-0.0975478157168643,6.13237166679228,-52144.8832628963
0.151929094582174,0.188275359971057,0.251819286881809,0.175473044100934,-0.250135022440983,1.52234611098863,0.490533013368003,0.15819914798221,0.150605693726153,-1.17794129589259,-0.0902152432263046,6.14568236187872,-52143.2763346845
0.143049389212468,0.176413319782723,0.257725370754875,0.185183516626966,-0.240459819770565,1.52608990798939,0.487759888613158,0.137323551290553,0.138963164883146,-1.19209460853817,-0.048377286032713,6.21887385222772,-52140.8998480894
0.0124083159710016,0.179029404652981,0.268439755391845,0.180801046312427,-0.240993972455602,1.5469197056278,0.478033279430789,0.169769951246692,0.141131805886009,-1.21395339693178,-0.0642926987984206,6.15656011442877,-52143.2164917414
0.0885943998116999,0.17761396733228,0.254435843142083,0.189209583812031,-0.24796968457379,1.52319720622408,0.495471718742664,0.144791583165145,0.154505972816873,-1.20014431792714,-0.061574947535584,6.18563891107158,-52139.7521625207
0.0206632580364619,0.204333185143832,0.261877505647454,0.210236906336268,-0.272712018436466,1.52394465995631,0.491248257729722,0.149372311338465,0.15099551185489,-1.17595901178218,-0.0395391925279257,6.168095251656,-52137.4289554442
0.103421606703843,0.206830240860239,0.261860853110929,0.204173679056862,-0.27063915874927,1.5339180589668,0.488334686184305,0.130363614339434,0.125078669766137,-1.18296899355981,-0.047496010061734,6.16203115314831,-52138.1406944952
0.145149285990383,0.210805583190318,0.261223870938923,0.214579255152051,-0.277710806731247,1.53304988311163,0.489721442884128,0.161832356190592,0.12564949169414,-1.15753332257657,-0.0275024832206647,6.20467381448954,-52139.4397049794
0.123745901378166,0.20420293233977,0.260166439819665,0.206904131669005,-0.270872945987646,1.52708178174719,0.490413737136961,0.157338168225566,0.141007235507235,-1.17436751280168,-0.0444491322863718,6.20890414050402,-52136.0480176234
0.136925890669719,0.210280915633375,0.261939735006313,0.207364274825251,-0.274930330920674,1.53137442238978,0.496651617614663,0.146496750105358,0.134863491054916,-1.16528584364583,-0.0439605825048381,6.23766299013993,-52139.656722865
0.0370395984854717,0.208215139920958,0.263426981874557,0.202115211448051,-0.276243537103104,1.53153098079358,0.480433265916548,0.188618626384158,0.155692432209688,-1.15119018342477,-0.0432050898848353,6.16674586420681,-52139.4274479046
0.0995116345471065,0.192961793007692,0.268422306150288,0.186902930844149,-0.255671582379519,1.53282892709504,0.479579560858372,0.166119817921444,0.146199924368505,-1.19291112265872,-0.0831731810001153,6.12743033831537,-52143.5992017944
0.0498265981140369,0.19041535274826,0.263062867185852,0.173265093012136,-0.258902052337926,1.53717475609889,0.487220745349742,0.154837235809123,0.140497073104852,-1.1725939965302,-0.0848002266481387,6.14816249006592,-52143.3517665481
0.139092349003938,0.227728205554667,0.260106341676147,0.229277745105408,-0.297136266884067,1.52677197378988,0.485209060698615,0.171094416678651,0.159088136452034,-1.14890374992706,-0.0242083223582221,6.21417904077005,-52141.7790128963
0.0608698020956099,0.199512203153911,0.257276399068377,0.184452506561762,-0.263646643283749,1.53464440127515,0.490134084452716,0.153098067121061,0.136631636605492,-1.17375960052939,-0.0740501073915026,6.16487402848244,-52138.3344189765
0.0750875307187446,0.183129324621236,0.267220305339068,0.204872513390653,-0.257055334877169,1.52306177585253,0.493697154696631,0.149307267409535,0.138327852296992,-1.18801879751549,-0.033765325135105,6.22196873915475,-52140.498434812
0.0513043120145039,0.211630190163244,0.264383229291944,0.210810653084945,-0.264617896474766,1.52488971392954,0.48633413403835,0.15893292317308,0.146999838522693,-1.16598848929459,-0.0398501734355537,6.20200672602494,-52138.2591987093
0.079397802682961,0.193684172893878,0.261725091432762,0.203580825419484,-0.274354850582405,1.52496981530284,0.486952677775645,0.13696562723538,0.143911907300913,-1.19913456892263,-0.035941656620639,6.21089570570823,-52140.6434128394
0.0306647456281258,0.211769790416164,0.25899383153943,0.194824303318825,-0.277442027891261,1.52666331186377,0.491796529446011,0.179980939358061,0.160863001149879,-1.16864310205094,-0.0620354245723213,6.14241258623159,-52142.0449901813
0.144882731831039,0.208791238961501,0.254494342059543,0.213973816880246,-0.282534756919235,1.51364697872326,0.497188000170225,0.154036943107447,0.138045365339792,-1.16003642445871,-0.0424810234865696,6.18962902855833,-52139.5510449617
0.134693746551163,0.205901875199443,0.257029539563689,0.191209417991366,-0.275298949251706,1.55339540326574,0.487861990016114,0.135288682192779,0.137503499132151,-1.17666655970075,-0.052234969275525,6.19439941809535,-52147.8031297205
0.0782387142442195,0.185624839794256,0.264113130097825,0.184434883860366,-0.253025964201986,1.52709204389912,0.472905283486712,0.144620460404846,0.15322974449416,-1.1989407799634,-0.0625253264956572,6.16645996630173,-52140.1761452
0.0790061516253928,0.178896743360142,0.255713309108559,0.185032142054084,-0.24544783328662,1.54140479632115,0.489502265076807,0.167396358939312,0.150272658832802,-1.20226598774905,-0.052807480374293,6.15230712097165,-52140.3098196667
0.0714628998456289,0.18370497116554,0.265469595519685,0.184808101253756,-0.256409143194335,1.52826714792192,0.474831308227112,0.170926290501378,0.136925920881235,-1.18868807699944,-0.0554641886916535,6.20780384107774,-52140.1869009976
0.0592538187071995,0.196846975536283,0.258624939371571,0.210643990806819,-0.269001372679121,1.54339435563971,0.493323567015824,0.15096101104209,0.146010531915938,-1.19061380107265,-0.0468694051189611,6.14874425587368,-52143.3272858764
0.0433007615555432,0.203614669929827,0.263477497711456,0.194929207871349,-0.256148392407089,1.53034755345991,0.490257623937873,0.150657866053225,0.126803847297702,-1.17620509020015,-0.0489557956700527,6.15311245285767,-52141.0311151108
0.119373480969888,0.202677798262253,0.254672735646046,0.199045736257677,-0.268255703480916,1.51045724042266,0.488213062211616,0.171138934091781,0.163738007827076,-1.16025232306532,-0.0467879271754844,6.21383761729796,-52140.1118172449
0.145525224827354,0.205949286086832,0.251299422595574,0.188453859027361,-0.264722392487419,1.52009639121021,0.497915034676582,0.171969335437971,0.142952038667114,-1.15043446932431,-0.0821002416526987,6.19879724831569,-52141.4680526233
0.127040656721827,0.229712547863902,0.261992365681245,0.215918887967612,-0.29910854191259,1.51473868987212,0.488253133359172,0.203685582836579,0.146021093481804,-1.10275718655125,-0.0537360328455631,6.16799860600411,-52143.2723549925
0.0978751881780685,0.20759993808862,0.258045918808715,0.202318428491911,-0.273480242599284,1.52905675917032,0.48870170528702,0.159761808992093,0.140914583010695,-1.16636829020069,-0.0528097548271593,6.19457901216214,-52134.9522789309
0.0847171001836313,0.220293018847463,0.257403547264317,0.216747969168965,-0.282970039159786,1.53357949647615,0.486797187926416,0.163761612050009,0.149713976621813,-1.15669373848042,-0.0454039830755003,6.21593037925642,-52137.6811470374
0.067219650649969,0.206388563863771,0.260774061802257,0.203284009028339,-0.274267326425665,1.52021217971768,0.485865349732133,0.154478224914623,0.140932610204977,-1.15598593828208,-0.0547944533226206,6.14863069319964,-52137.6561484162
0.0344014243127264,0.20023227571219,0.26102099947511,0.204499213757776,-0.264355183957146,1.51471324281004,0.498035943788263,0.149074595333695,0.17050152899872,-1.16854585898953,-0.0586930356735026,6.21313475601145,-52140.7349195811
0.0467349512531492,0.195275624657315,0.260336711763718,0.195660884351083,-0.262277913100907,1.54797841169094,0.474360194711026,0.158335630923408,0.133366064461191,-1.20697490146771,-0.0449102539960501,6.14567565472714,-52141.089556911
0.0283473439969443,0.180844881003335,0.260267358070602,0.189613439502088,-0.236730354536109,1.5346562867347,0.482013821103932,0.173236183528348,0.16180783317686,-1.1830582905953,-0.0465807282787844,6.11734590744071,-52141.997877343
0.136963894633637,0.201440152577126,0.259640013157621,0.196820133759588,-0.268480228081527,1.51815933537198,0.496781928509517,0.151373360082744,0.130879300789703,-1.15841237395417,-0.0695621882839719,6.23996106222451,-52141.1881125606
0.0351968229002159,0.207726203671347,0.252289059007173,0.205385761209393,-0.265327800901887,1.53099015486978,0.492305376665539,0.16436845411852,0.161216053806305,-1.17190857831295,-0.0408049815497494,6.11820262427158,-52140.4242386622
0.0993803936857156,0.202707873817944,0.266374067384007,0.205785792897277,-0.278334822563522,1.52508943650687,0.485661387800573,0.13966766745043,0.138083327710213,-1.17800801494823,-0.0586265902209312,6.24278762242276,-52141.6120726365
0.111660153617549,0.202687863236888,0.26781048536551,0.205623180929795,-0.277257855293164,1.5260282870743,0.486804392940793,0.140733219031851,0.140006226826414,-1.17655149173627,-0.0606962533334987,6.23956559275345,-52141.6264347843
0.0426237154205615,0.203054152909431,0.26845666734651,0.202241177536848,-0.266514116919838,1.5279734720985,0.485831871188013,0.144059150209427,0.133609721491129,-1.17482831000024,-0.0413257630604253,6.21114077317591,-52139.7385143811
0.0484720204775588,0.195902932502684,0.269010731776136,0.201987351439958,-0.264493630641001,1.52938718401258,0.486796383553607,0.151727240111383,0.135103733920691,-1.17233302738707,-0.0421868783923069,6.21237502866819,-52138.9374202663
0.0565236359712289,0.218052041606999,0.262510533344405,0.214671196895294,-0.275186763458656,1.53442005072131,0.494239006047715,0.138099233018938,0.149253896105301,-1.16840437762992,-0.0509399070016928,6.2352393890706,-52140.2318281068
0.140241604572466,0.209090740806923,0.252786861766819,0.209283045417841,-0.27727897537628,1.52300790798761,0.485901071221947,0.173132459590116,0.140045008548699,-1.16057689009609,-0.0422724060135337,6.18094084457594,-52138.0933914602
0.123139325619065,0.216206556805809,0.247666069623171,0.213494794990768,-0.27634003738707,1.51681392055819,0.489746706753047,0.172780319723959,0.143063602873921,-1.14850644022678,-0.0191690060732461,6.20779238019549,-52144.4237230258
0.100553521369775,0.233842921891749,0.261859664414775,0.228147040926116,-0.285024963714481,1.51942929237495,0.494897904378539,0.177456279475059,0.157999136033541,-1.12807006242475,-0.0308608845382186,6.18894368189012,-52141.4855664683
0.107403487413132,0.228346363136835,0.260785978550219,0.228464396881564,-0.305165119243933,1.51729626365498,0.490763832411721,0.184819164177591,0.163985618603919,-1.11568326925042,-0.0131228447592676,6.16119227858719,-52147.0707375054
0.0619094032570991,0.245626267570461,0.259645952956158,0.222246431591379,-0.317621710112607,1.53107147514914,0.481416846590067,0.183890457309757,0.174445438512433,-1.11528435373982,-0.0622454284628125,6.22552359273831,-52145.085752171
0.114312874514014,0.227306062681805,0.257172921690837,0.207731162304411,-0.303620624460994,1.52899453340422,0.480252632978651,0.175461686730008,0.159030533415477,-1.12505262152386,-0.0525527896191949,6.17331688443162,-52140.2764496888
0.0672345737687568,0.215975423215425,0.257312801193291,0.216614584573751,-0.273006265642112,1.52418696292042,0.49080426584857,0.187562058670119,0.191683400877075,-1.14228053326225,-0.049309159394436,6.125452491575,-52147.1436088191
0.0754800787111697,0.218264479463894,0.260595831442281,0.203484137380608,-0.267064640815896,1.52005469291746,0.488239032170134,0.186474203882927,0.19559457185069,-1.13004195046904,-0.0431361662560042,6.1646436395767,-52146.8250293464
0.11556542848072,0.232659360982154,0.256487475462377,0.215505427792707,-0.298098828167494,1.53587721947841,0.486535559933466,0.135293565004828,0.121143748714159,-1.16363262654008,-0.0550930305592445,6.19454835853865,-52141.9440489597
0.0817551839333572,0.209039118262994,0.267548830217594,0.206089764368975,-0.266953078132501,1.52412808861176,0.485368318454187,0.191286800753306,0.158279139226269,-1.14107499876008,-0.0505933576020902,6.15205677280601,-52139.5189306092
0.0828648171349425,0.220466106870779,0.261478003086522,0.213472209817733,-0.287780765565887,1.52845069432927,0.487917321816222,0.161223863643525,0.166548484357975,-1.15360224304972,-0.0351409873093394,6.16932859485321,-52137.4081761303
0.0755310806971691,0.239472326192739,0.257345075808364,0.217143249633939,-0.307701562453512,1.51835761503401,0.495458871362442,0.17743269665497,0.156619749411799,-1.11718263917523,-0.0491428164130591,6.20936112798601,-52140.3393348831
0.0616452551185975,0.200703161089739,0.266588222210257,0.194686384859209,-0.276477713352562,1.54082513314635,0.479268832184773,0.15959316965965,0.145559051952532,-1.18163352311629,-0.0522826030187884,6.14213725843439,-52138.4439067934
0.177327200223406,0.209638824479502,0.267474840708459,0.205739088755038,-0.268170521116795,1.53505931347826,0.473736699130123,0.133381920529839,0.159879893042197,-1.18133745208189,-0.0566553805700965,6.17662122660193,-52142.9172306203
-0.00563724837692552,0.190743223647385,0.252850366955863,0.200340036133337,-0.269162368694914,1.5229609175345,0.499714366039309,0.174967429091017,0.130886522752471,-1.16696691614653,-0.0375522246259398,6.19473087264738,-52144.356886808
0.0670667961448867,0.191951144512151,0.264434854983484,0.195482866223216,-0.248530678546534,1.52395011310966,0.49372880140686,0.143863936422635,0.154768302656784,-1.19032560840608,-0.0480424637510579,6.14954696741211,-52137.9621079711
0.0756175742072663,0.188931428665287,0.250571567592284,0.189108680847104,-0.243653027366822,1.52841807103427,0.479935197079379,0.149267255215856,0.155336583682756,-1.2017685381363,-0.0525367472418707,6.15609449815621,-52140.035286555
0.0905344297381186,0.183260053161867,0.266710853976067,0.203126442752775,-0.248930528878785,1.52790739063864,0.495348871408541,0.159845591223353,0.134875353621513,-1.18261231931387,-0.042389352721222,6.20158286508323,-52138.4933675719
0.072902798434074,0.196045397598544,0.251468392275901,0.187925717820235,-0.256193866279464,1.52286511695007,0.486913113198266,0.138318185209014,0.15089179677286,-1.1995892202811,-0.069910117562682,6.16531993766809,-52140.8839218047
0.0151561493249601,0.185986053109115,0.25208129937544,0.180412683655059,-0.257714489967288,1.52240639830313,0.48040420219535,0.12982811078783,0.137615340957065,-1.19212468236171,-0.0761099366162794,6.17081794996439,-52146.9487331007
0.0621156216967027,0.187454171729104,0.248621220959432,0.184644803821633,-0.2444968165558,1.52055515628869,0.489999085603889,0.138568087404327,0.131980525871958,-1.19633299316459,-0.0644695275398877,6.16817548760629,-52142.1562973842
0.0959452372834579,0.198388577369138,0.253678841355345,0.189105582950768,-0.260931056915205,1.54295755716653,0.479158966782718,0.145268260026036,0.131971506674767,-1.2040867116319,-0.0553676673185829,6.17058367667598,-52139.9386357663
0.10685247899059,0.188774570609449,0.265933971464414,0.205089513196446,-0.259033329814629,1.51962890879483,0.497239487940749,0.174507791477582,0.150167679146113,-1.1483995734373,-0.0494521337478984,6.21473057344655,-52142.8814525149
0.0713350228420774,0.220425665335935,0.256980080813388,0.205412218267893,-0.286922850149333,1.52529308347608,0.492863387704512,0.16453100953827,0.161357170105761,-1.15232365151184,-0.0593753163912423,6.19894490895722,-52136.8091759178
0.100167593947132,0.210573341545454,0.261210836310532,0.205228879125345,-0.27282995501292,1.52239977664933,0.485171148022326,0.170473243889384,0.158146668894389,-1.14782712972804,-0.0468930289558191,6.18618054154152,-52136.1500644007
0.0292694929275851,0.200197044714153,0.256323515041322,0.193722834632549,-0.26263305228057,1.52512876168299,0.497977895998949,0.178726873558877,0.144045060643874,-1.15550301114109,-0.0674695082909458,6.15910091532693,-52138.1484120271
0.135154250682541,0.205031400821666,0.262898156391997,0.200352078776417,-0.269749833640351,1.54176975382202,0.475477311869495,0.130726995003496,0.156858296427421,-1.1972991955875,-0.0474834442059015,6.19365281783885,-52139.0779003262
0.0118743203419113,0.223648889221727,0.258103105630243,0.20869611190805,-0.290218799235396,1.5270932639949,0.494342958208795,0.18602244011603,0.146098142396803,-1.14180677267,-0.0674927304800704,6.16314424451126,-52140.8461303684
0.123529738829729,0.20328860778571,0.256948315289567,0.190572790531022,-0.268137497882805,1.51186774380601,0.49417238751247,0.15793970027194,0.148338785873535,-1.13990633405875,-0.046065694530756,6.18366663054567,-52145.6099013814
0.0659283822778919,0.191317607887073,0.258440542095335,0.189688495214377,-0.256534872026386,1.52763334494762,0.494259008769002,0.16551461421413,0.159907395775972,-1.16842695499402,-0.0429007184965414,6.17571647069441,-52140.3202993263
0.0992742830703491,0.203665077702459,0.267193919878453,0.176945984173944,-0.272470207024046,1.54084629517099,0.478440792856394,0.158382183037676,0.13120241865722,-1.17593257092867,-0.0744532245234888,6.17950418804703,-52142.9733847434
0.0668951454478879,0.207101553709651,0.248644028396647,0.231821611518725,-0.265901187358933,1.52077858137526,0.49403324257187,0.155563375251662,0.161537207633184,-1.16875657082433,-0.0132292543581084,6.16984284291094,-52147.180568301
0.110937290965952,0.215478285745055,0.264732257897074,0.196553693374049,-0.269349697142561,1.5267893849731,0.488985307752844,0.181877605415402,0.143838709830188,-1.15145308713172,-0.0860297687670061,6.15036242610569,-52143.1286628159
0.0746520587137845,0.211989788250286,0.259017616219112,0.184535597334605,-0.281173675774384,1.53540835130773,0.472537454662917,0.173110615957868,0.154631992017136,-1.15756311929964,-0.0655206596389078,6.20122320136453,-52141.6147807396
0.124682983009896,0.206224511453913,0.257425483411666,0.206392604212119,-0.255410999345176,1.51092680710161,0.496978140479433,0.163107357178535,0.13087097795256,-1.15794601997717,-0.0407371088470214,6.17802298493111,-52141.473621043
0.0693831010609569,0.205891399591396,0.259546405101748,0.184609978016934,-0.268444392007484,1.53750470749978,0.474992687775646,0.160767213165379,0.168178439654138,-1.16459561942727,-0.0693097335016658,6.18028289983188,-52140.3257604679
0.0999363730519202,0.185121958308861,0.260591562618385,0.203674198807402,-0.236156491205062,1.52292636820868,0.504591892702143,0.152404927148672,0.124356793636156,-1.17468095099336,-0.0331296979195878,6.17984189428702,-52141.9292934535
0.0999390728952984,0.226090496724311,0.259922186321998,0.202108349577333,-0.288758339490021,1.53360447746291,0.47460752129228,0.156486666601242,0.164336729874827,-1.14495341265479,-0.0574318534263441,6.17228788291364,-52139.0127452014
0.0943265949623351,0.230051667199474,0.260211177250769,0.212801874435234,-0.299510734441037,1.53102961591994,0.48757716175475,0.172248692587143,0.175959457349325,-1.15050091621082,-0.0669615104481966,6.19580154550776,-52142.2951620192
0.0301373691198064,0.17797085298315,0.25753679294576,0.197757931771476,-0.255292066929696,1.51277258457061,0.489067491478535,0.1632793307512,0.122744056855893,-1.18603797174816,-0.06097658793612,6.15782583169092,-52147.0603210821
0.108037334526623,0.177667818958838,0.251718315170523,0.173349217631798,-0.243645829972839,1.54158450402852,0.492235665792396,0.164016662034234,0.124849149503141,-1.1799090538587,-0.0735582473673853,6.18556207828352,-52145.3767198503
0.0585351300115927,0.199969805195746,0.2711071153343,0.207232592734571,-0.254711952097843,1.52452686397736,0.479759815516704,0.154818122975208,0.158958429147396,-1.16656313852774,-0.0371212578429714,6.17080751145454,-52141.2927035037
0.110578540343411,0.23120585685901,0.254334726808643,0.209341763233914,-0.298493729532869,1.53508584364143,0.496983490381791,0.162734857720456,0.147858926406261,-1.14493062875574,-0.0698913510711817,6.18556418184393,-52140.8859637035
0.000639628811609972,0.184246155531533,0.263891780882867,0.191668231653958,-0.244041798936865,1.52635289201569,0.480114163194081,0.18647348645959,0.147308231637501,-1.17599239164209,-0.0532945639174138,6.15263381596947,-52141.4768587395
0.0903189646015149,0.199684674636638,0.263528226994591,0.200685537072646,-0.253852935337864,1.52277115505873,0.491096354850066,0.162702160520511,0.176971496897424,-1.17027083794927,-0.042821761939821,6.18484415167156,-52139.2760738236
0.111835115993596,0.193148711820901,0.259932288450845,0.197144414463473,-0.263907049460493,1.54025124252505,0.490937741945627,0.156459527391591,0.12521644453699,-1.19031463365026,-0.0650807058553165,6.16440739693328,-52139.7876776662
0.00803402961420857,0.191907755045145,0.256033403315212,0.212468394685362,-0.258030563682069,1.50640420497201,0.491105643424376,0.144310680809979,0.171993785717494,-1.1661963418576,-0.0332366459727851,6.19331327566412,-52147.063364292
0.0102477634360772,0.20272436013428,0.257718158234414,0.218949375978507,-0.264464213191758,1.50492786726508,0.495645866377605,0.146229150593109,0.162779957794138,-1.17676263263961,-0.0365323061037183,6.18455283156011,-52145.4846907531
0.150752777682835,0.189428857548818,0.260678202543421,0.185322345878309,-0.263962340365189,1.53936269413322,0.471939628403785,0.160220883646829,0.124410974459574,-1.19525285216129,-0.0603196957921582,6.17679441053263,-52139.5974565154
0.103641703774359,0.156233927075031,0.264488539061083,0.174008365928786,-0.217936426974607,1.52754932455214,0.491855060398947,0.149897094362683,0.14084515760907,-1.21980230449595,-0.0614515415741862,6.17359258691318,-52140.4934317377
0.0394397718182933,0.186549315425042,0.259259618052811,0.183521211009299,-0.25088966918074,1.53632374621238,0.482660709075467,0.165395259470272,0.135001745350753,-1.19097336558605,-0.0681362748841862,6.19281690884993,-52137.6329062485
0.0841691333810706,0.218396347520129,0.260539254907567,0.219485652843155,-0.280956279025744,1.52335226012485,0.496716999152799,0.14842706987832,0.156821757304882,-1.15990431835809,-0.0308898520137262,6.1424063106227,-52137.9903652735
0.103620469778631,0.202655288911047,0.255905769174603,0.212240237911521,-0.263229208450431,1.51236808485358,0.499856266720418,0.175098677266117,0.15633690793054,-1.1512333285796,-0.0302091001735601,6.19698736239468,-52139.1658238346
0.10187801580103,0.214914700428638,0.261387178423608,0.202451522505426,-0.290740103180973,1.5311076172067,0.481363328820366,0.145557991407413,0.138882411371666,-1.17520669571239,-0.0594341914719514,6.15013394690714,-52137.8997028538
0.0718171335105619,0.20764384225997,0.261061943193483,0.200510832639525,-0.259441463672521,1.53506864808486,0.490454212538503,0.169193743311706,0.14765626614096,-1.1674996642815,-0.0478706751543757,6.15477270617588,-52137.7408967228
0.105505784807662,0.207493990605343,0.25031596978875,0.199932600433646,-0.269004297115658,1.52169302627694,0.489754459267311,0.160619416973305,0.134448704727256,-1.17389828970296,-0.043347627384785,6.14679298629269,-52140.3654172207
0.142080585805865,0.21425770384985,0.256383145971775,0.217199608405866,-0.27132417297195,1.52994753618208,0.492040487813054,0.16347346615091,0.154645410357563,-1.15723987756048,-0.0316251054136973,6.14540261240527,-52139.0943973678
0.0818814339091465,0.216855635861489,0.261705272377115,0.209321958163947,-0.278799101252215,1.52172384448699,0.49350483024945,0.163841834939489,0.14631008547032,-1.14336470776834,-0.0594183928250416,6.20288407247284,-52136.8747305409
0.0985406553800976,0.206399713769031,0.254356809798044,0.198514713691817,-0.281222144160926,1.52544997206028,0.492846713943978,0.179118497658574,0.135173590116602,-1.15730700165245,-0.0582070556819658,6.19723672531001,-52137.9216715207
0.130177550531427,0.228341663224809,0.263817685811878,0.218489037841115,-0.287626223857916,1.52463243958554,0.483811209861661,0.162671974407308,0.158996794606807,-1.13569794339873,-0.0319110104395752,6.2137166810001,-52139.80147849
0.0360657113879051,0.199418471047575,0.257508110621657,0.205719468846871,-0.277093699891168,1.53643791584846,0.495134880729504,0.152104508341501,0.125086374462955,-1.16763698747773,-0.0408774192117922,6.13854393125047,-52142.5081484308
0.162161134012651,0.203729287982979,0.255063072476376,0.196021101400487,-0.255054958335062,1.52435317277564,0.484657624333552,0.157118485333077,0.163811190943925,-1.17738373138817,-0.0602826122330847,6.17536740565572,-52139.5911713159
0.0681153152378031,0.181865902930445,0.262879726880652,0.18821015695521,-0.254676635526051,1.53065085708664,0.48637385553124,0.191177333234502,0.123717283149352,-1.17022958971416,-0.0741194503628361,6.2122602108092,-52141.7918636363
0.109860443610398,0.216961403133966,0.261043762763599,0.210154210448225,-0.274160260655634,1.52750090255769,0.483478206978562,0.134928345156181,0.17170226040847,-1.17223297487129,-0.0253888446595912,6.15678427884573,-52141.50566626
0.0795139130483837,0.21641063233223,0.256515388607078,0.222503949941332,-0.288416906382777,1.53288284781533,0.482593077843603,0.1273425843913,0.156238821264306,-1.18166756546327,-0.0233839428881023,6.17144026960792,-52140.6786160755
0.0483760962487356,0.198325250153085,0.271082704267808,0.205526772033923,-0.24913218069254,1.52463437530613,0.495465911454528,0.154627484093011,0.151246983786804,-1.1735598500101,-0.0445772887154197,6.15798186980121,-52140.2810277063
0.104399845208831,0.203864486606131,0.254653827558536,0.201493851405041,-0.270847805883975,1.52208202437645,0.49107893247761,0.142116450641551,0.141299843334365,-1.18283523362596,-0.0386423354287822,6.21650732781817,-52138.6649633908
0.0701490775007124,0.200896268320657,0.260337354790508,0.205248691197761,-0.272575078464621,1.52583972612493,0.49393967753253,0.168891051100167,0.158070776306052,-1.16171116644373,-0.0383429255879668,6.1172124779033,-52139.7697580442
0.134801695692951,0.211314449879022,0.260295116724295,0.188794983272497,-0.283163458159497,1.53159374093225,0.486376197677337,0.167444443513353,0.144073463588162,-1.13879122470618,-0.0736962918381649,6.23870187038493,-52142.9390921687
0.0850267104900441,0.174893278778962,0.26274065042108,0.186512773818817,-0.231746574210551,1.53322650577507,0.48852456927084,0.167577176702497,0.133622965532806,-1.18902404447514,-0.0324873927469078,6.1313920135247,-52142.6462504157
0.0862681903339453,0.184161648307638,0.259832014118358,0.19503333923081,-0.241384221604738,1.52100765332246,0.488756766878728,0.165599816221556,0.149803241034147,-1.19321466145491,-0.0514285931034172,6.18014091589769,-52137.6583466455
0.0862483139922603,0.207019257504316,0.256856378508281,0.206279287391209,-0.268099264691446,1.52603329975464,0.492844114675372,0.152655241990903,0.143758311245503,-1.17601437661191,-0.0555513923856826,6.17782582076337,-52136.34024064
0.121377561968011,0.214187623419423,0.254676817218933,0.199232426175775,-0.281019086721264,1.52745548890163,0.481155385993753,0.153078837562904,0.148466696547261,-1.15960160783077,-0.0487641558464623,6.20665547794482,-52137.8954924932
0.0710032651737656,0.20177819844807,0.264391865264474,0.188408636293443,-0.273248343836683,1.53383223095752,0.48660192481904,0.171526785813093,0.162925309672514,-1.15705576512653,-0.077836688139343,6.2019326171084,-52140.203468831
0.105650904076406,0.2079971091385,0.262344298159143,0.191674997692682,-0.263591885942124,1.52605390943533,0.48340672697029,0.164951315953621,0.16628608262844,-1.16755616241898,-0.0758096088234073,6.17182281221844,-52138.9298423755
0.108346792464236,0.210004024633214,0.261998889839794,0.192102502596938,-0.262391776637824,1.52707443837091,0.483255615240532,0.165291374321318,0.161064634880196,-1.16743552341384,-0.0740531581064632,6.16914373719362,-52139.0340785232
0.0452212993871563,0.202764218956977,0.262806231050616,0.2116490403663,-0.277844207966291,1.54618008439954,0.479526124210335,0.167543098999735,0.146251207795011,-1.17979143085216,-0.0354965682523119,6.16735614519388,-52140.9631750117
0.200412928196478,0.19884424099036,0.260292358565916,0.205964966990136,-0.279236112816398,1.52448616331367,0.485395941542228,0.130561255240365,0.145359336405602,-1.1764664083597,-0.0418459058781899,6.19345089174777,-52143.3641658077
0.0628903347889117,0.207006223649899,0.265703410012744,0.192043188257305,-0.267361781975871,1.55077061145116,0.478669577916362,0.150513374892765,0.131704568609785,-1.17088608029291,-0.0569285452182808,6.15546624638695,-52142.3440276308
0.121666550531991,0.193747318687045,0.258458580785208,0.208260418357228,-0.251924602829654,1.51257714515992,0.501622004487765,0.155323203713321,0.161017097449276,-1.17836470228985,-0.0463117680139458,6.17315258109565,-52140.3291884223
0.155048271532956,0.178110864612456,0.259250341948036,0.199413378084182,-0.23844760741057,1.52483498815102,0.484648835853688,0.152843798859271,0.128080295494169,-1.20414172900621,-0.0367128073908946,6.16874175059566,-52140.1975067993
0.0656950687991217,0.190778930316506,0.260837172339034,0.196821509693099,-0.253776263895228,1.53467037359653,0.497165108930822,0.169483011363943,0.133384320549292,-1.17663473614036,-0.0369795919669393,6.17705503895966,-52139.1337541173
0.12971366397884,0.222844231375365,0.259678771620188,0.205912735581072,-0.283991375601786,1.52709657447827,0.481934510283,0.150774881628599,0.162633667710615,-1.15761820790928,-0.0699847971128725,6.16634848340544,-52139.0501138647
0.084712485215292,0.21712720233223,0.261557313408609,0.204309261090418,-0.290520853052482,1.53841808977305,0.48568238185164,0.159434055237827,0.156291925318848,-1.15649856507609,-0.0458249514413852,6.14804991271332,-52138.4091791122
0.0977889878602786,0.21114012357813,0.265810268686949,0.201333828463244,-0.270100228656333,1.53598908647119,0.474693516845937,0.180573189575636,0.14816544731783,-1.17208754515853,-0.0580914151589856,6.16930159061042,-52139.9269078229
0.112264214786413,0.183734424798348,0.254559109957336,0.188748070686443,-0.249913802428267,1.52838054926051,0.492695609190401,0.146168956486895,0.135024650788821,-1.19070075519016,-0.0477974640260546,6.2088148663926,-52138.1778488892
0.0956830789564588,0.17077526808571,0.260498828707419,0.195266678779753,-0.232204709749339,1.52143217148204,0.483024815378399,0.159056804671397,0.154987474574182,-1.21022749078186,-0.0429592345014218,6.16550295374816,-52140.9935456262
0.0495186614532773,0.193118292603585,0.265870215256725,0.191383422559116,-0.263081866096419,1.54234441983548,0.4866922131898,0.157787291557293,0.13108831854733,-1.2074474653221,-0.0550287918779507,6.16240671949656,-52140.6109755518
0.109181952508258,0.183517273758463,0.259478732752471,0.202049760096878,-0.257942567928203,1.52354789526435,0.487876470830254,0.159922356284543,0.157524121590288,-1.19204462218196,-0.0295457858355949,6.19208479643417,-52139.801618931
0.114132275988952,0.200175523580868,0.260975538001515,0.207697932760318,-0.266169513592128,1.52293089387156,0.498057562112078,0.150610931911225,0.123316017395103,-1.17325110580321,-0.0480722141101466,6.18148487215023,-52137.8035543346
0.0610190479760121,0.18859674431959,0.25631006750691,0.197400805737985,-0.251299259215978,1.52447874371663,0.492908713465843,0.172149706963203,0.155621163922993,-1.16959726062632,-0.0563903158924094,6.1788438596912,-52137.2046632541
0.192326511803961,0.21243883974,0.264683820974696,0.207699013940747,-0.285500173480327,1.52224485304171,0.482116731156486,0.174484185638827,0.151801793212742,-1.13695821838833,-0.0428643645822845,6.16346613343425,-52140.7230878832
0.0413683182784474,0.232052009293727,0.256707888866063,0.212479429347872,-0.298220813107124,1.53649997479031,0.477705974588614,0.138642624267485,0.140616485814222,-1.16995287605694,-0.0478794393620544,6.19432495090603,-52140.548428428
0.0767221056138099,0.215552491909347,0.26200722126004,0.213363227097699,-0.276086392270753,1.53619291673335,0.487797510353863,0.160210031166769,0.171095289362806,-1.15167114961818,-0.0345032393748459,6.18339041953396,-52139.9360891841
0.0299569355341038,0.20139736059992,0.260265917609791,0.196398821697543,-0.263067736915853,1.52216773899528,0.488501662852771,0.136214867021346,0.146276505566592,-1.1773409102899,-0.0469933102762782,6.17970764983035,-52139.1059081509
0.120854104315019,0.222486799139271,0.257602458551861,0.214140930792793,-0.293282334490516,1.52831552083919,0.490319524507449,0.15512028719109,0.149355593405748,-1.14424278834534,-0.0320933455009741,6.17697306711553,-52138.3191855311
0.0712425777304509,0.217308831523177,0.264739308468038,0.20732908676377,-0.281663361289259,1.53382357906226,0.484279161895943,0.16502190006273,0.158004643956811,-1.17391630049345,-0.0597503822966834,6.22565059776694,-52140.0264327231
0.0740264371693843,0.221653433595788,0.258178858175294,0.203090393891,-0.277555458783959,1.53392144851768,0.494713662145146,0.167112375376532,0.141182821432537,-1.1454993221336,-0.0487040836503122,6.2243555144048,-52140.6616061971
0.16090378502374,0.187016089773241,0.271514239671309,0.192634958060053,-0.256692593800379,1.53189694150116,0.47109252789086,0.146937525216301,0.151766982749354,-1.17791138224531,-0.0423171075746292,6.1559503299142,-52144.631696657
0.0288054918847994,0.21193931510001,0.250767047603442,0.203221827063555,-0.286408346507371,1.53069007035291,0.492471211097151,0.167473327799129,0.141604585485843,-1.15338207008821,-0.0651790993750885,6.20134916326806,-52140.5742658903
0.0466993252839661,0.208807048602913,0.27112430030154,0.225408111972258,-0.279102516094941,1.52546531138337,0.487874055329676,0.1214808623371,0.150737473087456,-1.18537596344698,-0.0201363428723262,6.17187180224804,-52144.6152392758
0.140724843004013,0.23053782204055,0.25086373980388,0.206569934299276,-0.296206203303856,1.52613694203891,0.496626762606747,0.178902703017917,0.143783000515037,-1.12001490338164,-0.0643186813590939,6.19796745505997,-52141.708064311
0.146673442522166,0.212462422865438,0.26298170537928,0.203434459532747,-0.278731389523588,1.5208530058462,0.486290993894673,0.173977094828926,0.149318710011983,-1.15164304572986,-0.0696988671358498,6.14113596286922,-52139.5641645884
0.0140053723286251,0.211239966131633,0.262098065636918,0.208244988620596,-0.27602549965001,1.5367405138315,0.481577850647547,0.169608981803501,0.168251641647335,-1.16720044630492,-0.052034472788219,6.2167004580929,-52140.1089089647
0.11490853443153,0.220153020305604,0.261150673299163,0.216907506521296,-0.283719113092428,1.52394084263276,0.480528536360206,0.161147363774956,0.17016224895074,-1.14516573307436,-0.0339225927374126,6.14669601265272,-52139.3975548827
0.103461719064916,0.196638336924024,0.25727614911708,0.191594534127869,-0.261712580721746,1.52183855691531,0.504259848532825,0.167279311853935,0.124469412030019,-1.15592432682616,-0.0720581967261184,6.20803722657972,-52140.5338128362
0.148544871693652,0.202635863436108,0.260337185335246,0.212722342765431,-0.271345370477661,1.52353341328268,0.485317639135235,0.15720005245888,0.159961075086466,-1.16048704286268,-0.0196134106849683,6.14916495061068,-52140.9670757807
0.200257472239543,0.22124566584099,0.257131515201419,0.21540887586876,-0.286429554107724,1.53437740552694,0.480680999491165,0.146653201811076,0.154645799272166,-1.17220185035319,-0.0388082434218953,6.21634549806807,-52141.2663215101
0.0759834628969654,0.204516484861317,0.262177830747763,0.200944113890209,-0.270118230459219,1.53342154766297,0.482850635624208,0.133580545288254,0.141466684473656,-1.18373255337188,-0.042297967009776,6.16187148859874,-52137.2037558351
0.0586221442339441,0.203915958672529,0.255665392302559,0.203049055366284,-0.273481596022171,1.52521947990034,0.500170503004966,0.175033080002578,0.14873308690643,-1.1431336113629,-0.0512338354328193,6.20473620375074,-52139.5835160399
0.113669175194613,0.220913723993268,0.264523667204249,0.220216363062898,-0.28397243766249,1.53596567048067,0.485820705091065,0.137109095779519,0.15843561027191,-1.17314031103853,-0.0458782232156022,6.17030547479765,-52139.7712639706
0.126883052197326,0.220296140696402,0.265430834527023,0.21569640311368,-0.274937442217992,1.53585374103673,0.483013515267013,0.131198643739353,0.160620906639752,-1.17001737468803,-0.0487176579830442,6.15195891742338,-52141.1721880646
0.137355488010515,0.228699033073701,0.263453712253845,0.2160900248174,-0.280015745625424,1.53334537179566,0.478937595660275,0.140564581042221,0.158688534829185,-1.16168733438222,-0.049421932461607,6.17620281161694,-52140.4336340481
0.0877718635391078,0.204504299026169,0.2583417520524,0.206905296675319,-0.257569497389146,1.53473096680631,0.482653234510657,0.159416800925106,0.139132826899036,-1.17207675902666,-0.0431062066947893,6.18149026206147,-52137.391075321
0.0726811384606107,0.19734880671499,0.260547621865742,0.198221331758164,-0.275119796517286,1.53702704456042,0.486121709572342,0.150807657671467,0.144196263290092,-1.18809362651623,-0.040203988518708,6.2106635067181,-52138.4941364612
0.0904403973317478,0.22524078854586,0.25867627968038,0.210571176384288,-0.287394096473114,1.52930724529271,0.48995349553399,0.168572087578744,0.141760367141336,-1.14120718733192,-0.0470913879404147,6.13389473340441,-52137.6545439356
0.177676148107609,0.171333314707107,0.265866579694128,0.173759514098048,-0.239731420575398,1.5301360737844,0.471914503869017,0.164110520046648,0.144919594852899,-1.19268262496036,-0.0691112907839037,6.21838647887338,-52142.8335897608
0.0872019497132204,0.183868837418049,0.253417951326431,0.189877025032518,-0.246352384958109,1.53573496615898,0.486996484892881,0.18297047001612,0.144173340572476,-1.18049123354023,-0.0499709637164841,6.13350307290726,-52139.6819512316
0.0339147339218235,0.177840492393994,0.258886233784855,0.189603455323672,-0.235793936063649,1.52250097090801,0.490517548793526,0.190855448196655,0.138613192815124,-1.17573117155547,-0.0502090602608233,6.16599437627298,-52139.7438679009
0.10069933648301,0.2024683101434,0.25542039374992,0.184923782984224,-0.26695547471538,1.52450989446932,0.501453865227669,0.165648352126756,0.143440592536866,-1.16224294915705,-0.0812600732805429,6.19017853526723,-52140.3761148701
0.109984884127051,0.222675962690177,0.259534498524825,0.220025985020843,-0.290677468077439,1.54029197484678,0.488236845028777,0.148441823162249,0.147763177618964,-1.1623143470655,-0.0297918648229644,6.19937467329974,-52138.7105499824
0.0409851886562784,0.234077477882066,0.260029624887446,0.209975222649684,-0.298963831449346,1.53269457489785,0.48276511419448,0.155982548505744,0.159262742780105,-1.14336636393358,-0.0634866000288078,6.17364691649521,-52138.126138063
0.132479457280023,0.19966542640519,0.259976655441752,0.201199693220953,-0.257773958628729,1.51591957201535,0.497381742341844,0.150688643362265,0.159325728913285,-1.16022912284877,-0.0510576473955954,6.22315551350983,-52139.1648536902
0.00250122332681066,0.210128166431154,0.252114659056402,0.205294029319557,-0.279432836301083,1.51660229432773,0.50210983278906,0.127334699814345,0.160812594159793,-1.17068441114991,-0.0526957757876114,6.17134474735894,-52142.7020914875
0.0379624765141657,0.207900368223915,0.262005198241762,0.211263633257088,-0.262933845620231,1.5270503569667,0.506172476726823,0.161821981382858,0.147343678361422,-1.16190684309092,-0.0550072212652739,6.18377036915375,-52140.5061524119
0.0895925394099552,0.218696822464655,0.255948107954742,0.219381772528792,-0.280084372852163,1.51211512124113,0.486056903280085,0.164465682236922,0.145584856795008,-1.14500931888721,-0.0435283356826815,6.15178306730794,-52141.2484415793
0.0879660314855572,0.212526643117865,0.256779485635152,0.20471076327532,-0.277616756814636,1.5179657799466,0.489510402900212,0.157991809443545,0.153006608371289,-1.1492564983078,-0.045484154474022,6.18187410896036,-52136.7440084232
0.109351356936181,0.193686811061075,0.266338739103335,0.192762720324709,-0.265199144062419,1.53569015590627,0.485687876644718,0.185124606918308,0.136916638092676,-1.16988749686963,-0.0523108749651474,6.1711412355251,-52137.7352903337
0.0691966875453656,0.212412380155615,0.253156808012006,0.187641712567313,-0.28639692081316,1.53308010754894,0.480891212770685,0.160738194199122,0.148021983779668,-1.15526417104022,-0.0834641800606232,6.21109829784564,-52141.5451974951
0.139449685870491,0.183077851649571,0.26078661691897,0.192306718884602,-0.241488884105849,1.51897038583656,0.492036214063692,0.16884354149789,0.14754220721761,-1.18083544024262,-0.0369647927168316,6.14022421550643,-52139.4726418619
0.1272435855284,0.170979316190195,0.261496762512939,0.176471410266969,-0.243505460394267,1.51873276857597,0.493957643511717,0.156416357844161,0.137909440577889,-1.20312363941575,-0.0662169794460825,6.17815415976621,-52140.6485458297
0.120258188466409,0.195147921599028,0.258562822081117,0.199903939625913,-0.264371751962667,1.52804338042612,0.496918941531045,0.154682358715199,0.13690169882704,-1.18053891575856,-0.040643445070321,6.15695016802153,-52137.1124527318
0.079518454088713,0.212042347129935,0.261291340114295,0.203370737187502,-0.271239697736902,1.54125375668881,0.482376223859348,0.160194106063329,0.161031922021477,-1.16711263107361,-0.0598882531817057,6.20365296941849,-52137.9174182756
0.0755158899813577,0.234981626130394,0.258432024468342,0.212773416225609,-0.297464021652047,1.52170443122609,0.49574796302917,0.165868924962197,0.147759624901323,-1.1250223515457,-0.0470664881295503,6.15102074511305,-52139.7086944746
0.107076537878058,0.203006111519888,0.257525226734852,0.203259586803876,-0.272164380978624,1.53304258432918,0.481991199218333,0.163068593781517,0.137162163325134,-1.17377692485438,-0.0597469474096987,6.20147008653603,-52137.6042470395
0.141124999238546,0.204953778583182,0.258924116913175,0.197447949652654,-0.269198711013938,1.52871390570393,0.483907605861113,0.175669364931154,0.135768806066043,-1.15489923802832,-0.0609578828823807,6.20190450742692,-52136.7902204036
0.108897770375363,0.183225711538486,0.259957558882231,0.192513507787744,-0.250147119358273,1.51821242792256,0.496561862067346,0.163676449849429,0.148629457045991,-1.18372520222774,-0.0478991896713726,6.15637860679206,-52137.3717143836
0.0751467171493536,0.200095646277702,0.26002407586754,0.198133998495643,-0.267248476430258,1.54286315368534,0.480917689478851,0.154090163563557,0.143400136184692,-1.17856393853322,-0.0597633622723692,6.19480162897998,-52137.3819865179
0.0333343209943544,0.197585752182175,0.251101020115074,0.210663343226702,-0.266578715391446,1.51200557263752,0.505549083049593,0.129012633820708,0.156440096699288,-1.18155053772658,-0.0343802158702174,6.19023488980566,-52142.9902123452
0.0244363758846251,0.204308510077475,0.254523071273733,0.204590961589129,-0.260107638030616,1.5138509086099,0.502645179961157,0.135274554940216,0.162139574575758,-1.17536199216543,-0.0538353044403845,6.15486356107608,-52140.4526356948
0.0615234110293923,0.200335665967298,0.258740685415713,0.204076303804664,-0.271760066824575,1.51397371637045,0.509641804771777,0.139689078557299,0.164352629383715,-1.17647083457859,-0.0408042031872021,6.16383733215862,-52143.7299933626
0.0753815551340159,0.206750875578234,0.260480848193667,0.203724371479013,-0.259174622480613,1.51115221535489,0.511275258601322,0.143352333080498,0.157072176716017,-1.17559845139301,-0.0445394878938349,6.18060883554317,-52144.1804746749
0.0860151785427637,0.196222899509401,0.256465252802301,0.200716755304531,-0.261861135067899,1.52227031366611,0.481650215387857,0.160464889169719,0.150587327888515,-1.17975451370288,-0.0316653649845564,6.17454018963686,-52138.2952256213
0.121317642150594,0.210364181901418,0.262705454842842,0.200708157207425,-0.278133616713869,1.52981387037252,0.495750401268896,0.154507049116811,0.141163619045059,-1.16571489701328,-0.0547984900956705,6.1830299198522,-52136.7105911816
0.0544492503788129,0.211800361637189,0.253344135453517,0.186492844362694,-0.278501632917025,1.52986367212938,0.478459219887984,0.17319101360459,0.156119364626425,-1.15170505942937,-0.0664302689540947,6.18236926085274,-52140.8647689086
0.117794068886484,0.198100828795341,0.260009514226786,0.187632272674117,-0.251913999873566,1.52481110718896,0.48877696962872,0.160278805676857,0.169380655633889,-1.17818705577765,-0.0627839494203891,6.16729039857335,-52138.9718778207
0.0586408934586597,0.201781094810137,0.257478381921663,0.19620807796918,-0.262600220364926,1.52694786807593,0.489889967769747,0.161428604853995,0.122880413280885,-1.1688522560948,-0.0546430855145193,6.18897350617786,-52137.8938954263
0.0657451042219773,0.200669924017854,0.265297505511386,0.201848224954136,-0.264064199809584,1.53574512313096,0.483438524522828,0.14351177205302,0.159511444972257,-1.18400689555333,-0.0455735306980922,6.1697368105618,-52136.8901843916
0.0725196343364921,0.207552949499022,0.259860735205955,0.207080019944658,-0.273198765719742,1.52918141083994,0.492471799011452,0.148851865250811,0.153059035032256,-1.17541318350215,-0.0506971695712676,6.18281888900306,-52135.6676438742
0.142438271627517,0.206995419201754,0.253635151202802,0.205368936000758,-0.269746506445012,1.51563577763915,0.48292050981242,0.16134186922007,0.179778827081255,-1.1668121322121,-0.0460891609876821,6.15367055790719,-52141.4322118305
0.0377704909077031,0.183662719042729,0.262181221091301,0.189310549738792,-0.247524727613037,1.54193166540023,0.485726688952907,0.163517071517536,0.121333414377631,-1.18804106955614,-0.0542342567611792,6.17987600615497,-52139.1211180187
0.132518279394993,0.220266925659158,0.257780831506872,0.211984630291163,-0.279371884644058,1.51994381122518,0.482303407700525,0.147201523652372,0.162905767509656,-1.14887205433624,-0.0471631587304781,6.17657138740648,-52138.5703560764
0.078985561256983,0.239324872873391,0.264227992876529,0.226678906539436,-0.300648235293725,1.53909434601681,0.490066293372101,0.150857415516593,0.133499090844753,-1.1421983767695,-0.0375686034833565,6.18118515896977,-52140.6473883012
0.125003322974987,0.220776021198435,0.25757991497687,0.211316450561074,-0.27957592067489,1.53235227496998,0.481964284586595,0.149167785229025,0.174980181560974,-1.15371620327862,-0.0482702886081931,6.18177204929199,-52139.3075053627
0.0647236228536113,0.197364793567187,0.260994127941201,0.201690681278988,-0.263427358037487,1.53303266088176,0.500747532835753,0.161512033680243,0.129286791957146,-1.16096744098012,-0.0524319584010877,6.17448250075812,-52139.3190872441
0.124197732789272,0.222358148865342,0.267814144176405,0.218442426654224,-0.284930468341972,1.53552438518725,0.476726356292757,0.158399624862606,0.119460102438749,-1.16450545117544,-0.0297231330443588,6.19411010179929,-52143.0375727155
0.0650074645373634,0.211863403437033,0.253121720393809,0.192766619747851,-0.267366327143507,1.52491081284989,0.498508222406931,0.15580611806353,0.163547944070159,-1.16566211139117,-0.0620330870012721,6.16167411476971,-52140.2459674999
0.0605715858200207,0.186400115809255,0.266550509432359,0.184927722646342,-0.264054428352899,1.5357543760606,0.472291464832247,0.170569855907972,0.1397752969339,-1.17571646777441,-0.0646797067738456,6.21571901702266,-52141.3018817647
0.0779927724229984,0.185558039311926,0.257498576496741,0.197867654161008,-0.249295712449529,1.53394265916836,0.488912157795894,0.165522831949907,0.146286597824279,-1.18399508573996,-0.0569635167558992,6.18835312707038,-52138.1154198659
0.0931716805799389,0.175053099062197,0.264432570316875,0.181026360672303,-0.224665382975439,1.52541770182879,0.476420162362329,0.171944271080671,0.148508118252722,-1.1956615476874,-0.065841311831273,6.16164347714741,-52141.5530176633
0.0473286242476168,0.17889725735318,0.262823389337618,0.175726499965916,-0.238648096885928,1.53096689565433,0.486278815995029,0.192882230742875,0.153707418058267,-1.18023582333601,-0.0577317169580835,6.17369328230621,-52142.2415983708
0.171153500731807,0.230804198875204,0.255223762131917,0.224294941699445,-0.289226746528575,1.52641057008377,0.502007689751841,0.134864755244222,0.142351824708982,-1.15721844644183,-0.0445385950496828,6.20626821298586,-52144.0144576702
0.110087862619551,0.231675217683011,0.262079347535461,0.221019238507125,-0.310736059186326,1.52273408965566,0.491196379476776,0.141880667291726,0.142395754161271,-1.13984320048299,-0.0305811407735649,6.22269347332976,-52142.5682239605
0.0669361038363525,0.166676325095525,0.259858355854443,0.174268152744008,-0.221782665912562,1.52976924661034,0.481776521869791,0.162474372724158,0.142574001007291,-1.20833623469491,-0.0694636662844644,6.13837367312237,-52140.409186385
0.0715924099520107,0.160655939778461,0.259853037827879,0.170431769532054,-0.228008762315441,1.5286502520272,0.491388350025646,0.161424927681363,0.144162690204246,-1.20878276563249,-0.0665388891645378,6.14294861732207,-52140.7188085862
0.0891497769176457,0.183555057119083,0.26189728245395,0.182313320390275,-0.235717260965332,1.52645784445046,0.489810320934464,0.148270420580766,0.128461307236621,-1.18565072641642,-0.0541200097223628,6.16847661260131,-52140.6691342706
0.128429014885062,0.184622995909038,0.258783251911991,0.195258453561413,-0.257712615121542,1.52062518652559,0.486610018865892,0.18991100706802,0.150662077967158,-1.17210240114775,-0.0629364379440205,6.14997262092654,-52141.482487182
0.115887628668106,0.208956629259157,0.256607174121896,0.207028565021951,-0.270709770626036,1.52269440104794,0.494157695402212,0.163909314904902,0.15064411117137,-1.17796289841924,-0.0575107020510921,6.20254650748278,-52140.0579568087
0.0592889525059796,0.203407314989539,0.266137760729412,0.197954730417436,-0.270202366169261,1.53805197443728,0.482789086780441,0.155021490163226,0.146963989829406,-1.18188979681151,-0.0443755991671274,6.15319184392844,-52137.3624824583
0.0597573336289117,0.19852266206169,0.266911798270543,0.190430479465742,-0.250188700379858,1.53166965538381,0.490300511528218,0.183363272781946,0.127811371472886,-1.15026713007874,-0.0612036034196986,6.17820667607221,-52141.7613922896
0.0332011413385724,0.200390922269958,0.261504088260705,0.19529591131481,-0.259660309627102,1.52851300097716,0.483905529880128,0.185754555890724,0.165312276937844,-1.17836135661028,-0.0602058728877936,6.14417512962665,-52141.6943181048
0.0660579240794979,0.193779140597642,0.260630329995426,0.189890171970587,-0.251434636350075,1.5364656636381,0.47842320246676,0.17926173209297,0.168082247288142,-1.15802028283521,-0.0604323737092112,6.15795509128617,-52141.0289983478
0.0773254626900417,0.187142010756481,0.260475809720943,0.182920050594256,-0.243067199236804,1.52295876673601,0.485712088034674,0.19034408282431,0.168480876477068,-1.183781068938,-0.0631412379674043,6.12688052388917,-52144.0913012096
0.185074610473843,0.180664025394646,0.262344079338611,0.189603261182425,-0.249193338063583,1.51288199415628,0.485835766145134,0.163298966555415,0.152526140150353,-1.1751499608337,-0.0582186161368757,6.18315642145812,-52140.721990985
0.129719878862118,0.198397904378676,0.255654812858737,0.197888304231581,-0.252610364189595,1.52385349422918,0.481357845755384,0.160487970225611,0.148374634392168,-1.17419630169567,-0.0372699436816271,6.20747703920077,-52138.8355571616
0.0684864178119623,0.199280881800683,0.258678406228647,0.200747804052141,-0.25532970888979,1.52999503134959,0.495434458848235,0.14164168095966,0.15410948030736,-1.19737186841349,-0.0507306349439444,6.14037844337168,-52138.8893810222
0.0602844016212846,0.22901869249804,0.257829778239749,0.220814296548927,-0.287724866586709,1.5128706079619,0.49191555108929,0.167777752751116,0.147845939616335,-1.13389409505754,-0.0341892195803781,6.23246048319121,-52142.0327742441
0.102690595306196,0.240655239114731,0.268502738802084,0.21989992619409,-0.300705199729582,1.53329493635982,0.495824878210781,0.161528949771303,0.147396638024241,-1.13426324463478,-0.0461919649123127,6.18946516753803,-52141.3473152009
0.0994432762755415,0.196729979943424,0.255378393101277,0.20354106329831,-0.261688947071227,1.5243666198861,0.49889391417635,0.150704247255712,0.16766319716822,-1.19755116874667,-0.0381186155518953,6.17369368330905,-52141.8204766639
0.0914323527318892,0.191323699640595,0.2555742938172,0.199165739811135,-0.267144459021047,1.52507962428462,0.501292524651577,0.154681042406065,0.162246423902309,-1.19234207121799,-0.0432645052610996,6.17477714412119,-52142.2224233801
0.047198820600768,0.194042676089168,0.261186356082111,0.197701206494022,-0.26331283969301,1.51755007979245,0.486772007719438,0.146295243480723,0.14795445037449,-1.16819364755657,-0.059372558368256,6.1903218350799,-52139.2585642882
0.050687896109557,0.19395320175679,0.265110746749103,0.193144800784691,-0.253514487180444,1.53923208306056,0.494414717849234,0.168623222355273,0.135004792427754,-1.1857306196845,-0.0693623263077527,6.20544335302763,-52140.2564437307
0.0879411495787865,0.212907933361185,0.254601190774261,0.21583296153793,-0.271555799694385,1.51091564803766,0.484262090377224,0.139073716126721,0.161638749827674,-1.17012103989504,-0.0373450159169613,6.15908885292869,-52142.0688263493
0.0317268346810744,0.176040911401068,0.262613712691598,0.17612835182347,-0.246411679050796,1.52802161047946,0.495304667396357,0.174278251734413,0.125138900473257,-1.18748574060479,-0.06665423313536,6.20895746708992,-52141.6076172189
0.0386493129011853,0.186572091263273,0.253720085673736,0.184683136136671,-0.239762235961041,1.52394618949792,0.496159988011048,0.154398147993933,0.132963838082284,-1.19670514178975,-0.0704990256625081,6.17837328823463,-52140.8981192133
0.0183061994033405,0.18420809063733,0.259985292755273,0.199461202791829,-0.254605888494995,1.51561527531099,0.499286239552594,0.150367423267974,0.169144858495064,-1.18276928151903,-0.0545274251758442,6.18462881777234,-52142.4374100044
0.000488463647958856,0.196620688843447,0.262862344096439,0.19667039170956,-0.240530252629183,1.51533196270959,0.495829741987568,0.144997530980518,0.171130004686906,-1.17343347934455,-0.053885501592281,6.20974911148246,-52143.5850470532
0.128606439293125,0.192990406018742,0.248301046690644,0.205388603238315,-0.264555009477516,1.52488495502541,0.496771724466732,0.173856968542016,0.127460840099757,-1.15686679445662,-0.0364156675713132,6.14143125344553,-52143.4451686632
0.0376767899613241,0.199654752861335,0.251751004439921,0.208518218656338,-0.270400195813178,1.51678133442946,0.503106181108582,0.161092740909643,0.146119349640785,-1.15481941961786,-0.0432502845088543,6.22522252771221,-52141.4426881234
0.156588068113551,0.239733201864202,0.26843219477468,0.217648902175592,-0.308928959325237,1.53816099111673,0.474202583965699,0.162618714634616,0.158586510801004,-1.13766824586441,-0.054901026434076,6.1454763531018,-52142.0183024676
0.111585878590823,0.234109356978927,0.255668188252068,0.223783400515473,-0.295092343167574,1.52148293988996,0.489430287292865,0.166433381188319,0.163829198315564,-1.13222654032966,-0.0327512030947227,6.21594361709701,-52139.4928449729
0.0632612751780618,0.199074976390126,0.261150702167538,0.189259029237401,-0.257189517334734,1.53191172305236,0.49418637836205,0.161619012565301,0.13638727959424,-1.16527143878442,-0.0671626359994184,6.14989814373802,-52138.0489594952
0.0975131225215578,0.205660614432291,0.263372558255253,0.194741224899556,-0.271383876168088,1.52779240307979,0.494086512536412,0.165636060841337,0.139536835144288,-1.17139893484903,-0.0647466176524112,6.14828107139567,-52137.5767383137
0.109209138738956,0.219835129475503,0.252500994426856,0.217657956636445,-0.291704094556722,1.52518155068635,0.488024874888708,0.150021863007896,0.150673663984935,-1.15337802116179,-0.0372270195562771,6.19833831063805,-52138.3283820465
0.126961804304524,0.222201972251886,0.253074215286755,0.214261711743017,-0.294845544187713,1.5199890072765,0.490739961969136,0.148347344951934,0.148806401547458,-1.15438944865763,-0.0388003958028811,6.19591244230278,-52138.3555966925
0.0419468447935633,0.22647321390476,0.261250173814563,0.214696486415463,-0.289121091441652,1.53703831354378,0.483993210173171,0.151224922915111,0.149147192147348,-1.1567134529775,-0.0585226023726438,6.19046959573717,-52138.246584055
-0.0314819194455005,0.225703676735462,0.261608075530056,0.205095470468308,-0.290490993619722,1.53936049893429,0.488605323086416,0.146221913369814,0.142441698079663,-1.17187454581773,-0.0504535071990181,6.16338131822066,-52142.6994694959
0.0153878102630516,0.215935135980461,0.261516384362828,0.209855855026232,-0.273196785608609,1.53952067160899,0.491049909175782,0.128538864402652,0.148029598228153,-1.17203926455641,-0.052763079810997,6.16953588822236,-52140.473822157
-0.0140832400824517,0.20274512830398,0.266429857248833,0.21195284898184,-0.274533514334114,1.52393943572007,0.48577677075089,0.137050907206515,0.155568035681065,-1.18669992824988,-0.0337306140159749,6.14217161765141,-52143.285739359
0.0194386765607518,0.200483776755262,0.260709909243454,0.212744672669853,-0.258759075553236,1.53144599795424,0.490246019362097,0.148658525362544,0.154352261690592,-1.18517382699298,-0.0243141327125159,6.12854720782573,-52140.4214610347
0.0927034832364028,0.194192380029711,0.259823364556938,0.198117964948195,-0.257566624317068,1.53060245553983,0.489661046284524,0.15442504282304,0.135664633052665,-1.17993508453917,-0.0529379961963371,6.22722745575637,-52136.6382727281
0.112705236346635,0.195853359159382,0.26710432523881,0.201013713687426,-0.252763010246784,1.5270471673758,0.490844838728196,0.166876666312318,0.149770008966906,-1.17774991406653,-0.0349728920296482,6.20975399931148,-52138.9828605079
0.0845747680369677,0.207436110445905,0.256824124589839,0.197933984385029,-0.273755224015241,1.53839611918526,0.485532683167341,0.147040586732357,0.15436674573148,-1.18315975066398,-0.06270128979388,6.13110177033892,-52138.1357954826
0.126991176253968,0.167300432164631,0.264456511897047,0.189787529322305,-0.223728763418584,1.52642071159769,0.492729199469529,0.181786030550603,0.130061391898041,-1.18825529388095,-0.0546703120133483,6.21737231890925,-52141.6574065634
0.103451834268389,0.171035397491973,0.263523596098667,0.180727290580843,-0.23658458184068,1.5229875689343,0.493222886481458,0.172050397810232,0.135021128411032,-1.18563514978576,-0.048187854314465,6.21375928379074,-52140.0572577537
-0.0230108221079202,0.201426097472916,0.256120656604122,0.196591627218536,-0.27810761172799,1.5248482976052,0.494963483049044,0.178256312925684,0.138879515960096,-1.1532382503132,-0.0676894850914378,6.14527830085848,-52142.897262781
0.065155931595825,0.195745050435097,0.258009497450328,0.205910722613597,-0.258938497473295,1.52821855987748,0.488328239783482,0.145878085725182,0.173464086379441,-1.1831327320619,-0.0388795270672915,6.17551969340229,-52138.8879256217
0.139066940771878,0.240299062104813,0.260940698464822,0.212802991733322,-0.311236409222764,1.53174220914665,0.488814471311828,0.178741002754318,0.134367625717181,-1.12508574681752,-0.0601108613662251,6.2054460169438,-52140.8088557013
0.230796457367303,0.243509531898504,0.264282983368495,0.215955371281198,-0.313423947699597,1.52760529872379,0.484495865065691,0.167434915051198,0.120154725413882,-1.12295012992079,-0.0605797995304129,6.1815370827303,-52147.3684801032
0.0834335519189927,0.224651516030232,0.257652605804408,0.22003390289464,-0.277803579343935,1.51185446778015,0.500366694758285,0.176824137812163,0.168384377977584,-1.13377934790791,-0.0319195349968172,6.21058502378626,-52141.7673924332
0.0700004875523463,0.191594972887315,0.258415243515011,0.189492125254283,-0.243426428179053,1.52877754717894,0.488431834521561,0.146135089418889,0.128012385361195,-1.19807309327166,-0.0677485632421283,6.14596448245418,-52140.7866258119
0.0934261085001227,0.19583403549394,0.262105034607603,0.201674589507949,-0.241623271225348,1.52535209436001,0.485129223012148,0.171496784819053,0.154858201237888,-1.17851528400051,-0.0414263012163026,6.21104859452136,-52139.9318647836
0.105279952871952,0.2142831550751,0.261607870473449,0.19560237776269,-0.280106125462228,1.53370121718247,0.482193566330077,0.149973355429365,0.139250856040715,-1.15585872436849,-0.0650577782416707,6.16002540198623,-52137.877701834
0.179391884392059,0.22659753946696,0.254395816999255,0.204546660021834,-0.291248499256534,1.53681171751583,0.482160861337625,0.177055627248871,0.132192439563739,-1.14758672094748,-0.0675171848240637,6.218275416894,-52142.7578335494
0.117915084062867,0.200671382788338,0.262400104114118,0.214863153037402,-0.256641730788182,1.51233574330625,0.491594654549249,0.155612177998385,0.166776849094294,-1.16677140123193,-0.0356256862330972,6.15398744828602,-52140.6364496608
0.0569452269764837,0.185001522538534,0.259660719907128,0.192884484941063,-0.253563936395549,1.5238800263547,0.489645248373705,0.131649842701504,0.161854047188234,-1.19349900989111,-0.0481384372117581,6.17738063148454,-52139.6081139223
0.0551183756381486,0.220495613810685,0.259270530905122,0.205511573724479,-0.276163394739182,1.53679746258085,0.492280516037553,0.152935254612268,0.160304013636416,-1.17064213346885,-0.0615222794711794,6.14817336477762,-52139.1185469867
0.0547239717844722,0.2106952432454,0.260188735265609,0.204311042999204,-0.280933293806232,1.53507265792683,0.485331781626397,0.152519229057649,0.154755223103001,-1.16432630428602,-0.0510242360471971,6.1491120103274,-52136.7981957212
0.145793050070963,0.212098258315012,0.266381333415676,0.201090659454114,-0.273839345914576,1.53013905623508,0.482871722109436,0.16574728408356,0.145678494116522,-1.15870672630196,-0.0492239999614898,6.2090943514879,-52137.5933126938
0.168692556939488,0.195796745125113,0.262988330750133,0.198418690564879,-0.272384208768788,1.53448474095516,0.478839693844793,0.160889765337189,0.143764164454476,-1.17585146870235,-0.0552361709824841,6.17889556897738,-52138.3578378954
0.0706267720155582,0.170215558846956,0.266502077682951,0.18348992887071,-0.228370789666493,1.52933000799668,0.494352686795434,0.168725774190153,0.14671325390432,-1.19065754447866,-0.0545519966690672,6.16099032236495,-52139.3062803156
0.0722603502590561,0.213173501946925,0.253382643293848,0.19626031383774,-0.279646007131092,1.53226440915116,0.473932043397624,0.165726026563506,0.155387025776907,-1.15851423611793,-0.0572024786654189,6.16925174606024,-52138.6554319736
0.171042813218802,0.205108258581862,0.268415933696591,0.219636424141376,-0.277783875397485,1.52524705202435,0.497637694532937,0.139454052470084,0.137529199526608,-1.16704434908188,-0.0256714154510478,6.19583003501002,-52143.1650952123
0.103445592403697,0.217904416732381,0.261143181516687,0.205793735574596,-0.281049405154374,1.53740343841179,0.474110909930083,0.136673391064938,0.140870860260221,-1.17554125690061,-0.0412521496525125,6.17419090266338,-52138.6730188585
0.115171140111603,0.210711087788952,0.261202137188097,0.202830398594219,-0.277399478522375,1.53662983410544,0.477848557240009,0.140982530705757,0.141988569067572,-1.17596811727215,-0.0464132932502288,6.16892986773222,-52136.6187506044
0.0557575740573527,0.224345938065892,0.257644506696916,0.217346261195686,-0.287889189710642,1.51511896091387,0.493204595776864,0.181720946849309,0.152579042137128,-1.12495116883237,-0.0486850888869108,6.18084610315281,-52139.0617551118
0.140083531381869,0.248618663198897,0.254457399590014,0.217312707735265,-0.318497842925733,1.5226521888417,0.501507791087586,0.168070274620207,0.140000540002112,-1.11560744022383,-0.0708458089558953,6.19334484955854,-52144.7298992031
0.154358704829204,0.219316888271314,0.258098325835935,0.212500091946773,-0.284015732357496,1.51936590922623,0.481234221343364,0.180562664812128,0.159674707307734,-1.13753102166339,-0.0455663584883004,6.18093588461244,-52138.9401657718
0.133902262711298,0.206324790202754,0.259564115407757,0.200778802806784,-0.261035983679404,1.532184705862,0.495301799045395,0.192117703383483,0.157478231634679,-1.15300807473565,-0.0485224306644171,6.20052999125938,-52141.1434603265
0.0811026590703263,0.204723317034771,0.258150583913854,0.191593005995689,-0.274727071909598,1.53116708194066,0.470873901336814,0.157393428544235,0.148420165631536,-1.16523842288846,-0.0690533249253554,6.15638774897235,-52139.8391590318
0.120779766142107,0.193578332664717,0.267178937976246,0.189957411171993,-0.258641390992255,1.53292603024991,0.494853915350919,0.179298328396866,0.147575556030303,-1.17084406476232,-0.068084827847638,6.1920961368597,-52139.4776196346
0.115417661676211,0.195996558122314,0.260501807908539,0.197950088091605,-0.265001340896544,1.52577440995165,0.488179839694096,0.161668068561887,0.126272445247415,-1.16773621901974,-0.0599543533160904,6.20860768754598,-52137.232873425
0.106161166348035,0.233033027341946,0.262568336644128,0.225709790514352,-0.284898710059844,1.53077922601641,0.485923969088393,0.153876324221349,0.169795047185014,-1.14330314666083,-0.0292422017311476,6.14936279546002,-52140.9548285759
0.0131248879194064,0.22766885648034,0.255986422730482,0.228439259078956,-0.28510459415019,1.51371091996881,0.503332613622568,0.154207038112254,0.141723959674042,-1.12875344299401,-0.0360406436000795,6.21525511332017,-52143.9863012761
0.057498382524381,0.230353358551054,0.257416073444488,0.22113865715258,-0.297852196576261,1.51867982720842,0.492158347016888,0.157413883411928,0.192351727193275,-1.1425004684858,-0.0324992193975895,6.16950413155704,-52143.6843275049
0.0462208811725839,0.231988928841205,0.254950968561067,0.224081650267158,-0.2939454129869,1.52259922517823,0.49169044630467,0.161371028577075,0.192043105921405,-1.13620931192995,-0.0309969467607111,6.16927438026174,-52143.5786664673
0.0684039309421861,0.218983068723773,0.250859464559008,0.210881914811788,-0.287371089365024,1.51872451442273,0.494274426314229,0.156981601608596,0.149365577160564,-1.14443261734215,-0.0538479237617944,6.14784399962554,-52138.6661538577
0.0446751114834035,0.207889069667364,0.260484507715316,0.202304110141204,-0.261748065689649,1.52848950916883,0.492866346329097,0.162098261749239,0.156680836593071,-1.16882318914517,-0.0511290713521109,6.20770074874501,-52137.0621724028
0.117808747333867,0.194762255536885,0.256310576051381,0.201301545223858,-0.262649916598611,1.52347802421562,0.489707440069212,0.150528215235596,0.135919846387627,-1.17997769955429,-0.044888543341544,6.15548854889138,-52136.2802031386
0.0827502599749648,0.179824859959292,0.258394539651336,0.185856535142543,-0.238077805318426,1.52598338478653,0.492300152685232,0.161322680058574,0.144137198096664,-1.19311426776214,-0.0608742055834862,6.19729063379702,-52136.647204267
0.128380209410521,0.18711810617813,0.257490787775669,0.189081734984617,-0.249893893345919,1.52240808967973,0.490683866374742,0.165915341394905,0.157417529205158,-1.17835765171521,-0.0644178075149223,6.19599155982239,-52137.1353978918
0.0787903193013909,0.197144224561838,0.256944212597503,0.200835694773581,-0.26321869518736,1.53587984228528,0.482278625333099,0.162580811984952,0.144731821703681,-1.17961136710134,-0.0418531186957878,6.13208587463165,-52137.202515262
0.112958003298544,0.202024307917294,0.254735086524306,0.19925381617134,-0.256456490847218,1.53118803754651,0.483734228475795,0.160868808703292,0.157322141591243,-1.17862133317487,-0.0440479209311745,6.15924081178232,-52137.0505347026
0.094039033317864,0.203833652367858,0.256561754198784,0.196186462468164,-0.270222074715745,1.53062980182942,0.482128722400676,0.157935624308265,0.154084831436168,-1.15988101645452,-0.0483072228850829,6.15276968632419,-52137.6640569879
0.111099350218926,0.18605527722951,0.264590824012775,0.18240368039734,-0.248038861387972,1.52353333476736,0.495980451796229,0.176781316186881,0.132782212259749,-1.15978853808648,-0.0690905282127025,6.23612198867752,-52141.1652956009
0.0838247159334976,0.227897069692777,0.255602046003799,0.2127764870209,-0.29666015653597,1.53013538412386,0.482139362036233,0.16820509744468,0.161863049097065,-1.13132620069918,-0.0425900100016034,6.128410284317,-52140.5291097657
0.0632123755970573,0.215023951552168,0.256397080863183,0.206829851982631,-0.280118487114143,1.52741785048442,0.494835217655874,0.159920531429713,0.160099834286145,-1.16366591302179,-0.0661298922661421,6.17575338174594,-52138.2358050983
0.0779619339764062,0.213874127825415,0.257381339468022,0.204755695827091,-0.283139866784326,1.52644139063147,0.492177737221876,0.159255370428209,0.16057943893296,-1.16354210967969,-0.0636352546528044,6.17383810394447,-52137.0936298502
0.116655005401407,0.207700179691528,0.256422059700406,0.206352807416419,-0.269508987681517,1.525029541988,0.483531452410003,0.160294125245089,0.151172046509275,-1.15730274811019,-0.0473355890231839,6.15309120176922,-52136.431524089
0.0940282957959854,0.211124143551137,0.257692771726653,0.205952416367064,-0.272836118826925,1.53160075751433,0.497216803810214,0.178381440479651,0.126644928197807,-1.1461782059161,-0.0399128507609073,6.18449588925812,-52139.7848516036
0.0982285433252151,0.2320078554365,0.258469475034677,0.212279477441636,-0.301682726763536,1.53942493785202,0.486448773053752,0.158946319081105,0.171265714931598,-1.15130393787647,-0.0560528808907392,6.19239979558641,-52139.7846621208
0.0373833116509402,0.241736503640738,0.26275838354154,0.218752259335964,-0.31997343542298,1.52966833814822,0.475924285303704,0.149405516584331,0.153434415594028,-1.12757730670447,-0.0619945130119652,6.15931125567784,-52145.0349605242
-0.0401154414957157,0.239304401770602,0.263872139177365,0.2096145040638,-0.312856264963583,1.55089864662685,0.488528947836144,0.168322423733879,0.15470623538967,-1.14554009942568,-0.0567009724034855,6.2056665874046,-52148.1795286757
0.208596985066223,0.196740510631025,0.259471871063517,0.203754492134492,-0.268831394112502,1.5169802545928,0.492265746484243,0.152812255779001,0.143948193453318,-1.18302808144389,-0.0412099597622982,6.14042297439447,-52142.0025327381
0.130392037967324,0.209469723409255,0.263920000114121,0.2148156071509,-0.258478477592481,1.52169976835639,0.489667646463623,0.155757330736289,0.145609730549798,-1.15795765850642,-0.0280842259064621,6.15236667285655,-52140.1320786396
0.187832028496518,0.189100347088923,0.261933229294375,0.201348967400438,-0.25639382083909,1.52708470193555,0.491964696014098,0.148035305719801,0.122193636513411,-1.1832143859746,-0.0279293603027473,6.20167619278933,-52141.2052520505
0.130684157135728,0.178646722010232,0.259265525072077,0.19782327032697,-0.243730770628765,1.52085272561351,0.486906070365397,0.147084012022615,0.142152697732827,-1.21468348009543,-0.0258666819427604,6.17620191762044,-52141.7352739566
0.0371255640637883,0.180479584679049,0.256985373391168,0.185426290659345,-0.235055757996249,1.5384787781975,0.487156874841319,0.127698373480542,0.119139255788319,-1.21961534468066,-0.0576187462662801,6.18202501928524,-52142.8673895489
0.103237698239467,0.165674493850335,0.264416439914749,0.188631256566506,-0.229062871663367,1.53092391632897,0.482987118522128,0.164800175883516,0.14242491754525,-1.20209306623933,-0.0452838045280943,6.18644889323718,-52138.6578776405
0.19717685180738,0.194943374440109,0.253853289926807,0.203976212748797,-0.261063432533088,1.53060273846778,0.480042830571803,0.144304414995134,0.140148846911048,-1.18087210764078,-0.0316431463842865,6.15856349351803,-52141.3354980361
0.231114842050974,0.205658198756081,0.263670362735708,0.205658059286644,-0.275492763706356,1.53445573824691,0.482423932226834,0.143586505288163,0.144733705970045,-1.1944676387328,-0.035955367620314,6.12975513813815,-52144.4663329765
0.175423416142113,0.200902879288615,0.262813998371249,0.204996219744003,-0.273260271271052,1.52628197696518,0.482584138995219,0.142977976580228,0.147374937909253,-1.17040712019087,-0.0426273367448867,6.18191023878481,-52138.8452900868
0.100882940266497,0.218707480302595,0.268763050351111,0.212525547853102,-0.286394578158177,1.5297075485292,0.491935944110586,0.128327746564279,0.161507241302334,-1.17376982971361,-0.0557462175064993,6.17977730699879,-52140.9400203228
0.12676164027787,0.18975756318944,0.2502237366366,0.190501583326377,-0.252531057574554,1.52700071626218,0.481619684860313,0.188399854737955,0.143468343989939,-1.17266564500915,-0.051375494559354,6.17159335017498,-52139.6373513753
0.116264726700753,0.196377977095899,0.263139002893825,0.196599535636129,-0.253150427314388,1.52640717454286,0.479292723371435,0.165961304616587,0.149287083686202,-1.17051605838437,-0.0534499762050873,6.22067277812384,-52137.6367733501
0.0670686356009395,0.222031631357831,0.263810614374311,0.215759553346316,-0.280960618048809,1.52316147610692,0.488303327311613,0.151549093023309,0.147691789389258,-1.14423457259595,-0.0434557850036248,6.1524107947275,-52138.0180516349
0.0751843483692681,0.202134448527835,0.250099746108767,0.206761648780473,-0.259681432409465,1.52550871714662,0.4997662335761,0.152070506696704,0.148361562258654,-1.17058508892028,-0.0373917303239215,6.19298247391872,-52138.4670625227
0.0413764565237009,0.194949716028842,0.264333219771488,0.196895656162209,-0.262805987088149,1.52093368840434,0.490290468456304,0.164567807619757,0.139551848135017,-1.17308098970755,-0.0588298742619492,6.23143012913237,-52138.7441816758
0.0893011326309276,0.203617672682179,0.258895338075553,0.19944709291887,-0.279284872607493,1.52752300364686,0.49991028529885,0.185238500208699,0.130564086569818,-1.14683657075528,-0.0491614869248874,6.11801403642669,-52142.3373044585
0.06375596311157,0.191564997153044,0.26094187209603,0.19587760893607,-0.259745912499437,1.51850532746226,0.490583976982043,0.141287044257025,0.159089503710679,-1.19240736035159,-0.0346898712520153,6.22070944963648,-52141.6822489637
0.123131592352395,0.198941316114717,0.259016211361871,0.185730368852279,-0.263701014279846,1.54241069550593,0.478869845224096,0.193310558646556,0.127756842911918,-1.16216381052213,-0.0867616148012044,6.14719601668684,-52143.8075169164
0.146446538361964,0.199612922667883,0.251413000687081,0.171827795291431,-0.265337602778327,1.53269142998953,0.483367261829462,0.192368260488357,0.151242159673154,-1.1519892863277,-0.0864876462459052,6.14411151781251,-52145.4832939668
0.071212708065306,0.226457852073794,0.262795383224954,0.229599452655247,-0.279325089296552,1.52973923959414,0.496763848368328,0.126718436305243,0.155792920436195,-1.1731746140715,-0.00972714456503942,6.175564522206,-52143.9888340003
0.0738945589149654,0.217031685950914,0.263590355099992,0.234799451787684,-0.281733292441238,1.52764884903059,0.490383009881834,0.140133287178776,0.158180350755225,-1.16291881708029,-0.00437763095372743,6.16574007736483,-52144.1031977499
0.101689728641761,0.200208987546109,0.259485564925759,0.194431297493909,-0.274486833894551,1.53921564917497,0.474527349311302,0.132575133248998,0.125641635267941,-1.19928503159964,-0.059967093889519,6.19322868465568,-52140.2748292587
0.133886480784189,0.190260339996237,0.26150414205763,0.194476465672019,-0.246501376032506,1.52356398222564,0.490607284451069,0.16506746303836,0.147243206630893,-1.18601783322376,-0.0480301935176335,6.15383477178816,-52137.5167029738
0.0583406338076386,0.229661666043531,0.263992310631183,0.213794512435329,-0.298189367834291,1.53832936988202,0.487892844505651,0.152200764286392,0.152430064282069,-1.14456362209672,-0.0544789080430014,6.20203114996621,-52138.6643892234
0.072547274823765,0.232035714535835,0.263936618867891,0.210361803511584,-0.300766561494336,1.52738804031591,0.484531523230829,0.149020073960777,0.153206017857202,-1.14622541304694,-0.0690712678662716,6.20200867942978,-52139.2259746007
0.0520704129660716,0.197631621600747,0.251069317824326,0.226148737863559,-0.259787464784381,1.52092101331379,0.493455618961337,0.137507355489191,0.14272509086749,-1.1868107676914,-0.00910144124342572,6.1762586686587,-52145.4604586886
0.126370191237691,0.202190302553218,0.269337215003992,0.188531976187305,-0.262595985701255,1.53971539581586,0.486286640209121,0.157284416163759,0.149669716329342,-1.17077554827955,-0.0750082906851381,6.16097621161315,-52140.3809386174
0.0120955717383929,0.180986432544167,0.261671514432438,0.188765282403237,-0.247157613641213,1.51962023918057,0.490209101677222,0.1519808824392,0.152114513595684,-1.19082860042966,-0.0493647014687684,6.170911508034,-52139.3976238116
0.0237630574272584,0.185893646962632,0.264834770431019,0.188075917867087,-0.254824459307923,1.51566290642068,0.48754211414298,0.151785840480564,0.148427281766449,-1.20251845344359,-0.0484898791136053,6.17547440211241,-52144.884764737
0.0581636203080892,0.175267479649988,0.256032020712125,0.192047561828728,-0.257814405901218,1.53854410350404,0.492881107428885,0.144142066996106,0.131789562059503,-1.22387121031423,-0.0397048938429479,6.17687800236436,-52144.142504737
0.12163633065986,0.20681317304644,0.266587405271645,0.200888879201622,-0.291698532245342,1.51566852941993,0.47282350271755,0.167901865863167,0.152081919563379,-1.14903206610918,-0.0506540421737071,6.18206839049098,-52145.7265032355
0.164731710244617,0.213850667883114,0.252245308287289,0.190188761158373,-0.280438285533091,1.54784715464586,0.492510407285738,0.18259577990297,0.143502374089855,-1.16706051958538,-0.0591179561087453,6.18567726056329,-52148.3146221812
0.136155224620162,0.20709355802942,0.257352527662102,0.197722693486063,-0.281625231154343,1.54730784973364,0.485389489632869,0.175622262016128,0.136419922140854,-1.16796347754549,-0.0709655075686336,6.21069826340464,-52142.7049394445
0.107261448129888,0.174210118882471,0.26612038157378,0.197442189298907,-0.225632812248374,1.51403823277559,0.490050151190253,0.158379919181686,0.145856697217693,-1.20244816893006,-0.0367646672495186,6.12593014164251,-52144.2090776663
0.133181463203594,0.182995136839439,0.255882044184721,0.185311841430551,-0.243166409066582,1.52767320290011,0.486289882487858,0.164931760000827,0.145533642610071,-1.17651671155559,-0.0455681833697358,6.17929072779264,-52138.5319952743
0.106005405777877,0.174312998410223,0.262351922193259,0.181419477549377,-0.24809281816158,1.51937514672165,0.495223991977165,0.160015699072471,0.152243120610964,-1.1988953286312,-0.059885807685722,6.21100261642999,-52141.1417797482
0.0117055354106317,0.194491130000371,0.259081236120606,0.198729512439227,-0.26915366184215,1.53638494652581,0.488254725894981,0.156931600848377,0.137280263610963,-1.19963054737592,-0.0424677714033133,6.16150175781897,-52140.1846462806
0.123591165104478,0.193333380855231,0.258478739213618,0.190658583398864,-0.264154089937749,1.52831156145049,0.492031730324677,0.158036053719642,0.130978283543312,-1.17369786761211,-0.0633647349061353,6.15284801404321,-52136.8951207718
0.0854802473275984,0.201759728961858,0.262231649943177,0.20412578261368,-0.261716388503614,1.52551626735644,0.481928412876868,0.162444610906991,0.141047084613174,-1.17358964533211,-0.0309768880908459,6.20244349692021,-52138.3783297342
0.178368536554877,0.221366748857702,0.261754355912564,0.212831948576935,-0.288581300557071,1.53190797656697,0.493303888515771,0.148838458051795,0.144002245019673,-1.1350371999258,-0.0465676348006401,6.1755063230073,-52143.0636834836
0.0302139994183515,0.202486024851476,0.261174130130471,0.199893453573547,-0.272979482165856,1.53210219108834,0.482824429473702,0.182457292530722,0.160695368823925,-1.16194570571841,-0.0674729443575766,6.19429066863795,-52139.917432175
0.104187483991619,0.207614505173439,0.264917640168973,0.195984191999289,-0.267242357780887,1.52482564620666,0.490755094875195,0.161523507653143,0.1334393439055,-1.15758912736762,-0.0588174401173212,6.16566732899877,-52137.4764920334
0.0800144659495201,0.192795974004049,0.256167867245651,0.194161288058603,-0.253251901378754,1.52975428069009,0.494677479915047,0.175196338657797,0.135610293184521,-1.18020772144266,-0.0467786496893276,6.17439012402587,-52137.7166818239
0.0921963910955583,0.186580477177471,0.260973789596612,0.192940255142551,-0.239515462214064,1.5237654448845,0.489767651696621,0.168339587899574,0.136063186498766,-1.18081601967817,-0.0448476053510665,6.22013387751132,-52138.4664120153
0.14619805951319,0.198284104174989,0.258949094045202,0.1928614596596,-0.264562521511076,1.52071432683798,0.494678485869368,0.15416511240297,0.139157877308426,-1.15484461136411,-0.076083505567036,6.15466816656052,-52140.5559300309
0.0335849135868265,0.21407507940435,0.262066090766417,0.217182117567051,-0.29049766205542,1.5415590193793,0.480973353349058,0.157322854507331,0.159449814573285,-1.18427969800835,-0.0233297613095298,6.17664752018633,-52142.5279619622
0.145714356409468,0.22195069577862,0.25736199885907,0.203844369547535,-0.291434437565651,1.51976908511549,0.488346751327871,0.177435640967248,0.146216118887944,-1.13988358745183,-0.0606222678610766,6.18305782864556,-52138.0042762218
0.0193116307972527,0.185281426120311,0.258656299190028,0.19765897314353,-0.251358210498344,1.53754643318619,0.487947359692432,0.157299211828039,0.143450597036833,-1.19965536899559,-0.0420392269581878,6.16486984053098,-52138.3136051851
0.16897151594962,0.223423227463789,0.261281750857393,0.208928098615172,-0.285254661585275,1.5205032875075,0.491869275308107,0.143894138858892,0.154610893617957,-1.14502198930272,-0.0503273631510757,6.20796487374824,-52139.8149800139
0.00651579606186875,0.211935276399816,0.260757780873942,0.199932011058724,-0.280663723769834,1.54263161820739,0.474426393177284,0.163426879552005,0.141141338115893,-1.16941708114487,-0.0430612974255731,6.14393593387183,-52141.6063973805
0.0690126548356602,0.224607616885096,0.257180862854141,0.215147517353802,-0.283289465252056,1.54126750527402,0.47579140188758,0.156151329732806,0.158127263193717,-1.17232747572371,-0.0410431053434238,6.1563970802008,-52139.4709167764
0.120379901834313,0.18718834574274,0.262366034624793,0.196199128295399,-0.253283033380594,1.51860815967198,0.496978339345875,0.157376238744412,0.136999288514927,-1.1746488072145,-0.0630529795792519,6.19762767997607,-52138.0040189352
0.0680197312548269,0.221620607624476,0.259228337515545,0.21227115030485,-0.287435204248836,1.54645921818187,0.470088764567361,0.163712782572351,0.154219501050947,-1.16993942993697,-0.0498459415567404,6.15848143129925,-52140.5758612937
0.0381287126150455,0.226552533485944,0.254667384951987,0.204932759258151,-0.300691709061683,1.55554181587125,0.467141138810165,0.158756673635611,0.150797909334299,-1.15521528313256,-0.039044572221404,6.18963595838661,-52148.0164203588
0.0321371351350999,0.233164961896868,0.255215144465966,0.210471377516484,-0.302932250612547,1.5440796518024,0.473968989191998,0.162519148660121,0.165638817853175,-1.17020628540489,-0.0484805329931215,6.20147257448959,-52143.2125086355
0.0988916274947022,0.211116052692125,0.256900634529404,0.206898725734465,-0.270309673943003,1.51700787506919,0.503290379183152,0.166268922529959,0.126551979263491,-1.13573155394604,-0.0574178129855167,6.17374216102344,-52140.2531803528
0.0748057305238782,0.209876836725185,0.258504039393262,0.202581123225175,-0.275253281888216,1.51574596429676,0.499897235803604,0.174998619425927,0.12628469820599,-1.14607802464726,-0.0559766852775441,6.183763927469,-52139.0163153305
0.154388776714037,0.195971322239811,0.26158495155104,0.190778410375184,-0.258831688136684,1.52617460036509,0.488336748706164,0.169937911436496,0.146790762312251,-1.15938093835914,-0.0645359643101948,6.15603048159651,-52137.2038444701
0.0420118742783763,0.193409357821421,0.252737894181739,0.191296662678271,-0.263674280051723,1.52831395609009,0.484839410492365,0.174504544331887,0.150114748155046,-1.16752073864117,-0.0444687947770812,6.17782868940036,-52139.6826303413
0.00881950839617989,0.197059439351953,0.250138701717693,0.20293372377899,-0.251288919870067,1.53197041211147,0.494780393519348,0.170956217894724,0.149128687053834,-1.18054690100927,-0.0482278105786371,6.19018543445729,-52141.1461738917
0.0790722618866395,0.188148730523123,0.265836286738648,0.198366418538238,-0.243296137107351,1.52640338769105,0.486433823566913,0.13327060160323,0.129458617251987,-1.19208326281887,-0.0287276127031948,6.13975427433788,-52142.8679006963
0.134338835524427,0.162880452922929,0.255708194314849,0.178057410768324,-0.226563941995099,1.53193205241702,0.491909219308483,0.155662909363085,0.142916360586703,-1.20396724964503,-0.0603460227259869,6.19311791395444,-52140.7013572421
0.110785676257531,0.179115367886533,0.268449285195358,0.191132567029297,-0.243351333316064,1.52835323707712,0.480700175616295,0.154594397861913,0.126070830279394,-1.19850541858035,-0.0465384421635957,6.13093985203985,-52140.1544472347
0.0565540742125617,0.170617345905831,0.263542400952167,0.185077118826505,-0.231214260747534,1.52954706268638,0.493068908089165,0.146416040506306,0.140261256190889,-1.196506054001,-0.0452157942842469,6.14288395456478,-52140.4731632118
0.129243939166941,0.238335559309216,0.254122950076947,0.218347237019304,-0.307092482873736,1.53072379494267,0.485819118127848,0.169414041379125,0.148528503473516,-1.14927357798702,-0.0571148911993927,6.15394416629722,-52141.7475281231
0.0661339994551446,0.196198676418762,0.262786630127544,0.199153525926063,-0.249422816563217,1.52367233305633,0.4927729439543,0.170213427286393,0.147580979462221,-1.16413034216395,-0.0553923618598421,6.21458518757165,-52137.3192164848
0.0512278989502829,0.18953160116526,0.257465352629264,0.190888880177649,-0.252647220424905,1.53214331200304,0.47843317324468,0.151488591088218,0.16335431239489,-1.18868722666263,-0.0472268520644226,6.1198974125732,-52140.2163586847
0.144881455034757,0.208273239252348,0.264792084515431,0.198898602089654,-0.276611848735343,1.53446797699838,0.485803604863023,0.167624707036637,0.127709236579657,-1.15679477563167,-0.0673557867265877,6.23121570157691,-52139.6108307691
0.146968135033369,0.217045758834967,0.263012679099083,0.197768137587698,-0.271230361949854,1.53453359364422,0.482576962627935,0.171607387661856,0.125524561271586,-1.15858222508057,-0.061228673874062,6.23105363724597,-52142.5164493008
0.146663291571925,0.214392502530076,0.264884368767198,0.195183061640737,-0.285636950935783,1.5257458406958,0.489226575280647,0.19530914327758,0.121615958152782,-1.15463924245943,-0.0608219047410393,6.1561613613667,-52145.8000432643
0.121640512926566,0.214266090746526,0.260991208998106,0.20156650002149,-0.276150219707497,1.53908787447378,0.479794449774759,0.168633554200736,0.138759281883635,-1.16311505062905,-0.0402568323736685,6.21271360232183,-52138.7764875523
0.131480635080068,0.207817106009935,0.264498943797678,0.210573763629386,-0.273681601363946,1.51635026985385,0.49793024107524,0.165244898947082,0.150528842830777,-1.15747005881203,-0.0450238610584085,6.17400480527466,-52137.8183976977
0.0737813914008115,0.229061584686456,0.255011157823645,0.214858462210221,-0.299125131405686,1.52098305934031,0.491138986861563,0.18787051356658,0.138955139968556,-1.12334229422188,-0.0486646638143541,6.17838866343424,-52139.8951940332
0.0689645047591005,0.199485108567423,0.261385188912049,0.204411151722384,-0.261100159269197,1.52531006836084,0.498623935616218,0.159263201919267,0.162628698919131,-1.16835770712391,-0.0543527133634914,6.16512234448856,-52137.8359710214
0.103629629374313,0.223684326778162,0.262337637525566,0.208370355848807,-0.292581675235511,1.53479320498288,0.471838483857826,0.14684757930041,0.150770718042657,-1.1590909024045,-0.0582767137989633,6.16844850424937,-52138.777544706
0.139305140771682,0.215353030357846,0.267679835465332,0.207480457764492,-0.2913027528458,1.53725137464022,0.476412748285948,0.141764483132649,0.128858532722748,-1.17618609989414,-0.0442690217466164,6.16719240313555,-52139.474706831
0.0858653557768931,0.214777045996801,0.257111749935583,0.209521015010525,-0.273461790253539,1.54059466038849,0.481828901549031,0.138517743361489,0.150841334946284,-1.18461948187813,-0.0390065560438028,6.22151145312792,-52138.6418466581
0.0911613007457392,0.197768826375411,0.260952815429941,0.198326181829187,-0.268068238280685,1.51220298678851,0.4899196970354,0.174667399969618,0.146566868421634,-1.14751803876451,-0.0578460984314727,6.11493595892155,-52140.6406569262
0.0854577771508546,0.208915669362927,0.261995242913039,0.199866576688974,-0.265425639497565,1.52064103041614,0.502354852541283,0.163494912072902,0.142224041372976,-1.15310735990202,-0.0637365786886316,6.1346229799938,-52139.0741926139
0.0770432226043142,0.212974856872627,0.255579018753133,0.211263552767686,-0.279739101282799,1.52507350661554,0.490300892782739,0.163506964065107,0.150491081453985,-1.14588992360333,-0.0329785812104496,6.22356725362006,-52138.9314688999
0.107206048255853,0.21482452979728,0.261911094138246,0.216788082288085,-0.259695993260486,1.53124490009624,0.492420344179902,0.163981421408202,0.155257498057796,-1.1551102823908,-0.0395460301501754,6.22495896573133,-52141.6753582323
0.0772021635575846,0.19659910844781,0.261935437277411,0.201145850835482,-0.251719098961144,1.52182822581361,0.483537713957517,0.148797611948201,0.148741069363919,-1.18035102234618,-0.0600904450925153,6.16557315069645,-52138.6588212154
0.0960408465250788,0.197496600894999,0.244047742255289,0.203643018720254,-0.263531214053321,1.5161832900733,0.500942589107124,0.140994042071874,0.149364962410643,-1.18144302746388,-0.0254172727644052,6.16795048248168,-52144.2458892497
0.117341062236916,0.199961081143841,0.269741224349464,0.199034289435269,-0.256744767735462,1.52595247092222,0.484054211269685,0.158475012481447,0.168541437230104,-1.1572492801248,-0.0394331778437341,6.20062103401677,-52142.489575484
0.0895102585686966,0.201987564698629,0.252106049835181,0.208826772878795,-0.270973772308351,1.51619733901124,0.486476734901377,0.172445703774336,0.132264771087749,-1.17191561524676,-0.0449275894885713,6.17617424324008,-52142.1506531623
0.116203669139265,0.201543418375276,0.251131561825698,0.203847465258121,-0.258557748272984,1.53434605339933,0.49529656568013,0.185063253232051,0.145465463970213,-1.1559542755826,-0.0438827426989244,6.16881747426697,-52141.08205512
0.117174754937848,0.210099268692985,0.251528859737427,0.201209687826514,-0.259893027956958,1.53500271624791,0.496969011603445,0.183498302392969,0.145688864436556,-1.15770572294882,-0.0436670289362942,6.17509625717892,-52142.897434242
0.0834756136659747,0.227679862409932,0.269497326821154,0.223249251270592,-0.301943576708664,1.51847169011625,0.486041908782745,0.134677359626775,0.15902468882692,-1.14290360194836,-0.0456618405557034,6.16810785854601,-52144.0165523152
0.0955593928011238,0.191906448567414,0.250385420661611,0.195041603182228,-0.256708161927769,1.53777053443405,0.487145040251569,0.180246359553962,0.132809731944977,-1.16893128661489,-0.0548428920623959,6.18672511093715,-52140.1927549727
0.147871852654963,0.18306467294052,0.27000329399734,0.182267119134086,-0.242799447654222,1.52671992223726,0.488036113068973,0.156910886547456,0.147501547216428,-1.18193137424048,-0.0742476488594093,6.1701254286416,-52140.5595026252
-0.0417394294948381,0.203535570403037,0.249224426113454,0.199935253814036,-0.257918089937107,1.53084669747079,0.496164381196327,0.155251809080141,0.122887228882543,-1.16308145633569,-0.0572788444831107,6.1954738932221,-52146.7060842738
0.160731695598725,0.21609874473108,0.266251338465727,0.205781606480212,-0.277458429308648,1.52588117937715,0.482721586346344,0.173434300108802,0.163063953602492,-1.13996139139245,-0.0543874277547438,6.1678423274341,-52138.9739364807
0.109892037346438,0.206816057012861,0.264490129786254,0.204223026128721,-0.278382442568674,1.51387875073593,0.490384761020564,0.197160382642611,0.156055966622027,-1.12043149766567,-0.0687177091767877,6.17511974421551,-52143.4446778286
0.108091092235029,0.204760996563862,0.255293456165123,0.1984165913954,-0.278678311974827,1.5234611065491,0.482790793614221,0.197181792053815,0.171119076266247,-1.13000233383847,-0.0553992477288411,6.19236867620367,-52143.3155390175
0.133970668450406,0.173079763710668,0.264288329491746,0.18228196173743,-0.249850003537407,1.54231809293173,0.489783282417706,0.1376419242101,0.117805654993776,-1.20481266597313,-0.059415358835883,6.18480558696777,-52143.3272527243
0.0938261771656431,0.181492680153868,0.262674321709013,0.185580803009286,-0.26101638827755,1.54175455770822,0.475245444941957,0.136317076188528,0.125561582062313,-1.20551473521973,-0.0588345857469875,6.15853444109711,-52141.2898894499
0.0557986376643787,0.178673385557509,0.256691938837873,0.186596920589573,-0.240998634375009,1.51138894186819,0.504015438264419,0.179385558946198,0.146407492247779,-1.16382315593712,-0.0615817115923924,6.19368423011009,-52140.0108787774
0.0605826928729305,0.195994512652219,0.261580446190009,0.195149764722384,-0.254717778525128,1.50975638015126,0.492679762795781,0.187351744743377,0.152938223051216,-1.14724713417512,-0.0681977872253185,6.19374944617351,-52140.1410109171
0.108198426928586,0.159117334260212,0.256451587878669,0.180131549172488,-0.217113350846882,1.53440826265801,0.484548379941286,0.139774734834831,0.129266234779632,-1.23552528842044,-0.045149761824934,6.16392018826164,-52141.9278207926
0.0610873798858209,0.186259119409594,0.263298874841049,0.18979768651609,-0.24566589236616,1.52049066410847,0.494161795477845,0.179821361666787,0.157699010558076,-1.16591220805539,-0.0652713001430093,6.18193948521915,-52137.9330230854
0.0672888254309143,0.196717078923312,0.257513988824568,0.198754152451794,-0.259942164692561,1.50892860026113,0.504798542359538,0.190792915057169,0.157010267173229,-1.1372129613292,-0.0639534577138694,6.19934909071816,-52141.3397569503
0.048182130318882,0.203468408011501,0.258454107512781,0.196283743235225,-0.266874208174531,1.50881518238891,0.510466967067176,0.196789943544589,0.158668150814417,-1.141229882528,-0.0615211406730245,6.19694292287568,-52144.891080761
0.0959632222073612,0.208091143838425,0.256005912624453,0.210061492997544,-0.271116595755346,1.52664447772314,0.488193398807949,0.183995297689698,0.137626306639835,-1.15343216523443,-0.0396053028365633,6.1952711771423,-52137.8219864458
0.036673134219422,0.180223847455003,0.263416360725487,0.199163182491765,-0.246047262399334,1.53362608259534,0.488195040614606,0.129162749653384,0.14666387361623,-1.22568749338787,-0.0341822275530599,6.20403986523028,-52141.2541580939
0.0272654281523092,0.187454483554273,0.263756368408304,0.202380717232704,-0.246494508917402,1.53121618049815,0.489495061682186,0.129759369190868,0.141456988638102,-1.20370540359951,-0.0366246691485275,6.18238745093385,-52138.9618797237
0.0098965383827166,0.190607311792082,0.260576606184304,0.198381070985313,-0.254444461370869,1.52539897165393,0.488806671577197,0.136808779253436,0.154638703111886,-1.19582216433302,-0.0389428713088756,6.15843808839236,-52139.1692923518
0.0117212498348518,0.190155455463273,0.259357987603959,0.198376714570899,-0.256466014300323,1.52574795942953,0.489869197256913,0.137919150006115,0.156007290187892,-1.19635286583645,-0.0417824184539122,6.16221426227926,-52138.7510930099
0.0595739965611544,0.173227104176873,0.257480432687234,0.191926381315924,-0.246127653784625,1.52915132631233,0.496454540598822,0.146802362545073,0.134880318951747,-1.20259722769633,-0.0475328069047921,6.22047186498784,-52140.1339519181
0.0854835661585564,0.181965313476342,0.263895092618618,0.201641542953899,-0.252709537743732,1.52364348553077,0.483716738372649,0.163615179724781,0.130278751389804,-1.17597915195644,-0.0418296406663043,6.14715537515289,-52139.9270848797
0.12714000221862,0.212604980382602,0.263345131437589,0.191772513061111,-0.272397219451558,1.53958355962416,0.488250469484608,0.155019646481848,0.146725622883139,-1.17331211818942,-0.0727583462256848,6.17529138817301,-52139.1591261071
0.104739662345717,0.186264525784373,0.260132001221438,0.195796537706305,-0.248925446022219,1.52836072117712,0.497871484870055,0.169931576912751,0.148158848654192,-1.19924132854594,-0.0300324504036769,6.18936595062495,-52142.9701151808
0.0909203994305788,0.180676726772028,0.259950591462728,0.197278088764296,-0.246474995156067,1.52829051158003,0.498800076162073,0.164988368546037,0.146451034236156,-1.19715994384871,-0.0305604809291275,6.19166367746548,-52140.243545531
0.0537293057166784,0.223325029990129,0.259936255264823,0.21295488793176,-0.289854932321718,1.52545919517609,0.489306525528061,0.138138574659947,0.150693060240902,-1.16828179391602,-0.054271025775682,6.17268356043544,-52137.6395295184
0.137952736238662,0.166630006259579,0.259494436336807,0.17362508236406,-0.226739231025007,1.53178034586172,0.487641491480908,0.207424634640925,0.142323039475439,-1.18215363166392,-0.0805839318875954,6.18369059764587,-52144.7527216525
0.0986429268636131,0.188371555260253,0.260518986049303,0.185261568023231,-0.251149388492122,1.52875367516101,0.482834820561841,0.172422141834441,0.136155768730077,-1.17500051976533,-0.0520686906597297,6.18586827603639,-52137.3320511691
0.129855553140299,0.201928322167867,0.257590658728569,0.199897008800909,-0.262799645344359,1.5224214193666,0.489369616843681,0.134632719351244,0.155398653100313,-1.18286360388207,-0.0386448810587311,6.16929717146939,-52138.2008279791
0.0562000534015215,0.20550671229388,0.256225594985724,0.19296863033849,-0.285902555809928,1.53402125500501,0.494334987857751,0.163609963550421,0.137614686430567,-1.16824665724756,-0.0697855676727759,6.18352131678124,-52139.7378860048
0.0851703643321636,0.192158245439123,0.263309763334117,0.206048416325024,-0.25419781053006,1.52193474629709,0.490644100198152,0.156212484188399,0.162964276806577,-1.17227029472515,-0.0353556929164186,6.1640963732313,-52137.9355842948
0.0607141877526443,0.215721911944639,0.260058188028111,0.217146270539855,-0.283368432114159,1.52255700618463,0.490371815253859,0.168019556126522,0.158437538750568,-1.15545335108668,-0.0376644333816016,6.17877864053619,-52137.2416496792
0.121909705642582,0.221200256169496,0.263698765399744,0.211578680782174,-0.292964419339182,1.54218248179323,0.480704191482221,0.150599145170382,0.136929178687577,-1.15604583512374,-0.0406275078905567,6.14699482853122,-52138.9990701881
0.096071732258514,0.199740550513494,0.261036397760556,0.199398257340524,-0.273002596686894,1.52926282274034,0.487356154633504,0.148178502449836,0.145866249902401,-1.16723087052684,-0.0554859214969862,6.19845833796103,-52137.0821214715
0.0957027737953706,0.217319562917852,0.257944362204454,0.214679908944179,-0.279687692547706,1.52923437906799,0.488048625456029,0.161761591809513,0.159273927162314,-1.16214133639484,-0.0407303758688468,6.1944545125797,-52136.3716188234
0.0590886217116908,0.181391673647882,0.258158301295027,0.178389138396846,-0.233920469155337,1.52756736372841,0.486365185972124,0.161804813351499,0.142163703811639,-1.19718553758179,-0.0781729216409663,6.19165966905494,-52139.8854804109
0.0461790890782459,0.201300206309872,0.263979041916367,0.189922081217217,-0.263252746297854,1.53404001226371,0.485378410371112,0.158280580590245,0.147896379118917,-1.1825305412066,-0.0595957954880124,6.20888798139907,-52137.7345999232
0.0958834424701817,0.18943829155453,0.259615979742088,0.192270917124048,-0.248289941052819,1.52460270927886,0.492335356054077,0.167447158930706,0.145134682693967,-1.18851870154684,-0.0542811547978154,6.16913152256486,-52136.8241300793
0.0571423301830654,0.22332987007032,0.257918050598211,0.212458850412649,-0.302498890072108,1.52857812202869,0.49221049106754,0.159028502502395,0.157522642782595,-1.13394985771318,-0.0519742151807214,6.18408570256933,-52140.9192737336
0.0137407010120698,0.227933738817132,0.264862469487474,0.232568153240782,-0.292660671340164,1.52703465135786,0.485142046769332,0.164291547422298,0.166108894439662,-1.14895608136865,-0.0262367836550743,6.1957810460377,-52143.3840832625
0.115474427432739,0.209944600462145,0.260864164187124,0.204897533989194,-0.263438702415929,1.5335084836532,0.485010934300864,0.153084685880046,0.153048148985362,-1.16904032997431,-0.0406225095139128,6.15125510308445,-52137.0877797249
0.0984218101165027,0.193712052663522,0.256349536068227,0.20068419388083,-0.245469783107,1.51500767002915,0.489524191280043,0.159610422169804,0.157841926466746,-1.1597388600237,-0.0429310133293568,6.15015362771689,-52139.1417902577
0.143392229044864,0.189979116067866,0.265589817016244,0.199245693842318,-0.248164550724327,1.52145123823697,0.485471205987251,0.173977803212081,0.176618779319081,-1.17769633481494,-0.0544317757583916,6.14689780807543,-52142.869742412
0.0436974443649745,0.207579791896667,0.263568427150198,0.194367864782198,-0.271748773087952,1.53539986167253,0.48165594770541,0.149764099745073,0.14915823095912,-1.17127274888112,-0.0546251186782637,6.17903362873454,-52137.4204134051
0.134036235188382,0.184839539456084,0.258157959059159,0.201854000472374,-0.250673847305392,1.52367096368962,0.497173199249963,0.172046002318282,0.139300567622631,-1.17790736377589,-0.0498100008295214,6.16874510991492,-52138.8118671866
0.0573774721163319,0.208817274329645,0.264989323895099,0.20062941810973,-0.262496839960816,1.5302802480113,0.487153411329544,0.139224632661836,0.133374627390834,-1.1828350286114,-0.0707146698457626,6.17830440080426,-52141.0047555925
0.0642601566817996,0.207608545171059,0.259046524873555,0.195914483000347,-0.277553077399733,1.53519152319868,0.49043155506049,0.135925292586879,0.128608144706827,-1.17612850968698,-0.0712635912211261,6.14439585456819,-52139.8568199097
0.0847144075262349,0.183706731452934,0.263048449633209,0.193524399766007,-0.251080795214589,1.54363786752784,0.474822209664779,0.150183861624114,0.14746052165888,-1.21064073215694,-0.0460321263608197,6.19253441038248,-52138.5546571778
0.0947618581325873,0.201706129934118,0.260556821121178,0.20129623300438,-0.276730265842245,1.5306170030464,0.492217232930281,0.15146811326292,0.13280278965351,-1.18110136669202,-0.0527748486182577,6.16053616554164,-52136.5980970577
0.0768165960588433,0.202607342819955,0.260989727379993,0.20249074342414,-0.281798067657792,1.53067746180817,0.493590259477592,0.158964325205387,0.128021965006684,-1.18434744285251,-0.0580176236216642,6.1728911471494,-52139.4367183146
0.100998360969196,0.206200757821718,0.260253581823921,0.203094061247206,-0.276580760716335,1.52923213878153,0.48555802841826,0.170545695028526,0.170624148432518,-1.16914432643006,-0.0428341450744014,6.18204452974921,-52138.1705668837
0.0678874421353867,0.224715920054721,0.260536483155854,0.21094717415038,-0.295773899013168,1.53597517068919,0.489513000594907,0.149729333007196,0.132226118721644,-1.1588300371392,-0.0555616201252164,6.16913986759914,-52137.4275069276
0.123431964279829,0.185113050341309,0.25917944109299,0.190693111716206,-0.245447077425673,1.51856855294972,0.481086177647835,0.157634590675516,0.152315644242411,-1.181354975455,-0.0439094384243905,6.18951050815399,-52138.3848844812
0.188300724378449,0.183031277794216,0.260992488674545,0.196766078187633,-0.23452670339466,1.532947120342,0.495863055889376,0.165635280376358,0.15152550372464,-1.17946046424759,-0.0450867765766275,6.19037305423871,-52143.5852567234
0.173541941090492,0.176380518399402,0.261038127002136,0.196681665416481,-0.234630748164405,1.52359405786553,0.497111796660051,0.167023155195618,0.145968124836556,-1.17967503541854,-0.0379677778659954,6.19510885270823,-52140.7686875782
-0.0295905769978007,0.200749020318364,0.261760772045145,0.189723515158289,-0.260636066564447,1.53256139953088,0.486589032724974,0.148639785168785,0.136161162985791,-1.17607274393388,-0.0676303210017163,6.17876231821185,-52141.160979453
0.00602051846506829,0.189833730039254,0.265292608085006,0.198097373849121,-0.267520205236016,1.52987306310851,0.483272263280188,0.145478769161747,0.132084056466358,-1.20000744901637,-0.0493430363949736,6.20446213369026,-52141.4567145906
0.138899090081574,0.183311097138114,0.258485461973466,0.184211214462995,-0.253903239846794,1.54160212879288,0.485723700930033,0.158330619338059,0.143114266931828,-1.21277069324915,-0.0588331303091273,6.12948095433738,-52141.8949233868
0.14030138795864,0.184305602420856,0.263548037789155,0.183016690705756,-0.241665915604029,1.53986057963224,0.492301164695067,0.154763347803139,0.148229703085124,-1.18852690720634,-0.0524195050638404,6.12398971323731,-52143.7549520878
0.0101244796032572,0.206593402973621,0.25716717967006,0.200508116512302,-0.276075148118055,1.51934821738806,0.487853379639356,0.153907124981397,0.138357803505888,-1.15510381230442,-0.0482739375740379,6.22320252605784,-52141.8365080276
0.0665365491117931,0.192214702660161,0.263975974343472,0.18895401102154,-0.255277127660272,1.52978636253412,0.501223943567024,0.158468940695495,0.15737435994884,-1.17354811265482,-0.0703070645001982,6.19345371349174,-52140.3818445951
0.027995957503915,0.194283438175936,0.262304276417849,0.195842343258139,-0.25841992368791,1.52507522633081,0.498473539283075,0.147644139370324,0.130440749171656,-1.18248638584102,-0.0695532772815933,6.19505988238187,-52139.287417942
0.120323051266313,0.175113708462065,0.25710136744505,0.192110382527777,-0.236632477114712,1.53069863199599,0.482454262434707,0.162430619905177,0.152107470439036,-1.20809245022846,-0.0412106437617646,6.17208503592405,-52138.775776268
0.145763138954939,0.202827861090172,0.260990128174795,0.200760973346418,-0.266270530843969,1.53270349224302,0.483940254986555,0.149686632064491,0.132695395745101,-1.17769810091658,-0.0588547441054784,6.20875956963039,-52137.517318362
0.14813213808864,0.204461896017957,0.26136315519344,0.202240013477374,-0.26370535807035,1.53480072343326,0.483723292589206,0.15271580908889,0.13298712807768,-1.17620390486238,-0.0597260579245513,6.21082056719408,-52138.5467882364
0.0702334142533832,0.192888571032184,0.268779824227798,0.216130981221901,-0.255282172067585,1.53243941016765,0.492778774400583,0.168138343592148,0.120015660958398,-1.17395333841793,-0.0263609388489672,6.17948837379113,-52142.7217747375
0.0525414102662185,0.188937259660145,0.271698804948009,0.213203571973412,-0.257111014122479,1.53579626636081,0.490747670740415,0.171136868294289,0.116189867072116,-1.17807706407576,-0.0262561888328516,6.17586393177957,-52144.4709050754
0.105645429384708,0.200935885208996,0.246841376939973,0.186633717694637,-0.26988432453912,1.51212047841675,0.496110603411789,0.13833018576759,0.1731155773305,-1.16253478582884,-0.0664345149976518,6.18194530019161,-52146.7264322588
-0.0271450448940075,0.169938460825952,0.262035514673436,0.178640113369551,-0.227356999372084,1.53336201878505,0.489290926241626,0.165375139048774,0.143162718331769,-1.20388410117511,-0.0488685427360965,6.16838355283412,-52143.3769854857
0.0354466262473368,0.175680550388831,0.265722634073886,0.186219779852102,-0.24158267966262,1.52744637081511,0.488115284122628,0.145803843257856,0.134575062644296,-1.18894707415026,-0.0544680487510022,6.19076781629154,-52139.8239666257
0.117227714870541,0.203052195118756,0.250689543731253,0.204186812574649,-0.267701600885962,1.51751444007971,0.501226950047605,0.175941137832567,0.156241848533335,-1.15517413443087,-0.0553322924699171,6.16655259396089,-52139.3114889202
0.0604414473383606,0.220550403989926,0.259668946621757,0.219990638332743,-0.280830484163671,1.50750588158796,0.494730998170707,0.148184076639579,0.155271540366234,-1.15499145789047,-0.0347357869030085,6.19220335029671,-52141.0076132035
0.121654330920807,0.204677139194967,0.263734266590115,0.208942593446146,-0.272073936812449,1.51801081463197,0.501103283489738,0.140478215241109,0.142498690407069,-1.16516023689508,-0.0428203447371053,6.16113849521465,-52138.5701209222
0.0945194293328708,0.20192626010466,0.253620742708727,0.196475474152014,-0.27029547826543,1.53937079370617,0.48285878984444,0.177245675688859,0.170508781874898,-1.16586672238199,-0.0490879800760113,6.20145588700607,-52140.8926958093
0.165382266628154,0.211971217346129,0.270754374422402,0.208174518215473,-0.277098061806542,1.52995763902504,0.477735361027146,0.144294553028711,0.122969749437472,-1.16951202395979,-0.0350289060809389,6.14376623061395,-52143.4374506921
0.0399150216228734,0.20524587283922,0.251545564177208,0.200786835814561,-0.271924402039709,1.52090243036791,0.500564635799621,0.166525978922213,0.164505962781675,-1.15432770380333,-0.0591656185863222,6.21016271450411,-52139.9194875785
0.0718456195246534,0.196160335618257,0.260482889759922,0.19279159703416,-0.265721466230864,1.51522199731097,0.491900888604673,0.192766301701052,0.149482993627044,-1.14704658070544,-0.0620739750864318,6.15683312151361,-52139.0024759249
0.0476308702944607,0.212560896960391,0.261050294654761,0.202456384132299,-0.265858176406059,1.51601143212405,0.48872121222276,0.188152662032005,0.134966492100169,-1.13631140910873,-0.0585565212798775,6.21610573911671,-52142.5134630459
0.0428057565005318,0.217826605222197,0.257366858251052,0.203276220632943,-0.264929821760104,1.53597012001143,0.496390976278177,0.16060300503302,0.156189870930349,-1.13710686182444,-0.0661950033793928,6.12653994331919,-52146.1401407394
0.0115013555432286,0.215732345002147,0.256190682377796,0.196334852213403,-0.287453516072157,1.53319052538363,0.499675494609887,0.15884684550495,0.159622149601299,-1.16892491640993,-0.0651937961915717,6.13750946061529,-52143.4346469572
0.221799890522045,0.199178943213704,0.266722842531118,0.197082910733606,-0.277128832512885,1.53199081461049,0.475139473274479,0.169660545153685,0.130293828541479,-1.16638567616642,-0.0379233542713215,6.2202012777992,-52144.0248887106
0.206669738868903,0.192657750412263,0.262956479948074,0.199858342188704,-0.251726440324102,1.52945034729857,0.476329380105419,0.166610782241571,0.132488172999731,-1.18813675331477,-0.0524587856258449,6.25853717121494,-52146.3252693323
0.209831301311289,0.198965361270613,0.264303780513566,0.201316844622344,-0.254333785960116,1.52877485570977,0.474641815572644,0.160672136254785,0.133558284688007,-1.17943575590917,-0.0546627990736815,6.24797907203986,-52145.9840189396
0.18738379158167,0.217719498446155,0.253772894036155,0.199128676177098,-0.282963286448896,1.52675806207064,0.489602101139469,0.19053120545805,0.159521791272086,-1.1419982879456,-0.0522999539720619,6.12829155342959,-52143.3602159103
0.0901181774439909,0.204875968007988,0.259531477791621,0.204098859248267,-0.293009210280337,1.52035639356412,0.498541656249641,0.145115844146415,0.111762291573753,-1.16894455065718,-0.0488512615272956,6.23121529410401,-52145.7666952917
0.0917333692972984,0.205264871391205,0.263752757850076,0.203822304259198,-0.272306304138342,1.52310314855533,0.500985475469131,0.143512487734053,0.118011741509419,-1.17649846722968,-0.0463090557488301,6.23399286003309,-52141.8965293103
0.0984111452639399,0.200451275206445,0.263774037791393,0.193415180995092,-0.261095961759855,1.52431941991403,0.504358628149529,0.174500180670872,0.131595999217831,-1.16173383662842,-0.0673485735028987,6.20931054202218,-52140.4824952412
0.0436059542376893,0.218794955241136,0.256323662700132,0.214307303631832,-0.282906128766709,1.52701179816634,0.481523950135673,0.157197525703034,0.159377510883605,-1.15876336965804,-0.0376664842742518,6.16407080620136,-52137.7074960149
0.12059781833669,0.222105274151727,0.267034794780626,0.211236385618143,-0.260128205649622,1.52007962203162,0.493382095094427,0.185007599462105,0.180336570400359,-1.12051988079543,-0.0580362747223115,6.18372992165105,-52148.37435123
0.0558229962581271,0.229507847444628,0.258811081982572,0.207441036413608,-0.293616504959184,1.51821117554123,0.497931296929874,0.186320272279453,0.161456406781297,-1.14766776097572,-0.0447590633789851,6.13751449627904,-52148.0467684042
0.166771147192683,0.198870330691209,0.259921326744681,0.188861337634507,-0.254222307192527,1.53066525065174,0.478242194916484,0.159130682917673,0.129540501641113,-1.18957903458639,-0.0622235051919644,6.25138042951544,-52144.2964110466
0.249699897179574,0.197896728780928,0.258735188678076,0.188047873423415,-0.277026006838951,1.54101139495128,0.472930439904529,0.175492177374425,0.139449974321575,-1.16533284321955,-0.0592184398713707,6.20469268905565,-52145.4645758002
-0.0052562541693417,0.207264129527506,0.259846298935775,0.196465977141092,-0.261775019192204,1.51553616764754,0.499031767661302,0.159065205681773,0.145720376678602,-1.15427729831816,-0.0603312151524332,6.14368498328171,-52141.5799978662
0.12486349412889,0.191618337379702,0.262493140589971,0.192414008198293,-0.271465250662938,1.52446792703152,0.499000638321688,0.179913745273781,0.128244311858244,-1.1663921483455,-0.0564170354715583,6.15450539565365,-52140.4771411236
0.0763047538266921,0.185913774497163,0.257528163134653,0.195544737180075,-0.248679504915118,1.53157451400642,0.48442434976261,0.155716199383969,0.16412533617611,-1.18790690206182,-0.0588158290833693,6.18951782706595,-52138.799257354
0.0638439272745359,0.188353199915014,0.266545709687104,0.202192817534429,-0.275354958920061,1.5351946620416,0.477944571445481,0.157612424929085,0.155202071686274,-1.19130570891755,-0.044893975377074,6.19026638607114,-52143.4643680468
0.0913591894096788,0.199746687350297,0.263179319355315,0.213381467148105,-0.26783975110708,1.53399686308366,0.483708491521685,0.150441503120115,0.158550791797663,-1.16631583035975,-0.0344205584302685,6.18749224283746,-52140.7365767367
0.107075974263765,0.19996332822807,0.257114878120138,0.192364625789523,-0.270623415220086,1.52806188378269,0.492525603394195,0.166735368171726,0.138610033133867,-1.16804183134181,-0.0696472796701213,6.17679135296656,-52136.5044674535
0.0566487170588709,0.201503848374582,0.259341830969238,0.216440455962411,-0.261907656920202,1.51354178872023,0.503094515011937,0.169629751265079,0.154760111367949,-1.15909359329175,-0.0314230046445296,6.16024432449054,-52139.7998646643
0.143956997598374,0.219182034275451,0.255913071886822,0.20764967715723,-0.292543993101822,1.5273238205511,0.486670496587312,0.15982814403757,0.150303305848665,-1.15255594309868,-0.0671257898899162,6.19460407451325,-52139.078429923
0.0694216059866843,0.223262951737083,0.257546292938256,0.212807001422732,-0.284854009111097,1.53940402181327,0.484487279329233,0.166026161247567,0.147746744649139,-1.14913014684859,-0.0522133002333117,6.12936300167376,-52139.0679912051
0.057318637803753,0.216192246255467,0.254838268979833,0.207404834085913,-0.295695042562118,1.52223940895337,0.490049860160847,0.154721196064897,0.162378633666987,-1.15040767238012,-0.0562449863307174,6.16512152310516,-52139.8691337625
0.0913695076040531,0.224714883700751,0.255912965432639,0.205614480498649,-0.269449588197435,1.5269526910595,0.49165611703485,0.158793340434871,0.156545799074754,-1.14894185616054,-0.0629730192712646,6.18110858867795,-52139.7090996618
0.101181069653066,0.215159766293933,0.256188475433379,0.207805442991116,-0.292220432229381,1.52644720579223,0.491404840911288,0.166240031242081,0.155017819578342,-1.15562146310378,-0.066185950625768,6.1805284735328,-52139.4158540954
0.0165811394374152,0.227330223874621,0.254828513819632,0.206678348446214,-0.300080364486003,1.51745618579883,0.495917955685593,0.173833493582178,0.139684340441488,-1.10812214415446,-0.0692926494465632,6.19349726095912,-52145.8295466646
0.141498212152362,0.210385396144723,0.262566850344079,0.211880397293876,-0.275938940959615,1.53039441451598,0.476319046866371,0.156321049536783,0.167698927006236,-1.16056139744197,-0.0414036208090858,6.16498205174717,-52139.3892263666
0.103484089268022,0.210591359220477,0.259057766436158,0.21462095240951,-0.272540840106955,1.52353934615798,0.498239080319825,0.146206435601852,0.144539739209541,-1.18001017787028,-0.0385589888562729,6.18802370516128,-52138.0991771336
0.0555425657967989,0.203413222362492,0.257838195879436,0.206509007980417,-0.262313143852951,1.5185747266205,0.490875107566744,0.166739465698365,0.161417532832382,-1.15324350569197,-0.0515549860521799,6.1528706611598,-52137.5291813222
0.130835241493711,0.204024875141561,0.266002319305664,0.200856857484911,-0.274195371733723,1.53872556740503,0.480766250935568,0.172308045344499,0.146698545155788,-1.17169861210617,-0.0533156417777275,6.19474406685939,-52137.0384974506
0.073128358109909,0.194852541255948,0.255967614517776,0.193733625047455,-0.254825715816378,1.52323466965306,0.485728753475714,0.169595099528409,0.144517084600589,-1.17321443086844,-0.0678721179024707,6.16136859315614,-52137.3995539754
0.1478474382951,0.221410202299023,0.267988571237384,0.208064842778219,-0.285092969268418,1.55091932522532,0.469116978316232,0.153991794041827,0.150924645219634,-1.18160548686446,-0.0444699142439413,6.18795224205647,-52141.672365482
0.119965957854068,0.176249038345154,0.256559691975664,0.188226822267672,-0.244807120830344,1.52654796006954,0.476750927704408,0.165187272473731,0.147410654306291,-1.19118552476506,-0.0469085083357341,6.14738253972959,-52139.0979884927
0.0704886201084,0.182868490486547,0.255958171575526,0.183835040292919,-0.237589005177161,1.53311060969911,0.482070110366621,0.1527728509797,0.164362949972106,-1.20203713503349,-0.0568146047754589,6.12400820222313,-52140.4478307567
0.137253731737933,0.201821852274618,0.267562500672709,0.195263877208862,-0.268743614349005,1.53575712015309,0.48881053942194,0.176585562439091,0.123619658354639,-1.16661064449437,-0.0608260363912549,6.24586941969442,-52141.2269872062
0.0815714411772447,0.226759648502555,0.255388303079113,0.214987973624629,-0.294530909149303,1.52101416616183,0.49173848758473,0.152673963381145,0.144142468891762,-1.13610562736197,-0.0381269235333658,6.13077389248459,-52140.1086440462
0.0784555560954133,0.214468790299259,0.259753119253994,0.20835367009166,-0.279479780648958,1.52268257328189,0.488476745059252,0.160364911413481,0.154866524657084,-1.15732995340251,-0.0539576516295256,6.19856631836639,-52135.7961774093
0.0128842908965665,0.21823925592429,0.254838811905764,0.207897507872438,-0.283228311086496,1.53411137268996,0.489302260886326,0.137205493556488,0.162013116798617,-1.17552476983092,-0.0420332998977497,6.21951478777615,-52140.1104972404
0.113652898013436,0.218842804231439,0.257155670588054,0.217409591866541,-0.272277537881283,1.52135554806724,0.488992505949916,0.149982191358083,0.158099271166632,-1.16861342535459,-0.0360511766197289,6.20426460338047,-52138.9428082883
0.143963128722251,0.209781678544077,0.255070806901908,0.209592396789124,-0.274549840129525,1.52656199021582,0.489345792493255,0.165192672030702,0.146569325643176,-1.15448485899151,-0.0400400153710663,6.13379230402704,-52137.7007192449
0.166748357755038,0.210648623347252,0.256838883310722,0.208155531780575,-0.276962985490127,1.52694118950817,0.484965592749509,0.168371722873248,0.143992991168011,-1.16029560549028,-0.0387781016078693,6.10981191373204,-52139.7680286696
0.103318583033555,0.212215893530848,0.259661649816048,0.198389745564848,-0.270567765903529,1.54286689599942,0.490809748515241,0.163395918565751,0.126803412012495,-1.17697039507307,-0.0538979988164049,6.16521860521692,-52140.2857831825
0.108008743346428,0.195962796017035,0.260403733492397,0.212663684089385,-0.270404191220232,1.53361206166827,0.492583787667559,0.154618610195916,0.137555567221647,-1.18300912569056,-0.0417109284228319,6.14379074562647,-52140.5909486148
0.147262880993523,0.20902140093357,0.260552815717395,0.212168170667363,-0.262820480282601,1.53115923532299,0.499949792307842,0.150349783348431,0.144296393113946,-1.17742945085804,-0.0372600201791001,6.15410788437342,-52140.6613607638
0.048869605745162,0.219988710777279,0.25760131242874,0.214646272841488,-0.277246567887852,1.52025916413394,0.488810327183036,0.158021657810942,0.151447515670501,-1.1582112111035,-0.045457139397738,6.20426695339104,-52138.0558059982
0.0750054205100826,0.214256854123732,0.254644912390703,0.214397550069357,-0.28201357618326,1.53631399385926,0.487573831169986,0.159117437564942,0.153588934006347,-1.16951353334509,-0.044690294760803,6.16740295688349,-52138.0126545976
0.103469056385235,0.197342674679365,0.252239035863302,0.195861464728155,-0.268323491989787,1.52621979178408,0.484158672477529,0.170852947715287,0.147441452486644,-1.16803240111873,-0.0595837032440766,6.20150374519361,-52137.4798137453
0.0952749537000363,0.187119931877561,0.258792073277509,0.19787513943314,-0.244508827633457,1.52166533971819,0.49734213447926,0.154319956161573,0.14824217397459,-1.1768855592087,-0.0409672334817194,6.17939004192037,-52136.850243194
0.0941956641885218,0.201140072362787,0.259171375912358,0.194582745476469,-0.268862270424415,1.52530571614298,0.484961483391634,0.191266176325863,0.137470538103381,-1.14014954144793,-0.0640518988155537,6.19050270401478,-52138.4031634307
0.0841448607549947,0.195426622379081,0.259791594556161,0.202642728526469,-0.265735547237641,1.53317129239123,0.485863770825984,0.127866967565336,0.125395341612151,-1.1932052434392,-0.041912767955289,6.18137111542194,-52138.5771523313
0.134939830446707,0.209014486688656,0.261337521843325,0.185785799584732,-0.26856017098117,1.53328145968463,0.482711541464873,0.180880012707886,0.15536944173959,-1.15656043106151,-0.0784037923964376,6.1898463918172,-52139.2499090125
0.0996276013420488,0.219559259278467,0.256627254015369,0.187716195087226,-0.282310216522505,1.52683165172383,0.488304412334025,0.190263271722944,0.140318131336194,-1.13872778956267,-0.0881839319212237,6.14798404532321,-52142.6468932475
0.10476750516976,0.21638143712251,0.258418172825432,0.209297631205179,-0.266227009363816,1.52458388162286,0.486582614028575,0.156263060225205,0.166643255696426,-1.14975189411531,-0.0460869978613001,6.14134712366707,-52138.805706864
0.102886728342854,0.212022915159877,0.260454797379598,0.207039941876649,-0.265304108719817,1.52363668742855,0.485215782567219,0.154448868961407,0.166285476735847,-1.14425256324862,-0.0450229203437972,6.12737590578902,-52141.0299243712
0.0580643315956081,0.179003337983412,0.255875873188113,0.186390535514583,-0.239851057570707,1.5344314092822,0.489864544834165,0.151775831425335,0.13092505638827,-1.1916341597549,-0.0515390869213364,6.25968460915343,-52142.2204893419
0.179602786582763,0.192425156769162,0.264587475601506,0.188018524855981,-0.249284388253089,1.52566008711422,0.484020607741273,0.149661552785231,0.154231107800102,-1.19425688169403,-0.0682785967655552,6.14777561043021,-52141.6562379323
0.0504564280426643,0.177808875911162,0.254692420676704,0.206921018540777,-0.23400476843541,1.5197151074435,0.495103688976293,0.142716015889068,0.126842387174944,-1.20484410989909,-0.0165318579202528,6.18042247416227,-52143.7225204336
0.0718878705248367,0.200110940411644,0.25173428520625,0.199101029677179,-0.259040290820288,1.52041073557862,0.505763712715953,0.136492854160949,0.147918688674456,-1.17933968399168,-0.0473085066315914,6.15983550504042,-52140.0635330371
0.0796285507958199,0.208734475010458,0.252667579333763,0.190163746085901,-0.27159686345057,1.52210579874557,0.489185665421369,0.148333755160556,0.145547099895811,-1.17620401450784,-0.0677589443166578,6.1615814580243,-52139.4516588619
0.0895865921824673,0.192494149051283,0.253934513756887,0.188710524089004,-0.259505322238685,1.5159021438468,0.493946768347094,0.165983891016023,0.143391339223319,-1.16136380724995,-0.0796775130859659,6.18784293713186,-52139.4937221631
0.127169822414736,0.191715735015367,0.25785018374829,0.192571696264033,-0.246151830275354,1.5309771010139,0.481794195514672,0.174459970001396,0.162052866510526,-1.17908300327423,-0.0517619345112918,6.20361155746673,-52138.0688487171
0.12358353008148,0.186965913519551,0.263255621866125,0.186630662863177,-0.248144170249905,1.53155196808718,0.48992739862035,0.174447633071809,0.155986075927911,-1.18651771210215,-0.0536522977837305,6.18502316656693,-52138.5851150842
0.0239148507694932,0.184295742452781,0.25529889968119,0.190255397795754,-0.257629841237907,1.51976164152105,0.485088159861192,0.164711091477971,0.156912637433417,-1.17430055568535,-0.0627841773565199,6.21499431653578,-52141.431366116
0.0727193751000056,0.187718529790212,0.256734807964231,0.19930179183164,-0.257906983188897,1.52346166638132,0.495982171689874,0.185981873716098,0.151743551079701,-1.15315964134085,-0.0431977175619987,6.16330394506851,-52140.3326530592
0.0212262690160385,0.207402120512956,0.251949025371552,0.203868807619223,-0.279433219043907,1.52945678135862,0.491967630119451,0.143334833994715,0.134533738513108,-1.16946316641115,-0.0717273974049064,6.17096134169662,-52142.8582509455
0.0741784329207911,0.210384200185009,0.258053998667322,0.197296295397134,-0.26735982004072,1.52529031462422,0.489539041257613,0.137938011026071,0.15038477683262,-1.18403726440977,-0.0545306189814283,6.18995560898525,-52138.3620062
0.0585572337843422,0.206608741739935,0.262473719112,0.20449250003082,-0.276412721827286,1.51608722046385,0.487554149857665,0.156234160548546,0.145889356507522,-1.16091823801443,-0.0627493812025021,6.13897556664731,-52139.5469066586
0.0907662129816183,0.217466961201116,0.261173928819713,0.208802340040161,-0.283386265391186,1.54172495614694,0.492244979711272,0.17932535609199,0.134632229065521,-1.14197336746391,-0.05319172096424,6.19697597109023,-52140.1454846196
0.105280779088646,0.217803715962862,0.261226316329542,0.206630002987648,-0.280380224737696,1.53751755757561,0.489632001410213,0.172206842341489,0.137717878676366,-1.14011855767667,-0.0562625708874198,6.20650731695307,-52138.769808378
0.143039643461977,0.21766352768093,0.264107574369521,0.209886218852924,-0.296974779017492,1.52462101355019,0.493532828476965,0.157329307510185,0.138262771559761,-1.15199734330682,-0.0455413854414654,6.1657454790208,-52138.7133393388
0.077200988563427,0.227197717794326,0.269916964156847,0.217284026594249,-0.282191985199226,1.51461215056384,0.488121237737968,0.159532976136345,0.170352685783047,-1.12652283704218,-0.0615789981331065,6.17157448831964,-52144.6834337781
0.117365250835627,0.223013860124096,0.271455983316551,0.219407023003,-0.299608435176004,1.53627080466642,0.490784312519335,0.154082425652943,0.146577842333259,-1.16447628785512,-0.0365038408496483,6.14142924387391,-52141.9775638549
0.100916307787972,0.21532739364239,0.255607001779556,0.206449413337693,-0.284648215713709,1.53020013395468,0.484571812737954,0.15145667283972,0.129803268022507,-1.1589432248536,-0.0501522542213552,6.22697364194064,-52138.5935582633
0.0793201931712779,0.218515642843622,0.264790620714609,0.210422565398057,-0.278606275445539,1.53780627810152,0.485870565194954,0.149612303138519,0.171488387343986,-1.15812188586418,-0.0454071357871136,6.12746115775668,-52140.7261881641
0.0965110169290642,0.220737471797497,0.251610402986811,0.201017774456015,-0.283421609353606,1.52799988744734,0.480308529921702,0.167173096469445,0.144072138621966,-1.14247309118218,-0.0582006127892985,6.23313336428977,-52140.5595735969
0.0923122344576331,0.197429329274722,0.27054632341832,0.2001215597303,-0.257335750478936,1.52565074046525,0.485475282810559,0.150582787177348,0.146656141081915,-1.17852379455711,-0.055415216110619,6.14546985744381,-52138.4272611882
0.121061797781445,0.197635376798975,0.251213015673637,0.190783093295599,-0.272035151506627,1.52458614411668,0.487909529311412,0.172225038442757,0.130945453759576,-1.16956478301728,-0.0390575037035661,6.21300085750525,-52143.1982924534
0.104159263907158,0.188796186634792,0.252251170669593,0.200274940268435,-0.261538536615027,1.5294300315385,0.478968495221856,0.177292691521538,0.136258757290583,-1.1937065144743,-0.0518900913233702,6.21343880927133,-52144.2220538328
0.108856769209417,0.212552455798387,0.264718589604429,0.203377337885875,-0.284069483400067,1.53255794910478,0.485573618562436,0.168241929277377,0.155587034931436,-1.16394266123184,-0.0737067622721205,6.12050941030733,-52141.6362938218
0.148222528013902,0.197030860922821,0.259877664824726,0.206076886732025,-0.263773960226825,1.53392708696603,0.477334660823618,0.174946222488122,0.148828143136668,-1.15703475599222,-0.0321738327248259,6.20937181422453,-52141.0256354053
0.0731219382707542,0.2047334627381,0.25749228981226,0.185253301781846,-0.267115819645817,1.54232100479046,0.485997593889079,0.161597176784871,0.12395565907305,-1.16192472242291,-0.0784928157795896,6.17410668372126,-52141.5458323419
0.121265702297379,0.203466141820693,0.253300549771748,0.188675664259393,-0.270858544915237,1.52915404303786,0.491286292956239,0.173394250811514,0.137096403394819,-1.18244104838415,-0.0721340777646539,6.17305235560204,-52141.4710395358
0.138350394173036,0.203803776212572,0.252799459294655,0.186576067671698,-0.267692935436696,1.52596243434755,0.494167692710937,0.169815930103866,0.138561818474394,-1.17609185352706,-0.0714461790142255,6.14988627132422,-52141.4247317798
0.0674217662311103,0.18907754308386,0.268849093815627,0.19674958443851,-0.272342696722778,1.52856245010466,0.485286084433319,0.162776068673608,0.139514566586411,-1.17839704427355,-0.0633464249946603,6.19528731177874,-52140.9599091803
0.118832206986925,0.195443177831708,0.267675282327524,0.197808975037989,-0.267743835661426,1.54149559886378,0.479585271026182,0.122329489104205,0.129846489714165,-1.18665054567411,-0.054304785765045,6.14214646163817,-52143.8922860263
0.0898456511961017,0.180273678163305,0.26910138234985,0.204378108026345,-0.254355023718096,1.52373579325364,0.479516803506703,0.175296176737759,0.148750243739356,-1.1883404515631,-0.0313379571498603,6.13771556664814,-52143.9719383656
0.0473872582715366,0.172592130329911,0.264552421232442,0.182285892335665,-0.243763748732177,1.53018147845933,0.493421608285948,0.145608323774393,0.152472924052731,-1.20696963697522,-0.0542942770371934,6.18850677015412,-52140.5518109187
0.060809683007297,0.147250011990663,0.264341457049872,0.179754199824756,-0.209106772772443,1.52432115479878,0.49666199369574,0.1324171184654,0.112021489881021,-1.23455780269951,-0.0275896843025051,6.14085118554854,-52150.061460474
0.0830990053555438,0.196649458510593,0.262302872823142,0.18997713867204,-0.262276129716165,1.5271586361581,0.488149962634193,0.156662947388282,0.159178803778742,-1.1677890498993,-0.0531141928767256,6.25154857744468,-52140.8717377841
0.00706767242480183,0.208472144191586,0.252465892563509,0.211384274186046,-0.257681275277624,1.53047096784378,0.487980031825966,0.146633752660888,0.165177601046197,-1.1912666486434,-0.0418050710849174,6.19656156547887,-52142.4524451493
0.123054202705017,0.200331650401609,0.254906439529745,0.20562796565732,-0.254345463987599,1.51721290450463,0.495601351445425,0.127958028219459,0.151156848698865,-1.20067170516111,-0.040429352220356,6.20942435462811,-52142.1254170939
0.100230978633139,0.218150908964594,0.250972963817648,0.206881576821977,-0.281038468753986,1.51928974284502,0.491370680050646,0.138447923574052,0.164297151762591,-1.1547021893407,-0.0430779817694698,6.22598163890252,-52140.8446777079
0.0613490153020141,0.189724484938156,0.262956028673896,0.200917974748977,-0.25385695050101,1.52244869731066,0.50249816172189,0.158181654006305,0.130579977604002,-1.16838743147859,-0.0357217429525909,6.14326782177147,-52140.1866106369
0.0906129402196327,0.193976970516719,0.262032929244957,0.206730745331453,-0.253539029419865,1.52324040090378,0.498996657801856,0.166607509417976,0.140460231157232,-1.17380940694464,-0.0375334629921863,6.15771697188664,-52137.3792216087
0.0649547203752523,0.192386347995693,0.256396599955659,0.191608541953785,-0.260181027446712,1.52959727370679,0.481141343509295,0.145836596633756,0.142793553242449,-1.19000495204578,-0.0680375453928204,6.2044322389042,-52138.3613038807
0.10930207507683,0.19159214567753,0.263998076281633,0.198024814602089,-0.26208431513682,1.52938863313727,0.486893768397331,0.1671927797434,0.139195482329465,-1.17846806882567,-0.0413027860234464,6.1519588792709,-52136.4406129247
0.095954577339595,0.181472041868261,0.249566953119048,0.186652750503602,-0.237455237354903,1.52926724439061,0.492428524714845,0.135953329430629,0.125338417778104,-1.20537651785379,-0.0570485458302809,6.21309398732638,-52141.9081838943
0.0590558013262444,0.172855669694103,0.254637346697394,0.184550172647044,-0.239498944083067,1.52232882448846,0.489628735520702,0.143901451094259,0.135691888173691,-1.20039113756462,-0.0568611304829595,6.20217107709056,-52139.1501504009
0.13471852093836,0.216470996627798,0.265369268784247,0.210584229952979,-0.280640770588859,1.53716321874072,0.481097496784512,0.16848656229766,0.149202358313897,-1.14255232961189,-0.0443962067934195,6.1635953340881,-52138.9068601002
0.113706394146937,0.21322162673325,0.265673755697142,0.215439641561286,-0.278194335845355,1.54004135349901,0.482785282009021,0.168850556896527,0.14776927451738,-1.14576012654938,-0.0384479737280079,6.16074747003987,-52140.6426074067
0.071365331732314,0.205104377436745,0.253766229739704,0.200315481296324,-0.266162340408319,1.5226055183284,0.488541558679945,0.143030738309212,0.150351554839895,-1.170724965504,-0.06481214426174,6.20126361056975,-52138.003045697
0.0890650401720288,0.198048223391498,0.265890536093637,0.209422281645763,-0.267446869605841,1.52689724104539,0.485496407897923,0.171385499436693,0.140394759335166,-1.1698790733926,-0.0308418312884572,6.15554327432742,-52137.9975604656
0.136261219195353,0.194817705262222,0.255572060820318,0.191569447210086,-0.263310844088508,1.52816029364516,0.497667206316113,0.167788437274009,0.122811769284216,-1.1780080949318,-0.0646271304550344,6.20865619886225,-52139.7130797184
0.088832706895658,0.183239425129862,0.259758025764776,0.182814319731021,-0.244785108528497,1.52006301259188,0.482445426503052,0.168237212841827,0.136789726093889,-1.17771598135939,-0.0595694859781099,6.19874359191831,-52138.5508137804
0.0313505081079795,0.221151688383029,0.263775392692675,0.207241760172672,-0.281813385389715,1.52965870609221,0.484177035399988,0.153651514366097,0.136757467452974,-1.16287081006586,-0.0505315827323969,6.18880093911247,-52138.6646229019
0.156855899689438,0.233051260335859,0.260199545627174,0.211998786248396,-0.287432447119699,1.53898534004893,0.474964687671045,0.152639192725077,0.158383258803925,-1.14930142481721,-0.0423267652207965,6.17528297590358,-52140.7407749286
0.0640250268616647,0.217484750856801,0.258876010184314,0.202009916556761,-0.270610060703162,1.52208248978428,0.499666347270538,0.183201372831584,0.141509308089944,-1.13848097451524,-0.0599713436121482,6.18385084918777,-52139.5558268495
0.136884802632489,0.215308074995353,0.26311569936502,0.218252156076847,-0.280015545126615,1.52170611187471,0.491058688218177,0.145199470697348,0.146662219087389,-1.15184220615487,-0.0292182161730606,6.19647320547956,-52138.6665370421
0.0543898742994395,0.193080785145258,0.258287344168411,0.181319507027339,-0.258518285331034,1.54344902086955,0.481688483204423,0.16396376582583,0.136487637126852,-1.17781272700898,-0.0700225545707279,6.15950786345846,-52139.266325698
0.154293217084128,0.22546126725253,0.262369936761952,0.224347402920428,-0.277077780416477,1.52159925678217,0.493512715944594,0.161959627031739,0.159939650510303,-1.13891400935191,-0.0382317987111691,6.19603737805642,-52141.0541111126
0.091071761576693,0.221009293101597,0.265049779753145,0.219669978633059,-0.293275144700819,1.53334640730939,0.482509991609804,0.165187532584486,0.155356258111088,-1.15208081773666,-0.0269730585193214,6.18019048486923,-52138.663589845
0.0938522766383053,0.225106661067033,0.263888920372592,0.215836770686986,-0.280912736850056,1.52800583969408,0.480640157537805,0.162843565117295,0.154341674654622,-1.14175408003476,-0.0247234352169992,6.20182748540723,-52141.2580127587
0.0926539664589076,0.234230796683074,0.262255663822163,0.213798486492013,-0.290519052760681,1.528035781818,0.490757931894739,0.156894653270308,0.176082505159041,-1.13732430391445,-0.0389372363158344,6.15838844449543,-52141.3606858471
0.100631108799335,0.17645153229102,0.266768967894981,0.192623394898144,-0.23728497445893,1.52878703993477,0.474881981329466,0.142235308830769,0.146575922709246,-1.20286436439096,-0.0465792028060399,6.16044801389066,-52140.3431773248
0.11293428458985,0.173946457986017,0.261331741628722,0.185516078220074,-0.246357894384433,1.54515674609779,0.47964203464763,0.154352022737521,0.131631868654702,-1.23035034997675,-0.0481401194343672,6.19173472795063,-52141.9026440752
0.108055722272537,0.18985973815075,0.25929714865858,0.190135238923478,-0.263342351020494,1.51030034809852,0.495478639369215,0.187528391542247,0.133145376260357,-1.16101029875025,-0.0705171089098825,6.15151856602107,-52141.6742067052
0.108007287751003,0.213603347144608,0.264670935196586,0.202794526053644,-0.292713558151166,1.54516680102062,0.473860319075375,0.162898989425544,0.151986494054301,-1.18128864582697,-0.0391163930571271,6.2083591474355,-52141.2632173359
0.137835764690252,0.214455576309855,0.264518800812772,0.209356970247789,-0.274409303104348,1.53107348066664,0.477362884518461,0.133008164009649,0.158669357070372,-1.17128286218216,-0.0412131506787896,6.15383735055249,-52139.4021599836
0.039082780070407,0.207285528416645,0.25568698459848,0.196836938754409,-0.273421236460345,1.53213145997251,0.493955472058893,0.172463247131737,0.134099419131252,-1.14767873070807,-0.0505506133390639,6.18826090007229,-52139.995148007
0.0764488010366915,0.207052558839617,0.259504760686736,0.211700983562533,-0.278048188717797,1.51679568179631,0.496957033933885,0.176690146079061,0.12828789837976,-1.15723238450058,-0.053046001318407,6.14709686242049,-52140.8883580801
0.102052833434833,0.197869276570566,0.267307084542454,0.204275833790057,-0.263400803500393,1.53882632078717,0.49700128060739,0.157897529701257,0.126549320699221,-1.16448800574856,-0.0327120749959879,6.09515846401528,-52146.8009683023
0.0795168227317553,0.195342059349286,0.25388033781734,0.194596930246388,-0.240831844789375,1.52611697784721,0.491694622886752,0.145220632141744,0.165407315134739,-1.18227079366927,-0.0492647176499905,6.2587133640309,-52143.1246591867
0.0927063111402168,0.222681988089418,0.263636067273321,0.211402064750471,-0.269688879670002,1.52440253843896,0.488260411463369,0.130988859082424,0.150233917598408,-1.15722344173051,-0.0420656523830866,6.10338725625259,-52144.8536813622
0.0778978711754559,0.212687130697736,0.263291014448401,0.210365129619034,-0.276011122609915,1.5232175231467,0.49577341350681,0.167758380386513,0.128869251274258,-1.17013283941669,-0.0421315132842481,6.18581631022652,-52140.1969730235
0.0757322096850773,0.226860834548095,0.255401237943427,0.207938394875783,-0.293813176034795,1.53508506613217,0.492386147055854,0.157400009847894,0.185797561528315,-1.16599229747035,-0.0566874827096711,6.17900044755847,-52143.6798122589
0.145668179225226,0.186815260811038,0.266105733631549,0.198018204310507,-0.255068572613443,1.52715247485531,0.48562149654386,0.172504918193018,0.111045767872543,-1.1847104237442,-0.0463720208600834,6.16719589028273,-52140.8647589319
0.0307201716687317,0.218844132449119,0.254638822503903,0.199532820213123,-0.279495951622791,1.53620479898497,0.481098488878932,0.145218359554861,0.175125029578425,-1.17084239778875,-0.0603615020961859,6.19924259794962,-52140.0767197292
0.169380507016594,0.199021103634006,0.262983366100349,0.210799508449836,-0.265631794452068,1.52780718829988,0.488381138978469,0.16064417431969,0.11776054468083,-1.16841088975275,-0.0213700519731355,6.16236917056638,-52141.4424561115
0.068404049349586,0.207826251468976,0.258428503393756,0.211308851200285,-0.271582114688213,1.53252826566505,0.491982062235668,0.155931691635003,0.151037197170051,-1.17576238834392,-0.032051411595139,6.17025384275648,-52136.6521568102
0.0147721814655343,0.206284165917566,0.260750518295927,0.212133665538104,-0.266778173507657,1.53574496429588,0.492656907218493,0.165108140205132,0.147370796592176,-1.16388756572448,-0.0250295667000175,6.15288360655544,-52140.6398719897
0.0367787586802619,0.203699604903831,0.255546778497338,0.202776629992298,-0.259748776949669,1.52983681950295,0.487466643351682,0.167206486797489,0.153969241097944,-1.17844483950608,-0.0427049807997575,6.16326383439245,-52137.719050364
0.103155017735173,0.213479690959369,0.258251416705047,0.212225905882089,-0.284537945944829,1.53806969113175,0.481998280372005,0.145827574247513,0.142297110169721,-1.17423042321931,-0.0457022053781279,6.18356579822382,-52137.1322730548
0.146027316687642,0.197267316162539,0.260320350273884,0.201856425525285,-0.268093992473129,1.53308590452575,0.50207081338271,0.146639866589059,0.131574947384615,-1.17452923507777,-0.0445051216263304,6.16099430767266,-52140.8613265101
0.0313057587484278,0.199993364576619,0.260016869203279,0.202445232943166,-0.2596249029993,1.53205801797042,0.473322241155645,0.15710573009203,0.163253285124737,-1.17711793859582,-0.0583999352418277,6.1950368594691,-52140.9272692813
0.149134153049648,0.185719620979559,0.25965990754794,0.188275281771224,-0.252301033769214,1.5408188696829,0.484062690720114,0.166750565805301,0.127884806846224,-1.2111959590401,-0.058452631249416,6.14135842129542,-52142.4828569663
0.0720286338754168,0.190129711605573,0.261456790229099,0.189229821875657,-0.251781883374503,1.52856279981631,0.485708002618793,0.148496905840702,0.146103923339129,-1.19917201450719,-0.0525153057799372,6.19203531264391,-52137.0556086694
0.107682945689787,0.21513126839717,0.261956686972548,0.205346721462344,-0.279667435217303,1.53647364406371,0.47620446545985,0.170491675988059,0.139133982215188,-1.15954904636905,-0.0491180120120209,6.17981928386761,-52136.6883875266
0.149358980168821,0.200507316019739,0.263496556340302,0.203859920001058,-0.260646052477598,1.52484273746024,0.487455830828904,0.142579664040582,0.177363645130649,-1.17276553935452,-0.055139097703081,6.19261685211282,-52141.9091919206
0.0804402654398812,0.198010395272159,0.256395701990719,0.184051335539357,-0.259066224490351,1.54388633636964,0.472164643640437,0.167023215690663,0.128630174442119,-1.18334224569258,-0.0720909984065633,6.1770479774066,-52140.6828487553
0.111703740732937,0.175274287607977,0.263712573751234,0.178339316791863,-0.226441670012573,1.53525902049312,0.482678813086619,0.181660949673396,0.143172871854206,-1.19008900085026,-0.0707227644570013,6.15984185898846,-52140.3201887037
0.0824029897641943,0.221479195385702,0.261221750443328,0.216982981905541,-0.292898220742078,1.5234689920608,0.503150362416508,0.133698619989752,0.148602949826672,-1.15914492298664,-0.0357930333042008,6.18712429104126,-52140.1436187723
0.145011301884446,0.20812129314684,0.250526259757155,0.22293562099136,-0.266386249410449,1.51426617016068,0.48856955541603,0.129604337572561,0.147968694718827,-1.17078233137597,-0.0206743609528364,6.17680685396434,-52144.4306618118
0.00944557369247447,0.201651337254908,0.264900756266006,0.188626033008398,-0.2663922066144,1.53311215510184,0.487356080417255,0.176341049122112,0.141680050838188,-1.14699420360839,-0.0725855118790243,6.1725934296967,-52141.0161417039
0.0747011327656295,0.198803637760511,0.262858020204568,0.19550503634243,-0.270439291294671,1.5427956599927,0.482277028638219,0.17315446627863,0.139471695292534,-1.18082500446564,-0.0651924110496961,6.13415666005632,-52139.0487209495
0.127284915967766,0.179973026654011,0.265599912638979,0.189771766305968,-0.251696664947852,1.5242635502526,0.480632030897207,0.165711244671807,0.149431618177933,-1.19031297582592,-0.0436540025514115,6.18636283169481,-52138.6957763605
0.017365317304564,0.19843251940962,0.257949470899634,0.18965442586303,-0.26629176941805,1.54408052397786,0.483152587686251,0.15353098805919,0.153551404340326,-1.19055315573974,-0.0645775837893899,6.15820492562575,-52139.1642098305
0.148480234364268,0.205834307896707,0.255210672466018,0.196603216311844,-0.274110648028536,1.52938556915643,0.479720903673035,0.156779805151844,0.166827410015525,-1.15888327769662,-0.0572631497016374,6.20766737867516,-52139.6613488649
0.120160667496072,0.214366938759326,0.257224494580077,0.196723983516934,-0.279749801190411,1.52311553318325,0.480427715755321,0.163353023150224,0.161519438741334,-1.16881490726132,-0.0569834261944949,6.23942881979999,-52141.0326262065
0.0540582168434513,0.180319633692215,0.262950966830634,0.191671664783031,-0.238251704255555,1.53818229433652,0.491298171547924,0.153138917097211,0.122119839867747,-1.20047852924422,-0.04490406404991,6.14587532336648,-52139.6857567697
0.0631741296486678,0.185368352576869,0.267162998462824,0.189891616678086,-0.24524857188601,1.53877014085019,0.485431954275922,0.175392249236538,0.13859415151527,-1.19547716617111,-0.0485157568618087,6.13240385075829,-52140.4127831732
0.0840460515617492,0.183904123632698,0.265001995683958,0.189160804658054,-0.253713779235799,1.52715510884728,0.485919373342469,0.152538484240292,0.140937646810901,-1.17940559740105,-0.0578479333709582,6.14454726738097,-52137.8982118468
0.0918178742029814,0.206687856687916,0.256181049098926,0.202155723280194,-0.272429209170224,1.54317917736861,0.487535457643103,0.163453425518426,0.151357470977107,-1.17037316342609,-0.0488970084425375,6.2030500467126,-52138.214596443
0.15087782938542,0.196785061076304,0.264472093242316,0.200844874101515,-0.269818752649591,1.52984011943777,0.492138378956851,0.161036948826629,0.132450199936423,-1.17206191602499,-0.0458646344398749,6.23354982499693,-52138.9407846981
0.0419864050533405,0.206394956758111,0.250643300277675,0.205770605849612,-0.268601204705283,1.5166472804574,0.497145387680158,0.153685550845322,0.150753300083812,-1.16907190073305,-0.0360670026638016,6.1390680129419,-52140.0435392812
0.138128038471072,0.21198210326696,0.264860755130172,0.204150922869529,-0.282723896374158,1.53853212700944,0.471388548419216,0.158302275861153,0.139226068490961,-1.16523646116889,-0.0601990676248318,6.20613708258769,-52139.3786451254
0.0767072958716787,0.217450299997229,0.261204535279335,0.205131884862957,-0.275491595137833,1.53296731005013,0.49143327016334,0.161811314132617,0.157382493573804,-1.1510735883107,-0.0483058640273465,6.1470151432539,-52137.506464222
0.0672173491746368,0.214660347666073,0.261440502936617,0.205686191067262,-0.270223552884417,1.53362576390352,0.490797614493682,0.15999388811303,0.159964328956843,-1.14868113846631,-0.0469550020205005,6.16509816248817,-52138.2969122817
0.0765334415369532,0.200244884867144,0.262259318086716,0.202913238884252,-0.275004580073029,1.51476252428097,0.490043899760608,0.158079542436358,0.14399431517057,-1.17734934072685,-0.0508039518593973,6.18302098393799,-52139.2640730944
0.0743530870628116,0.211925363963978,0.26520529807445,0.20607505323023,-0.286714196017074,1.5315645086973,0.48098412731203,0.173588563978019,0.164073131294124,-1.16867480410927,-0.0554682268678719,6.18934061968322,-52139.4423150384
0.156242021425938,0.214090462854769,0.255879755865402,0.206048449930921,-0.280204923204742,1.51836155428524,0.493114338493888,0.166985968510932,0.138294517272052,-1.15861744849717,-0.0585974801538934,6.1473315897485,-52139.2855891834
0.0576335888002514,0.222094021178865,0.262334286136192,0.209448888162033,-0.286063057138855,1.54309820126226,0.477793776517371,0.151702956791671,0.153275046406403,-1.18757817695288,-0.0410761577444421,6.21556670651749,-52141.0350266959
0.108442088334526,0.234048940551858,0.247598871145124,0.205207810732385,-0.287702851674609,1.52722220185542,0.491237912623996,0.146353958390573,0.15484026554838,-1.14819952712991,-0.0566150186265084,6.22478028298106,-52143.1675544569
0.134067980664356,0.229104392475114,0.252274613099505,0.208886081337361,-0.289355495513366,1.52760786749385,0.490653977840527,0.158831938921158,0.16444825091923,-1.16023386454195,-0.0549784892821755,6.19510321862658,-52140.1009227568
0.0215681457239282,0.196866216452913,0.263096883470275,0.209974488892079,-0.260896766552962,1.52575547394647,0.482582898639199,0.163780794638186,0.162164336477872,-1.16717820882646,-0.03927540169886,6.17919772581768,-52139.9623699561
0.0928480504211922,0.204386958245194,0.253665584868102,0.202325710058027,-0.273808099469606,1.52724107768808,0.49702151471321,0.1466687667997,0.16332672321557,-1.16917757678668,-0.0523095955940187,6.17956368330273,-52138.6675019313
0.0600822136463086,0.205820040192888,0.254734760584576,0.200021545017023,-0.267807092943397,1.53050691985461,0.496267039016961,0.14722950313364,0.157414478826478,-1.18097451546583,-0.053284368986068,6.18450621986857,-52137.263989115
0.0472109337469532,0.200263990048161,0.264714608964944,0.206332454485731,-0.268026417565801,1.52017731926614,0.488020888152898,0.146478331083094,0.148894501132821,-1.16832498389546,-0.0431840499801607,6.17302354891534,-52137.7976309915
0.0886384506427866,0.18697654928826,0.257704028435987,0.190747340031237,-0.252676968205309,1.53880697982214,0.491357225020745,0.160556555624351,0.142220992866839,-1.19076266997094,-0.0386287536707655,6.14500543573404,-52139.7317631569
0.0922948631391645,0.187849180489612,0.258931949338427,0.195209805215292,-0.252107275915063,1.53485081135795,0.487513538057041,0.163689016425457,0.148748875969913,-1.18816634486448,-0.0337421826120023,6.13458922247826,-52138.7391818117
0.0661900997917302,0.195092104091767,0.258236552776926,0.195970461352721,-0.270004049180843,1.51354774001161,0.493932608136272,0.168415182638464,0.137028372705153,-1.16154511994813,-0.0521395646086808,6.19823025516145,-52138.9011299774
0.0471358685032798,0.190112240802574,0.261320524727218,0.203101713968898,-0.246580912851092,1.51293671887213,0.498507398128468,0.173794762016282,0.154376363542636,-1.18169453943376,-0.0548216780023257,6.20303164628112,-52142.3403689957
0.0930240061314815,0.195756512278616,0.259972794448328,0.197773922653101,-0.258592965021003,1.5174411437777,0.505317191230247,0.170582714497807,0.152096913047043,-1.15816175716176,-0.065627110182954,6.1707104402714,-52138.9424106269
0.0509371004200474,0.224661194965345,0.252961850386324,0.20138525756793,-0.280235885307182,1.51552479214651,0.487493724128251,0.164326223243039,0.167630824178777,-1.13851071304656,-0.058824752811736,6.16135679034683,-52140.8785818044
0.103521759780398,0.192465091987252,0.259408863921338,0.202678824946268,-0.254449252449894,1.52315740659178,0.508514214341953,0.164292167873745,0.153629722303635,-1.15990869075332,-0.0426837956943293,6.21595317306033,-52142.299313835
0.0386933326366722,0.193548189886856,0.253726444837407,0.185164018806644,-0.258288454254083,1.51338573443841,0.491323417755276,0.148356325005097,0.138568446836771,-1.16619929780589,-0.0727125561616401,6.15809140516993,-52142.18788183
0.0767408446577278,0.192276401337414,0.260549756632036,0.190932423042047,-0.259682344158318,1.52869096234401,0.484381966419312,0.161466262548875,0.146491549394357,-1.18032542128019,-0.0736836973492282,6.17696689294192,-52137.0823635636
0.162807558709586,0.188917984155633,0.264621595207989,0.183323353329055,-0.257189589627827,1.53065699628452,0.483359814365147,0.177346308557751,0.143331278820702,-1.16668912708738,-0.0649893204288361,6.13693973963783,-52139.2432486854
0.165890083437123,0.196198533439613,0.258658457862587,0.193589317549248,-0.266242872969337,1.53089817102736,0.476211195285314,0.169382295027739,0.123251315269339,-1.17251596843707,-0.057775900048647,6.17908480767829,-52139.009434992
0.134293169225068,0.194628970817503,0.264550520147879,0.196240632706407,-0.274539586423696,1.53670268136098,0.49067109902066,0.151878103209761,0.137471897425961,-1.19744204745994,-0.0601724393040774,6.21611075763926,-52141.1757719159
0.0888227852677708,0.172472922789873,0.256654406134085,0.184699890824002,-0.243000489942616,1.52335278079171,0.483966665818274,0.171707591793212,0.126872624546075,-1.20893088833403,-0.0563484444692373,6.18959456096028,-52141.9626903316
0.0918698178235449,0.172287757098667,0.257953102954716,0.184976922804088,-0.243000564049199,1.52443232198421,0.484765872598801,0.173683209900983,0.131377678351022,-1.20955396121767,-0.0568689127592659,6.191251520109,-52141.5077200587
0.136613106639428,0.191693836176382,0.263408877703396,0.202199985028869,-0.261337503652318,1.52953054458524,0.48712878951405,0.176161606084251,0.151355761930519,-1.18056955158575,-0.0485475831928232,6.22153649827801,-52139.4810263469
0.0363056882191817,0.193643780027227,0.252473422645403,0.196417781061883,-0.261043626758154,1.516777326149,0.497572187149037,0.146845243088951,0.158954075114547,-1.1779490966006,-0.0350317691407854,6.15979663874147,-52141.8439342572
0.0250557575494079,0.210566713872026,0.250591501224321,0.208103275286816,-0.253997369619149,1.51847932407429,0.487235788452936,0.155223383126058,0.186868556329936,-1.16945239066699,-0.0598987884409869,6.20733577872845,-52146.7289218997
0.103768603170081,0.207036007650086,0.260444759568727,0.208052479317322,-0.263727825656651,1.51578203989475,0.498384619496522,0.169063601615104,0.145053432517815,-1.14408156941328,-0.0560862756090387,6.18172674205494,-52137.7701707718
0.0750429577294937,0.204278212814434,0.263504335323137,0.202410967362453,-0.254572253837374,1.52840759565664,0.489532205112559,0.154608954132839,0.144914829679532,-1.16348506544698,-0.0568121901113924,6.17738284115626,-52137.4276784846
0.101202951455298,0.203356677233609,0.259627241411208,0.201990664000612,-0.265293944921586,1.54839349687339,0.479637763077662,0.126981852656528,0.142351141361285,-1.19841605402532,-0.0238090006979589,6.18151428259774,-52143.0269703996
0.107639308895064,0.205362397372102,0.255477591816184,0.197172813377361,-0.268847477038154,1.51295765457988,0.509739836210754,0.192256402702604,0.149052572514986,-1.14173358470304,-0.0756438968147899,6.1870956517268,-52143.6193757989
0.151307703265565,0.210503203976435,0.257353936457979,0.198887947854854,-0.270197892110182,1.51182862960246,0.497516857965447,0.152199947154852,0.132314038609576,-1.14854406241776,-0.0555358498267218,6.09416134512768,-52145.0593800961
0.139427217934233,0.196500700041252,0.264142402170685,0.199594849453294,-0.252183333142555,1.5118496413427,0.492373993585388,0.173451004108182,0.148427697219797,-1.16676220750657,-0.0520968494147103,6.13282186970237,-52140.7330985691
0.0514687226493869,0.178412212643731,0.251763368528177,0.193791606002168,-0.244285856055993,1.53703619127824,0.488810438557829,0.146519116051238,0.14204873006223,-1.20365942956427,-0.0416890059722271,6.22782287311094,-52141.3020886005
0.088582364730538,0.195396271605671,0.262016359378269,0.191661894427303,-0.263517817169952,1.53931005842228,0.47594268994779,0.126328834809727,0.15551691617203,-1.20221699937289,-0.0478075521492459,6.1495350994356,-52140.1372543807
0.0792028541013161,0.206124114804103,0.252780691981211,0.201542087450413,-0.269318264041129,1.54434476917325,0.47705385897969,0.129753958755,0.159482261872685,-1.20830553133884,-0.0554634628352416,6.12690737285428,-52143.7920269986
0.0813936161014942,0.20881281368317,0.256219381313672,0.195717624374395,-0.271563732571727,1.5477129640184,0.479476186991945,0.133556811546451,0.152420227901819,-1.18922313857169,-0.0499369984922886,6.13656748239767,-52140.9630713288
0.117973715820176,0.197796588857637,0.264978118044891,0.207979953501357,-0.250823265900361,1.52410488271228,0.501301095677557,0.173237234131692,0.141001690988193,-1.14727502439732,-0.0425892229736723,6.22275099368477,-52142.2192595403
0.127346822285196,0.222649655401255,0.253448195555843,0.203233866440451,-0.281964322411518,1.52902989754218,0.480672174654188,0.143927324596074,0.153108533422263,-1.14321358901478,-0.0534143828339039,6.1363674913819,-52142.1084800137
0.122854440547742,0.208790584230593,0.255717647157147,0.199259745959314,-0.276322493904493,1.53022413046321,0.48247073937072,0.161483016862989,0.159735043215338,-1.17236889993892,-0.0520700256886393,6.13902724178937,-52137.2400638383
0.105269358514163,0.211977761327375,0.256050367506295,0.205325807906755,-0.274619288725146,1.52345159056546,0.479565711236005,0.159731316242612,0.155586718773656,-1.16084271612548,-0.0488005888704008,6.15160348715384,-52137.0179958721
0.0780347168108327,0.216842181827708,0.250769929944293,0.207143768809653,-0.273428653953908,1.51840786307064,0.484046034352669,0.152875868329571,0.15479743105651,-1.17365006921944,-0.0488401180557949,6.16583394163796,-52141.1257661584
0.162399737651482,0.214122204385181,0.267757615692699,0.200588135648207,-0.286416472726239,1.52679425718359,0.491267968114064,0.198914732120862,0.158230102829679,-1.13018591710329,-0.0795979059674431,6.18556069614918,-52145.16487439
0.136344012394711,0.212928530306307,0.254619159820199,0.19297862813756,-0.287207123733252,1.53048651018934,0.471358248852431,0.172034681822268,0.141742781140923,-1.14267860346142,-0.0681059390446099,6.13711466612687,-52142.8921765848
0.0868475445987911,0.225721468160435,0.251142499550435,0.194719124184834,-0.290803592313605,1.54010843109942,0.47243402332222,0.172160923167946,0.163174742582191,-1.15979688587799,-0.0679660444254744,6.15516145155577,-52142.2743475146
0.1225822807447,0.208612862227448,0.260639003482979,0.209800567531638,-0.280605483678253,1.53161151411055,0.489560683610123,0.139931429269307,0.13461995067017,-1.16831468404766,-0.0485646707970996,6.16058864310424,-52137.7132042277
0.119097131183549,0.180854937418269,0.25949279164072,0.181287767910301,-0.234381464920088,1.52669329298493,0.478490470805458,0.182881051759585,0.161003212823974,-1.18235127326059,-0.0610577435637482,6.19756922513169,-52139.7498864721
0.0787741183201828,0.174133624652002,0.26072807329751,0.171880935682908,-0.223536182134685,1.51472531257627,0.494191369155345,0.167110535742817,0.149080079477074,-1.19459198863919,-0.0935708861369363,6.19888124274677,-52146.0503327675
0.104090355062016,0.241025153778066,0.258775945090537,0.217884036784891,-0.309853418538066,1.51541831545795,0.498168828139085,0.133172651958611,0.170007565558928,-1.14693475726997,-0.0377522614582908,6.20060244726608,-52145.1582508896
0.10277971615826,0.234654628626605,0.257801766439884,0.221484604573771,-0.304959714958383,1.51571043145956,0.497105458964661,0.140410341867535,0.169360917699434,-1.13936735249879,-0.0334977666127489,6.20090134216009,-52141.8600405257
0.143106668551576,0.229597966566391,0.255216233899023,0.218103130106881,-0.290300909271725,1.5219462180423,0.497148101292303,0.153095331716078,0.171278855177965,-1.1396389229241,-0.0400317108935241,6.1619637045067,-52140.183183555
0.110533958734811,0.217771185695805,0.260006787370011,0.20863277734617,-0.283678557619585,1.51155752373245,0.490066295163443,0.161890868555855,0.168019402361169,-1.14114973637449,-0.058921910089347,6.17385835853392,-52138.9897491224
0.0562478311127724,0.218338508986029,0.251734170477906,0.208264784715212,-0.278628143823306,1.5306319814533,0.493935806497076,0.152268583879792,0.142395085293845,-1.166959943156,-0.0457879926625801,6.18746709771974,-52137.7369445735
0.0834695748110446,0.191560045391257,0.266957738427624,0.199184956854911,-0.25291196625266,1.52465249036102,0.487122852164538,0.159483043723541,0.16037609116936,-1.1687654390249,-0.050760310441604,6.18890098251138,-52137.7719626182
0.110879077018893,0.210268919229208,0.252453540044854,0.194689777701971,-0.270072783156393,1.53759623824413,0.48043178311674,0.157195826317341,0.148111544880848,-1.1730498572874,-0.0649288378089862,6.16236738483575,-52137.8749543706
0.108652307846614,0.202411476696618,0.261546338530098,0.189152503198116,-0.274573802063589,1.52265246134943,0.48155919194099,0.15139035493817,0.147094581387281,-1.16805746850458,-0.0545466200052982,6.1508172005538,-52139.9393097258
0.0772987983655588,0.208322521290945,0.268252393764284,0.205401154996306,-0.264779004367742,1.52974453062088,0.471252551121553,0.167538296991673,0.145599478170476,-1.1658529584157,-0.061219272008198,6.17790925853211,-52142.2489557029
0.086075421338545,0.199900613768266,0.25596441496332,0.20104996128149,-0.259989344346348,1.5339891090958,0.488578393910262,0.150030594430718,0.129247162486771,-1.18195816570892,-0.0479021940961095,6.19088089222902,-52136.7031174835
0.145444252979066,0.207191489776915,0.270224506538366,0.192126671046613,-0.26564839236348,1.53845319898744,0.473999311658617,0.196209035768964,0.152598560725697,-1.14632892987937,-0.070594135842598,6.14622481580204,-52143.1184401568
0.0438237623630511,0.214569550018266,0.251946901908347,0.211186612426361,-0.282351103169996,1.50774852005934,0.50326966854376,0.143397481110022,0.147638670242999,-1.16205472212781,-0.0472529734548531,6.21275624953508,-52142.0297173585
0.0802776335158274,0.220631504562962,0.264986423399798,0.222913635088224,-0.287216084882783,1.53071975719098,0.496991328419987,0.160290907674414,0.145839482683573,-1.15646947305165,-0.0233784302815015,6.16307756810658,-52139.6396778853
0.165005674294457,0.20142109676507,0.259788862022852,0.203038443588191,-0.269938991057975,1.51874637135669,0.486031812396309,0.166854834274592,0.143476017828033,-1.15749333207597,-0.0453317475834075,6.18570671557471,-52137.1607765264
0.0792195057957535,0.211054818252115,0.257810542900664,0.201756456455981,-0.27304374525112,1.52849520881191,0.495871193707995,0.173876119944906,0.155074617004896,-1.15279453127306,-0.0602500440490636,6.17091156210849,-52136.5406118306
0.0574238487898161,0.204563888266226,0.260307079687231,0.198802239808477,-0.273927099728582,1.52477550111087,0.492772885489203,0.170025981773974,0.152307430286854,-1.14818526047731,-0.0645802760142298,6.19412032118053,-52137.2951646245
0.0897422964553864,0.225750025792655,0.256421324807776,0.220550271790747,-0.280465571730165,1.52041737561066,0.494204554063503,0.156774410018284,0.154489296223137,-1.14087016498033,-0.0346967109118478,6.16229708419312,-52137.9863240809
0.104219501259387,0.227842800916809,0.255998888572873,0.222891352304711,-0.294413861449126,1.51374665233095,0.496903649486756,0.161292465555958,0.15147437155107,-1.14247896325626,-0.032544373601092,6.14063761824211,-52139.8758776942
0.0837065018560446,0.204750784656927,0.262422777924126,0.194475843728608,-0.269384809594434,1.5389069670562,0.484487060980914,0.168662361289662,0.151520566643937,-1.1648350784662,-0.0686786417067091,6.21069310043898,-52137.3341887713
0.102817923608436,0.207209094884435,0.261844137763557,0.191272424561669,-0.264661533889549,1.53690040211285,0.486863124044439,0.172698848226871,0.139103525487829,-1.15304372879486,-0.0609439091938633,6.18856757365393,-52138.4923615116
0.104888507971325,0.202718639994669,0.262727674298016,0.195397434478426,-0.263098182270435,1.54129966997359,0.485710390771288,0.170777788600369,0.140222485834788,-1.15419619488497,-0.057639158238483,6.18190119918846,-52139.019586434
0.0614241634633743,0.22587804331165,0.267211788191301,0.212129826869413,-0.299312114115976,1.53077121639304,0.480862208394747,0.145405431384906,0.15389998172927,-1.16533530293846,-0.0534190690748504,6.15983754406912,-52139.0331287081
0.0189571699650716,0.219466167209824,0.266138054253144,0.204654744384812,-0.285945578636098,1.54878070250269,0.477852709426848,0.170715388212499,0.136737146314479,-1.15195640304147,-0.0589928622921492,6.16299205342121,-52141.3331257455
0.0407723102860095,0.215820635127623,0.258361179886176,0.197771316622946,-0.284779473207015,1.54238080750634,0.475050355430073,0.171420313542822,0.137898610596529,-1.17423170681814,-0.0599190483929292,6.18415144847848,-52139.9516538536
0.0371146273108613,0.213113140800426,0.255848183017742,0.197814319751759,-0.292452816741994,1.5413891956177,0.473606392749182,0.167999060560329,0.138253174900246,-1.16783329066611,-0.0584485329283149,6.18389976171742,-52140.783207501
0.100828054445756,0.205435792299178,0.263216814243642,0.205809883880694,-0.265355854801847,1.52147113906989,0.495655906916164,0.184347263256435,0.146282094324648,-1.13234709902499,-0.0507071534678247,6.20975499316955,-52139.4376497024
0.0770167645858532,0.207151852511523,0.252097998287017,0.202766897525595,-0.261397587776859,1.53012532884284,0.49076859958762,0.146123237616356,0.130812692601188,-1.1624327790281,-0.0543763574652993,6.16894937399443,-52139.8284124549
0.102255542715462,0.224909642130809,0.262306286453374,0.222903956412275,-0.281575445909123,1.5098422768353,0.495835148869283,0.168151892965677,0.166714762646833,-1.12100082928005,-0.0358478495308148,6.19902251311407,-52141.6764727064
0.0750748193547282,0.172930162895445,0.256141290248317,0.178134517298307,-0.236989556591658,1.53847239491298,0.486733285090119,0.148260554076849,0.123282958914742,-1.21176510261251,-0.0638847803036679,6.14484321726128,-52140.2076206255
0.16133271279882,0.198263142039829,0.26969891747362,0.189753881130239,-0.265852578147177,1.53722380269198,0.470631124540333,0.175366645741783,0.148714586960003,-1.16751875191806,-0.0608578636035912,6.21503060010147,-52140.6031382397
0.115153295067745,0.187274404401326,0.262530324682591,0.182812333254168,-0.250232312695805,1.53248551122471,0.46905990004887,0.173653198253306,0.153340052927604,-1.17495568756089,-0.0578619663916044,6.16691786593761,-52139.7924267198
0.154107289519319,0.2026196558009,0.260190316656129,0.19397923347579,-0.263989564479947,1.53395145438988,0.49323383065595,0.160933134221918,0.143727724316631,-1.1643355303668,-0.0575867799928989,6.21085692680306,-52138.6330092729
0.012585820742042,0.204441256732456,0.258707242943239,0.199751471303842,-0.264250371759145,1.52257294512889,0.491899616430173,0.163216883817638,0.150963909481686,-1.15497351371934,-0.0485729149047403,6.15364536648855,-52138.2310905796
0.145320546919746,0.179621058142992,0.258524581507179,0.192973749355126,-0.243605892888438,1.52808566986582,0.48138567757987,0.152644311586765,0.122708959466394,-1.19716326265524,-0.0569548969653103,6.21264488708085,-52140.5718878516
0.0668714392104018,0.201632946059634,0.262820363739376,0.198934940534932,-0.258987681605106,1.53651631400853,0.485946989259142,0.178536263647234,0.163361224610105,-1.16694107820332,-0.0694255854863002,6.14405000794808,-52140.5991356643
0.096664827643833,0.205239186195904,0.262196009785898,0.189101668681012,-0.280048220121795,1.52132560423858,0.484222247281849,0.152125630413396,0.159151949261216,-1.16474984949979,-0.070083225399612,6.21138594717222,-52140.1769747708
0.102766374375882,0.212431909423804,0.264769789852381,0.21052736470803,-0.268286231947527,1.52562994153225,0.488634907607255,0.152631388132987,0.16373316333633,-1.17214080058979,-0.0547218493821914,6.19260168849409,-52138.7079186356
0.05918734363865,0.187046610316511,0.258842019390942,0.193452774659923,-0.252099396479843,1.54210384941069,0.479390403074286,0.156991988194175,0.118960076737238,-1.20436174971301,-0.0619858600480622,6.16610097000552,-52141.2230285833
0.0464639183345355,0.203729546342125,0.265756674429416,0.205211592008118,-0.260123485339915,1.54015010088041,0.476647321094237,0.16076140409959,0.176595714934648,-1.18289458194531,-0.0499795106355577,6.18470105565909,-52141.3071685478
0.081634134610186,0.243610769593951,0.258876066715974,0.219345314985414,-0.316828887736628,1.5323677779618,0.485453848427304,0.182616677445285,0.137737228410735,-1.12794538626829,-0.0606371096075324,6.16478146009476,-52141.7667549298
0.0650954866487121,0.226645885338993,0.261677942819374,0.218830223467281,-0.27964301440737,1.51770529689635,0.495771998909145,0.164775334509994,0.176139241096836,-1.13415300805736,-0.0517955244400548,6.17728118708777,-52140.3417743203
0.107768511502184,0.214343201458275,0.255687077043513,0.199599990763811,-0.278156437612404,1.51871189145437,0.485857047017879,0.16999853982967,0.15286862581125,-1.16192360528753,-0.0588215450033416,6.23576569505716,-52140.2618837975
0.112599663364878,0.226517851495487,0.26246882992375,0.218618370011195,-0.307085261171415,1.52909821222611,0.492984974968743,0.169569293620266,0.139302110907129,-1.14711576321289,-0.0419440110907216,6.16050581453204,-52139.5672070056
0.0322219550795283,0.202637896444132,0.253376147743131,0.188319021463241,-0.263029281375878,1.52662041498223,0.488953278542876,0.144893168995154,0.154878668653824,-1.17020291512973,-0.067135797541572,6.22370672373476,-52140.3388320357
0.0284173890704951,0.187210615101615,0.255433848174353,0.193160775483448,-0.254036996899757,1.51927657971049,0.492309625772442,0.124731976033365,0.17211329644251,-1.20924247647787,-0.0696984723484963,6.19017254627814,-52145.9096959506
0.0532184847657371,0.213288968277157,0.260390565306132,0.215901495803651,-0.277241332855411,1.54225657648162,0.493440284098614,0.129003843774033,0.121752746680051,-1.16259982393107,-0.0492168975663752,6.13838051880515,-52147.2558722069
0.0899185758318413,0.191959675002384,0.25740909442033,0.204359073587062,-0.279614001069383,1.51645656006945,0.505885144005961,0.139460631677758,0.123083771101181,-1.18219047671239,-0.0348590377157442,6.19349790842848,-52145.8095976144
0.0600113079464872,0.219384498608915,0.25730960730926,0.202692341943873,-0.279155371044382,1.51521114501762,0.498664001546265,0.156945422579742,0.171185017494807,-1.14790665011976,-0.04080701875306,6.24873111464743,-52145.5272155066
0.0543573621994409,0.202921978971104,0.264082128603614,0.204630418214718,-0.253609020272708,1.52558785479741,0.484101302048572,0.149234114468229,0.153609132965818,-1.18589498444713,-0.049927913779222,6.15156574902775,-52139.2461320672
0.064026530526635,0.219103658068429,0.261940770355063,0.197125807614562,-0.273557260009252,1.53826960212397,0.491609090749055,0.158187572246285,0.136612377655033,-1.17143468798192,-0.070214555420797,6.18198803079645,-52140.5587162041
0.0993124741448635,0.219071903986199,0.257288153620497,0.210000214675013,-0.269531914644016,1.51398254163163,0.490336172971256,0.173436326233051,0.15976689576226,-1.15407435899794,-0.0420737372180965,6.17510481597566,-52140.8922423825
0.119048727719179,0.224407567909274,0.262966280918455,0.207592614200561,-0.300124557705725,1.52898556713533,0.488142712043869,0.167921997171167,0.150847107061742,-1.14772793126565,-0.0577665779169037,6.15412983964952,-52137.6270747283
0.0687967564633895,0.168299208610411,0.255276888150606,0.194790253248603,-0.234278068744073,1.52897293976381,0.490345130851519,0.146877390685562,0.140927145638065,-1.21781798020766,-0.0392982112287841,6.18696348574782,-52140.0782935329
0.0883219076881374,0.206678281794619,0.25751731353857,0.196826231508206,-0.275783809596609,1.52630195290616,0.484076249022274,0.167680827575246,0.137798292745902,-1.15262476660407,-0.0586055350847404,6.17863543704649,-52136.4756936602
0.104354648139734,0.20475111995761,0.261807854609658,0.197542150000484,-0.264292487284051,1.54244775319959,0.47997508563873,0.164997147286664,0.15230638613017,-1.17993019397258,-0.0518936480443374,6.21255310218835,-52137.4531671306
0.0980537395558587,0.184088932576332,0.266422386803302,0.185826408845306,-0.250537062253814,1.53755513491964,0.484017485077092,0.165883571840663,0.131308148621237,-1.18758589502957,-0.0699346563402811,6.14710970900461,-52138.0971191633
0.0891928734465164,0.176735724119896,0.265173784102619,0.181720412023533,-0.238701019397489,1.53073767124799,0.483376943683972,0.178333265635309,0.130452521643261,-1.18665815818988,-0.0640287857441874,6.21982090973978,-52138.8332588608
0.0967546687441393,0.199940701500859,0.25412649464096,0.190913687231059,-0.264741123098057,1.53304961244448,0.491083771148641,0.172143851207432,0.15023413391162,-1.17439959120878,-0.064252893674867,6.21125778880876,-52137.7939193937
0.0918715266570334,0.209783922404508,0.259882325873835,0.204440112686033,-0.272291933179655,1.52936061139722,0.476213451586827,0.157201858375713,0.130489757442498,-1.16642225915034,-0.0564209019523644,6.17601288904113,-52138.7878067159
0.0803238447356051,0.207207678293995,0.259168200684072,0.208206565143685,-0.270098225222338,1.53708803963244,0.478046747772802,0.159116894748007,0.126886880237467,-1.1778499603614,-0.0507398893366971,6.15569224941712,-52139.4832349703
0.0424620907724858,0.207527168538528,0.258393309070811,0.204925935289136,-0.277747635022526,1.55096435575812,0.486171405483512,0.129347183309489,0.132535747037528,-1.20277441060462,-0.0429249394832745,6.18584528279295,-52141.4199131537
0.0801485707824229,0.195602625054418,0.25935055291149,0.195120883262784,-0.258202856259672,1.50598594293204,0.49180012180012,0.173318599252561,0.157162877255373,-1.14986213601252,-0.0570458613442333,6.16332088765067,-52139.7415422614
0.106787308037335,0.184109949562302,0.263496701703619,0.197359319957702,-0.249607936742206,1.52679952452085,0.499343512584929,0.141761349864683,0.125966227117858,-1.19130704105812,-0.0496941871709236,6.20744988988905,-52138.8420636556
0.095082889491662,0.200166944154258,0.251351840048118,0.206759870629133,-0.258965151986215,1.53252340529417,0.481423656439719,0.15543659275291,0.148362503762751,-1.18280929210917,-0.0277854622884292,6.16293523865423,-52139.021294357
0.089719133436096,0.204600013624731,0.272318406466838,0.190832960953913,-0.274628474718918,1.52733964194835,0.479609449249358,0.154436911430445,0.135543540257426,-1.1814907445201,-0.076020164796099,6.19420375152505,-52142.6996281561
0.122158146204963,0.202481701006965,0.246401630893466,0.2057121735812,-0.273339784656062,1.53239400832517,0.490382820696404,0.161019515576506,0.152144104039574,-1.17984584047775,-0.0450785423383796,6.1838595537995,-52141.1204855969
0.108876299304914,0.224984070515062,0.265163915106315,0.215383426909356,-0.294009429931139,1.52775096205926,0.478678571378437,0.151496838408654,0.15171995627552,-1.15247961620976,-0.059254554207085,6.24251709388436,-52141.8042423886
0.0738522577215364,0.222895638677715,0.261263214188143,0.199684568873903,-0.293582498635417,1.51923358469334,0.498758945539562,0.165973597955722,0.147997091339102,-1.13166333246202,-0.0697677215438943,6.24741319196683,-52142.7424326133
0.114842079821843,0.225012059449973,0.254615147618638,0.204110756693718,-0.280891439114935,1.52598666609141,0.494116048100813,0.155888953828882,0.168651452688078,-1.14641798336577,-0.0730069909940336,6.23405277881956,-52141.9984226334
0.104172834957654,0.207874188417746,0.26361728867081,0.218052399365163,-0.269752209317944,1.52712206432983,0.486527385340935,0.162412118591096,0.130745023802605,-1.1662006300572,-0.0227111852098094,6.12304627345431,-52140.8711165748
0.103645765865476,0.20149311243395,0.264049836342524,0.214476724466002,-0.266895780949531,1.52119437941658,0.491057269073326,0.167784206101165,0.114816073897436,-1.16281691841811,-0.0219813124755757,6.12996427942485,-52143.5615571386
0.103832406982966,0.209568227935268,0.265121418854697,0.222947766978292,-0.283129695968164,1.52451927747211,0.494580410316757,0.15878872173872,0.134449774089571,-1.16518205430105,-0.0207381031288074,6.15782737131725,-52140.3783254511
0.0592201044732758,0.208146396930164,0.252727318500131,0.192612016082619,-0.267543918333421,1.51531471835292,0.499392536810123,0.170098638838316,0.153442722883301,-1.15247648140521,-0.07441888350296,6.1758209120224,-52139.2666560689
0.0407269128464523,0.202317343617282,0.25336319024331,0.189036860123283,-0.265810895059655,1.51871340003371,0.502709887432212,0.158200990074666,0.159742353377457,-1.14667820961675,-0.0749489650056353,6.19150106388537,-52142.5428143989
0.131270971673035,0.187136624525742,0.262028299072182,0.197064130275088,-0.256589409947988,1.52410514737383,0.489364170649055,0.158332884588619,0.127792578526504,-1.18054507578182,-0.028627148853692,6.16484052417297,-52139.4916722407
0.0929281291860142,0.191970367300038,0.259228737451815,0.194702359237574,-0.246686006821023,1.53872121961493,0.484551511883373,0.138051562450808,0.153260536387151,-1.19130049686276,-0.0567521562983389,6.16709027290997,-52138.7093825998
0.0806840399740634,0.173011444177344,0.261727591573153,0.184699587127949,-0.234274727916308,1.53128426810912,0.483793195464454,0.160089702138008,0.132620020349101,-1.18246048225121,-0.0581238209089497,6.18956555871174,-52139.3075104142
0.0997190060742129,0.17688307041977,0.267833825760826,0.189069691237961,-0.254493584787517,1.53069659371203,0.493542184852384,0.150654028903049,0.133597562746389,-1.21058693153589,-0.0605405741752931,6.17022628303866,-52141.1048708845
0.0879343092643204,0.205026135472013,0.253330291087161,0.205418149534069,-0.280184316732226,1.5237227793334,0.483596699165026,0.165405645977415,0.154644543597166,-1.16477109980616,-0.0402661484809577,6.18618829754699,-52138.0500380351
0.0739262302795761,0.223395634931331,0.263986712186919,0.216872957107423,-0.286189394441987,1.52879954067344,0.482611744894052,0.135399928648036,0.141762197916158,-1.16944972727828,-0.0421620912708209,6.17176180358236,-52138.3397775865
0.0731431965002071,0.191666715708659,0.257314177799909,0.184169077732341,-0.253350594850637,1.51631663991888,0.485484545849582,0.179797050124316,0.143661873577589,-1.16469243645828,-0.0624234795808189,6.16782830947248,-52139.3224883734
0.128067529275536,0.189150216084201,0.261914782865446,0.186694913150281,-0.249481902438139,1.52121572198534,0.484036209461588,0.172497620546294,0.161370969036185,-1.16274944466931,-0.0837496791179008,6.15926100636027,-52141.6861300576
0.102561070591695,0.204423357733893,0.259544463731109,0.18872234687945,-0.278993680135436,1.54013396079096,0.47610921499933,0.173605160376925,0.144638049925849,-1.16902577542306,-0.0783589047912846,6.19824414110208,-52139.0205319456
0.0810389164437417,0.18420296408303,0.260374924562695,0.206518679450734,-0.23766711067832,1.52823045352143,0.493812600447101,0.146198313495583,0.136761645245051,-1.20207539472115,-0.0236513565505533,6.18066205155291,-52139.7385517791
0.0899348701551936,0.189838136385147,0.259471650015715,0.196586967312711,-0.256014729823241,1.53055177360902,0.49268137380517,0.138255086247094,0.139003388169064,-1.19357661797072,-0.0356870071380589,6.18540499153631,-52137.7277474462
0.0881049238931355,0.186587075673238,0.255622418925109,0.204289354401904,-0.250400487718287,1.54169791685786,0.489008951739571,0.155909968622081,0.148231214741496,-1.20229976053816,-0.0424890705392485,6.18686989547489,-52141.3190637301
0.0961399469351047,0.180829525032953,0.260742676178028,0.193295986963939,-0.250220612034186,1.53163321795638,0.474787360878382,0.162661254277708,0.129609114617203,-1.1971583095153,-0.0462644541688207,6.19926074445417,-52139.027050371
0.0991562555038966,0.178641064780565,0.266522865970329,0.186185319134897,-0.245234328359571,1.53496784330747,0.484853635665653,0.167134591264423,0.128025267346352,-1.19576043846673,-0.0472710408510926,6.18599954276228,-52137.991412723
0.104035851670059,0.196665568950894,0.261019885171091,0.194732568407357,-0.25122986555744,1.53121458736881,0.482398445828283,0.175499274936681,0.138795032136889,-1.17440745926139,-0.0614255124201897,6.20079413583308,-52137.5956110143
0.0564053326480706,0.214573450224198,0.261743113988621,0.21528321970157,-0.269750421565319,1.53289377965408,0.483504640670846,0.1692952133046,0.167492986398948,-1.15384163984843,-0.044760131092171,6.17310270395212,-52139.1322087547
0.121211964802352,0.215466869077712,0.253552498145342,0.202168994346413,-0.289595687893988,1.52397026323503,0.480415702152959,0.153615299206355,0.149619792738129,-1.16134185514877,-0.0611175135562599,6.16772440979164,-52138.4594966077
0.113833866274621,0.207612810801871,0.262145098388049,0.215002608107852,-0.266439694448526,1.52864658209746,0.48141409939532,0.159611652875252,0.149465765119655,-1.16276464329789,-0.0317458663191768,6.17754650914612,-52137.5732288827
0.0554419920828955,0.184709681509183,0.258809524101725,0.186329392200809,-0.249180360689649,1.52137489577156,0.49342386343251,0.146237216172299,0.13934294913912,-1.18285799022611,-0.0712058711474548,6.16963238014922,-52138.1578279666
0.110892121356432,0.210655043838273,0.259184138560467,0.20543601018088,-0.275286084815531,1.5295219433207,0.480465646797304,0.184738083327951,0.142768716860554,-1.1587189942774,-0.0381934183985913,6.19015293054772,-52138.217374374
0.0844065361920572,0.229695843125847,0.26052368936553,0.206669970779096,-0.28800841492874,1.52315661673758,0.496371691951143,0.159452707658807,0.156358500798065,-1.14807565158519,-0.0720813175048129,6.16564714447808,-52139.6138731466
0.115113752924829,0.168663217108657,0.258830332318497,0.180297945060724,-0.219699682814398,1.53823775925486,0.480950965145287,0.175076671294983,0.134735597965,-1.198155905525,-0.0452853951660364,6.20462435946428,-52141.7741674778
0.132574403966033,0.199051920379062,0.259477092048122,0.21278025568763,-0.273624931455433,1.5223515781513,0.492911934363793,0.132737592967157,0.132824981547393,-1.1792352097897,-0.0417256499789835,6.15694852808898,-52140.4754977764
0.0614488235514552,0.193392234790784,0.257011487266237,0.191404762494503,-0.256675122325902,1.52636932613312,0.488821771506127,0.175648811993645,0.153742299499269,-1.17033249629964,-0.0590832547885102,6.19870898302601,-52136.2345800365
0.143127434168259,0.195578031002531,0.262267303613094,0.195436648121795,-0.25236974545004,1.54131175340084,0.491352781831325,0.150902832769209,0.136571254021604,-1.19999268177638,-0.049670391423252,6.15490145629643,-52140.3380300361
0.0779036933530519,0.194404044984609,0.255390975444765,0.194940438282834,-0.25219235533757,1.51789331003463,0.493436398891136,0.154123287413382,0.130156973386239,-1.17663185190363,-0.0461373612629904,6.23361912425853,-52140.246419327
0.161096580636658,0.200068756478063,0.25705736922699,0.20100405322132,-0.26152516380065,1.53136677790283,0.493311353108275,0.167836448566904,0.138402553749502,-1.18012960380147,-0.0338393900953942,6.14483590149375,-52140.3727412148
0.0639385635365965,0.225464244264258,0.265681392500012,0.209628606177916,-0.299857664851094,1.53376381945822,0.478710942365611,0.153898135201293,0.141621685713158,-1.14500263653266,-0.0660513539095014,6.17710344715746,-52140.0401107264
0.0869710266223946,0.211012872797981,0.252300768325747,0.225043167061132,-0.281844341497497,1.51915454881193,0.497153310978721,0.143956933861528,0.163018780878444,-1.16969458640398,-0.0148332466107771,6.18219834965611,-52142.4861419324
0.115841233289425,0.223227434584868,0.267657377750429,0.216212688238828,-0.296224575888978,1.53117933275717,0.490044165650051,0.14286122348458,0.130902359191193,-1.16933953732566,-0.03959130742364,6.17336671636479,-52139.3618431095
0.0378328623525674,0.209945906740724,0.260677320136533,0.200966516667643,-0.283766217579003,1.54292800200826,0.475226592454133,0.16645385215157,0.159998745769758,-1.17946959838335,-0.0513799887698532,6.15248881103659,-52139.6494677212
0.0624934912850655,0.204218031635722,0.263254147091046,0.186689600130531,-0.265788936775867,1.54031154178858,0.477853101874507,0.185855501762698,0.163361771084595,-1.14776545600473,-0.0702880283227737,6.1812146698746,-52141.394551558
0.0279031748508804,0.192212645046098,0.266550792223075,0.189853649371885,-0.267252341641219,1.53423857523135,0.478886295913547,0.161693917625661,0.158122491388173,-1.18407800416788,-0.0798232571227459,6.18135788925054,-52142.223222225
0.161518773535301,0.183804313810586,0.253623286214865,0.198256317159229,-0.257521185762816,1.5197435738283,0.492013979802016,0.175154533499568,0.129455374944192,-1.16102451660113,-0.0426348522185203,6.17594088229921,-52140.9094683666
0.0870220916682285,0.206618239184748,0.247804035250361,0.204691425622384,-0.267113622790622,1.52514805110552,0.483440123551748,0.182274412392924,0.131918610016288,-1.15340514964299,-0.039605706709149,6.1636654304715,-52142.008430227
0.169117987418689,0.212946077688605,0.266354425636937,0.196340400576177,-0.28962773450321,1.52924912320144,0.487501736227526,0.15571910449454,0.171495222058343,-1.17133159853619,-0.0587571964531062,6.13806298894203,-52144.8661743538
0.0432962906641018,0.20443544013382,0.249491243775882,0.187602466684851,-0.281657538825213,1.51346349953597,0.489869392144153,0.187286708002951,0.145165981481785,-1.14655020227491,-0.0702605604111849,6.20644547731939,-52145.0404799165
0.0721860221749406,0.201554030046436,0.266828009391221,0.192398604443097,-0.267317958443833,1.53895807925099,0.493922335426869,0.155961956250555,0.136069518448774,-1.17605242756473,-0.0683353146489679,6.19351061418748,-52138.6357475226
0.0948750714326824,0.18156724741762,0.264159332505977,0.191623890918287,-0.247930875551451,1.52559177891619,0.477817866286041,0.189098864538391,0.146590800567608,-1.16410986459104,-0.0447470727942976,6.16730421638324,-52139.9874749022
0.112320690073918,0.204865717067611,0.25893200902014,0.202543613591219,-0.270787577649772,1.53372421722724,0.489650648215979,0.146894884573253,0.156980887145148,-1.17409455551396,-0.0474853056420496,6.20176546050092,-52136.7112971308
0.033311360082021,0.188819208301037,0.26559137104037,0.191817521165601,-0.264200614565564,1.52939332969255,0.496018837891799,0.164940591017552,0.128222276555268,-1.17302770629886,-0.0590520570749793,6.15889286356547,-52139.3850906723
0.153384911057007,0.173572546998115,0.255406916854375,0.186014547584686,-0.235382103680151,1.52784929305986,0.487012888993196,0.147243292662513,0.159456716230041,-1.20880269408141,-0.0410154335569411,6.1790207712286,-52140.4788840136
0.0545207549842844,0.18819760134767,0.263630286109433,0.17906401826041,-0.256380657484005,1.53381614994044,0.478829033113196,0.195016070043771,0.133414737434877,-1.16453972714213,-0.0690379496931211,6.13725742551393,-52141.655143577
0.118100616706866,0.198622403904722,0.261922116827439,0.207318734416971,-0.26093000592712,1.53992118677293,0.48284450134755,0.169804701268003,0.120801092824087,-1.18021516762759,-0.0367017561910649,6.19588909138791,-52139.592880574
0.0719119644268901,0.19107495722638,0.258669400386744,0.189406674584019,-0.25658648229536,1.51472548632589,0.490939998530653,0.136917853474531,0.1652899467135,-1.17917226986897,-0.0601231723333645,6.17386727949004,-52140.2842849467
0.0935332866990317,0.208482194959572,0.260330468407006,0.212085795850729,-0.268463277940695,1.54275938175718,0.485016327365203,0.172059462214086,0.125638214987419,-1.16008336836075,-0.0376830664870996,6.1832880407952,-52140.2967915502
0.103948160177557,0.195000233745175,0.267793954482136,0.196304130410365,-0.252699982372988,1.52789343179774,0.481252839088777,0.167839833713841,0.149970544364076,-1.17138188491776,-0.0609363288353232,6.16870563128145,-52137.4496316912
0.107450462354006,0.191363134817843,0.263275749080383,0.184999051916046,-0.266450217479666,1.53995877002226,0.489159709249144,0.163880360940644,0.135718143320035,-1.18438795728327,-0.0651537788358479,6.16539428149673,-52138.446804711
0.10668038939011,0.184403723176304,0.258253329479787,0.173636899568208,-0.264954131979764,1.53844631049129,0.489653670272788,0.169733738196131,0.126972098725484,-1.18794404985229,-0.0720595827333536,6.17400510006578,-52142.4563095972
0.0833322001800304,0.228111935533423,0.253389366198886,0.221675678884887,-0.305920735676482,1.52289691779096,0.491822041510496,0.166363633051557,0.131724422978524,-1.15295837307974,-0.0547252556120559,6.17585366781348,-52144.1194652977
0.129176285844481,0.179893566756547,0.26540541853968,0.187178931570873,-0.243337572446629,1.52585055918913,0.487053328810278,0.171454684800101,0.163320654534931,-1.1847168997175,-0.0541511005744474,6.18205490471259,-52138.711120557
0.133041765168599,0.198311946351218,0.250466966431458,0.193421168393565,-0.24922237908902,1.50768827018833,0.497698312712911,0.147111510650918,0.144037205319622,-1.16648225296186,-0.0473212811650524,6.20216780972109,-52143.2859753494
0.0612662085416535,0.192820864067871,0.263849750118501,0.210775334446952,-0.254475801209633,1.52212762553887,0.505883326449653,0.169251884085531,0.139340210976844,-1.16222251418463,-0.0315237084332772,6.18874569921525,-52140.5417838582
0.117312606019329,0.223309217743168,0.260503533572504,0.196526909410438,-0.286915097866502,1.54865387190651,0.463659155259551,0.148629228607257,0.1570235868149,-1.17514989418011,-0.0648962066535344,6.16412612261936,-52141.9913574347
0.0376899009121609,0.179598291234403,0.259600541451272,0.199062296851621,-0.237727749342906,1.52610859420779,0.504177654809185,0.156635525038459,0.134917372085213,-1.18886973931772,-0.0398879688241864,6.19062622793882,-52139.6319172888
0.156324014417825,0.189851456229459,0.262427295821431,0.181943051152094,-0.259839574440812,1.54420189076895,0.471832168581421,0.155869584813963,0.14871966103924,-1.18445551719414,-0.0740604278515026,6.16677294015091,-52141.2030982389
0.0108484716683299,0.200448594412658,0.260378756554279,0.190762282809737,-0.258269960979441,1.53578135896099,0.479113330689115,0.151379039086051,0.156475308564884,-1.19281741350583,-0.0597044406973492,6.20854497933538,-52139.4960308368
0.105517224787062,0.19258058548418,0.255581462269695,0.194577207187525,-0.260620574311606,1.52788893260906,0.495781498995309,0.137836867080835,0.143657584574068,-1.18955259140244,-0.049668700458483,6.16737448993008,-52137.4335593662
0.0646784516010315,0.218246553086445,0.269710578172714,0.193940650548679,-0.288763101322016,1.54279935814851,0.469396635269176,0.197297941507726,0.142719193353771,-1.13981481604858,-0.0657016547808662,6.19291154248468,-52143.8910477773
0.114557358808389,0.210128029348119,0.254675236433645,0.218243832615135,-0.276777637057864,1.50565893357192,0.501356736953321,0.122219182893864,0.146988965571986,-1.18200206138063,-0.042057909653956,6.16766475283948,-52145.3082699376
0.0341933546845617,0.2082240234843,0.257936498875405,0.212715324565056,-0.26679238530779,1.53561860935065,0.49179537366024,0.13954946843756,0.153768729680522,-1.18652574138392,-0.0288161957824427,6.1911986678015,-52138.6518637563
0.0366433627315189,0.208240793188866,0.258518069579444,0.214875822881562,-0.279279986068461,1.53155963842664,0.49042635955309,0.131572129705127,0.151563898149794,-1.18839116443194,-0.0345084505730461,6.18282261823426,-52138.7078415493
0.066472062579109,0.210246796951442,0.245223187707981,0.209206002120795,-0.269991001144584,1.52971419009681,0.491430465024922,0.12736740930654,0.157466843323606,-1.18502799688701,-0.0353261991247748,6.14734457436208,-52142.3208170332
0.130904413233027,0.189387483260397,0.274420428974072,0.186642229556822,-0.240405628528766,1.53069376678494,0.484778645613737,0.180115214527966,0.136402820063605,-1.17813095576463,-0.0614310787483674,6.20991862909062,-52143.888281451
0.114523119823634,0.171143462452447,0.26731589848544,0.183815952555016,-0.247685323225487,1.52533460764442,0.489355375366421,0.171017402853079,0.141143320341934,-1.18825202587899,-0.0570427559511787,6.22489928995383,-52140.6809538184
0.0756600874161381,0.208813901600634,0.254052244455967,0.209510904599491,-0.275641104792199,1.5441499290994,0.484569900205888,0.13793623134783,0.146055554313248,-1.18485598805536,-0.043757704185334,6.13689352375006,-52140.3081803041
0.0488698535212079,0.21153571301258,0.257862019324915,0.197643438627997,-0.280328913059366,1.53408314716553,0.491428352059837,0.151472285171314,0.138093670455971,-1.17756276121097,-0.0593843658016594,6.17937672732153,-52137.3303856478
0.0473970335701994,0.208511390357651,0.261309166087645,0.202910366942497,-0.267934422246228,1.55716528714033,0.478092643106404,0.156915097300317,0.136729835592655,-1.1854463010258,-0.0443990638971485,6.19075290949926,-52141.8678058686
0.142463139337748,0.214858633599617,0.258820545786155,0.213841962492703,-0.287072864455454,1.51056754783706,0.498623847749463,0.153824328974687,0.161678010083148,-1.13684470436201,-0.0464152578274718,6.1783379989392,-52141.0670559649
0.159857957483488,0.221541425854949,0.259357370500468,0.216736371837126,-0.286868462762321,1.51129830176534,0.49852215564284,0.147925533763227,0.160267587282319,-1.14170788457898,-0.0471095611967181,6.19587251815251,-52140.4247353305
0.059621742278603,0.193004914287792,0.252896070458108,0.200838630084688,-0.252691359501076,1.52452624131663,0.488919287654853,0.154035740799257,0.149012347361812,-1.1829540034886,-0.0499478054089482,6.20051572524758,-52137.2007500615
0.0916416339425618,0.199917577826935,0.24926145539766,0.194689728654829,-0.260619745172863,1.52825533903119,0.49410384328265,0.157985410515381,0.13861437649336,-1.17529279897603,-0.0621835511580386,6.20071805530484,-52138.2000673564
0.073105174046468,0.208386953273294,0.256573979676988,0.203593196959368,-0.277035402073185,1.53014541366701,0.491000083351232,0.156794732319572,0.12860872569481,-1.16891816304494,-0.0532852172418354,6.19869379631548,-52136.5979485087
0.0741994749794505,0.206052974292248,0.257945229799387,0.19966763380857,-0.270912874131309,1.53242843867007,0.486024283182689,0.180040800963991,0.155751844627335,-1.15246158485678,-0.0563155812206016,6.19664879910327,-52136.6531459503
0.0828547699257705,0.208119239702895,0.255320299155869,0.202526217126993,-0.276628700405239,1.53303189458697,0.486073670443476,0.160819585584041,0.149611441263038,-1.16289126702075,-0.0504648709958083,6.17594225458625,-52135.7086322964
0.0976496539077716,0.198214125004414,0.259315430908781,0.204113014738828,-0.277035956782346,1.52691036366132,0.486590835757101,0.169785585953023,0.158210736520154,-1.16396384144028,-0.0416363087172829,6.14855801283819,-52139.0266362821
0.130898091153776,0.229087823919489,0.255283854283303,0.212382884197182,-0.294467286666954,1.53761839954166,0.480112336489711,0.137258604488702,0.149368023280168,-1.1541993862451,-0.0417142197234232,6.18083001416592,-52139.5825925345
0.198765601741579,0.221026466064822,0.256570031477669,0.205800216071973,-0.304025033700336,1.5406474038724,0.4814515142287,0.163266681446141,0.150396765517728,-1.16061869407237,-0.0695610870390446,6.19400551010735,-52145.4078170536
0.218799117431333,0.233932639482227,0.260680751042595,0.196335902958908,-0.287303428994062,1.54848904926204,0.482918239515736,0.156578345062593,0.158310908065704,-1.15523583074265,-0.074618844187397,6.19048992957,-52150.2158214059
0.0995942951221301,0.216823779276611,0.260984922158444,0.197031195917535,-0.28750532693896,1.51952127636792,0.484496142068612,0.181370278082755,0.136919022618229,-1.14727199552326,-0.0524677895302781,6.18358234456887,-52141.589756513
0.143108327093804,0.221335364838097,0.264759759790555,0.201479330385372,-0.268205152518742,1.53405461846832,0.486835838868268,0.157917195759434,0.141488444986528,-1.15696926575473,-0.069576927974545,6.16226712296473,-52141.9866626129
0.0548835741331753,0.205374775051088,0.257869605917522,0.220268519326675,-0.274295824717887,1.5234347869091,0.491376498927351,0.142633931259149,0.144221877024072,-1.17233993333365,-0.0346833774011881,6.18897601877366,-52139.5735672726
0.149534702741659,0.18620016706442,0.263634144390361,0.178725046242866,-0.247920494432234,1.54336500110642,0.478261950189977,0.181832225428886,0.149314415013514,-1.17016972523676,-0.082212019784534,6.1718104437868,-52142.7535118816
0.0610941817448442,0.206728189763172,0.256580286273503,0.210918576219539,-0.26791698053914,1.51881498729378,0.483217508237756,0.180659541652209,0.157537764005557,-1.16013938090409,-0.0352709036700026,6.17258449608305,-52139.740158959
0.0728971616881545,0.220371812707186,0.258687417683802,0.214385157816166,-0.27620450224744,1.53515988820148,0.492449270983667,0.153878637891897,0.131875094885328,-1.16196354947267,-0.0408869237995692,6.15082388250442,-52138.6007398589
0.0501748856600085,0.229850384726668,0.260347748594291,0.220498719108154,-0.307793757672865,1.53543885571238,0.478271192084479,0.160075725096187,0.135018071169225,-1.15628115046714,-0.0513730620787694,6.20236685878325,-52142.0230928181
0.0673955921370284,0.237741054939624,0.262641810568358,0.220079835515533,-0.303377432852234,1.53582768806264,0.477984147708756,0.161148862620533,0.131758435039799,-1.16085805059718,-0.0524186636633945,6.19861782068592,-52143.6896102379
0.0858941019530856,0.224905949647933,0.262511593063519,0.225833590545364,-0.285592418662736,1.53626318773566,0.49124963664695,0.155448141431873,0.151871113710121,-1.15311675542251,-0.0450064960983074,6.1686031854082,-52140.8279541727
0.0560629971336638,0.203429795211701,0.260786772983234,0.209943637200595,-0.268783097899043,1.51100044544599,0.498683351286977,0.156739959010512,0.139629935904684,-1.14999165183111,-0.0545671594722551,6.21752646530897,-52140.4134738349
0.0628257208817363,0.200694319447799,0.270399210943359,0.201911996142206,-0.260171622515142,1.5158173028802,0.505882856483155,0.149963540124593,0.149486315397733,-1.17019668445845,-0.0481600693228637,6.1959297096037,-52142.2872915238
0.0942569499636108,0.209930331664355,0.257310368576114,0.2137138161538,-0.260615639432659,1.51923310377599,0.490535198995169,0.155773191086273,0.154142889831274,-1.16863667811772,-0.0313012391188883,6.15272151897111,-52138.6814272842
0.108239542387184,0.202180188895386,0.255569016923971,0.201866938985899,-0.286223082326336,1.51949489594567,0.488716663065991,0.146659265945486,0.139998384348163,-1.16946804021272,-0.0436788565449809,6.17362788866967,-52140.2870461915
0.0327906778200071,0.212488673718858,0.265678322284057,0.211519263531648,-0.269113087521298,1.53956348257691,0.493787895188853,0.154625771512131,0.150876024031438,-1.16831965782227,-0.0334416468280651,6.20468897628332,-52140.2771155989
0.110744189278597,0.207499749217287,0.253497099021617,0.207343651687728,-0.272944994393137,1.53334972040612,0.48350373285242,0.163739383649123,0.145370301879063,-1.1720456300957,-0.0333041449252125,6.16905755466749,-52137.1907078356
0.0488545859541653,0.201031456545825,0.265079266150806,0.195090612900983,-0.267819182938307,1.5208536645285,0.496349120977547,0.152639282002997,0.148038638010294,-1.17437913335112,-0.0716248615559711,6.18968344099282,-52138.6186727991
0.0270145283923617,0.206316918330453,0.263937361371283,0.2044584020056,-0.261272082282338,1.52992672586352,0.491696009914317,0.141982044452118,0.153683058413681,-1.16994370636863,-0.0460934876995125,6.1940894950185,-52138.0381212667
0.0998156382975182,0.20487408151086,0.256106409666051,0.204253856907545,-0.268518955234038,1.5147116758575,0.497045036457035,0.15497291750208,0.15554985791704,-1.15752585221719,-0.0470458812165102,6.19188195964854,-52136.7064827173
0.113538033153683,0.211191323727286,0.257561889189488,0.207180186604061,-0.276710411785388,1.51562140876865,0.498415314659362,0.183944217006812,0.141935455851688,-1.13995031662487,-0.0507090777362914,6.16809717148142,-52137.7641973138
0.158525681880329,0.216433514086352,0.265464827357892,0.208581158130551,-0.278177463339898,1.52326471462555,0.485960886771618,0.182060925711456,0.142695744916493,-1.14487851878468,-0.045029514051127,6.16369563022831,-52138.7597282073
0.0729643919868361,0.19606643555205,0.255650157484319,0.183105775160487,-0.250882784149769,1.53428671232032,0.482469805140922,0.159502747008922,0.148661388766606,-1.20140720915448,-0.0664545927732329,6.18252818519747,-52140.9101666849
0.157039327746792,0.188666746450275,0.271835951810792,0.195157079817231,-0.265991054173602,1.53242987349038,0.481779184978182,0.177457190594283,0.137270359359033,-1.17048857447131,-0.0583403893751942,6.17978484135405,-52140.5601835736
0.0785107478418506,0.211532136546822,0.254241223406137,0.203448059104117,-0.277801245359035,1.54064063508425,0.491165036117414,0.14877024079977,0.163446624844346,-1.17213307159421,-0.0530238649700106,6.17847713178931,-52139.3928100607
0.0547268582920539,0.185517678244577,0.268725187374668,0.191926291894295,-0.249750509128554,1.53051868643722,0.48020783246839,0.161562102080438,0.127449549670584,-1.18192444505937,-0.0510573471529653,6.18359443168201,-52138.9236310822
0.156832400949232,0.180048269656002,0.253123956100186,0.177718264797894,-0.241825764439412,1.53442043609044,0.484295143246689,0.154850801262829,0.149008187138874,-1.18247469848409,-0.0595056882981973,6.17576711728296,-52141.9313525081
0.0807734989971183,0.184803902644147,0.270100995408616,0.192234549205753,-0.258361457386664,1.5210607222543,0.495835440932229,0.160032121788307,0.129514723100542,-1.15730506002593,-0.0592822117540731,6.20389050008879,-52143.1360626856
0.106030355975805,0.214545366611746,0.247952661968344,0.203125543252015,-0.268829464740425,1.52925864080776,0.489402154599201,0.146653740011087,0.157948715375947,-1.16332558358077,-0.0381753994074823,6.16110092361455,-52140.7257181325
0.105910670632894,0.201642661532897,0.245920863461446,0.204042557464154,-0.279686044404471,1.52561647527879,0.483617839348533,0.143653800242933,0.159051231311268,-1.17151707167598,-0.0364912379511727,6.16613774821043,-52143.8418778874
0.073979246106148,0.201134182360363,0.264300962324096,0.206536640764991,-0.257535444118925,1.51112876414025,0.505300080400784,0.168002868122992,0.161298542468378,-1.15319512667376,-0.0315801023136986,6.18445577294724,-52142.1863325877
-0.00487658681763554,0.209256592438627,0.251142259283368,0.197753706182285,-0.273204768471299,1.52526378351285,0.493040221891633,0.137837024433279,0.155399141488553,-1.16470490640171,-0.0627811627729906,6.18906897960639,-52141.1722223331
-0.00426792009793141,0.212446620158628,0.255708870390645,0.201445427414531,-0.262010470104398,1.52450785876935,0.486763734606716,0.141607085630848,0.164642160540742,-1.16869028582273,-0.0626587534321104,6.19812161072729,-52141.0299470765
0.107478102555037,0.203004365957587,0.257226332776669,0.201734065359564,-0.27840148236905,1.52808161134835,0.49344296116335,0.134466695923887,0.139619013558052,-1.18946266373465,-0.0581861769625564,6.16837327960281,-52138.6083643977
0.0683246579946975,0.19335832138263,0.268294351390708,0.192380644344712,-0.263601085847539,1.53120425417606,0.488838317271785,0.178918475521894,0.141790224563631,-1.15234297309925,-0.0686886032180565,6.17040926652867,-52139.6861990636
0.10629194795036,0.185257413723686,0.25205194883398,0.185354371529227,-0.244562699401621,1.52897008526208,0.485323715625667,0.141376710374349,0.133824418358934,-1.19623944241592,-0.0551814025082095,6.19837541064988,-52139.0139102261
0.0893631533196184,0.185186490803509,0.273621605953898,0.196199882339044,-0.252977556067631,1.55040625913058,0.475485355556171,0.172027217982069,0.138799017584659,-1.1914898656038,-0.0381935996154159,6.14929449491079,-52143.280048815
0.155205450381736,0.19208929482063,0.257439399635023,0.193754789306823,-0.265930180906204,1.52627912136089,0.481940940179672,0.147812060101401,0.123140333683801,-1.18531423317008,-0.0507270499321561,6.16848239838265,-52138.9030841973
0.10252877162129,0.204439411436587,0.259067265374275,0.208749910155555,-0.277265380195191,1.52391383922503,0.502031508207184,0.166899763328972,0.143778507302349,-1.1705237291453,-0.0529411413620452,6.14355025969329,-52140.1900257961
0.134248641216631,0.205183553927834,0.256538651792234,0.200720510737832,-0.260784522151957,1.53112479961051,0.498868675668394,0.155253892477907,0.143900475590907,-1.15178933200368,-0.0557598661012997,6.1452180003779,-52141.3971778061
0.146784817679165,0.210379521661416,0.258655836152432,0.2101402795744,-0.269890108196901,1.53413932064781,0.492080361776066,0.148382098579467,0.137709667112769,-1.15283124864791,-0.0591241754301835,6.13171139590622,-52143.7469343665
0.0466798606084847,0.197121656890374,0.261311524110459,0.197692687873886,-0.272641223468055,1.5256828501928,0.476886768682654,0.151030713509142,0.16276552146824,-1.18236967146821,-0.0554428790787576,6.18208155129288,-52139.840964999
0.0190208799374145,0.216229305663089,0.266282493295928,0.200951808844977,-0.255515681343917,1.54186111193735,0.47216065134648,0.149219593681841,0.161796452576949,-1.16319957108163,-0.0567073610839094,6.18066783488854,-52146.8191050683
-0.0234894633987711,0.221246253669266,0.267403269516968,0.211750397809728,-0.296190680078697,1.54194392252811,0.484058530791583,0.150761696888497,0.15857185165603,-1.17339192968381,-0.0492316098815205,6.15990072176556,-52142.4548582011
0.216957159863451,0.203976801424637,0.256726046695078,0.199675190390186,-0.261384534445445,1.51856977234686,0.486647548000242,0.174475316262269,0.141702594907759,-1.1571591654013,-0.0513160197847069,6.22139234308368,-52141.5415021717
0.0806355273338948,0.194372765907218,0.260885963793761,0.202729997904924,-0.257049437908819,1.53667151560824,0.48668761736531,0.140732669129135,0.140323902056475,-1.18895243821318,-0.0386947141217309,6.11318715023565,-52139.1234020861
0.111208495408276,0.188756137635398,0.265032160825755,0.202513265046605,-0.261059691795413,1.53388500037019,0.487205769176328,0.143730946009473,0.112432259995295,-1.20270754496243,-0.0401881675383303,6.15819702507027,-52140.2167732779
0.069764576585205,0.194948191919824,0.26114376717869,0.182493554450066,-0.257505524636633,1.53834069093653,0.474412901120244,0.166197321224508,0.15892792124987,-1.19368874720167,-0.0731389321320502,6.19191908600812,-52139.5023861001
0.119708872838708,0.202177205650684,0.26037967341649,0.204224703471056,-0.263272398618714,1.52650317936476,0.487301603595713,0.14880377277983,0.146518320865788,-1.18239076230311,-0.0421636515621144,6.14916046195558,-52136.0921347168
0.0331064931004012,0.187598242515241,0.259909399171955,0.178744972705714,-0.252015525827337,1.53166280036672,0.488841106756584,0.17357215822116,0.147989851293931,-1.17691663412635,-0.0697401457813206,6.20982090765739,-52139.1237116486
0.147088733829388,0.189265268516095,0.260697389481172,0.183177248110265,-0.258281671337783,1.53322784028277,0.482498775894415,0.160956200431167,0.12836848297614,-1.18797318229187,-0.0747373648750945,6.11841364003385,-52140.3705451373
0.153553314715187,0.182691809256447,0.257430805054354,0.185441506414398,-0.242315222027271,1.53078528128077,0.48115953284034,0.164155470045465,0.150281379848949,-1.19161009778595,-0.0656426232374069,6.12604680609518,-52139.7364209648
0.0780928390515545,0.193935441161552,0.263248378511782,0.207532750520702,-0.265385792061228,1.5280614495393,0.491446188368909,0.156687324414244,0.126733461586575,-1.17123991475394,-0.0430315135970271,6.21574848310179,-52138.6712510506
0.088677488146089,0.218798740674568,0.252345391411283,0.201717580349696,-0.276033453825827,1.51353724977342,0.490251844221976,0.1709634940106,0.170561975054496,-1.12378463349,-0.0637270394860799,6.12813683057222,-52142.8111684681
0.0635260593966281,0.231620278609765,0.255221637985256,0.215664027829884,-0.295412097485027,1.52881678635143,0.492176298418205,0.161433445010468,0.15513718751723,-1.14780115832695,-0.0613972753163003,6.20901550024476,-52139.0024671543
0.024717303098062,0.187935052905203,0.262966599191971,0.209755403279406,-0.249551559293352,1.53439360824018,0.487628236629305,0.129048149037296,0.139918562962567,-1.22073742635306,-0.0310450399164749,6.16806922655992,-52142.3343724906
0.0814297194912789,0.181071492382581,0.271743764843001,0.199202877029146,-0.242795111886731,1.53279478432017,0.487880595864709,0.13878780105483,0.145851747346585,-1.20668690528497,-0.031444589160565,6.18607466687472,-52140.634525264
0.14539395551684,0.180367864400179,0.262969148295096,0.195384852468621,-0.243819862719736,1.53573960305138,0.476618423554911,0.147065250064587,0.124364978977391,-1.20950038469912,-0.0414207759737616,6.24951374950744,-52142.645948128
0.0560703830043447,0.212278254918329,0.256862153913852,0.205639055895012,-0.273093739678736,1.52747000768683,0.499605702079394,0.160260745487098,0.164260868657434,-1.15924018285511,-0.0617134951159469,6.10405877053149,-52141.6288429406
0.100383978517586,0.206267368041041,0.257932493800764,0.192921564942518,-0.277394199994096,1.52811653169177,0.482830040466188,0.145569095255645,0.147611447563193,-1.16830920084839,-0.0582642725267244,6.09905223316419,-52141.0479411339
0.0860140190747106,0.176011598328452,0.253732345499052,0.18545330313867,-0.249227123646878,1.52671859095834,0.496194958638267,0.14758946703494,0.15417030103761,-1.21139023464671,-0.0439277038849479,6.20768000564902,-52142.5974215899
0.0785575253341611,0.176510327818992,0.259022931943039,0.200425300631482,-0.240773111997987,1.51850114443828,0.495131855622201,0.140978887749259,0.134180111731734,-1.20381472283432,-0.0343513797997197,6.15020083124178,-52139.541246336
0.0912409282934338,0.197991203530192,0.262913005348115,0.201240084167417,-0.260623713802619,1.53666044855519,0.47833339005371,0.147584126293927,0.144740720996391,-1.18891836346231,-0.0561302400087642,6.20974384046727,-52137.6969165314
0.0975063015820597,0.174200376134468,0.25969323136302,0.173326939483308,-0.233205879531693,1.52649621815713,0.481621026996669,0.166527419890945,0.128391184978231,-1.17633438260687,-0.0591810462109225,6.15260421056027,-52143.0176732475
0.0962100804436958,0.184154775676833,0.25641370074995,0.185556019438878,-0.245450900084189,1.52828997073022,0.485315596895021,0.174838784902678,0.145145186191019,-1.19476980642829,-0.0690625182091458,6.21256431396957,-52139.5074410614
0.0769742021088579,0.186701553949942,0.262492758409948,0.203305378426393,-0.246283088279646,1.52988976345688,0.484816350935156,0.137695681685378,0.155360935297178,-1.19342539296724,-0.0510218998952013,6.18864407256661,-52139.9883128216
0.0914381066951816,0.193729834317446,0.263847256710622,0.209802843542457,-0.233895693989955,1.5264089078942,0.492476550895641,0.151223584315562,0.142640079710467,-1.17550529372221,-0.0388053877441737,6.18889844961205,-52142.6081734132
0.122641514137009,0.212571886445464,0.263803146208911,0.196086339045676,-0.283886888673814,1.52555148719138,0.482142228857505,0.137541206948646,0.163076182765828,-1.19100999168512,-0.0453703942850787,6.18551173209331,-52144.4213431945
0.0789323898797659,0.220146647486166,0.261514594312033,0.214506699602152,-0.291133481591988,1.53983620162492,0.488711185034815,0.155666684545593,0.136080329640161,-1.16190456577911,-0.0494951294642438,6.14621139361696,-52138.0927267577
0.0509418512383105,0.237751640831835,0.263287073832526,0.212523205192726,-0.304296763151557,1.53825786251522,0.477855850622601,0.164736191002251,0.160420852112747,-1.14366558817979,-0.0511134276878886,6.14669062437023,-52139.5272325417
0.058878184473686,0.241667103732432,0.263058493483946,0.216190793013682,-0.315162173815685,1.5389393183528,0.476606410268622,0.176990642383258,0.168558930120506,-1.14177624278762,-0.0549259089863575,6.15367714990321,-52142.1753118497
0.116518068373859,0.215229426645532,0.254266997999098,0.194517823220209,-0.283645609694371,1.53746670235148,0.479942250780467,0.168241473784427,0.153035798461203,-1.1555088128649,-0.0608231919434505,6.13282295013399,-52139.0843276826
0.0551635444818015,0.215849160905746,0.26444151812568,0.205614677344318,-0.284033227550977,1.53460549131442,0.484354538370319,0.163751957496242,0.148057077566093,-1.14965971549718,-0.0553775541267711,6.19984795509663,-52136.9480045611
0.0746491307586441,0.220076260384567,0.254756390882825,0.211569156843307,-0.271745332357085,1.50825491813255,0.500497565179479,0.166640724418505,0.150893740529633,-1.13810463154879,-0.0434089193294887,6.15709232871038,-52140.5822638313
0.129583441683242,0.224828757245788,0.264414688323169,0.211907348696046,-0.294372721734704,1.5283346527971,0.488826848680201,0.149863948543317,0.163834716687641,-1.13612962273578,-0.0537471270592555,6.15663836045075,-52140.6541985766
0.1153837732408,0.212385178999869,0.254853342914844,0.212278107273389,-0.268260502513562,1.52477193778705,0.485660528692769,0.156835566697901,0.148969556818555,-1.1676576680697,-0.0207093090439773,6.18103631861018,-52139.628187473
0.0761398406107035,0.20410470460333,0.265899140172359,0.177567252304676,-0.261288433315608,1.5329305550949,0.490436216632629,0.181582792142049,0.138614009999196,-1.16253191996949,-0.0956025516428297,6.16582737054108,-52144.1448954998
0.0848604188625589,0.184765314543157,0.25675649304739,0.181074552194659,-0.234357357606587,1.53042909741204,0.475931073899707,0.17425069426432,0.152952148001328,-1.18132009655099,-0.0728936858216999,6.18478336856928,-52140.4399674997
0.0778128026680889,0.176007408286919,0.265128653334643,0.18663759331683,-0.239844726543423,1.53165960353924,0.480370939400244,0.161681219923222,0.150840687512891,-1.19534684412227,-0.0588365431552884,6.15902653948841,-52137.6861626081
0.118654130702172,0.190910421107714,0.266970482216117,0.180688770927088,-0.260513496835482,1.53843450551444,0.472377600685473,0.160556889764393,0.150424120096934,-1.18793371246791,-0.0738366086774485,6.14294103047534,-52139.8962626914
0.018449630460047,0.197342722283175,0.255373099092265,0.208391606066296,-0.25709947160832,1.53267411554003,0.497746754265813,0.151741987011467,0.143577457318775,-1.19108802784451,-0.0457238258199417,6.22193683073158,-52140.879179798
0.14724034166428,0.215038889053224,0.259704339965018,0.193823040860073,-0.284549553343823,1.52686367792192,0.483267001440003,0.148092302718191,0.158657557520761,-1.15830735903035,-0.0646082263190869,6.19612096438987,-52139.0377924563
0.036026597309695,0.167485051170086,0.25720564836665,0.182164205617073,-0.232450281916206,1.53617021507798,0.48060402091106,0.156594814889898,0.141736196524004,-1.20637504532552,-0.0360952293201677,6.16509870633662,-52142.2164938121
0.125772084022717,0.170733291027057,0.264540691926956,0.190437206694466,-0.228593748394642,1.53272595083955,0.493529465682195,0.163761173052133,0.134186310720357,-1.2116640701353,-0.0542011296353158,6.16392523480012,-52141.1846741779
0.0626180831206534,0.204481145448077,0.256743784791476,0.198334529099803,-0.276224359953465,1.52580209021096,0.478743823707433,0.151954869457291,0.140610422070161,-1.17538341347705,-0.0550081440996909,6.19313833609543,-52138.0448003629
0.121875541177174,0.202466338068149,0.255356626102399,0.189208358957243,-0.265896943644247,1.52686143530244,0.479824924225227,0.145527127132874,0.147033557803357,-1.17366233500029,-0.0672373069459581,6.20523664216051,-52138.4781152867
-0.0382777105954433,0.205826781305816,0.263883482236703,0.211240926426415,-0.266938044266961,1.52750677091539,0.5012270794677,0.175559425414043,0.15022215006422,-1.15405084308338,-0.0389761263005117,6.18946302894011,-52142.6116980699
-0.00490763739191468,0.210693569309572,0.263447982191603,0.215441667657934,-0.276086660795533,1.52275062694139,0.494842271140928,0.171627761832898,0.163472633223696,-1.16547252129823,-0.038008363870008,6.18287568160463,-52141.2727508136
0.127481782074361,0.202627920002831,0.258399675105252,0.203204722693798,-0.26647900377737,1.52108126206319,0.491541345772289,0.127630516807202,0.153217925675103,-1.19452176660039,-0.0485742566238124,6.18415631675085,-52138.9251821078
0.100838429602781,0.206330934744422,0.257849226367884,0.207335411775258,-0.282978413687272,1.5310765121697,0.48414425334887,0.159383923690553,0.14650729602914,-1.16034208241156,-0.0447857992351655,6.16273745343102,-52137.3102380671
0.0348337719673499,0.215702499251829,0.26197889566972,0.2115718418105,-0.280164424980843,1.52663268266891,0.489565870271726,0.155937861474523,0.170627868022042,-1.16323747106346,-0.0303744045599545,6.20925758815062,-52139.9766867632
0.149495465254172,0.206215380999699,0.258173921989517,0.192285881700605,-0.265711219335949,1.53664745430801,0.48162137233523,0.165177327404657,0.122923086399134,-1.17556627152125,-0.0707725206152312,6.15107087588439,-52140.6205021309
0.0329852349700929,0.187324132003428,0.268771195287742,0.188886696272776,-0.26476818358851,1.54024179074114,0.476277997111696,0.154138237853186,0.16349409210352,-1.20576878007356,-0.0729119401781721,6.19625223170919,-52144.7654999274
0.131938044298903,0.162505786642756,0.251531949200871,0.188173083983312,-0.232948280232067,1.51617761299151,0.495524090356589,0.150555444471991,0.113271343557814,-1.19441460846809,-0.032722485805155,6.18375857150495,-52145.6588493133
0.0515365065315361,0.223691669556288,0.267846136088432,0.209599858619848,-0.286646260784867,1.53760537878771,0.480185150943188,0.157594991546807,0.171661803464035,-1.15466626111679,-0.0655562013223222,6.15881161201498,-52140.9258567459
0.0609022708363522,0.213405658667134,0.252491595806345,0.212152294199399,-0.270865555409285,1.52159157823413,0.495052061628961,0.168791182420083,0.131215186001991,-1.15072036990276,-0.0392025212214012,6.1935567429808,-52139.2707379679
0.120826938718668,0.216584119439141,0.266218938117009,0.204706905325531,-0.289402524664186,1.52982048997317,0.481141591935005,0.159029636857943,0.166931027533747,-1.14487538010298,-0.0617326608958809,6.1647474106546,-52140.0611706906
0.0281262472651285,0.197769384487867,0.254721707963074,0.195927214358135,-0.250235602527901,1.51847916208409,0.499141355910113,0.169384225795245,0.149079204434457,-1.16417512776405,-0.0539777825121737,6.18859308370107,-52138.3431119616
0.0205932080164335,0.180694319769575,0.26610234796079,0.19307036894212,-0.236384894325332,1.51914825204307,0.505122112833927,0.169441935038874,0.149737942914884,-1.17623653839946,-0.0567694664391527,6.17549771731852,-52140.9502643745
-0.0393519802180918,0.199976608018087,0.26164320100123,0.199445925275581,-0.256030880133134,1.53088412412163,0.49838902303641,0.170392709465044,0.158389277855828,-1.17552911282384,-0.049749387249807,6.18314864341775,-52141.8955254503
0.0180443976514883,0.188721672250992,0.264477541164661,0.190595701592706,-0.238658627506467,1.5230115100886,0.49414009080831,0.17067067601408,0.161771148095705,-1.17134006323437,-0.0642230172123002,6.17834282723059,-52139.7301827181
0.130701541832565,0.208039501872371,0.256103299601536,0.196333893436598,-0.26743612387482,1.53393950665014,0.48593865244436,0.174602048853235,0.129057256278974,-1.15472472810001,-0.0613202213052676,6.19797997679112,-52138.2241871932
0.175419674488313,0.193450391563213,0.262397100255203,0.196577831779548,-0.259091308739636,1.53570716942206,0.473190405427781,0.157245427950739,0.143657598564413,-1.19815581703256,-0.0409791683081226,6.17112629478369,-52139.3477402636
0.0356514723793661,0.210612037844751,0.258971703416669,0.20358771323609,-0.276751286022994,1.52667114829731,0.491354563106413,0.187222865006452,0.154401166696786,-1.14038579967141,-0.0577716627528366,6.16504266574909,-52137.9577567398
0.170198463171018,0.210134742799018,0.263194470383936,0.213446088963796,-0.279665854227282,1.54017992213075,0.473657293376083,0.128035218224553,0.138864254349967,-1.19345705292892,-0.028840349858037,6.19694043244487,-52141.5441349106
-0.00528826726073885,0.208211177697302,0.258027061938634,0.195175106717844,-0.278037045272017,1.51853962512409,0.488954094138718,0.18820458704011,0.15239293351116,-1.14461545798933,-0.0802147633259098,6.15957619858104,-52142.9174542546
0.015413703950513,0.201678827648317,0.259845417413217,0.182576566663994,-0.258957931101527,1.5323046986374,0.494931590598375,0.181907051844026,0.159445938036557,-1.1459827256848,-0.0789336016651832,6.14824512367519,-52143.8867968102
0.185649739674845,0.225599226102276,0.260080474110542,0.203343871037343,-0.3020782608811,1.53243907531932,0.47130579953941,0.156026700972998,0.146374144368054,-1.16660151584635,-0.0474432652330886,6.16268688643313,-52142.6509625215
0.120910072656047,0.207892763270592,0.260088479024862,0.205040223687307,-0.267358546631875,1.54393246207012,0.485659664701078,0.165855057745542,0.1326233947492,-1.16220859842326,-0.0511182415511552,6.16639464107699,-52139.0929185221
0.0752756311997821,0.211340502314665,0.263730441506721,0.198719816169357,-0.281983700209766,1.52494330795979,0.483034175973961,0.148476777538005,0.149689661707939,-1.17660244834906,-0.0627157623953819,6.19551689822537,-52138.1406915165
0.0925583205271363,0.201460725215787,0.258022828154672,0.203592449658217,-0.26866460645576,1.53523835749019,0.496114612646556,0.173341949118444,0.145171034395253,-1.18493866613129,-0.0375540019944679,6.15993691368221,-52140.6956961212
0.066268024835618,0.195370722323208,0.257298721680971,0.198750779318432,-0.250285736295745,1.53901408477998,0.492848101897282,0.170079447319407,0.15753594091362,-1.15309830741659,-0.051256728804797,6.13094395988313,-52145.4191692694
0.0792254960353732,0.229235485983067,0.263879410338098,0.212072636381528,-0.304473968022733,1.5210346132211,0.479592280812604,0.15361693212239,0.160843295667901,-1.15061183770025,-0.0526864411626341,6.21500143061459,-52141.0851038456
0.0484500337290353,0.201500035580567,0.253951169543605,0.193888914505895,-0.276952773689613,1.53448230814435,0.495127704827194,0.175628314026899,0.15041461234275,-1.17166189056412,-0.0664726522845933,6.17030550349299,-52140.334720076
0.0664294138982039,0.208021007216204,0.257941778864966,0.194689423401851,-0.26863007529675,1.52856908071631,0.48642251355255,0.198813472476634,0.124401566248956,-1.12942436145709,-0.0804318979354048,6.1867915237785,-52144.1157432116
0.142404235889842,0.21252087035066,0.260831111596386,0.199386614186468,-0.289402324177028,1.52032471619088,0.488512099359688,0.169708241618769,0.147203957705881,-1.14649929193692,-0.0581206285078535,6.17316619415169,-52137.9597525031
0.0385082177080638,0.211760549802798,0.262866915472066,0.213176271116501,-0.276457511251073,1.53287483144021,0.484477138619613,0.140409700875152,0.156338348566502,-1.16543487471407,-0.0402076888576082,6.16541455467678,-52138.2633855399
0.105326266731613,0.211371329219025,0.255776345409076,0.207761221975581,-0.272123778390814,1.51922406561028,0.489341864930355,0.159902669253776,0.139308987331466,-1.14770133565555,-0.0541824424877627,6.20627704239607,-52137.7894872474
0.0847192012262454,0.216806941455034,0.255813369486808,0.204368191020522,-0.288119075021466,1.53720303039546,0.487775911240523,0.166296823928378,0.15158003527813,-1.17896704243895,-0.0414582747712258,6.17613844299147,-52140.4067621223
0.0725155272615981,0.211800349313324,0.260074747121383,0.204605422039396,-0.279802200167459,1.53878707324208,0.485439750491341,0.15853638036769,0.150484602260148,-1.16456101679263,-0.0427854496346599,6.17966377796103,-52136.4029958686
0.0736100903128804,0.18838151075463,0.259085628707465,0.201430364469681,-0.264615670825092,1.51722406208677,0.488222357183665,0.179975564008267,0.14075823513918,-1.1675850609012,-0.0513154501666607,6.17564410578768,-52139.7124481287
0.0678482965368217,0.190231118537722,0.257622742379145,0.200673246676939,-0.252719115261491,1.51942982838659,0.490930378877456,0.177526099196502,0.138055676147028,-1.15949897829913,-0.0462213872640306,6.15788659968801,-52137.6519464217
0.0779514438374231,0.203181459713302,0.269372509509127,0.194589058137867,-0.257596896484761,1.52463826936817,0.494775059685238,0.159773263820797,0.142816832084701,-1.16436372485071,-0.0559000800930383,6.19424748440867,-52139.6666575848
0.0458135174585449,0.224564965473374,0.254404950796019,0.207994001798294,-0.297283018836506,1.54032590498894,0.483314531669359,0.145568596660947,0.144861398133315,-1.15369044976922,-0.0478881870984365,6.19356228549236,-52140.2400424606
0.135148291344636,0.172686124222127,0.264550500250966,0.18591818468227,-0.240731388209153,1.52940217682998,0.481729661040758,0.177790482181216,0.137777134914195,-1.20298612038835,-0.0576362249858344,6.19181557223874,-52139.8803239985
0.198818741351363,0.185833168171817,0.260906300197924,0.194693756192738,-0.244708284379417,1.53490646313929,0.489350800380272,0.175465991506927,0.133450596209992,-1.17246844742767,-0.0435069111231071,6.17099119778736,-52141.0716097169
0.177736312240354,0.197081632578024,0.252240462567836,0.209708764337806,-0.270832220847709,1.51729279651854,0.483645357387528,0.160397902684456,0.143085661879793,-1.16600099966822,-0.0263457317099836,6.17142327115459,-52142.0774768273
0.031056065622253,0.192844553247541,0.259633308615146,0.187464847874931,-0.249235253069497,1.5244264508692,0.501055308640608,0.157408729436951,0.158247136674709,-1.1859718995917,-0.0688800257815444,6.20584435451248,-52140.4083421802
0.0527118521927843,0.176514206500056,0.251177639889123,0.191631139578258,-0.231740051732722,1.5132088094148,0.501620094016962,0.127062132852261,0.122103366606858,-1.19814214995558,-0.0423530578029969,6.16074405702239,-52145.2256640792
0.093765395331807,0.207071491113093,0.260940344825622,0.208387187696277,-0.273354065864159,1.53110243081537,0.489978722259883,0.155384579876247,0.166726753839558,-1.16721511940589,-0.0417470483816096,6.17308938455394,-52137.1172883445
0.087007057519626,0.210999866048117,0.259975056885589,0.20440452337246,-0.288913158014519,1.53139419999848,0.480959562380184,0.142013796569354,0.133388703168297,-1.1673203634984,-0.0406253689680912,6.18286435498702,-52139.046208764
0.0681980459250888,0.207717742984437,0.261721545059784,0.203394646166496,-0.275981161665511,1.52468364370047,0.48195282538182,0.172267194284783,0.161198125698443,-1.15859965518501,-0.0654301150881098,6.16206542519338,-52138.3312796836
0.161830022443488,0.216644315283174,0.257412938466363,0.216409244216039,-0.280082701714525,1.52307046887123,0.500085727646234,0.157393333857514,0.134775386978927,-1.15831458200049,-0.0435229341820288,6.210958667236,-52139.936179668
0.0870650303887463,0.200945992726338,0.264977403787488,0.19329342322011,-0.257383683580326,1.51964620301001,0.48429966738822,0.178730635031928,0.149708721699118,-1.14721597588728,-0.0745792287993727,6.15964195388546,-52139.6722627363
0.219998565513805,0.195769539200534,0.260936420961092,0.186716175941731,-0.267660547543372,1.5259456735999,0.483439684249943,0.180730118125932,0.13403265656909,-1.16616228310871,-0.0589095231078091,6.22397184052659,-52142.270348385
0.00104770019318914,0.190575925219552,0.260347700197757,0.200071606349453,-0.253889328404839,1.51325792502474,0.498477238869407,0.158087404874343,0.175066721098046,-1.1697876860582,-0.0414968104104955,6.12430612683647,-52144.1297332119
0.18227977508941,0.21902489633051,0.258103870350455,0.208211640767971,-0.278008209429582,1.53436485194563,0.481331930671421,0.163750682883599,0.117148442395253,-1.14493228771479,-0.0610316124412121,6.24174292337806,-52146.3718737323
0.0859170222359895,0.191170631400007,0.263359236568293,0.198515077926199,-0.240152026333599,1.5249001985099,0.486641225784969,0.170482250634314,0.173833312228425,-1.1580450720679,-0.0649334073796369,6.11793196574413,-52145.9446688349
0.128710992220924,0.218082493489614,0.260738838816245,0.211556832765731,-0.276351183602269,1.52921473671249,0.489002035936832,0.139076951283307,0.139269499693406,-1.15183488059701,-0.0536235869999966,6.28390646257479,-52145.7021253003
0.0992779208413096,0.207789709892503,0.261253648089794,0.204067595249631,-0.273087962399938,1.52083034979177,0.482765273897986,0.154857357698272,0.157787640651024,-1.17173814561592,-0.0477759409339237,6.23763441067254,-52138.7674162764
0.0300187389779678,0.201168944257975,0.260340058472132,0.202462463955448,-0.260409031871295,1.52699866937657,0.492166529707067,0.162553186930312,0.155603939643132,-1.1703996139855,-0.0590819435390028,6.1799213977414,-52136.700126555
0.0585349598181237,0.216658037834673,0.261761344137989,0.199143756723802,-0.273655237540631,1.52684213476101,0.495297456472513,0.151079599474572,0.161893796007032,-1.15891029177566,-0.0609474253309301,6.16303448495756,-52138.2203400611
0.0231618480259406,0.193821597536579,0.254898218971208,0.20353296248203,-0.254762839198051,1.52119703744425,0.495196758874135,0.159519038811469,0.135035792114167,-1.17273295509564,-0.0422050238512035,6.13024443325429,-52139.3601861515
0.16864929583093,0.182087024365316,0.265264233809225,0.193459992224318,-0.239653942797936,1.5347587808309,0.481298125200235,0.146550871916008,0.147213751257687,-1.20338858204657,-0.0593254881142214,6.22650658040312,-52142.2535485516
-0.00522820618953005,0.188101430811563,0.260254470597064,0.199440838291476,-0.24661152027675,1.51798240437536,0.504095077954456,0.16733408457182,0.139809630860758,-1.17034076496464,-0.0446776076904122,6.18842067272284,-52140.1324213727
0.0170145089908338,0.191550027147197,0.263068311803603,0.201882881755373,-0.250154264068362,1.51983467752555,0.497527127667912,0.170871130825792,0.145978898723775,-1.16033041322015,-0.0411610359923386,6.19838332998736,-52139.1554955041
0.13666741023867,0.196655957759779,0.261344664687045,0.203307565126683,-0.265244100396715,1.52329050867822,0.49387131378955,0.163324515402231,0.151841512638552,-1.17296193699196,-0.0554653263502977,6.24578168171451,-52140.1415855042
0.0758581112954152,0.200782886387294,0.256442794920069,0.197100448815585,-0.261721783694997,1.51630337277251,0.49154039295247,0.164680168935833,0.136123247717161,-1.15735451665787,-0.0495958195950201,6.21442605545733,-52138.3990600907
0.0248520930078841,0.191071982171676,0.259141617818245,0.203057660110423,-0.252979820215188,1.53560536891124,0.493809087615444,0.131394356801019,0.158209179087292,-1.19531443203138,-0.0341894610083096,6.14144930765971,-52141.4175814453
0.214481266773708,0.203798910634512,0.26220066020079,0.197135694456207,-0.27151783607999,1.53889624634042,0.475313969712545,0.157004611674442,0.122733180837667,-1.17258544725367,-0.0434285854246428,6.22910218153345,-52143.0675730419
0.00971087358590628,0.193011322091811,0.264373364796845,0.190259434710939,-0.247417269918578,1.53702621583475,0.48324952893534,0.150020334643465,0.152684922955159,-1.18406037013124,-0.0560367713183442,6.12906102524025,-52140.5451083823
0.0371237338690271,0.198751229842919,0.254818021413373,0.197226744052177,-0.269341919633609,1.52981304443507,0.482658742031626,0.173788404741745,0.145310618830803,-1.17937588681731,-0.0561620620363761,6.21151168660171,-52139.0165912425
0.135408323927466,0.188410329802951,0.264182524343396,0.196806231324594,-0.258490916130778,1.52265944972901,0.490715398272068,0.16066303566012,0.149024717411125,-1.19248290686484,-0.0487996194271967,6.13710453254468,-52139.2554514734
0.0473074519711594,0.208874180738309,0.256561209728854,0.194336421470744,-0.283625539697451,1.53551973354667,0.482114806484278,0.182223610494086,0.136157640889837,-1.1650487662529,-0.0642046636075192,6.19981302706219,-52139.4654863061
0.100365099598585,0.208791726984976,0.271967579569325,0.209620528659288,-0.269106666656501,1.52484202908845,0.490626180332213,0.173106472262261,0.132553250212612,-1.14115988510489,-0.0518119329276484,6.15707442836402,-52140.8000950459
0.0739746058052234,0.202200963165899,0.263480264918194,0.190746328922457,-0.277766293561356,1.52628102745698,0.497512817824801,0.166961133240858,0.133853711246104,-1.16822536312965,-0.0722817991782427,6.15484740818792,-52139.5539588316
0.0346541432692052,0.212573439782539,0.259965060741308,0.212449094745994,-0.281925321025698,1.52251410119847,0.492719850878156,0.189548268579167,0.169034769739842,-1.15180758068414,-0.0296305792844842,6.19627171321478,-52143.0968545782
0.0471751118878839,0.207291725829417,0.26082254131582,0.209907721510686,-0.278971148559056,1.52117167631896,0.489889735900342,0.195459828862548,0.162083611331145,-1.14830349474328,-0.0337314529397837,6.20719683430216,-52142.1924918671
