,plus_minus_home
49733,2
48694,-9
38626,-6
58393,-2
51581,15
52520,11
47623,22
52142,-11
52619,-4
40893,7
39976,7
60816,-10
42226,-11
53112,-24
60542,36
55835,11
48565,16
57993,-6
48827,-3
45180,-8
50962,-3
45539,10
51672,-15
41688,-7
42329,-17
61264,-4
57633,21
53249,-5
42217,9
49032,16
50987,5
60560,6
52404,-8
53904,11
59863,17
37398,-2
63468,3
60520,18
41019,12
38294,-9
54306,-8
38833,15
39999,12
60396,-9
38127,-10
63055,-15
53268,-2
47312,17
65079,9
42675,-15
43163,21
43267,-4
51330,12
55639,8
46535,19
63353,-12
42011,-4
55972,-7
49964,3
64366,14
41760,-4
58423,6
61816,7
38748,-2
47205,16
57533,-8
39477,9
64806,21
52964,18
52878,10
53595,17
44287,-21
65344,18
36449,-8
55001,20
55146,-16
56437,38
47620,9
47516,-4
64684,-27
56948,-2
59860,-4
36064,6
44115,10
61597,3
44448,21
56503,-2
57998,17
54255,-12
57211,-7
61997,11
45447,13
43892,-11
40145,11
42698,32
55436,14
52667,7
64682,6
45574,-6
44401,-6
37318,-25
52106,-7
47489,18
62609,9
46801,-17
55602,3
47174,19
41067,21
63914,-30
48634,-1
56845,3
51911,-2
42182,7
64920,8
63988,-5
59616,-24
48343,-12
62076,-22
41597,-7
39840,3
42578,-2
38374,-21
37303,11
55573,15
50836,-6
58619,22
65693,-15
54337,10
48750,2
47176,-3
36709,12
49122,6
62136,-11
53706,4
53087,-12
62199,-30
52996,-13
63744,30
36853,-7
46973,9
63495,3
46255,-1
59683,-8
38143,5
65074,17
57305,10
39255,5
61518,-20
45660,-20
64003,18
56411,-6
43228,11
37288,-14
59573,-31
47441,7
59687,6
54145,20
39431,35
40115,-7
41683,10
48604,6
63504,8
60270,12
58135,3
58025,13
58690,7
36498,-3
41250,-13
62531,-10
39576,-11
50524,-6
64773,-10
59759,-2
43791,9
38376,2
51464,-2
59505,-12
58979,17
49029,-2
53557,11
63973,3
64564,8
46130,14
50463,15
44833,-9
62891,3
46582,-10
44458,-21
53788,16
60708,10
37053,-2
42427,8
50451,-2
65309,-1
55425,12
50997,-10
52474,-8
39664,-4
55717,-23
53648,12
57855,-33
47706,7
55852,-3
41811,-7
43944,18
48245,14
55056,-11
62862,11
46905,12
50198,1
63346,-3
37986,4
43589,-10
57827,-27
38044,-5
55426,-5
59247,-8
55136,-12
57029,9
48848,17
36457,-1
36692,5
64017,21
57923,18
50960,35
60917,-2
63592,-2
58373,14
60929,-11
64531,8
55846,-23
36742,1
50932,19
58718,9
43552,-5
46979,4
48675,-7
47587,-3
48913,-20
65100,-8
61480,-9
62252,8
46339,-3
48651,-10
56624,-6
44561,10
45172,4
50959,15
58421,18
42484,7
56532,26
45152,-11
54257,12
56390,-27
36376,18
59333,-12
50979,-5
38416,7
62133,3
62352,-33
52364,19
63850,1
50401,-23
61880,17
47675,-6
42533,-13
58802,8
40291,3
39956,-1
39749,1
37265,12
50983,-12
56871,30
36679,11
40750,4
51043,-9
42707,7
48012,-14
55378,3
38731,1
63740,-18
51373,9
41178,-5
45785,1
56379,-16
63033,2
40867,10
46755,-26
49462,3
40030,-3
40311,-8
61323,8
39425,11
55382,-12
64895,9
60519,3
39678,20
62846,-2
57215,6
52578,-6
39566,30
46598,-8
42937,11
64637,-1
55065,24
56767,-8
38660,10
63293,10
39331,5
38682,2
55586,3
53814,-6
38365,-24
44307,-11
40738,-12
60159,8
62204,-17
54282,30
55769,-3
54438,12
37933,19
54590,-7
51314,6
42795,-4
39466,11
62033,-17
51644,7
62241,-10
38923,12
58443,-16
50620,-10
48735,7
41864,-6
48464,6
57107,25
39321,2
55519,23
44892,-21
64991,-10
59420,18
41469,15
44806,20
57840,19
46817,-12
52425,1
50610,-11
47064,8
36657,-2
47370,-9
53578,35
40550,-11
46734,-25
45718,-4
42467,3
56534,15
47490,-1
46521,25
60637,7
37272,-22
36572,-7
63377,-5
58771,17
41895,9
50370,26
58303,18
59297,21
52499,-16
58177,-12
38906,5
46330,3
43708,15
43057,18
41850,1
62590,13
60522,-8
60767,5
56513,-7
57943,15
54793,11
61149,-15
49969,-6
36216,22
65368,14
51276,-4
57868,5
38974,4
64764,26
42306,3
60794,-7
55323,20
62368,-5
52363,6
52865,9
38563,3
39191,21
60761,-29
48258,-7
65623,13
64790,-11
55726,18
47714,7
58956,-11
59306,-18
37616,-16
37391,9
65220,-9
46936,8
51302,-4
41119,29
39267,-6
51254,-14
36306,17
50235,13
59368,-4
63950,-10
53704,-12
59486,-12
58159,12
47941,26
61879,10
63056,-6
61415,3
41560,4
64715,1
47114,7
58212,13
61188,11
43854,27
52797,29
47223,7
38169,7
49493,-7
43138,34
36124,27
63656,16
60198,5
51124,-6
39288,-2
46127,11
41003,10
48725,24
65652,-19
63235,22
58457,3
61969,-7
55587,3
59562,-20
41405,-3
54508,9
49619,2
49976,5
37872,-2
45904,11
59471,19
51281,-5
64079,-13
39063,1
57093,35
42761,-8
37274,4
50191,2
46665,-12
44494,16
49951,15
65182,10
36465,27
54485,-11
58130,-2
47005,-2
54144,5
47899,-8
59532,-11
63167,3
36850,3
50379,-19
49030,-10
39385,14
53233,-31
46136,16
53894,5
39169,8
48353,3
53075,8
59320,7
64752,-10
47219,6
42082,-1
65021,5
57924,5
36755,19
39263,6
62314,4
42100,29
56214,-1
53186,-1
54567,3
37971,5
63441,-9
64718,20
46785,15
39632,9
58561,12
58804,-3
53550,11
38652,-7
46227,10
60327,-21
47569,-26
42440,2
39172,8
47708,-23
63154,12
50243,-7
56101,8
56233,-14
45864,-14
57438,-2
37889,-6
52408,1
47659,-5
38230,22
50537,25
58980,-7
37340,7
44095,11
55763,7
38825,7
59803,23
60641,6
64608,14
47405,17
54563,11
60779,24
64632,8
49058,16
54719,5
45640,-16
48256,-2
52135,-12
54135,14
51449,19
63927,8
60687,-4
53064,24
41211,-9
48840,-20
57431,-3
61276,7
52441,9
57571,6
56585,-27
59474,7
37485,4
63760,12
42963,28
41913,13
47527,10
56955,-20
41976,14
37875,9
57649,1
48418,-12
58005,-16
52899,13
49000,8
61687,-3
49678,22
37514,-9
55965,-19
39277,-20
60736,9
37067,-10
39603,-19
43218,-2
37215,3
59305,1
53749,4
59335,-20
58736,-17
62540,2
59431,16
45432,13
62699,7
58538,-24
51139,21
54250,4
56967,-12
37238,-26
49703,33
53717,-8
40623,7
52713,-12
57976,-22
45142,-18
52318,-7
42918,-11
36595,11
63336,6
59629,-17
58178,11
54971,-6
61036,1
42528,22
62235,-33
37247,-5
49922,20
52101,2
47903,29
51919,-3
46904,15
39894,5
54507,5
39786,-2
56138,-20
40228,-5
44410,-2
46568,4
57080,20
45419,-7
59572,-12
44109,19
39393,19
56573,-11
43519,16
42553,16
62088,14
61303,21
48583,8
37614,20
62782,16
60823,11
60505,-5
40265,22
48807,9
64803,20
65415,37
36452,-1
36861,-8
55565,1
41138,5
36662,-22
43803,9
36785,-10
39124,5
62147,-7
50334,4
63701,5
49148,17
44663,-1
39332,21
64086,5
48186,4
43376,4
63560,-7
46032,13
38207,1
50844,-2
61246,-11
37626,8
56131,6
45968,8
53908,20
53613,12
39182,-1
54747,-25
53681,-5
43553,1
64998,-11
44054,-10
55919,-19
58910,-13
53776,-12
37329,14
43445,11
49598,4
63754,-25
41147,-8
44377,-2
61286,14
56880,-1
52703,-10
53982,16
60683,-16
56664,21
44064,1
54459,8
38280,-10
40247,-10
39893,4
42892,26
46821,11
58795,-7
39746,-9
62297,16
38615,18
61954,-16
57159,46
37380,27
62174,-3
51811,-18
56608,7
51433,1
54446,-11
64704,-4
64856,15
60653,-7
53599,16
60818,17
61015,-8
56094,9
40818,15
61799,-21
37849,-2
50045,-10
49194,-8
56242,-2
45291,-6
61701,-6
63384,-3
43922,9
50627,-2
47704,3
49766,-9
65264,18
49037,-3
61749,-51
51472,-5
41164,5
57100,1
36385,-9
36497,18
45969,-28
61369,7
39538,-9
55779,-26
53172,-8
47570,-10
64527,-3
52451,-21
41863,-9
42946,-2
48559,25
47183,15
62064,-8
41234,33
61066,26
64502,12
64796,-3
37746,12
64794,-1
64250,1
63732,-3
51249,-15
57981,9
44889,18
64145,10
42485,3
59820,-7
50252,-6
40198,23
62040,5
54689,14
62160,32
37316,5
42335,13
36761,4
47901,-2
42490,14
54816,5
42770,4
65635,10
42258,-18
56431,27
41053,7
46165,8
55534,-12
46889,7
62944,-9
41243,12
64988,23
38315,16
42075,5
39743,13
63747,26
45944,-20
45970,-4
37371,28
56789,-7
61331,-6
45607,-16
42337,-2
44376,21
48942,11
39492,7
48764,9
37613,3
52532,-2
56527,20
48766,23
63636,10
60306,6
39209,11
45619,-6
59979,37
45257,5
58496,18
38116,12
51561,-3
51207,-8
48722,-7
65144,-9
59354,18
40302,4
51022,12
42994,-9
53279,-13
61921,-7
39702,-13
36298,5
60783,7
38244,-2
44657,8
52256,15
47375,-12
46083,12
48657,15
64025,13
48067,8
54148,15
55494,-6
61803,10
47328,7
60763,2
41975,21
40706,18
42348,-6
58630,-32
41632,-16
58919,14
62477,19
36525,16
53309,23
36400,4
39779,14
55853,-5
52739,-14
49067,-16
48063,-17
53005,9
40856,8
57063,35
46718,-20
53772,34
38571,14
61598,-9
62343,6
41754,10
62485,17
48027,10
63769,27
45123,6
38494,7
51229,-7
55855,13
50480,3
64236,28
55314,-3
51750,1
43991,-7
64919,-20
40880,10
39656,16
51485,-12
42168,-8
46918,32
36877,-3
54662,-2
39610,22
52779,-6
42749,3
56043,7
65357,17
51021,14
41552,15
54694,23
36807,-12
50566,-21
36844,10
58042,8
43853,12
36375,-8
53507,-2
63202,-7
38722,23
53381,-16
46173,10
50845,3
58003,5
57905,2
39733,11
37718,8
38593,-6
37102,7
39413,19
43816,-6
45438,-4
44394,-6
54757,-3
56142,-7
36082,9
58826,-5
52193,3
58529,6
38008,4
65639,-8
55441,-1
39257,25
56419,-1
40072,25
56474,3
37740,18
47165,17
62273,23
56629,12
39298,-5
38967,-15
60757,-14
44341,2
40614,-5
57909,4
56906,19
36782,-5
61900,-5
49043,-15
38095,-16
40982,6
43815,-3
62198,-3
58311,-2
63148,12
56373,11
38589,9
45325,-2
56000,-7
42184,-1
36142,-14
65132,14
45712,18
36174,5
42434,-21
57622,-13
43152,-4
36263,-10
37869,27
61684,-9
38869,3
42227,40
49923,5
39527,3
63542,-19
54109,22
37985,8
45224,-8
63442,-18
44075,-8
64353,5
42003,-10
40766,-11
59679,-2
46505,26
46524,16
55625,8
55301,-17
64911,-4
47211,1
58074,-6
53782,3
58886,8
45167,-12
46873,5
45241,13
36280,-19
38054,-1
50638,11
42132,-3
41144,12
51787,-5
58242,-11
58210,47
47543,-24
38489,23
42143,-3
51164,6
37540,-6
62622,7
48131,-8
58741,23
42969,-9
38777,8
44615,33
40897,-4
62080,6
60665,-6
50332,11
41090,3
48887,29
60109,-9
38529,-17
48939,-11
64534,5
39372,-2
45098,4
59649,8
55007,4
39563,14
36870,18
40034,7
54045,-14
63516,13
40699,33
36226,-6
58526,1
40536,16
61855,1
60959,20
61993,-17
62413,-5
48615,-11
42340,-7
45770,8
59709,7
53041,3
51913,1
42983,-4
60915,-8
53210,12
47261,8
50793,-12
49754,6
41093,3
44045,4
50969,8
63454,12
55398,21
53326,8
39473,8
45997,-6
46027,-5
43555,16
53733,13
42838,8
59395,8
44093,-6
62112,12
63243,18
50202,6
65662,27
41812,30
64868,19
49418,2
60463,-6
42196,-12
64008,12
43885,-7
62153,-16
42475,-6
53310,28
53254,16
61076,15
50588,-5
36394,-7
54339,16
55027,17
50414,9
53009,10
57972,-6
53775,-29
50319,24
64826,1
56009,-9
40321,-4
46035,18
56945,12
55988,-3
41407,11
51827,-6
59889,10
39615,6
65364,23
46856,-5
61964,-5
49208,-8
48855,-11
54473,-5
48332,2
58008,-6
59385,-8
59871,21
46702,11
60512,-8
64302,10
46176,-7
45090,15
51234,5
43547,-6
54065,5
62307,23
59580,-6
36048,-10
41379,8
37296,-6
49454,-9
40004,13
61537,-5
38132,-13
36331,-4
43080,7
36581,-5
56940,17
37791,5
62394,14
52373,11
55888,-1
40281,46
65684,-11
38693,-4
49131,-19
42714,19
54487,1
60597,-24
56455,9
62936,26
58615,14
42913,8
49555,-5
41971,-16
44405,-16
60305,36
59288,28
56060,-8
54247,18
42758,13
54226,14
58312,-1
49389,-30
42051,-1
60666,2
53631,5
60295,5
39974,10
44924,-3
51388,3
50539,-9
63759,15
47017,2
43466,15
46735,25
43726,10
63545,32
60633,-7
54509,9
40077,-10
38417,30
52521,-3
57091,16
39930,2
56651,5
53990,6
52535,15
55926,10
46669,-7
49044,17
56747,9
36164,4
37447,-24
62087,13
56771,-30
48420,5
54160,-9
47066,5
50351,-1
56563,-2
61553,-2
57169,6
62684,-3
46769,-8
51146,-4
44655,2
37810,-24
65504,4
45918,-18
38364,-11
37284,9
48224,-9
51590,-7
61259,19
49537,9
50010,7
54100,16
42926,3
36941,12
61326,16
40456,5
38297,8
39815,5
38850,13
38725,-7
63883,17
50828,10
62774,-16
49799,9
47172,18
55127,-23
40006,7
39358,6
51141,4
52131,18
55969,7
58024,17
60242,-13
51606,-37
65334,-16
65031,4
65162,-14
63826,5
42750,15
61805,-13
46894,-12
54492,27
52432,10
42125,15
55225,14
61750,-16
60282,6
62100,9
57477,-16
54249,-7
42110,-19
45171,10
55337,5
55129,15
48543,8
62620,-8
61656,3
46490,-16
54572,16
47356,-7
45522,-5
40287,6
64817,-11
39281,30
48450,-11
64328,-7
50530,3
59446,5
39206,9
47631,16
56891,-6
49547,9
45616,6
58026,8
57982,11
58071,-8
56512,-19
42699,-6
54704,24
54570,-7
61263,-10
52678,-6
37118,8
55299,-17
53295,-1
39872,12
53752,-4
41905,8
61266,-15
42109,-9
39251,12
47212,5
50592,16
64580,-9
44538,4
50130,13
38192,-27
65335,2
49083,-2
52857,10
39533,24
64951,25
63839,-28
41935,16
44650,9
61732,-10
54959,-7
56126,-2
42396,7
41525,3
38422,12
50418,25
45221,-3
64927,12
49048,18
39573,-8
40466,16
36645,-33
40195,8
44835,-5
51050,7
54768,-1
61881,-4
36916,-6
55980,12
54740,10
60224,11
53686,-1
38511,45
64463,23
52424,19
57039,15
42643,13
50131,8
44680,5
39768,-10
46972,9
61183,5
59013,-5
65527,5
44248,-12
53054,-21
61761,23
37407,4
58585,11
36616,-3
39248,7
37064,-9
60244,7
47905,-2
40488,21
47607,-2
49427,-10
57312,13
62158,8
55371,-25
54484,31
43716,-4
57033,16
38107,-10
54511,-6
51806,3
36954,17
46766,-1
41109,23
41907,21
37901,9
36550,-13
59051,24
59465,5
54292,6
51674,5
47154,-18
41293,6
49552,7
38858,-10
61612,18
45176,1
50094,5
48495,-6
61390,-30
50633,-19
64968,-2
48206,-17
50197,-5
38741,15
40580,4
61839,5
52858,17
59251,-8
46635,3
61942,14
55139,-16
42989,1
51223,-7
40596,-19
42674,-15
64266,-8
53798,12
38262,17
43769,2
46619,-10
61849,-26
44048,8
61827,-7
41767,-6
36943,5
47585,8
42551,-5
46950,9
62048,11
42962,-24
36554,6
53244,-21
61148,-9
38157,7
48707,-4
53032,32
62448,18
39545,-21
45703,8
41700,1
36292,3
64306,19
38959,-8
52213,19
45827,4
51395,-3
64586,-11
52545,33
41936,5
37643,-4
57283,11
42922,8
45494,-8
38380,-24
39201,28
51483,17
56777,-17
64994,-6
53149,-9
59731,3
63146,10
48814,4
53667,11
37297,9
60484,-1
48283,9
39036,-31
36304,-22
50145,6
49024,20
62721,14
37138,-13
40337,-4
62572,-1
47617,11
62504,-2
39380,11
53605,4
57218,-5
48348,-14
59627,-4
58337,12
61435,14
60781,-3
55721,13
48179,-8
50951,15
46689,7
50313,6
52888,10
40751,9
58744,22
40556,2
46595,16
60705,-2
39867,6
48906,8
61223,-25
43534,13
65081,-10
40680,-17
37088,-7
59255,18
61673,-2
62881,-13
40521,11
63748,-12
38590,16
59005,6
45060,15
54202,-2
48894,-4
51786,10
39056,5
47344,-2
47217,-7
56213,-1
46926,5
63813,-37
37131,-31
54592,7
56433,15
64109,29
40056,7
46071,7
64519,32
47430,20
43356,8
51836,17
43910,17
59353,3
50578,10
51328,8
58794,8
55405,-10
46673,4
63150,15
44418,10
57129,-3
58974,10
49821,3
57121,-10
58140,-20
59667,16
50117,16
36851,-11
63974,5
57403,11
39758,12
62479,-27
36265,9
48133,-2
39892,23
48684,21
41396,36
50897,20
55267,-2
55572,-6
59063,13
37546,-14
43157,9
39062,17
44013,-13
55504,2
59176,3
59442,1
59641,-12
63116,5
39305,7
63624,6
45450,10
56896,-6
47605,-12
62841,-10
37813,28
63181,-5
37419,9
59340,-9
49372,14
54179,-21
40205,-4
63860,-12
44902,-4
45229,22
58996,-10
47397,-38
53549,5
40263,8
59947,10
47276,8
58348,4
48304,-2
42920,-28
54346,6
59268,9
53959,-20
60072,5
48672,9
59921,30
45357,28
39555,24
47586,-7
36474,-8
42653,3
65614,-4
45536,12
48618,-7
58715,-10
59024,3
64628,6
45899,20
55206,-7
37577,3
38922,16
41188,9
48769,33
46962,32
37314,5
63480,-4
42355,31
59317,7
41884,-8
55928,6
39696,12
44262,4
42390,-11
37658,5
48800,32
43736,7
41187,10
59424,9
43306,17
48465,11
65468,8
49183,-3
63510,8
37376,14
55594,4
56030,1
57841,-26
45102,10
41762,7
59964,-11
65416,21
63429,-8
61154,-11
54206,12
48609,14
40602,-2
43948,8
44622,15
51831,13
47102,20
44079,-16
44320,8
42862,24
65431,-3
41242,-5
58658,-24
64982,-8
45920,16
40355,7
44472,-25
49643,9
40074,13
52411,-5
48933,2
43835,-4
55885,-17
57061,-5
47936,15
51291,-3
36286,9
57078,21
41531,35
41372,-16
47214,9
48436,5
47126,21
50339,-8
46346,4
36349,22
46799,-9
51752,-3
58721,22
46778,35
46545,19
49724,-6
59415,-7
40999,10
45763,-2
47923,9
47043,13
44192,5
43731,-4
44319,19
39149,8
43251,8
47449,-10
50317,19
61795,15
55002,-21
51237,-7
58384,13
61133,11
61950,-4
51763,-7
63120,-10
64829,-1
38447,5
43310,3
59028,3
38621,7
64289,14
60849,47
50512,-5
37404,9
40493,10
42160,-14
55487,-4
54123,15
61506,-5
51062,2
42970,-16
54132,5
49023,7
55691,-1
57200,4
59960,-12
50909,39
56182,14
38309,17
39975,4
43453,-7
60074,17
59597,12
37207,20
42586,5
52674,13
48438,8
51620,9
51573,17
56937,34
43380,-16
53987,-9
63248,5
37461,-21
50301,-3
65004,-2
60805,25
43894,-13
63374,7
42478,9
48921,2
43001,12
62589,17
51049,29
51487,6
39397,-13
49850,8
47500,10
44859,-5
54099,4
65388,35
55804,-16
38247,-11
65022,18
52568,-8
44328,-5
58482,-5
51358,-3
47912,15
56127,-14
45228,-2
61275,9
50373,-17
64973,13
42471,-10
50443,3
46320,-9
55369,13
40620,-5
37413,-1
54614,16
54088,36
53710,1
43717,-4
36697,11
42710,10
37246,15
49078,5
42727,10
56611,-4
64325,10
44360,8
43497,-14
49711,17
44112,15
51321,4
60043,18
46205,13
55170,12
48945,-15
50825,-10
40336,5
60061,-26
58601,11
56151,-2
55186,5
42503,-3
45749,-2
63420,-1
44268,5
63662,10
45174,-2
42243,-5
38971,-1
59011,-7
37912,-24
42889,23
47465,-23
40637,7
64635,-6
45254,17
44792,13
41673,-9
57223,3
36627,26
37479,7
44467,12
47724,12
52708,18
39087,3
46637,-9
61833,5
57376,-10
63370,1
45569,12
44629,-2
58094,-8
62486,-5
53364,21
60363,-4
51509,-8
42341,-9
60919,-1
51597,22
49510,26
55657,19
56506,8
55662,-9
37228,38
55437,7
50258,20
43014,19
53282,12
45692,12
61280,-21
64700,-3
45401,-13
56188,14
43527,21
65027,2
62036,-6
65072,8
47111,-14
61404,-8
54060,8
53185,12
65479,2
65659,-5
47779,11
53590,-21
45728,24
63503,-30
59793,34
48042,-6
52786,3
44087,-5
37080,10
38175,19
61041,27
61605,-8
54724,14
39378,-3
52562,-6
51532,1
58436,-2
58644,-9
58043,18
36867,11
39052,5
65141,11
39761,-7
51519,-25
37185,-6
59637,-8
53779,8
65271,-12
40676,-13
49451,10
37199,7
56028,21
55265,11
48782,-7
45711,13
48753,8
62011,4
37344,-16
40961,16
63306,-22
59174,-2
53158,5
36305,3
37954,6
55608,23
39928,-7
62704,24
47758,31
53602,20
40995,1
59677,-12
39918,-7
56991,2
39150,5
40853,33
43241,19
52997,-2
46605,-16
44161,-6
38990,-18
45688,-7
44637,19
64642,9
59922,-10
56733,-17
63078,3
61031,6
53332,-9
56058,8
40870,-13
51400,4
59823,-9
41366,9
62407,-4
54357,5
54267,-19
61596,9
45768,7
40251,-24
61719,10
65113,-19
51826,-5
60139,5
38937,-3
53218,-9
63818,32
51286,18
54116,-13
44738,1
64583,6
36259,11
53734,16
53947,13
48468,4
39774,15
47545,7
51648,27
39010,2
47582,12
40518,15
51072,-4
45400,-15
38920,29
45193,3
53763,-17
64453,-14
47433,12
56022,-8
46990,-8
49965,6
51888,-16
55746,16
63693,-3
39252,8
52251,1
53142,22
60753,-19
58493,6
42174,8
60525,13
58455,-7
62655,21
63425,5
58553,4
43353,9
51233,-8
39159,-52
65465,-7
43355,6
52698,36
40925,11
55297,9
54758,-5
45789,-7
56569,-3
57328,-6
39987,13
59819,-1
47956,-1
43336,4
36136,9
42327,1
37646,18
39737,7
40788,-17
40948,-10
51935,10
65040,-18
64141,-6
53192,10
46544,-14
54480,11
54290,9
49935,-4
37003,6
45417,7
55262,20
63392,-6
48926,2
59298,6
51721,-24
52979,6
36368,10
52082,-14
42858,14
63746,2
55120,4
64333,-5
58798,-9
47594,-12
54190,14
55501,-5
52937,21
58316,-6
44276,-17
38036,20
47591,-2
64576,-14
60744,-1
62698,-36
38391,18
48908,5
65417,25
60354,22
41623,-6
63817,-20
45187,7
55042,-9
36659,-13
38665,2
56689,-24
61443,6
56029,36
38501,12
57095,-17
44535,-4
62077,38
64639,8
53597,12
54094,9
54646,4
61067,-17
48989,10
42333,12
39626,19
62544,-1
58780,-8
53019,26
43545,-5
39339,8
58032,-10
40447,4
38352,-2
58285,2
38445,-10
63667,-4
57158,-7
45446,-12
45802,16
36919,-7
47979,25
57836,-11
57891,4
38151,19
58097,-3
44237,-6
46622,2
45635,16
53685,8
36451,12
46496,-18
39945,-14
42599,-5
39286,-3
55241,-6
53383,1
56806,-1
38231,-5
58144,19
62681,11
61470,2
51419,1
59902,7
49408,-8
55596,19
54792,12
64732,13
55363,-12
65648,-2
63431,-3
53069,6
52361,-7
49800,16
40631,-17
50161,-9
44132,-3
59761,-2
57675,-6
62955,-10
61214,-7
39349,9
49830,23
40463,7
36583,12
59827,17
51365,15
61064,-6
58154,-22
45995,8
56686,2
52598,14
51493,-11
51471,9
37696,-3
38070,15
49450,-5
58453,-1
64544,1
58104,-28
48997,10
51735,-5
45243,22
53881,5
49470,-2
61186,-3
50177,-12
57849,-13
46482,24
38361,-3
51329,2
56428,27
49977,24
60143,-6
39106,-6
46578,1
61335,2
37047,14
58027,4
50601,15
47299,-21
44778,16
54715,1
62310,11
54156,-3
48216,3
47307,-24
45933,8
38289,3
54734,-7
45498,-5
42407,-4
37176,24
53198,-3
53669,-23
44137,-10
52229,-1
53245,25
62334,-1
63085,3
62017,-4
42541,-6
40760,6
39481,-10
54684,-13
41702,7
53182,6
61725,-14
40269,8
37397,-15
59884,4
50412,5
60537,5
37921,-8
51090,10
44437,9
44171,9
50487,2
54316,1
58866,36
52477,2
50263,11
43532,4
58618,4
51565,13
65656,-20
53834,-3
42510,9
57022,6
64928,1
62046,11
39146,3
36100,19
42354,17
60488,-5
54108,4
49995,1
47992,-1
58250,-15
55518,12
37204,10
48185,14
38502,25
64065,-1
49077,-18
43525,-6
44707,-11
62594,15
62441,9
41265,8
63415,5
57054,16
62316,6
60010,-16
60545,25
60710,10
48129,-10
59806,7
55742,3
62577,11
52194,-7
60232,16
64095,-6
61407,-10
61992,-1
54244,5
39516,6
59265,3
40726,9
58114,9
52309,-4
65019,15
59640,-23
38188,-5
49153,19
58719,-7
45336,4
63352,35
65299,-2
56959,13
64468,9
57410,5
46599,3
55115,10
36651,2
48967,8
42568,-26
65240,-14
41399,-2
45814,-20
60091,1
36684,-6
37506,-8
47257,3
59491,14
46189,-8
56911,10
46018,17
57620,-3
65157,8
44021,-7
42722,-13
55787,5
41381,-6
41284,7
51322,-8
36143,2
61621,6
56813,22
62621,1
58132,-24
42595,9
63107,-14
50289,15
59850,-10
60254,12
49429,15
56766,-11
42318,22
46624,-16
40397,7
62337,7
62524,5
61706,10
46902,18
49635,6
61658,12
58360,12
58065,-16
51114,-3
40742,24
65617,-5
40630,-12
48749,-8
58336,-14
48645,3
52668,5
59510,2
58943,-8
55678,18
36401,-1
56995,-8
48430,10
38954,-1
50607,24
55632,27
47658,-29
38241,-17
62537,-8
42921,7
42455,-11
62731,3
64081,-6
61406,21
43079,5
40185,-4
39549,11
50441,16
62962,-6
50875,18
65002,13
63053,28
61718,6
50944,3
49582,10
62548,5
51706,-19
51560,-2
45479,3
48588,6
44392,-11
55893,-2
47336,4
42806,10
37564,-25
65516,-3
45237,8
62103,19
61524,5
41727,1
62977,10
42847,-29
38224,26
46483,6
46322,27
41652,4
41596,-9
39540,13
46518,18
55316,3
41037,4
60267,-16
49529,-5
47952,-14
56736,2
63979,29
59381,10
46956,8
45815,-9
54718,8
38487,6
39419,-12
58088,-24
38994,-36
57035,-5
62908,6
47926,-21
60207,1
38870,11
49653,-11
64736,-3
50310,-8
54561,7
60256,-9
53124,29
42567,10
54091,-8
54022,-11
63145,5
51466,-6
36084,8
60771,10
57380,-7
61698,2
46021,6
55628,-7
60018,7
51874,15
52459,24
37838,15
47782,4
65187,4
37802,2
43053,19
55905,13
60507,-16
37757,-10
56976,28
55734,4
63658,-15
57468,-21
39126,4
47139,-10
53998,10
39482,26
54320,7
47668,-1
45404,-4
54599,4
46617,-4
60735,-5
64862,-5
56195,5
54621,16
51268,4
53543,-20
61321,28
39246,2
46046,23
51053,-6
49896,-1
47413,-17
40084,-9
40909,5
40797,-14
64730,-1
65094,16
63953,9
54201,20
37468,7
40551,17
47720,3
49381,-18
62116,-8
47635,-5
61489,-8
54585,4
41521,-2
49564,6
60612,-11
38843,-5
38277,-2
47229,12
41764,6
65206,-1
55268,19
52153,10
42474,-13
39212,6
52987,3
44071,-8
57309,10
55350,-1
53166,-7
64946,-31
55912,8
55998,16
65231,-8
64492,18
57216,-8
51399,-5
47135,6
56691,5
47256,-11
55706,20
39258,26
47334,2
53962,-29
58251,10
58767,-11
47207,20
56913,16
51502,8
41737,8
61235,-8
45855,-13
42765,-17
46515,19
53380,6
55844,20
57025,7
40070,1
45600,4
52984,9
53647,19
49933,12
48097,25
60144,-23
49430,-10
46852,-23
51026,9
37790,-3
44479,10
57860,9
45153,4
42735,7
50531,-6
36625,-11
65502,18
64976,8
43175,21
59919,2
49490,7
42273,-20
58599,-9
59283,4
49719,7
54712,-4
50158,-18
61649,-8
38688,5
38357,30
45177,9
45686,2
62588,5
42218,-16
44040,4
63171,9
44553,-11
52615,-3
47615,8
51768,-6
40059,6
55473,15
42552,-2
36736,3
49135,-9
44612,-31
53961,17
42516,9
65241,-21
43143,25
37061,23
45738,-2
37575,2
42577,-4
39562,-5
36524,-20
58136,-1
49939,20
43828,17
36748,7
38756,6
44414,2
40383,6
58512,7
41710,10
46575,17
44617,-4
65450,9
52460,-11
59831,6
62656,-29
64518,2
57492,-7
57669,20
55823,7
45413,28
45256,5
36618,-2
52654,5
45147,-7
51733,19
51413,30
42717,22
45080,-13
40960,5
41228,15
57297,5
39993,-1
55026,2
59923,19
39328,9
44797,1
40315,10
59331,2
61530,5
48872,-10
43824,7
37666,2
48247,-2
44828,13
39584,16
37618,-9
52158,13
56997,-7
65293,9
51944,-5
42280,18
61636,27
51349,5
47047,-10
45069,7
49346,3
38154,13
43406,24
63814,3
60475,11
58293,-2
53634,3
39523,-2
46076,-1
43508,17
64226,20
39659,-8
38045,-3
58344,-15
63670,14
58584,-14
55406,4
46693,25
60101,9
48401,20
46862,-7
57848,36
40920,-12
47959,2
36072,-7
36738,2
42093,10
36672,-8
63271,-14
55439,21
40813,7
49816,-3
45961,-20
46274,-7
45117,8
37035,20
40646,13
60934,-5
39863,9
52300,-8
65642,5
60968,-4
55072,6
43821,12
46277,-7
44181,19
43340,11
57090,13
37390,-21
39308,3
58579,7
51547,7
42209,9
65531,6
39432,11
39354,-3
62674,-10
58359,-7
63269,5
48232,16
45754,36
42933,5
60807,-7
48968,-7
53083,1
41757,-7
60731,-11
54637,-19
63715,-8
59527,-9
64388,14
59893,-2
58196,6
38542,-2
47556,25
49036,13
41550,32
61095,-15
42043,25
42276,-12
52695,2
62642,-49
37240,11
64482,-3
37734,15
56622,7
37751,6
47540,13
45605,-6
65184,10
52810,-6
59489,-10
58667,-4
58411,-9
57979,3
54390,15
52639,-3
64813,-11
37650,8
55014,30
63669,4
56692,13
39059,-8
57606,-3
39032,3
58791,23
40636,21
55377,6
55890,13
50169,14
36155,21
46302,-32
46183,-15
38524,-17
48599,-2
51643,-9
59621,22
64122,-23
58234,-8
36727,14
39041,23
53187,1
63876,6
44633,-8
51099,31
56894,20
63920,-29
63893,3
47350,13
63407,4
59582,-1
47310,1
47748,-15
48350,19
44606,-1
42192,-4
36879,5
54943,-7
42574,7
48373,-19
65413,-28
36456,6
48881,4
42924,9
58595,11
52932,5
60881,7
51376,-3
59548,-1
43818,26
62935,21
37474,7
45535,12
53944,-5
45967,-5
60012,-24
42560,9
36283,12
61192,29
40618,-12
65095,-7
59957,-27
40422,-5
41494,17
47525,-7
42724,-6
44851,-8
47153,-5
55978,9
40317,12
41883,-7
57666,25
52706,2
55644,12
48777,-18
62384,16
55107,20
65643,6
51770,-21
58915,-16
45812,6
44267,6
46711,-17
50583,-10
60547,11
53651,3
44027,11
60192,-3
51809,8
49691,5
57164,-1
43838,-5
54417,5
52553,16
62596,-2
47908,3
61495,-17
60900,14
58092,15
65522,6
58912,8
47265,24
58929,-33
39512,-4
57221,-14
62992,-1
60041,5
57108,17
58819,-10
59406,11
39883,2
59681,-5
59210,11
36341,-6
41340,10
51167,3
58669,2
59557,-2
64401,15
42831,22
37235,13
53973,6
37754,7
41910,-24
62787,-12
58049,8
37942,-4
48031,6
56666,23
48052,-8
39122,-15
55936,-1
49759,-31
39253,9
37294,10
43516,3
50982,3
37249,3
36480,22
50898,-15
60300,-5
41641,8
42941,20
54439,6
60117,27
36109,6
57339,18
65257,16
60649,-4
37107,18
58707,2
48866,16
59068,-10
46863,15
36714,1
40325,12
52376,-11
58692,14
50890,3
56898,7
63463,2
49435,-16
59932,4
57334,-1
50877,19
49129,-6
62591,15
58807,3
47161,-2
42848,-2
63216,8
48103,-4
37018,12
55184,8
49165,-8
50213,-4
62439,-6
42785,-2
40747,4
44312,17
46221,-8
43051,32
62243,-10
59244,4
50880,-1
61285,-21
55137,9
63395,-7
43426,-11
44443,4
39847,-2
41662,-14
61951,15
56795,22
45978,-14
56461,6
45972,-10
36882,7
64749,6
57625,-12
60471,10
50067,14
42473,-12
49677,16
45448,-7
43710,-12
40411,-10
48556,-16
50093,5
39502,-9
49211,16
53676,-7
54479,-5
47655,8
56834,12
38347,-8
61824,12
51177,-3
47425,-11
41944,4
54229,-1
51292,5
65318,-8
52790,-17
37530,-1
45454,6
46024,-20
44873,-9
45265,3
55950,-1
59458,24
44350,11
40825,29
36617,-10
61019,3
56107,10
56064,5
47571,-26
65003,-4
57181,20
55520,3
48867,6
48728,-9
38219,8
37877,-43
60973,7
49424,-5
63448,15
44024,-6
42642,9
57260,-8
48478,-3
56069,7
49352,-19
46296,16
53609,6
61395,12
57515,13
49011,31
42251,4
36858,13
50150,10
38721,25
42840,29
42755,22
38434,-1
61376,-7
40419,-3
61683,-6
41776,3
44263,-18
39620,9
45669,8
64675,6
40562,28
57520,28
38840,-5
55113,-4
46207,20
36113,16
54194,18
58204,-14
46262,14
57234,-4
57801,-17
37367,17
57489,-11
40499,6
63930,6
48930,-24
47222,24
44524,26
57446,5
60230,19
53361,12
59797,9
61672,2
54969,31
64886,3
63476,-18
52184,-7
56155,13
53941,-6
47622,2
56170,25
37863,9
62931,-12
55134,-2
58723,2
44337,-3
39541,12
46816,2
38769,2
55968,16
62976,-10
52961,8
41134,-2
55527,-19
43969,-2
61086,-19
38653,-2
42388,-10
61108,12
47272,-5
63509,24
56387,16
50196,2
39616,4
63758,7
56597,16
42797,27
57135,7
40533,26
54335,21
58809,1
52866,19
36752,12
36765,-4
57914,7
65099,-12
39478,4
47484,7
40508,3
63114,-12
36962,24
37436,9
40374,16
41107,-34
51920,-16
47669,10
43749,13
56850,13
36621,11
46853,2
56946,16
52748,-10
61312,-9
52383,6
39716,7
64436,31
63071,-17
54311,-7
54137,17
40268,6
63597,-9
63638,53
45892,-1
37299,-14
42565,18
49735,-1
39677,7
41111,5
50975,10
44628,1
52922,-16
54276,-8
41948,-5
51410,12
44855,-23
57870,9
46016,11
57028,2
39215,-11
64042,22
61595,18
64621,3
52288,-13
52260,16
41894,9
36878,17
59666,9
39933,3
56746,44
47120,-2
64552,-7
58129,15
58358,-8
52485,-9
42330,-4
60523,17
37736,-10
49743,-1
42594,-13
40051,-2
55974,-6
61318,15
61045,11
45905,2
38279,-13
47062,10
44309,7
56027,-21
63722,7
45437,-11
50893,13
63764,-7
48760,11
45328,15
44586,-8
41769,-1
47975,9
60079,-11
57856,22
57013,-4
54538,-20
44569,3
44771,5
56757,-2
47262,4
42540,1
51288,-7
45792,4
49568,-3
38354,7
54774,-4
54615,7
52257,-9
57572,-6
59733,7
61412,12
64593,-8
50864,-22
60413,8
53278,-4
54945,14
38060,7
45794,11
40888,-1
63461,-34
55370,-3
55320,15
53582,13
40140,5
57439,-9
60480,4
45242,5
56134,34
39575,28
65398,1
51723,-7
49702,-12
56684,15
48532,4
57146,16
51486,4
57532,8
53654,2
44033,11
37774,11
42980,-4
43189,-21
43023,-4
50628,23
55053,-28
51710,-12
39940,9
44567,2
46705,12
55627,18
40980,11
48784,25
37500,10
58636,25
59454,24
58367,24
44084,12
52868,17
59039,4
61332,11
44770,3
42047,8
52275,3
43266,-1
41840,21
62324,8
38343,6
43335,-15
36420,20
45548,-18
39996,2
55832,6
50883,17
44774,27
65166,10
42099,13
40555,-14
64818,15
43235,-16
58454,-9
63234,17
50159,-4
36440,5
58921,-7
54426,11
38547,-4
44222,-9
52935,-4
52552,19
59880,28
41419,2
47361,-8
48026,10
49852,8
38464,-2
36508,4
59242,-3
65422,20
54564,14
45305,28
62346,-10
53048,11
65404,-2
54396,11
43945,-5
44786,-13
62389,-4
58037,-16
36448,-7
44588,5
61708,-6
61801,-1
42737,12
54521,-6
63862,30
64561,45
45126,25
55964,6
36218,17
44358,-22
55275,8
49213,-11
55682,3
62029,-16
36336,24
57126,10
63570,-27
52683,10
57277,-16
53897,1
45973,13
41292,2
55094,-12
55564,1
44739,-7
61958,9
42113,-17
58532,-2
55775,5
36083,-2
46059,-3
39614,9
45843,-27
53222,1
44452,-21
40095,-3
45852,-3
44751,-5
53722,16
61755,-5
41859,3
58385,-11
63583,-10
54366,16
36461,-1
47382,6
54237,-2
44121,-16
46045,11
52226,8
58499,-5
54683,5
55834,-16
59762,8
63595,22
62980,12
38684,-10
58955,23
55546,1
44927,-2
36128,23
63200,-6
59984,9
53036,-9
51192,7
60177,-7
53165,-16
58720,-24
38527,9
45957,-16
56628,4
48076,25
65619,29
61576,34
57980,-20
42465,12
44512,3
51637,-5
46160,-14
55213,12
48641,6
63378,31
36947,2
64759,-16
40120,13
46698,18
61330,1
47690,5
40402,-9
45805,43
61295,23
47686,29
38423,-11
42431,-10
61594,-9
61116,30
47194,3
36151,4
41791,14
48192,1
42728,11
59867,13
51952,6
42145,21
60279,1
41969,-5
52183,-6
56988,9
55623,14
41353,8
48046,-12
48745,-10
41665,16
48472,-10
48597,24
44745,-12
64537,11
54374,18
59879,-4
39958,3
37472,5
38573,7
58959,-3
57544,12
50965,-23
42498,13
63775,-10
43809,11
60572,19
38368,7
40967,11
54523,-7
62643,10
39994,-12
61640,15
44914,-6
47297,9
36512,32
46888,-11
64906,10
61172,-10
52196,21
64506,13
58832,-13
39367,19
53670,-2
56200,-9
65068,-21
64459,-13
37203,-8
61013,-2
52933,-12
43419,-10
48451,9
39841,26
37260,-1
40573,-6
36903,-7
55326,-12
65403,-14
48966,-14
58409,4
63274,-28
63004,1
41400,-2
41605,3
40457,-2
51604,6
61810,17
63388,14
46780,14
55510,4
44311,15
64741,6
41922,21
65151,21
41351,2
42636,-9
44804,19
36327,3
41404,10
48557,12
43747,16
42896,26
52381,14
61268,16
61426,-2
36334,-8
39637,4
62186,19
57895,42
51921,2
36956,-5
38772,11
65376,8
47711,-6
50271,-5
56054,21
51774,32
41848,7
41464,-34
56924,-12
45096,4
50973,16
45457,15
58988,-3
62932,18
54392,15
60234,5
43037,-7
45109,-2
60914,9
50176,-9
45819,-3
63993,5
58742,-3
44290,-1
64870,-6
55122,-10
42557,-2
56452,29
36157,10
50124,11
44251,45
58272,-6
38979,21
54134,18
60839,-6
55492,9
52191,10
56607,4
45213,24
63833,-9
53039,17
54680,-13
44805,-18
38108,13
52198,10
37112,4
53153,-14
57900,-2
37762,3
46280,-7
59459,-13
64584,-10
45576,19
37278,18
53646,9
46722,42
60317,14
61507,17
52104,-10
50643,-4
53929,6
39924,-8
47343,7
44396,-12
57948,-11
63111,-8
54077,7
38622,-1
49475,-12
57887,-8
37164,-1
40564,16
64308,-10
38265,-7
53043,11
51057,2
51878,10
56754,-1
57037,-9
58111,11
37521,17
62231,9
60113,22
50391,18
42084,7
39416,-3
36131,35
52392,1
36463,-12
57347,4
63003,-4
48062,12
49031,-17
57012,9
63109,8
45182,-4
62568,22
47946,-8
63093,10
55249,-11
50529,-17
41362,23
60865,25
61428,-12
46260,-31
64762,4
59188,-13
52504,-3
39037,29
49141,18
40212,9
54954,5
48621,-11
63793,-48
48087,-28
57257,-9
45986,6
57094,-5
50203,-12
43203,-2
58558,1
63954,14
55104,6
45668,-1
49185,-6
48869,8
48037,-31
44559,7
42191,-11
58686,-18
50348,-1
41896,-16
41575,-2
39449,10
62365,4
37612,2
57792,8
64495,-9
55955,20
40159,-12
41374,-2
52272,-16
61414,28
38514,4
43213,4
48569,26
57656,9
45425,3
39525,-3
37399,-7
43988,29
56804,-8
47326,21
46516,11
40789,1
46495,-12
39398,1
37363,18
43877,-24
55318,-6
63493,-3
39529,-21
55133,13
37947,-1
40053,-5
38180,12
63621,2
54647,10
45394,-4
50215,-20
64839,15
37713,-16
44074,-2
39765,-2
43771,1
48171,-7
52217,2
42459,24
38822,-11
40200,-6
57621,-23
53027,-23
62233,-4
60063,39
60238,-23
44277,16
55522,5
62089,-11
52360,15
42444,5
37835,-5
52962,-6
44616,22
46081,9
40238,6
40594,18
57885,-19
37347,-9
52692,27
36932,33
37880,8
40239,7
63192,6
36873,-17
36428,-6
58684,1
56230,-9
63938,3
37400,7
56985,12
62697,32
43755,-6
38490,14
45318,2
57241,-33
59697,5
54437,-14
43357,-12
51210,-9
60728,15
63124,-26
57118,-26
40492,-30
48719,9
41412,15
62021,-7
52736,-17
52463,15
40585,12
36181,20
54303,7
56045,5
55533,20
51378,-3
57294,15
51539,1
64791,-4
39420,4
37414,-13
38797,7
64888,-17
62487,4
39379,-2
40502,10
40655,-9
56552,1
55684,3
51198,20
61743,20
47700,24
43193,7
62461,-10
54995,-2
50602,5
63327,-5
47132,-17
45856,-2
58725,-5
50366,-10
44148,6
46886,-22
58345,25
61654,-28
56408,33
48927,-13
46906,5
59571,8
46941,-24
47657,10
64268,-12
60180,7
38950,11
42140,26
57319,1
41325,-5
51441,18
43043,-17
41216,-11
42547,-20
51626,19
45879,-10
60122,13
40371,11
38550,4
56412,11
36558,13
37747,2
60092,13
44831,-5
52711,2
44035,-1
60532,21
62558,-14
61602,3
54034,-2
49925,13
43523,23
44453,-7
39537,-4
37356,18
46007,-21
38821,-14
37153,22
40950,-2
36594,24
41160,-7
51546,-9
45938,12
61462,6
49790,33
52228,2
64255,-4
62608,-2
39200,-10
36664,2
46304,14
62449,2
57959,-5
62493,16
40875,-14
47902,-27
51817,-2
39818,-32
53831,3
45832,5
37377,5
38916,8
51371,-7
65451,-13
47730,10
42825,7
51572,12
53608,3
49875,-8
38033,-13
54198,9
51621,3
51479,42
51510,7
55308,-4
45220,-11
41218,10
59470,8
50241,-8
53062,9
45514,-4
41532,22
37142,-4
65486,2
38992,8
40487,-14
38724,-1
52741,-8
37999,-28
50558,12
42061,-13
49052,13
42779,5
56374,26
41230,6
42279,11
39932,-21
39572,-18
39069,4
58205,18
49457,-21
41965,18
38743,-25
39381,10
41964,-9
45287,6
63884,28
49762,-1
51085,-5
40172,-12
39055,13
36266,-5
63869,21
38396,3
52839,-1
42457,12
58666,26
53611,-5
52864,7
63198,-19
63966,2
51163,-3
39849,10
53640,6
38838,13
59383,15
47245,11
62038,-18
63073,-3
36633,26
48222,-16
45983,-42
37187,4
48355,9
52604,31
63984,21
40011,-7
47628,19
54972,7
42894,33
50393,30
42928,-1
50963,-1
64112,-21
49980,-7
54705,4
39459,26
57890,9
36210,-20
64602,9
53671,3
57354,5
42033,5
58773,-2
41301,8
58927,4
52579,-9
62749,4
59308,7
56005,8
38499,2
40854,-4
46868,20
36178,9
41177,-5
54103,-9
47404,12
52828,-3
37070,-1
48220,16
54537,10
43098,-6
56095,12
41507,23
39898,3
61127,-1
62170,-8
49773,12
50462,-4
57811,-4
57609,14
42914,3
56175,9
49054,12
54692,-20
63712,-3
65650,-11
55536,-13
56393,4
48515,-10
48720,-1
59575,-14
60606,28
49840,14
36787,7
63698,-6
51555,13
42229,28
37836,5
63040,22
39713,-9
37375,12
58377,3
54558,30
44266,13
37818,-8
54059,27
40675,3
49415,4
43880,15
45194,31
48558,-9
65627,10
49727,7
55112,-9
36422,-8
57784,1
53362,-6
38204,-9
63736,13
36518,5
58591,14
47781,-41
46585,-7
65239,-2
43778,-7
62400,24
39870,20
51261,-2
37628,-9
44361,2
44202,23
38787,-8
58491,-10
57031,1
50126,7
54121,-2
60360,33
49648,6
63060,4
39613,17
42587,-20
55997,-14
55345,1
42365,20
49419,14
59610,-14
62637,9
48733,7
56632,19
36929,29
44604,15
48595,2
43812,20
45143,19
42703,5
45891,-9
37198,5
59694,-7
43320,3
40981,25
62900,6
57333,7
43714,10
59260,19
52844,-10
52283,6
58190,15
56051,-4
47107,-7
39187,2
37282,12
57394,14
45139,-3
48796,-6
50772,-3
49596,5
50919,13
50575,3
36599,9
43546,-4
48919,-13
59943,2
54583,3
60146,16
39726,22
44249,6
58213,-14
65102,-7
55233,-5
38227,17
37497,-5
59057,-28
58654,3
40379,-2
40647,3
51193,9
54014,12
60862,-13
44431,10
37878,-18
58490,2
63855,15
64702,8
64600,13
53081,26
59087,-15
43587,21
52655,-16
36576,5
61627,8
64828,1
46806,13
52959,-17
58189,26
49861,11
42398,5
62941,26
52445,32
63129,-22
52902,27
51702,8
60521,7
55376,7
63952,9
47573,5
37319,-1
50905,10
37712,-7
58379,4
48338,7
62567,4
36402,14
45502,-14
59619,27
49209,-9
39916,10
56712,-23
42627,-10
53809,26
53616,-8
37306,11
39068,-13
59504,-4
61434,4
50482,8
45634,-5
56476,7
38749,-5
50030,2
51112,8
64596,11
56074,-15
62639,-21
36501,10
48762,-20
51562,16
43009,-9
57265,31
42982,10
56383,-9
52178,-15
57314,-18
53696,2
56690,-12
57045,-2
38670,41
38982,-25
44842,-5
60969,21
51061,7
42116,2
39289,-2
62395,-6
46548,4
57064,-5
65042,-4
45377,10
38321,14
55005,-13
48554,1
39949,2
57317,17
38176,3
47678,2
39148,20
64748,12
65647,-7
37689,-2
62542,8
50644,-4
62984,-3
63249,-4
56158,-6
47762,4
36169,13
48314,3
44185,-18
58425,-37
51398,8
56381,-29
38713,6
46187,22
58668,9
61730,-13
48714,16
55282,11
46642,4
61394,-5
47939,16
61289,7
41199,4
55716,-4
58634,-15
49456,10
39588,2
50012,7
43147,16
48992,7
57355,-11
57585,3
39231,29
44713,-8
38226,18
39531,51
41993,16
56619,17
62123,-11
40119,-4
42210,14
58938,3
45936,12
42290,5
47692,8
38087,-24
52802,3
59204,13
55332,9
41881,7
40816,16
53642,-15
58427,7
64472,-4
45694,7
52501,-34
65444,2
42101,12
48874,16
52700,-7
52473,-4
63785,24
57584,-4
63019,26
39135,-14
58653,-2
54708,-21
46714,-7
61960,19
38220,1
39375,14
49501,-11
47373,-11
38827,17
42148,5
61073,24
55626,-13
49350,2
60028,16
63358,-2
41424,-2
61453,8
43817,4
64429,-12
49998,4
58945,12
62437,48
40955,-5
65289,-2
41460,8
64838,8
63976,-5
53607,10
54177,-7
40276,6
48073,3
43069,15
52235,2
52321,3
52632,30
52589,29
57047,9
54713,4
60871,-7
42040,8
37621,-12
51078,3
39012,-2
50894,7
64381,9
49645,-4
37008,-35
41595,-8
48204,-31
57962,-3
54623,16
51290,16
62276,2
37733,-2
41341,-8
61455,3
51603,21
36699,-9
59656,-24
50265,8
62187,4
40591,25
51408,3
45322,-1
40058,-22
61882,-24
47140,22
36590,20
62108,-4
55802,-6
43184,-10
39175,7
59723,26
42676,-8
43563,-7
61956,22
52863,-15
57087,4
49523,-2
46634,-6
45188,26
62855,12
57004,17
55456,7
46968,8
42582,-11
62498,-7
53235,-17
38209,14
42395,-2
62433,-13
55914,4
62436,-1
49160,5
65461,-24
52942,-8
55147,14
38668,9
60175,-9
48141,8
59564,21
53095,4
44766,6
55098,-6
55767,9
57243,11
59377,17
55567,-26
64438,9
41255,10
59239,30
48445,18
43019,7
49557,-8
56693,18
62251,-6
44817,5
46827,13
49060,16
55385,16
53728,-9
51885,7
48825,4
40542,22
40353,-25
39564,9
51178,12
56124,11
52292,4
61251,5
59967,20
38120,7
46261,-13
44631,-1
38225,-8
51745,-6
51520,-3
38566,-27
47036,2
43526,3
60220,6
61292,-8
43903,9
50349,-16
63531,8
45335,-9
53732,33
37263,-3
63282,-11
64064,-3
57936,-16
38196,-17
43309,-14
64885,-24
38340,7
60124,5
45262,6
44513,-6
65312,8
49585,3
60806,12
55073,-7
64846,14
49874,8
45184,-14
42778,-10
50025,-8
49542,2
49019,-14
47379,7
46009,22
58846,3
36246,-7
45311,3
52136,10
57368,-8
59988,-12
53635,-5
39582,-1
48792,10
50986,15
62872,-7
36999,-5
41749,-3
57589,-6
37046,4
56649,-37
47921,-14
63406,-9
62765,4
38815,-12
36150,21
42850,-8
57794,6
55058,-21
59234,2
56740,7
58186,-16
56942,3
58688,17
60459,36
44272,-7
38381,1
45793,-30
60226,-10
51895,-2
52203,21
45617,4
50245,12
45783,2
40243,-6
47444,-8
44280,3
51632,13
40091,-7
60415,-25
49605,-5
44229,10
55795,-5
58649,-4
60638,1
49521,27
63668,-10
57504,-24
50138,-18
37518,3
65078,-5
41796,4
45549,20
62084,14
40777,21
50809,8
58460,1
46620,-8
36091,10
62217,12
47597,6
50119,-5
37728,6
53234,7
40444,5
43463,25
47533,-9
53337,22
44345,30
47294,10
48849,-8
49739,-8
49950,-3
62194,11
41452,11
63106,9
47524,-8
46740,-2
39242,10
41302,-3
40270,6
52934,-4
44878,-19
60208,9
61655,2
63600,-11
45297,11
50803,7
40874,-11
51205,18
41075,-32
56570,-6
49114,-8
53574,-6
44746,2
59369,-31
51677,-6
50422,-15
46745,9
57986,1
53321,5
47145,10
52693,-11
59822,-3
54241,7
43160,4
37264,3
62392,5
39669,7
50582,7
50201,3
46070,-22
51715,-4
51690,24
53833,-12
36971,6
53898,-22
53649,-11
58480,-14
42050,-14
53691,11
55833,7
37023,7
41071,-8
44709,-2
57837,-11
62226,-24
45822,16
39831,-6
54714,-12
40798,7
56052,10
64987,20
45183,6
46129,12
45941,10
64295,-25
54568,-4
47136,9
56648,10
57899,10
64350,-2
44558,8
52838,-3
59351,22
52869,29
63553,-27
65077,9
48120,-3
62995,-31
63771,9
52433,20
40717,-6
46314,5
63390,-16
36090,11
64742,-9
62533,-11
59450,17
62290,16
52096,8
58737,-12
64696,11
49946,-10
45871,19
44574,24
53965,-1
46759,9
56567,-24
47093,6
40369,-11
56035,-7
58002,-2
52953,-29
47681,10
61622,13
46034,-14
45623,-5
49794,8
51805,-26
60481,5
46146,42
43823,-9
48879,6
55699,-2
57611,31
41996,19
59899,8
65190,-21
58968,19
45236,15
46210,8
57470,-12
55858,7
41933,-2
37739,12
51737,14
41799,1
49592,8
44383,-24
54976,10
55792,9
48327,-25
38031,-9
49076,7
58957,-4
47953,21
38481,-14
58903,13
59596,13
39423,25
54803,11
54430,-9
54413,25
39980,23
49985,9
38081,-8
38402,-8
47191,22
46528,8
41615,27
38006,-17
44820,-8
41063,6
48862,3
51047,22
42719,-13
46329,16
45082,-13
50814,11
52586,-4
54764,36
53848,-8
41336,11
38496,9
62271,-13
60991,18
42986,21
63657,3
62450,-24
64294,25
52297,-13
53387,-5
50614,23
50510,10
63810,-14
43938,5
52111,-9
50006,19
41112,30
65675,-9
55479,-4
38088,18
56914,14
42377,-12
60826,6
44619,-7
57074,6
46692,-12
42171,-12
52231,11
59568,14
45908,-4
49033,-16
40162,5
47463,6
41079,10
64936,17
49934,-23
53211,-11
62463,1
55408,10
58643,-17
43433,-3
63488,17
48539,2
58501,7
39724,16
45295,16
65360,8
38131,9
43846,-9
51445,-11
42063,1
48980,-8
42697,8
58079,4
64960,-1
44402,7
58995,-2
41224,2
64031,-25
42640,5
60194,-5
61615,1
39699,18
46531,22
54806,-11
61278,10
45887,-7
64566,14
40021,6
44551,7
37160,23
42436,19
49611,11
52999,12
56252,10
45464,8
51759,-3
62302,25
47236,-2
50776,21
57051,3
52561,4
60166,-2
61249,-9
63798,-21
54230,39
61216,-6
64351,-17
48692,-11
43217,-1
59665,-3
59053,-13
41885,9
59977,5
40510,-5
59432,20
51018,-7
36326,-7
61337,3
49347,10
63472,4
54602,11
44279,-9
42278,5
56929,2
54223,19
46039,29
61340,5
64040,-17
39092,-7
51264,6
51383,8
52772,-15
63801,-8
40092,47
61859,-10
37960,7
37778,11
38021,-5
57038,40
38109,-10
54322,5
59755,21
56694,-3
46361,10
60551,22
58898,-15
40491,-18
41941,-1
59256,8
49594,-12
39105,7
37197,7
64625,23
63675,20
40737,4
55683,5
58447,18
64312,9
61570,-4
38963,-11
54410,-14
37735,15
58488,-17
56515,26
38776,33
39668,18
51216,16
54532,13
45163,9
62767,1
44704,21
63231,4
48986,5
39801,30
63364,-18
62616,31
42805,-11
43350,-8
57581,28
42018,-13
41278,1
61007,-24
40067,10
48528,10
57798,27
43078,-7
48344,-16
59918,-10
51908,17
57405,7
62960,6
59228,-13
64337,-7
45780,-8
43756,3
65192,18
46178,-5
55711,8
50923,11
37415,4
43858,5
53338,-17
44289,5
56067,16
56763,-5
57497,7
47514,28
55438,-8
36467,-2
55117,4
51271,10
47466,18
60911,22
36380,-2
39524,8
58033,7
64504,-23
36764,16
45116,-16
45697,-6
50350,-6
50165,-16
49646,1
39693,-3
48295,10
39003,-5
36170,-4
39707,2
56085,9
49012,8
41398,5
51450,27
55659,-31
39238,6
57141,7
61652,-4
63203,5
54180,-5
37276,-5
39447,-6
58430,36
63233,-18
39313,29
64926,2
63387,29
37484,4
42535,-6
41070,-10
56620,24
61460,10
60183,2
46103,19
48149,14
65290,-11
64435,-13
62878,-5
42334,19
36649,-6
53864,2
36716,7
36060,2
53114,-9
49382,9
55048,10
54442,17
37685,5
62710,22
48864,5
63924,-13
38531,6
52588,16
56093,8
58925,1
43437,9
64263,-2
48303,9
43165,-8
49150,-1
57921,9
63946,9
53201,10
52966,-2
46549,8
50767,8
63428,6
39846,18
42950,-6
43863,-9
37691,10
53698,4
48882,23
54360,-11
53219,2
43811,13
56713,17
44669,-7
38025,-9
57529,21
49647,-19
61901,-21
37582,10
65304,9
45557,-4
48533,4
60121,-14
45132,-1
56858,20
36792,6
59426,-2
45799,-1
50440,4
47269,19
63225,-1
58370,17
46949,3
52098,-11
61228,7
50360,-22
48570,17
38128,12
59273,8
49940,-4
54008,-8
46913,-15
58514,3
57363,15
52773,7
55609,5
57299,-13
46841,12
38406,12
36088,5
62230,2
53615,-6
65186,37
51772,4
61812,-3
38802,-9
59046,-17
52733,12
39333,-22
56542,-6
40801,6
55599,6
55629,28
60872,2
60877,-24
58152,5
57582,1
51350,14
58756,-2
50211,-10
37913,13
58418,-3
59408,2
36459,7
37254,-13
47258,17
50342,6
43210,-6
38543,-9
52201,-9
57629,13
46499,-9
62600,6
58590,4
53148,-23
38956,19
53906,9
42419,-8
37079,-5
44094,21
62939,-6
65088,15
47364,15
58504,-15
65370,15
64497,9
65221,10
41784,-8
55801,-7
59832,-35
54984,-7
45168,21
62756,-23
47492,10
58651,1
65331,20
53101,9
61614,-4
36282,2
54742,23
61113,-8
51728,-3
57341,4
56909,12
37994,7
42305,-11
37636,23
52316,6
38026,-3
54399,11
61905,6
37083,9
56141,2
61272,-14
37825,39
36103,-16
36041,4
48877,-5
39506,-18
52905,13
60445,-17
50049,7
38186,9
65630,-5
41900,11
39709,5
55312,2
54603,4
48818,4
55736,13
38313,5
52094,-3
39082,-9
53122,-8
62785,-13
49548,23
52258,6
61079,-6
51837,32
51940,20
58614,6
42593,2
43574,6
51344,10
46042,12
37983,-2
48856,-8
44490,-3
39493,10
54754,-16
55263,12
55584,-12
61963,-27
49479,-1
53334,-12
63881,1
51263,6
47304,-5
40572,14
50448,9
36454,4
57442,6
45652,11
47313,-6
54454,4
40000,4
48662,-21
58226,-3
44627,16
43435,7
49932,-3
61903,2
59556,-5
53913,14
57522,-7
61432,-11
58829,-2
51435,13
50108,14
48577,22
53262,6
41369,24
50513,-12
44078,-17
60405,17
49197,-20
37565,-3
51251,-4
48845,7
55785,4
60245,5
58763,7
38678,-15
51402,-5
58335,3
51382,5
45890,3
37171,-4
53563,-15
64980,1
37458,17
41897,3
60216,9
37663,5
55692,6
37882,-11
50550,7
43227,11
49070,23
61646,-8
63195,20
48002,7
37528,-3
50413,13
61363,-4
60135,3
37279,-8
53046,16
46998,9
46194,1
42157,3
60263,7
42111,-16
50597,5
58611,2
59453,-10
55331,-51
54695,13
56930,21
45301,-11
45435,3
64961,-10
49836,-19
44777,17
56675,-13
50621,-8
43017,5
62877,16
65336,4
48829,10
54042,13
62700,14
44838,-3
58508,-15
37357,10
52259,15
49518,-2
42124,-1
49787,6
40987,-4
42517,11
61210,-5
44493,6
45845,5
55768,-6
42291,-4
44469,26
41051,-5
63451,-3
43151,22
47329,1
57491,16
61442,9
59546,-2
49639,9
58671,-48
55917,6
48644,-12
63365,-4
52356,-12
55764,3
60941,-13
65262,-21
48428,7
58986,4
42153,-11
58291,-2
55397,19
43898,-20
38846,9
51421,18
52526,14
57859,21
38096,12
57658,10
50232,20
59834,-4
56636,9
45886,8
37312,-19
49473,6
40898,9
46168,7
46105,4
64365,21
46148,4
44077,2
44911,3
52282,-9
57242,19
46797,13
50892,-13
48075,28
39833,-3
57315,7
42882,5
40787,24
49147,-8
45685,-2
64595,3
47977,-27
47663,7
48812,16
51506,4
45567,13
39164,5
42486,-8
64307,16
64262,4
46010,-10
49868,-15
59651,16
41047,8
60595,-5
38658,13
38680,-1
49361,3
64150,14
43840,5
41486,-2
42038,15
57876,-16
53880,-10
64540,28
62248,12
62125,18
46258,12
46025,15
38253,3
58270,3
58256,5
63492,-6
37335,5
55679,11
40942,-12
48804,10
43459,17
48317,7
41214,13
63640,12
63949,-18
59550,-33
63188,-8
57817,13
58870,-5
37809,19
45056,-5
41327,-16
42008,9
53796,-11
62035,4
55860,2
58329,2
53144,18
59065,-15
41298,-16
43779,10
57128,-8
54188,11
50327,-3
50835,-6
60987,13
47377,-7
42494,37
50355,6
37043,3
57460,-6
64362,6
48898,15
52466,-13
47965,-19
42773,10
62740,-8
62870,-8
52181,19
54798,-27
58880,9
45863,9
51310,12
55619,-3
53382,-15
52702,26
50609,21
53886,12
57253,-8
41981,19
38997,6
65347,8
63344,-3
43006,4
38781,-13
62974,17
47342,4
64986,-26
59537,9
55340,5
38901,2
40482,-8
41154,-19
61758,-10
43509,17
47050,5
53874,-6
48931,26
46319,-12
44292,3
45636,-8
60573,14
51309,16
48215,-8
60615,7
40671,9
54448,-18
56145,2
39589,-26
51222,7
53914,5
62669,-2
64524,-18
46829,-12
52882,8
49669,11
65476,13
56947,23
42180,13
54095,1
38865,-11
38063,-6
47197,3
50439,9
49379,5
48740,-10
51528,9
42146,-2
46724,-6
38600,9
59498,14
51682,15
63180,-4
39388,24
61548,16
52113,-8
36222,-11
54544,-7
60097,16
63312,16
37895,5
62511,-4
54612,3
64691,4
58724,-2
37291,29
64002,8
54127,-8
45101,10
46354,18
40012,12
44143,10
61393,-8
46509,-1
43191,12
41029,-5
61328,17
44244,-4
60626,-11
63076,-5
41282,5
39700,-4
47051,2
48859,10
58354,-9
49892,9
55554,25
36718,7
45270,16
41139,-9
42546,-5
60008,5
56654,7
65108,32
59741,-24
64364,29
43064,-6
40976,14
55806,-18
50142,15
52175,1
52270,-6
44727,-2
36289,28
45247,17
60878,19
57023,-2
61865,-17
40045,-6
50111,11
52560,27
53021,-23
59778,-16
41026,-9
51244,-2
55210,12
38283,-14
40356,5
61176,-13
38633,-4
47584,19
48917,7
50514,7
41194,10
54047,4
42346,-5
60609,4
52949,-10
60485,17
49047,18
62262,-26
62869,-15
63398,-2
62773,14
61444,-3
49869,-16
65119,-13
64089,-18
49533,12
45516,13
41614,22
64480,7
49159,7
59623,-6
60793,-2
54648,-14
60227,17
46511,-17
46149,-1
46680,5
39903,-1
58106,-8
48527,18
52761,15
39521,-6
37051,8
47437,-5
41411,-12
58395,3
56153,9
44731,22
42361,11
62094,10
63079,17
57599,-4
54794,-10
36975,16
50907,16
65054,-19
63688,14
43247,-7
56660,3
57352,-9
37385,-19
48813,8
44714,-8
64554,-1
49404,9
63275,-4
65230,11
64542,10
37189,26
38998,-4
46636,12
46639,18
55851,4
36511,-13
62082,4
61889,27
58138,12
57931,5
64511,37
50347,8
42054,21
48257,9
64085,-34
53553,-6
61647,37
63294,23
56193,-10
64384,20
52192,12
45645,-12
44749,4
53805,15
65116,32
55601,6
58143,15
63917,-14
56147,-20
48516,2
60539,-5
45830,-12
36217,12
54325,14
43325,-10
57537,-15
37665,6
37277,7
42385,5
38276,15
41200,6
53072,12
57071,-6
63723,13
54741,-6
38436,3
53606,12
52174,-5
41966,4
63939,-4
52134,3
38478,13
57586,13
57398,16
51938,9
63943,-2
39792,-14
46156,11
47059,5
43935,19
37369,9
42663,-3
43959,25
41783,-15
58123,17
39320,-6
38790,20
63025,-9
44457,21
44246,-9
59092,13
46138,-20
51152,4
63458,-7
52108,-6
55090,2
44174,-3
39911,-9
55057,5
46171,9
50568,6
61909,7
58063,-6
50867,-36
62914,-11
36309,3
36559,-21
43209,10
51007,11
50121,11
42410,-12
56514,-2
46592,18
38400,34
42071,6
43392,11
48652,8
51918,16
57420,20
36978,-6
57802,2
46854,-20
39503,10
53571,22
54657,-12
41011,7
53968,-18
51725,26
38818,-8
36308,-13
54131,-2
39163,9
44583,23
37251,-8
37126,14
63757,24
36781,15
45880,26
42266,-9
45137,-21
39080,7
57852,-3
47599,-7
48049,-1
60916,-11
57638,-7
55996,7
37811,34
59312,-11
39752,-4
58738,-19
50381,18
64758,-3
43789,-2
55939,25
51808,-5
52832,11
39606,-9
42709,-2
36171,-2
53066,5
39264,-5
40926,-6
40964,24
37217,27
41630,-9
51369,17
37867,-8
54297,19
50361,8
65005,-2
36201,38
60131,13
57464,8
64104,-30
52085,3
47735,-4
37749,32
38258,32
42379,-10
39039,-8
49072,3
36439,-6
47745,8
48466,-10
54015,21
47380,14
60580,-1
49184,-16
52245,-1
42763,7
39986,-4
54756,25
56483,-32
48761,-18
49832,-8
52723,-3
55435,9
54565,19
41991,-6
52390,-18
48416,-5
51217,2
45370,4
36490,13
58810,5
59492,-16
53755,-2
62037,-4
57342,3
57203,4
55530,14
52375,-25
44890,34
55373,-5
42656,-4
65129,-4
42571,18
63770,2
36407,13
43970,-16
52389,19
43722,-1
59032,28
57937,27
49090,-6
37932,-6
41182,28
41251,6
64367,3
42014,15
60590,-8
61974,21
43746,6
51541,10
37730,-4
42723,19
53156,9
40338,2
40660,5
48579,-9
60775,16
61946,-3
43199,-12
52563,13
50847,-10
60863,-7
62401,39
40868,-8
60784,42
47995,-2
36495,10
46608,-4
63052,30
43008,9
36205,-19
42790,-9
36223,-4
59017,17
50282,6
59936,-14
39227,-12
64819,5
44454,15
48414,12
63318,-15
39788,9
42406,-9
47056,6
52442,19
55006,13
44025,13
40833,-30
43137,-4
46184,8
36295,14
62124,-8
59286,-4
40520,-2
54393,-9
47004,-45
58620,2
59744,-3
62183,14
48612,16
44929,13
36974,10
54394,8
49436,11
60974,23
59524,-2
60104,-30
50785,-4
46594,12
56479,19
59035,-7
41690,11
55254,12
65177,19
47459,-8
44425,12
37078,11
65017,-20
60690,-12
40894,21
42044,7
49903,12
39401,-10
40461,14
58441,-7
51260,4
39223,-8
48322,8
36993,10
56775,-32
47656,9
39391,12
44083,11
41048,-15
55549,-8
53200,-7
56935,8
59189,17
53821,27
51655,-21
56394,14
51070,-8
57279,-2
59257,4
55484,7
63080,16
44848,14
63680,3
45324,6
58326,13
62107,13
43372,-1
48460,-4
47563,-1
55180,13
59929,5
54799,12
65246,-14
42556,-9
60950,-8
45893,-7
58046,8
56721,-6
44529,19
45810,6
58613,5
64618,-1
42898,-3
58678,26
53517,-21
64690,-1
48668,-2
60298,10
55749,15
64624,18
44206,3
51593,12
36345,5
59625,6
42241,-15
46647,-10
43928,-2
39966,23
58624,-11
54549,6
45327,-5
43127,10
42000,4
50508,-3
57102,-3
42123,-12
48040,5
62415,14
56923,-2
60265,5
44891,15
59495,-8
37180,3
47786,29
36509,13
56004,11
56536,2
57494,3
62630,-10
36658,-5
37352,-3
65085,6
59732,8
49833,-6
41348,23
41953,-3
39295,5
42789,-5
58064,-7
49452,4
64546,1
59750,8
54476,17
44921,-1
52722,5
43314,-7
64077,24
51535,-12
52580,-2
38873,11
60152,-13
54200,-28
58084,32
36330,7
45598,22
38700,32
39522,5
44862,3
59997,14
38701,-6
41566,-20
50820,8
60587,9
39570,7
46312,28
37918,-7
62489,28
52539,1
43801,-6
49810,2
45519,8
47175,34
57517,15
43994,2
63804,-1
64385,-9
65217,-13
38640,1
63199,21
40843,5
40534,4
53807,-11
36418,-20
36398,-2
63128,5
57379,-8
63594,4
44887,3
46716,7
51306,-3
53794,-2
41585,5
61957,9
36641,22
38129,13
45342,20
62934,11
43554,20
54032,-9
53312,11
50179,5
57062,-9
41857,-1
46777,6
52236,24
40398,18
43194,-9
42112,-11
49488,15
63051,-13
49008,4
65238,-7
45088,6
57842,3
65014,-9
48499,30
42104,-12
56063,-9
61984,-24
53786,-6
57199,12
62734,21
57604,9
45733,-1
41433,35
58392,-5
40364,-2
38696,12
42065,4
57161,13
50461,40
61062,-8
53804,-8
48852,5
42523,3
55419,8
36154,2
49096,-17
36513,-4
53920,-2
49606,-9
58161,-5
49489,3
41914,8
53938,1
64693,11
46510,-23
50133,8
36889,31
41097,-20
40617,6
51118,10
60980,4
54642,-10
39819,11
58278,23
60395,-8
48110,-22
64652,-5
51629,14
65047,12
36176,5
54114,-20
48648,-11
55903,11
56956,-14
64127,6
58778,-13
63608,-4
38628,18
49798,6
65138,7
46672,-29
45073,18
49806,-22
39083,-5
59019,7
58546,-1
40043,12
61819,7
55617,20
42616,-3
63891,10
58854,-2
47499,15
47983,-13
54119,25
36466,7
60057,-10
62214,-11
41316,-35
62321,-27
40739,17
58563,-23
59588,9
60696,6
42860,5
38575,-6
52847,-4
48493,23
63414,10
51457,-7
49837,4
43065,12
50251,10
40157,22
53714,-13
52307,3
47909,10
52189,8
41408,8
46310,21
61200,-20
63572,20
41283,-23
61695,-5
63404,12
38239,-8
64872,33
61339,-9
63400,-6
57453,-7
57017,-15
44863,-4
51068,-3
36694,4
54539,5
53730,18
43825,16
52609,-19
39278,8
62027,-21
65369,-20
47311,-10
45590,10
57521,10
60307,-21
59672,15
44728,27
38141,-16
57925,-1
61152,-1
58963,-7
61631,24
59815,13
37317,6
61940,-8
50262,-5
40350,8
36751,21
53109,10
63786,9
46186,9
38174,11
58231,-4
59604,34
52980,7
47124,6
63183,18
50500,11
60257,12
65213,-3
45339,5
46326,-4
63524,-1
50100,8
46197,-5
50499,12
48619,32
56925,10
63465,5
59781,-4
45113,-11
40178,15
40668,21
36607,-8
64489,9
45258,1
55020,13
58195,5
59800,8
41429,17
49708,-2
41506,14
55226,17
63382,-5
47127,1
64267,-1
42997,14
56229,-4
47682,10
54746,5
45716,-8
54450,7
51348,15
64538,-1
37837,6
57474,-3
51075,-39
37098,-3
46547,-2
43850,-9
38673,-1
57132,-9
38775,-5
40862,4
54947,15
46550,-8
41694,-18
62179,3
63007,-2
54506,2
62207,26
36486,-34
61257,13
45198,2
40846,-7
52804,-12
38587,17
40669,-21
63285,6
46860,12
53863,9
52940,-5
44775,8
36325,12
37039,12
52992,-14
47766,20
41068,-1
63802,7
49014,-10
43411,-1
57044,10
62611,-19
63357,20
40814,23
57150,4
40327,-2
43249,-6
59745,-8
40579,-12
63173,10
48838,6
65163,5
43580,-7
51480,14
43090,-10
46033,7
48088,-12
44632,-4
39705,14
55697,-25
44515,3
41474,-9
38421,13
54771,24
56600,27
36723,24
36152,9
63207,-1
44505,10
43374,-1
50206,-14
54415,11
39455,25
52575,-29
40023,-8
63455,-1
40449,-1
43443,7
47788,-7
37416,-9
50527,19
51624,-4
48267,8
56943,9
51010,-9
40361,5
62157,9
51081,-10
55480,10
49751,10
38705,10
57513,-18
41750,9
49010,-7
43070,-3
47392,23
64053,5
49125,-5
39834,6
54309,2
65061,-7
45753,10
48798,6
42307,7
52613,-2
43762,18
57359,-20
59809,-28
59271,16
41990,1
60562,-5
59460,-3
59466,29
49446,-8
62069,-23
36689,9
64056,-3
60647,-6
43384,13
62772,-37
58313,10
42268,8
57228,5
54278,11
62309,-4
50320,3
65510,-16
46824,7
39695,4
47542,11
54327,9
43461,26
39728,-4
47025,8
58479,34
59246,29
62015,-11
38525,12
58361,5
53682,-9
42953,13
65420,13
51325,16
43582,11
63482,10
45332,15
59425,1
51756,13
37644,-5
64058,-2
63097,-8
47643,20
56606,-7
39519,-2
36359,-18
58068,13
63607,2
59774,13
62329,-14
64865,11
54999,5
43171,19
57111,-20
60464,-9
52387,-11
63182,-14
62494,16
43118,28
58547,-8
63579,6
55868,20
57930,-7
40821,3
45105,7
46504,17
44662,-2
56205,8
36125,2
46891,-14
55859,-8
39897,7
63310,-8
64023,-10
60778,-8
59248,-9
53594,-18
46825,36
55814,-23
49707,18
39651,2
47468,4
59765,2
42201,14
62907,-7
37362,2
57484,-4
64419,3
57828,11
50084,-13
41428,9
41865,26
52566,-13
55462,4
42163,-23
58317,28
44523,15
49175,-10
52324,-28
37184,-6
44649,17
36592,5
51259,-10
58628,9
44753,19
65367,-5
38847,9
37087,-7
36190,-24
39113,-1
44847,5
36135,2
43788,9
54288,10
50639,3
36955,8
46078,11
48743,22
64808,3
53040,6
57535,-12
37538,14
64319,2
57256,5
51470,-1
40931,17
47026,7
62072,1
43148,6
61685,-10
44036,14
60017,2
55172,-1
55987,7
48053,7
54560,7
54115,3
63835,-4
65390,-6
49581,31
46512,22
40947,-1
53184,-10
56136,2
52809,13
41193,3
50840,4
43334,-15
41616,-9
38009,13
59266,-1
45661,10
48591,8
65473,7
37676,13
64282,3
43452,2
59464,50
55700,17
46094,29
54330,-10
60531,6
60371,-20
39081,21
45956,11
36663,-13
42294,11
36967,-5
45975,25
60469,-27
64533,18
55704,-4
59475,8
55153,8
53188,30
48903,-17
37374,-10
45509,3
41197,16
64613,35
46915,-10
38732,9
37756,-4
56659,2
51361,-3
38101,-5
59371,-23
42085,-4
44686,9
39901,5
52145,7
44285,-8
43568,14
54778,-2
47300,-21
56099,11
46471,2
44671,27
51582,-2
43743,13
56918,5
57197,8
56174,-4
44008,22
55825,14
48751,7
64157,-5
38862,-12
51676,15
36991,14
41410,10
50058,-16
56191,18
58438,7
48606,6
48642,-5
61563,10
56709,27
42435,4
61382,-4
37681,28
41248,-5
50967,15
58449,19
42501,11
48638,-11
54139,11
48426,34
60393,-23
58565,9
53099,-2
51762,8
56470,7
43366,14
38007,-6
50580,24
61821,-2
61885,24
55054,-3
38067,-1
54500,19
64470,-6
65672,16
48266,14
47530,3
41009,18
40173,-8
46966,-9
62443,30
43844,8
55038,-15
38972,14
55915,18
37832,14
43004,1
50367,-10
53263,-2
50936,35
52172,31
43076,5
59730,-30
42757,7
54294,11
51256,-14
37635,17
51910,3
40429,3
43577,-14
36741,29
58289,6
49025,-4
62475,15
54031,4
47770,30
58432,-19
40075,5
56679,-3
47007,-22
36805,-9
39160,-2
49996,-5
40388,11
36799,-5
50091,-15
42648,-19
47316,4
65687,-17
62658,1
36079,-6
39657,1
45932,-9
56529,-24
48358,13
62073,1
41322,-4
53070,-48
43253,-1
38938,2
41094,-20
55542,-2
40633,5
62020,22
58627,19
51657,5
45530,9
57916,4
56162,-13
49942,6
44861,-12
65198,5
50996,-3
43735,13
42349,12
58515,5
50309,6
38851,-5
58700,3
61476,13
49199,6
44659,-22
53746,9
60802,-3
52769,-9
45463,-16
64256,-15
65339,-12
64800,18
36293,-8
42910,13
41130,15
36552,8
64884,11
63486,8
49022,25
63245,-7
39377,-9
62775,14
50226,-5
44568,37
50257,6
58993,10
45345,16
36791,-18
55109,9
55217,10
38390,10
42122,-2
53535,-11
45219,7
64705,-7
57873,12
47235,8
59509,-16
54471,20
59083,-12
42990,5
57576,9
59085,6
64963,21
37507,20
60082,-9
50154,1
64138,4
38432,-3
61862,21
55548,-9
64119,15
60309,7
44736,-6
62061,25
41345,12
52112,13
64877,3
65044,-18
63238,5
57920,3
36703,9
49200,22
42867,9
49099,22
39511,21
49407,12
36568,8
57877,17
48890,23
41516,5
45461,-10
44794,-8
45077,-4
39827,-4
49884,14
36470,-9
51692,39
43843,12
60956,-5
55698,-6
59971,-8
40927,6
56429,-6
41191,18
63768,4
54514,5
37267,1
58165,24
52831,-17
52505,7
45698,10
51443,-6
48153,13
36944,10
43751,2
44486,1
60954,17
38537,2
36126,10
63622,-29
39035,-12
56857,13
38300,-12
63013,7
39123,11
52859,14
42439,-15
53668,3
45937,1
39060,-2
56667,-13
49823,1
62301,4
52910,17
41034,2
37695,6
40408,1
48119,4
37574,12
49685,11
45734,-9
58328,9
61727,23
45683,-26
36384,-8
44625,21
58400,-3
44354,3
45963,20
59608,9
58577,-22
38024,-1
61029,-1
61087,3
39729,15
44522,22
49649,10
50540,8
47595,-25
59186,3
42976,20
65168,12
48886,24
64957,8
50493,8
53925,8
36794,-7
51497,-22
45895,-4
44807,-6
46839,9
40109,4
44146,10
55929,13
36666,-10
65110,20
49155,27
56197,8
64955,-18
40290,5
56705,6
38480,15
49207,9
38111,11
55325,-16
41272,3
59986,16
46937,24
48248,-16
45555,-8
47734,31
38217,-1
45099,21
41131,-1
62086,2
64929,20
40151,21
49512,-4
39594,2
40399,-12
59414,-5
54231,23
53952,22
58586,2
55649,-6
42452,-5
37396,11
55664,16
43507,2
50565,4
43907,7
53953,-18
57679,18
61705,18
37140,13
53699,-13
46508,25
52774,8
50838,-7
44789,4
37124,13
39648,15
58500,3
56640,8
48656,3
60349,36
51613,-2
37032,-9
54295,-15
37929,33
61053,-7
64626,-17
40805,8
42493,6
59419,-23
53893,1
54822,-25
50239,7
55551,-4
61072,2
45382,-7
65146,7
62505,-7
41537,-9
52169,4
54773,8
44301,10
54350,-14
47301,44
61135,-21
55643,5
56116,15
44872,18
43738,4
40097,13
41055,6
58439,14
39183,-3
48470,8
61098,-26
43952,40
56581,-14
65253,11
61065,18
40796,5
36854,-6
61146,30
44046,-7
51145,-1
44595,7
60239,16
48815,-4
59079,12
56097,3
47626,2
58506,-11
40514,12
39151,-6
44088,3
38048,22
48773,22
57475,-4
47318,5
50821,16
50784,-6
44334,11
55152,9
42012,-14
64349,-17
64417,7
59516,43
50805,3
40431,-13
61050,-13
42720,2
63590,-1
57661,29
47986,9
64620,-30
63205,12
58254,7
63022,-14
62228,3
60215,-12
52763,2
44857,24
56146,6
61408,-29
41320,-14
55085,-16
61558,8
38618,1
42550,-6
52323,-7
46290,8
41909,9
54402,16
51748,4
53274,5
52486,6
57545,-16
63555,-42
36045,11
51524,-17
53208,21
47308,4
51680,9
37907,9
40135,14
55250,24
45996,6
54224,6
49411,-7
37610,2
56167,-15
48298,-16
54455,7
55478,9
53774,-2
60410,9
53140,5
64421,-5
52734,28
56031,8
45365,-10
37105,15
50549,5
58382,13
40246,3
41356,1
49700,12
43383,-16
42154,21
46248,-29
36373,-23
40035,-11
54130,4
60387,14
57896,3
39736,9
42916,-27
43512,2
49885,-6
51359,4
52898,1
49941,20
43977,16
65351,4
57212,7
51213,11
42784,-2
49534,30
59618,-6
51503,9
65063,12
46884,16
60195,-30
40513,-7
52225,10
57614,18
45715,11
41217,13
43889,19
64984,4
44108,-7
41679,-3
44895,11
62417,-5
43464,2
48429,-7
44841,12
44219,25
58415,17
37725,24
65382,-13
45646,18
58198,-23
50386,4
36619,-13
37151,13
55271,-5
56388,17
56166,-19
65481,26
54677,3
52097,7
41771,8
51791,8
50938,27
46307,-28
43300,14
36717,2
61814,-2
43588,3
65374,-6
62249,8
36823,-13
56048,-18
61034,9
52513,-1
46273,-15
57636,-13
49440,-1
55937,6
46818,-20
52732,4
54797,-4
36224,24
45796,7
39210,-9
40107,11
38339,3
65447,-11
56968,8
51331,1
38880,3
56578,4
50304,-28
54518,6
52132,11
37997,3
38397,2
58894,-5
57249,-11
54463,-2
43339,6
62758,12
65528,-5
48752,-12
43170,-5
40608,2
36574,9
59897,7
62052,22
44824,-3
64046,10
40681,8
38786,5
42189,19
39807,25
50137,-5
65430,-6
40780,5
49791,-15
43493,-6
45743,-9
60355,7
63316,-21
51083,6
62322,-3
52567,2
44208,-7
62964,3
48477,35
64154,-16
41808,11
55145,-11
44685,-1
40038,19
61561,-8
61619,-6
55221,3
65654,18
61907,5
37608,14
59493,5
54332,11
45387,-1
37186,12
40560,5
63523,3
53324,11
46643,10
58322,13
49468,-12
55843,-3
47231,14
63536,9
37586,7
56403,3
52675,-14
47189,20
40557,-1
41715,21
39221,8
47384,21
61099,14
37323,-6
63895,43
44447,-7
42223,-4
59624,-10
38515,19
47961,40
46687,20
41635,4
45945,14
40512,-15
46859,4
42423,-5
49420,8
55878,-16
65223,5
53157,-12
42370,-19
36700,-17
61746,1
54608,-7
48823,-8
55781,-3
47302,1
39643,-22
41950,-12
49789,3
61867,-10
51370,6
40340,-6
49713,25
52470,-9
50302,14
62355,5
56877,5
48790,-13
58990,11
63998,-11
40085,3
46154,-3
64526,11
58679,-13
47071,9
39960,-5
63888,8
51496,-9
56165,-9
60209,39
61198,14
38386,-2
39120,8
62429,-21
41653,12
46892,-8
62185,28
42373,4
51724,5
60106,-1
60062,28
49797,-21
44058,4
56244,-5
60247,8
55389,-2
64016,-37
45326,-10
53216,-4
48521,6
43578,10
43250,7
58572,-1
65025,31
51189,8
46553,6
64115,-14
57247,-9
36198,-1
40122,-1
44543,7
39621,23
61117,-2
59004,11
42257,-27
41904,3
59599,-17
58302,-7
56811,4
52789,-9
42162,12
62285,-10
44306,-6
65356,-5
50563,16
40112,18
56003,12
46144,-12
39057,4
58647,15
56032,-15
50837,11
61823,8
64309,10
38613,5
63567,37
39250,31
41678,4
49704,3
55051,3
56400,-2
62280,-27
57672,-7
43295,-11
44783,2
58341,-17
56077,-5
63475,5
57050,16
44044,-8
65397,-2
62383,10
54609,10
43859,-10
46944,16
45150,2
50315,16
56874,4
48871,-14
50250,14
49340,9
64802,5
38864,15
41882,-30
53902,-12
65518,-23
38835,-13
36429,5
55306,6
59539,1
65618,-16
59808,-7
54451,-22
37368,18
56938,-12
42947,2
50409,-27
53750,17
41942,4
63273,22
62527,-8
55713,-3
45722,2
49688,19
37692,-3
47266,-9
52413,6
41296,4
52378,-7
61334,-10
53133,-7
36476,-15
58408,-4
53841,-2
43480,2
46251,13
42591,-15
59062,12
42691,-13
62987,8
38606,-21
62114,31
48173,22
61484,4
53879,-2
61590,4
59345,-10
58786,5
51406,-4
61362,11
50148,-13
43063,13
43371,10
53243,-11
51397,8
51039,12
44886,4
51596,-5
58148,-2
62424,-23
42161,36
62915,-14
59579,19
44546,6
58816,-5
57295,23
61021,-30
49813,-1
59535,10
64458,12
41076,-12
42868,-8
64873,10
62005,-31
54596,-4
54158,-7
61298,-13
56680,21
61481,-15
56405,32
41589,-6
46120,6
53747,-5
65062,-18
61738,-2
59829,32
60754,1
56994,-8
47904,13
48291,2
55175,19
43377,14
63168,17
39040,6
56893,12
62404,9
61046,22
65494,2
44144,-11
41782,6
64855,-12
44672,1
47778,6
61254,5
55827,11
59207,18
63132,-6
48995,22
53853,-3
50267,4
61693,-15
55031,-30
37394,9
39948,12
61207,5
43111,7
45521,25
48851,9
48876,4
37137,1
41853,-21
56984,-19
61042,35
58646,-15
57913,21
40600,-2
47665,13
43973,-11
42606,-8
64658,-11
63525,6
65287,-4
47058,12
39415,22
52807,18
40413,10
49543,14
40284,11
46283,-26
63409,14
42881,14
43567,-5
56718,15
47970,1
59783,4
58260,9
55904,14
56926,6
46872,11
62166,5
56135,-2
44925,-23
41809,-4
48946,-5
62331,-5
48145,15
36589,8
59038,22
58424,-18
55300,-1
65033,6
48457,-11
63446,8
56163,-4
45604,3
39990,29
36989,-10
40354,10
64298,-9
48198,14
50326,-5
59890,9
55553,9
41917,16
63068,7
61430,17
49877,13
55166,9
56078,4
36489,-8
62003,-1
47602,-5
50948,-11
52165,2
53516,-7
62738,29
45649,13
43585,-2
55167,3
61704,12
43415,-11
58175,-19
37168,12
61436,6
40453,13
37841,1
52232,8
46480,30
51004,-8
38429,5
39078,5
61817,5
41696,17
61676,-15
62074,16
42114,9
39556,16
43050,-5
48138,-13
57610,11
63520,-2
62001,8
60455,7
43979,11
58193,-12
44294,7
62065,2
41806,5
40334,-6
42745,-9
60035,14
65695,5
63039,-11
52729,-3
56661,-18
43965,27
56981,8
39304,6
60693,3
50155,7
63551,6
52348,8
44436,17
61556,2
61800,-5
53826,15
38884,-8
57983,-7
38659,-4
58505,-9
44532,31
47002,17
44584,-4
39604,-16
56599,-6
54326,1
62529,-12
40127,11
37553,10
52188,3
41906,20
41329,2
48639,11
60824,1
52820,-11
43265,-6
60613,2
64259,15
54546,-12
63761,6
36514,1
63339,-2
53092,6
43071,1
37888,-11
61996,13
55754,13
64061,6
45300,12
45233,-15
50839,8
59708,5
63402,3
51907,12
48115,-14
41873,-1
37939,-18
37893,21
43207,-7
49916,3
37723,5
37494,4
59311,-20
45252,10
46694,-5
57192,-5
48233,-6
65037,-5
63359,18
52592,8
61187,-1
47541,18
50048,15
59684,-5
45954,15
64376,-5
51069,-17
36340,-8
37148,-25
36891,29
55091,-5
53963,2
48768,13
52239,15
38288,11
51240,-1
47616,13
46085,8
42433,12
42134,4
40164,21
52843,-8
36049,-4
56510,-10
41415,6
59566,39
64299,20
40086,14
36757,-3
43954,18
65384,-4
56484,3
50323,-10
63774,-7
57977,5
50446,8
37411,14
41149,-6
48498,11
59451,-5
39141,24
42215,-6
53639,31
60380,17
61239,-7
58752,7
55701,7
45857,-6
65337,-21
36815,-2
38338,-5
63259,-4
39701,9
48403,-30
45667,12
51941,10
53727,25
57365,-5
60628,12
52437,38
59717,-19
61850,-12
45266,32
54970,-9
42021,-2
61583,7
54419,-18
59737,3
41680,7
63995,-20
57443,22
57598,-7
47935,2
55810,-3
41834,5
57514,4
44459,9
48017,4
41515,7
57388,14
63647,14
50167,11
60497,20
39131,-27
36141,-12
62783,15
58747,32
38522,23
62707,20
41479,19
47208,24
46492,10
53224,-6
56140,-4
63852,-5
63315,13
62120,-31
53289,33
62258,-11
44618,7
56862,-2
46710,9
60275,13
41586,3
58656,6
36872,20
65051,12
54302,6
57172,7
64131,11
44446,8
42228,25
65385,8
37970,-1
37412,8
39134,3
64755,26
44153,6
55638,17
42463,10
60140,-7
55011,-35
51428,13
45851,11
37958,7
60675,-5
52438,22
62661,1
60025,-16
49474,3
51469,6
52714,-6
51051,-2
44852,-11
52636,6
47472,2
39663,11
63521,-18
43475,5
42035,29
48524,-12
59542,-5
48500,-6
45202,16
61531,-5
43230,-5
50353,-13
38018,-15
49610,1
45919,7
49919,-14
61121,7
38351,1
39593,3
37808,7
43200,10
56451,9
41008,24
59839,10
45965,-3
40953,6
52582,8
54527,4
41212,23
56802,28
55707,31
52161,5
58976,-11
53697,5
47927,1
40684,5
60181,7
45736,-7
44400,-2
64314,4
37697,-6
49467,1
38905,5
52335,7
46768,38
45084,-7
53003,20
39366,1
45642,4
51691,-5
45950,9
60561,9
41951,32
39907,4
44226,-15
40858,-6
38168,8
58842,-17
61240,-17
61409,46
38996,16
38130,8
47061,8
37022,16
60601,2
42608,10
51001,6
55828,-4
53705,-15
41315,-8
50497,4
49776,6
45723,18
36841,27
46659,-7
63393,14
52092,2
51653,-13
50906,40
53868,-23
39334,23
65090,17
64039,6
51031,-8
61941,-25
47455,12
37558,15
44693,7
37823,2
62730,-6
38112,-4
55610,2
61789,15
52107,23
50173,6
38474,-4
42906,-6
51698,-28
65130,15
53214,9
57261,-16
48084,-2
47053,20
56958,-9
42634,12
39261,7
43829,-12
55537,22
64774,-3
43238,18
48510,4
59752,-14
36837,5
58100,-25
62209,-19
50122,15
47204,-5
50417,3
47694,-14
59862,-7
43933,-14
56833,13
41357,15
45599,4
42659,-20
39145,-18
64395,-5
44439,15
55803,-6
47962,14
42743,3
36067,22
41813,-6
42078,4
47440,-6
39143,5
64304,-4
47317,3
56521,-13
57375,-10
49028,-6
56110,19
42119,13
41748,4
58258,23
49971,55
53367,-2
50041,5
43759,-9
51151,21
62640,2
51366,-11
54049,-9
42504,2
41166,18
38273,29
62225,-31
50083,5
37632,-18
56469,26
48513,7
60095,16
42522,25
52159,10
61345,1
52921,9
37634,-5
49667,10
55049,-10
44800,23
37123,-21
40420,7
39265,-18
44015,-8
57652,-7
38345,-13
39590,6
51722,-13
46989,-6
60326,5
42917,2
42562,-9
49410,-9
52835,-9
63309,-9
38757,9
56535,17
49466,-14
42397,1
56864,7
47536,-9
63464,-9
43068,8
37946,25
41773,22
44423,7
58369,-4
61009,6
36475,2
63695,6
50625,-8
40902,18
62884,15
65046,-8
45271,19
38878,2
38245,2
39489,-9
62012,12
63734,-15
43012,1
44864,4
43556,6
40326,20
39813,10
62530,-13
61346,-9
57646,1
44916,29
63329,15
51589,9
51688,10
47496,-7
56612,-5
36784,12
45611,-12
60004,3
41426,-5
53303,-4
46800,-12
39282,7
43290,10
50599,7
36973,7
44545,-4
47281,-27
57171,4
64235,-11
53318,-7
39528,13
59854,19
45994,9
58182,5
62764,-13
57524,10
37410,32
43753,25
40250,11
48715,3
37589,-1
51683,5
57103,3
54802,7
48705,-12
47105,3
53852,8
52484,9
46295,7
52783,21
55393,-12
43529,5
44708,4
37327,14
64992,5
45559,-10
53660,2
45108,-14
37977,-26
55966,10
40945,-2
58401,-18
47055,3
40037,-3
39491,2
60060,5
37226,10
52163,-3
45255,-3
39065,2
45653,7
51158,27
55618,-6
46240,-9
42259,8
54606,19
56996,7
40641,-4
49974,34
54089,-8
48589,3
52989,-13
58238,7
56621,23
48699,16
55214,-5
46723,-10
45408,1
60272,-17
41190,-1
41039,8
49972,-8
39857,-10
49748,-7
38333,-26
37257,-7
52880,-11
39647,3
49911,-14
51440,5
65508,4
60399,-7
47098,13
60160,-1
56114,-17
37701,4
46655,-7
62930,-3
51781,6
36883,-6
39021,-8
43458,-9
48723,-13
48779,-3
52219,3
38133,-1
52993,15
63650,16
42417,16
39107,-1
59987,-4
45476,-13
36832,7
47393,7
48961,13
65646,-2
38677,-14
39341,-9
43205,-7
65145,-13
57166,16
51511,13
41569,3
42052,-9
59048,7
40146,5
44089,-15
65440,-14
61759,7
47485,-9
53013,-11
63968,15
36055,-18
40824,-16
38836,22
51105,13
47512,-4
55646,5
51116,-7
41970,12
58906,7
55528,18
58873,31
46166,-7
44230,-3
51357,3
61512,2
64391,11
36139,6
38650,-10
47443,-1
55782,-9
64950,-12
58444,39
43088,32
60965,7
36046,6
50802,27
60362,3
41060,-12
57593,6
57458,13
41461,-15
45086,-7
36502,3
54012,-7
36481,10
52696,-9
61163,3
59193,8
56211,-21
64703,5
48059,-9
61377,7
37980,5
52681,4
45402,-9
62193,9
40916,10
65392,-23
64370,-21
48574,10
44138,1
50283,1
56908,1
62121,-4
47469,5
54786,39
43867,18
58964,3
53767,18
52770,-23
41117,1
56753,-3
43272,-8
45693,14
61961,1
36920,4
54061,-14
65283,15
49062,11
59966,4
41513,-3
43561,-24
56784,-11
49522,19
43827,-9
49744,14
51045,17
36609,11
61048,1
54196,4
56779,-15
42507,20
45786,6
55293,-12
47228,-1
63981,-29
58166,-5
43231,5
62784,4
44209,12
49532,-17
56582,-11
60861,-5
38375,15
65160,19
64847,9
45366,11
64280,8
38569,24
46161,-17
65532,11
57445,28
55922,16
42539,-4
59006,3
40500,12
50829,-20
64787,20
61044,9
52931,-6
63081,7
42783,-3
63721,10
55990,-4
39938,-1
38657,-4
65375,4
45523,3
42224,20
48023,-9
54068,19
63047,12
62191,9
46238,-7
42985,-4
48643,27
37617,16
50509,-8
44151,8
59633,3
37625,20
57547,14
37562,-6
65296,-21
37659,-2
58271,6
48626,33
47157,-10
64733,6
55232,14
45807,-4
50233,30
49109,12
59506,-9
48530,18
43784,9
63727,20
41106,10
65348,-3
50935,-16
62606,17
56556,-16
38360,16
46114,7
36446,1
36260,11
40169,17
60801,-1
58662,13
59705,8
61047,-16
44919,-4
38079,8
44110,11
37063,-3
43484,-7
47278,-1
60053,2
36307,9
61875,-11
57099,12
45146,-11
39873,-2
61421,6
47406,15
62705,-2
37393,-7
55472,7
60970,8
47327,18
44177,11
40711,10
51578,-7
37305,5
56216,11
39628,-21
41572,19
44076,26
43522,-3
40769,-6
51684,-17
58728,-7
59841,-18
40808,9
41014,12
64726,-15
62189,6
46573,6
49763,6
52187,-9
52152,-16
51790,-11
47238,-10
39561,-7
36436,10
39879,-7
60869,-9
55273,4
40754,20
57483,8
39351,-15
42339,-4
59198,2
41488,-8
45545,4
53120,-13
55228,14
47471,22
53981,-6
64029,11
54601,5
45235,15
65269,-3
63283,4
52074,21
64078,-3
62692,-4
48289,6
56250,21
58456,13
56933,-19
46877,-6
64387,13
41136,12
51630,-2
48602,-1
36936,32
56772,8
53729,10
48701,-8
37266,14
50631,9
42458,7
50861,4
48689,3
62386,16
40800,9
48316,9
51101,-3
43005,7
42158,9
63894,7
42811,-4
59303,14
59429,1
55582,3
50217,-2
60262,-7
40906,23
47060,20
58199,-28
48670,-8
62042,2
42314,18
46807,-8
61830,-7
36333,8
39842,-29
46812,19
39950,-1
64548,-3
56808,-18
45751,-8
49161,6
51729,-16
64406,9
57568,-3
53325,-15
63028,9
54178,16
57364,11
62092,-18
55745,19
43865,-3
60281,-15
51225,-23
40682,-3
52856,15
58124,5
38832,10
42316,40
49718,7
37221,-6
54246,15
36102,-6
57006,-2
64257,25
41470,-6
48190,-10
64745,18
37501,19
54800,7
52641,3
41406,-29
65443,14
54589,14
38228,15
51284,15
43386,-19
47388,21
36493,-11
52818,7
56738,5
46063,20
37437,5
46311,28
65059,-3
39935,2
47259,12
60570,8
36637,33
41668,10
52130,6
49668,21
63363,-10
59393,-14
47448,-3
59086,13
41687,1
40895,6
39343,-1
36105,10
52206,7
50082,7
57304,16
50297,7
39076,-12
64623,13
48600,-8
38136,3
64063,-8
54812,12
42230,22
60655,29
62284,5
39902,-8
40505,23
42651,-14
46616,3
49539,-8
42129,9
54251,-12
37871,14
51713,8
54035,-8
60685,-4
54270,-13
41886,3
55099,15
37526,-5
42136,20
42961,9
56895,-20
53025,6
59503,-2
62220,26
39691,13
40975,30
50321,-4
59559,-8
57350,-27
43394,7
46501,5
39877,-14
56731,-36
56676,11
59749,-20
57174,14
56375,17
56644,-4
48757,-7
57318,19
64041,8
46833,15
45901,-25
42740,-16
43105,-8
52950,-5
54578,-15
44823,-4
36068,4
50637,7
47360,-9
40193,6
58704,4
36846,10
56183,-29
56245,8
58749,-5
61418,16
52313,16
57590,10
50943,22
45620,12
65084,43
60625,-1
62946,-32
51711,-18
47493,-5
52799,-26
51338,15
53162,6
52529,11
37026,5
60494,22
60565,-1
63686,11
42633,3
64722,20
49768,4
36966,-18
54540,8
37044,10
57069,13
44198,-5
61982,-26
45925,2
54632,17
60067,-1
60533,-7
43913,-8
64842,9
62888,16
60901,46
41397,10
60086,-9
57481,25
51512,-4
60151,-3
63532,46
57865,8
38842,2
39498,-17
63642,17
47456,5
62374,-15
64369,8
47146,7
51253,3
41643,10
45924,5
38366,6
47560,2
44808,-13
54553,6
63526,4
53034,14
51785,9
41489,11
60857,34
57897,16
54753,12
43232,20
56072,1
41389,14
39776,8
49853,8
46093,-1
62535,-18
58364,24
36063,-8
52814,-9
60447,-20
39457,-4
45170,11
55346,3
48081,23
40548,4
40026,10
52550,-3
47167,-8
38205,-4
51211,-5
38940,-8
42677,11
55765,-3
47417,15
55257,-11
60906,-16
64335,-12
58378,12
56466,-8
38034,-9
62509,-23
39239,5
59389,30
44278,-1
51799,11
41375,7
36505,-12
58209,10
54377,-10
40415,3
43298,1
47606,12
49814,1
48486,-4
40283,16
59961,4
49063,5
45524,27
51537,23
55260,-19
47041,21
54183,-16
41401,12
49050,2
65373,1
65181,10
62236,-5
36835,3
48442,9
64779,21
42936,-7
55535,26
47387,21
37919,-7
40273,-32
53252,-5
42711,11
55590,-14
55760,-38
65298,7
57536,12
61201,-33
64293,11
39086,5
63326,-12
37084,12
60294,-2
53024,10
46153,-11
62762,-11
61458,17
43436,-6
54983,15
60884,-10
37886,6
40324,3
39881,-5
46357,11
39504,5
53306,7
53080,-8
41073,-6
48078,16
61552,23
49550,-6
45878,-30
48058,-28
43381,-3
41319,2
36316,19
56129,48
38736,11
42372,4
42661,-6
55944,7
52664,19
39119,8
65233,6
44062,8
54575,-7
60859,-14
51591,-3
61933,2
49094,-11
61218,5
44909,-7
63104,-12
37928,-17
44700,10
42879,14
62488,12
45821,6
58257,7
40222,-12
38278,-20
38897,5
43503,-12
50779,12
57531,12
57188,-28
46739,15
57258,8
50156,-4
61161,6
54722,-9
48389,16
46270,29
45308,5
60147,-15
60907,-15
46629,7
58629,-3
60130,-11
38497,6
48791,8
40360,13
63980,-3
44239,-9
44715,-6
49824,-2
60684,-13
62671,-3
44644,2
58282,33
53589,-19
39559,-5
53768,10
55259,-19
52645,7
49899,9
61025,12
44748,11
60524,-19
50046,9
36061,4
61846,-4
48830,9
53082,13
63577,7
60686,6
41434,9
58363,-9
56144,9
49375,-14
52817,12
59284,-9
51726,23
52083,16
62763,7
43886,9
47739,-10
37914,23
51764,-5
55132,-9
50430,41
41326,3
49507,-4
57803,-5
52652,-10
41181,9
39099,19
47693,5
50931,6
36904,13
54814,5
63324,7
36912,-12
45689,-8
37550,15
60417,16
63237,-19
63088,16
57919,9
42205,2
42144,18
59650,3
51121,-11
40170,-8
56366,38
62856,9
43987,7
61325,-14
38510,28
40262,10
57056,11
45162,-10
43153,-5
41423,14
60509,-14
41661,-5
47319,21
55748,-15
45151,-24
37753,-23
54675,10
54996,-5
36953,-12
49847,22
40835,9
53824,-7
54212,-8
38943,-25
40081,-19
59751,4
49807,-12
38890,5
53986,-26
40303,-5
51508,7
54048,22
62281,-5
59407,15
53758,2
37295,17
62128,8
63201,-13
53956,8
52436,8
48482,-13
38164,-5
38717,16
59955,8
49854,-3
55942,1
42166,18
61413,2
45993,22
60458,-2
39655,-8
65649,17
60236,1
54028,23
59851,-12
43116,-2
36378,3
60571,-9
44053,-2
37373,18
46929,-3
40050,3
60085,15
47077,-8
65533,-5
61024,-16
50523,1
45200,24
53096,11
43934,-11
43067,8
49764,-21
63951,-6
62223,-10
60001,-32
43311,4
60308,8
52120,26
62695,-36
37883,13
36074,-12
59693,9
60352,-11
37117,-3
44666,-16
49127,31
46901,18
50052,-14
41447,-9
37926,-6
51544,-2
59676,6
49469,-23
44594,-14
41206,16
44434,-12
54153,-14
51494,25
49373,10
61400,-9
41934,3
59337,7
41318,-5
37787,-29
58403,-17
56703,5
62378,-2
41328,9
65426,17
56553,3
51067,-14
54731,-15
37065,1
40764,-5
55637,3
61233,-4
47491,2
39301,-6
44795,-1
39368,2
59016,10
53797,5
52452,-2
39789,17
43521,11
63792,-12
56724,-7
63890,10
54649,1
60403,47
48900,8
62523,-2
48870,31
65525,11
51393,17
42863,2
63252,2
53344,8
42871,9
59792,7
43490,-8
56855,-10
49992,12
47624,4
53063,22
60133,1
62905,-5
57019,9
38399,4
40710,25
59951,-19
62293,15
57496,1
48824,10
44539,-9
48914,-6
60880,-25
41755,24
55866,-9
45675,21
43226,-9
54436,16
61611,-3
38166,20
56560,7
41707,5
46294,9
40022,-13
36773,9
46562,5
41244,9
61250,17
39809,17
36120,9
40607,-5
38373,6
40552,2
47418,-5
36374,7
49188,11
49997,5
52304,15
54697,3
55655,-6
64743,-2
57627,7
45360,4
41198,-11
61420,11
55873,-6
63445,-10
42884,9
38414,11
58557,-8
59179,-10
42225,7
42295,-20
62126,-6
40299,-2
40335,19
49136,-21
50858,-6
50395,12
51011,-17
56851,45
41448,19
36255,24
57605,7
61651,12
40847,7
58139,16
49080,-7
64021,12
39198,6
50882,9
47162,4
49866,-5
36147,14
63913,9
56905,-5
39448,11
50456,-32
43879,10
55502,7
49973,3
52465,-11
51174,-10
42575,7
58323,-5
42437,16
56816,24
57043,-6
56737,-18
39020,8
37570,35
64780,14
61175,-4
37006,2
58215,7
38968,26
46139,16
36496,5
51463,-9
43103,33
46781,-15
58380,1
62690,16
55550,-6
51405,1
45571,-2
60032,-16
48525,-5
59069,-14
57595,-16
53993,14
49644,5
58902,6
65365,8
62453,2
54595,10
65323,-9
51326,11
63875,-3
52895,-2
58539,6
61416,-2
60544,5
39690,12
36541,6
62305,-14
48716,-7
36214,5
57588,11
38140,-25
44690,-14
49968,14
44674,6
53378,5
46609,14
37568,-17
44754,6
61763,-11
50205,11
36790,6
36652,-7
44215,19
56812,20
64473,7
53135,-7
65311,-7
51270,-3
46091,-8
41223,-2
64478,-12
64631,20
52634,-9
64654,-21
45672,17
45942,16
55128,13
47772,2
43999,7
52647,-4
38072,-11
55407,-20
53570,-23
64574,6
40098,7
48610,-24
36389,3
63331,23
45579,-19
59830,-5
58357,-17
59183,11
65093,1
57292,11
39782,6
48484,9
51458,-12
60777,20
40306,-13
51187,7
64066,-10
37604,26
52795,-5
52354,-8
59910,16
41671,4
62647,-17
53521,3
51517,10
38799,1
39256,5
43451,24
61499,25
62451,10
60925,-20
48561,1
60575,9
62986,20
40767,19
45118,8
48944,-8
38311,4
47967,2
42013,14
48089,14
47115,6
44417,20
53299,8
55130,-24
62030,21
40142,5
42509,-3
46798,-5
61090,8
37607,13
61858,18
39672,14
43874,11
60918,16
46933,5
45840,-10
59403,19
47649,4
61895,12
64414,9
43161,5
49963,-7
53927,9
63591,13
65308,5
58861,-7
50946,-7
43326,-10
47548,2
52712,22
57804,-6
56472,-8
46539,-9
59689,8
53059,-12
46008,-5
37822,3
57950,-19
55630,25
45898,18
43513,-12
52523,-4
40468,-9
58249,5
38723,6
58119,-13
61049,-2
63432,7
52738,-21
52551,-13
59753,-26
37563,6
52295,-7
57065,10
41078,-34
41059,30
59787,-9
60473,7
47112,-6
48463,-25
39635,8
58740,1
61401,-13
39951,14
38488,-5
43883,-3
59838,-6
58158,7
44747,8
64706,-7
54819,26
45701,31
43142,13
63987,4
38098,-9
65071,6
48297,24
38346,-2
59701,27
40599,-7
55935,15
54052,-2
46476,14
44550,-7
42644,10
64822,-19
64902,-2
41394,-10
36682,7
45376,26
41409,9
54253,3
40473,-9
58170,13
37938,17
65034,8
53855,-19
40475,-2
48974,11
65437,22
58475,-4
39820,-6
65456,7
48013,13
36257,4
41902,22
41339,7
57831,22
48092,-14
59417,11
48352,-1
49679,-3
40267,20
65460,15
46887,1
55381,19
55900,27
62507,7
51296,-24
37657,13
51622,9
62896,11
40019,-4
41908,6
60832,14
50384,18
64024,30
46075,-14
63773,10
58674,2
37845,-11
62745,6
64111,-18
57958,-16
37603,20
59886,8
60836,22
58108,22
37829,-9
57999,27
46209,-6
55360,13
44298,17
36813,-6
51065,-2
46682,-9
53583,3
57782,-14
54378,16
39641,16
64274,20
36435,-8
55348,18
39471,-13
64476,-4
40448,-24
40994,14
41173,16
52347,1
51523,-26
61613,-4
61245,29
60707,-9
45114,-3
61329,41
53910,16
41765,-3
57510,7
38071,-7
59735,-1
65400,-25
38099,-13
47641,-2
58023,11
50400,-20
65057,-10
48934,-8
40040,7
43725,13
64974,-9
45552,14
49540,-4
65214,16
62602,38
53567,11
36535,-19
62873,30
38860,-2
45223,-4
61784,-3
55989,21
59296,-1
56055,7
40144,-10
59372,-25
62096,-12
43551,-12
52248,-11
45931,12
54397,11
65254,11
51095,20
61546,-13
38330,2
61720,4
61199,-9
37450,-7
48667,17
58782,-1
37014,-8
47610,12
65173,18
44316,6
55446,-25
44367,9
61314,-8
61828,13
55313,3
48273,-5
63141,-6
59939,20
57968,-6
53591,17
39722,-12
41729,1
50340,1
61033,4
44125,-7
47046,10
59578,11
44017,13
55588,4
37441,6
44375,17
54189,-12
53143,2
36547,-1
58843,14
36635,5
40595,13
58892,7
48238,27
46328,3
65171,-9
48836,20
44271,-4
38517,11
42399,1
40638,1
52917,1
57608,-23
37964,20
65438,-34
47474,16
50009,4
52842,31
46334,8
45951,-5
43211,-5
46927,-11
64816,16
64030,6
44060,8
44634,16
42308,-5
44305,-14
60451,-8
50624,-9
40635,11
53661,17
54515,-14
42244,18
51705,12
45251,13
59196,-4
61475,16
40176,7
42055,8
63575,7
47915,21
37258,-3
48542,-9
50976,-13
42877,11
37002,15
62430,-18
61769,-19
45517,13
38433,-2
36320,-13
37996,4
42371,22
42103,-11
47611,-6
60979,2
37782,-16
55790,8
64801,12
42646,-8
57808,-9
44812,-18
55429,7
48325,-28
42010,-11
64640,-4
63678,3
37387,22
36104,2
65096,6
56647,-8
48965,-17
56442,15
53688,32
39073,3
52168,9
61980,21
46795,-23
56728,-19
63251,1
52512,4
39236,-8
52362,14
61542,5
37496,5
38697,16
45777,3
48148,14
38642,17
63983,3
45107,15
37859,20
56832,8
52540,33
44416,5
58922,10
51607,1
44260,10
50129,27
39142,-9
56844,14
39490,3
50812,-8
53700,7
49981,13
45869,11
59197,8
56591,7
42872,-15
36674,-6
52833,15
46506,5
43011,-12
52311,-11
64378,-15
43130,11
39176,20
48767,-14
55962,3
48398,13
38984,7
63942,29
59870,13
37073,18
47732,14
49531,-15
38465,-3
62275,18
52969,-11
42854,2
53708,-17
58835,9
48134,6
60772,6
63135,18
59958,15
53358,2
63457,23
61892,7
36720,3
62842,2
40215,-3
41276,-24
44762,2
54755,18
61874,-7
63683,30
40168,17
46100,-18
46072,-1
54217,-2
46030,3
44303,29
51294,-7
36211,10
49721,-10
38926,1
39249,8
63246,-3
57003,14
61144,-12
58825,-5
56704,-19
37074,-5
50222,-5
56013,49
57866,-6
57448,32
37427,-7
50598,16
37337,-2
45160,6
52549,10
61790,4
39170,16
60103,7
58275,9
51195,3
57995,13
63940,3
43410,-11
45156,16
65161,14
37539,-16
52812,15
45277,10
54304,13
36788,-4
61069,5
48726,-17
42029,17
54620,14
61826,11
38248,17
39100,3
55171,-8
43429,-14
36631,-4
55813,-8
43558,-16
40274,-12
48386,-4
60150,-15
37533,-14
42619,-3
50922,-8
47749,7
58520,-15
62472,28
55468,-7
57030,9
43139,33
41313,-3
55339,-11
45439,-10
39180,1
45547,9
44885,-2
48576,-5
60948,-2
63050,-11
45586,4
48143,5
47981,4
43719,1
56386,-11
44542,16
64097,-7
39369,-6
41851,-7
63617,-6
51456,-4
45980,24
57511,25
40362,12
40720,-7
51385,22
57377,15
45253,-16
46267,26
53340,-8
57832,25
40728,-3
61916,-9
39404,-3
47576,1
56502,7
43252,7
40810,21
61131,21
62871,8
48022,11
57105,-2
54280,17
47434,5
54133,5
36865,13
58414,1
65302,31
48948,-6
58048,19
39319,17
37654,-9
55197,11
62269,5
58872,-22
64907,-1
51172,8
57190,-20
48127,10
52571,-23
37493,7
40922,13
37555,28
38719,-3
52590,-12
46002,-10
42658,1
41137,2
52608,8
64265,-6
44876,-8
56231,-24
64769,-9
55569,-5
38298,-15
37786,8
60414,20
40908,-15
55816,-2
36852,-6
36909,-11
53227,-6
36654,12
58573,13
51159,3
46019,9
62167,-12
63204,25
58472,-8
39324,10
62858,14
48646,1
57290,-13
53937,-5
45068,9
50818,6
43190,10
44759,-16
55901,14
50231,-15
54951,8
50322,-11
64725,11
52757,2
39548,21
39568,-6
52129,-23
45495,-5
55973,-9
51087,-6
41468,-7
42774,13
59671,38
41127,-5
62788,5
38602,10
49780,-5
64398,-9
46321,3
58867,-12
50436,15
50135,-10
37815,-5
53505,-4
64921,25
55411,-14
49348,15
37227,-12
46316,-1
57559,-10
44683,23
55636,25
61307,8
43369,7
60870,-33
41342,11
40519,8
48069,16
60646,-22
51346,6
63848,-36
61510,-12
52249,-8
59878,18
46220,7
63729,-13
55540,-25
54412,7
38058,8
48214,7
65045,15
63506,14
65058,8
39649,24
53561,-6
55970,5
45737,14
40650,-7
48093,-1
42195,-1
51708,-2
55242,-11
60921,14
51066,14
50068,-7
60323,-5
65155,-6
36172,21
65475,-8
40689,11
62632,-4
53960,-12
48514,9
36538,-17
48311,-17
46921,9
60890,-23
40872,-13
54162,8
42222,26
50345,24
65446,5
47716,10
49045,14
58757,-5
50056,2
50027,-4
55952,17
52684,22
56459,-12
65457,-41
57147,-26
58122,8
63783,30
45680,5
57985,-9
42374,-8
56422,-7
46786,11
48952,8
46056,-4
49095,17
46645,-4
47014,6
64948,-14
60660,-28
62232,-18
60942,8
43123,15
43223,6
59747,16
56696,10
58527,-9
56010,-24
43704,8
36804,-6
44658,12
41972,-15
54635,-19
52903,22
59520,5
51802,8
41114,-20
42890,-6
43757,4
53365,6
49354,-2
38813,15
64687,-1
37995,-7
50212,-6
57026,8
47640,10
63314,21
59952,-16
53116,-2
44670,11
56447,14
40166,26
57575,9
52081,12
46044,11
45371,16
51563,1
51024,2
48080,13
65507,7
40954,-17
45858,15
36646,-4
36056,-5
54967,-8
42462,15
64113,-19
54434,-3
46041,9
41814,6
39093,-9
43891,-4
39998,7
64851,-1
36350,14
50281,10
45960,19
45730,14
37920,-9
58587,2
65686,-2
50974,20
37190,-5
59581,25
38561,4
54235,10
54409,22
57613,19
38170,2
36743,3
57407,-10
40912,15
39718,-4
39888,30
51507,4
36763,8
63687,4
58452,14
37152,12
57343,-18
63705,-17
52468,8
44253,-16
36678,-13
44603,13
38448,-18
52403,-6
52294,-20
42796,-6
45173,14
46099,2
46363,14
62335,-3
46266,4
38270,-32
43430,-13
55088,10
56235,-6
41817,18
41660,9
62938,-20
41503,-10
44042,22
43849,-8
36111,11
47618,8
44041,6
61103,3
41816,-23
37219,-14
62725,-32
61710,-13
62388,-5
46474,12
57083,3
43427,15
38052,13
52398,-9
63866,-3
47699,-5
60821,-12
51363,19
46583,4
57953,-27
53193,-7
54488,23
37944,8
46674,-17
63972,15
61777,20
39805,-13
65448,8
42297,-31
42095,10
65633,20
39001,-2
62063,5
56878,-14
54422,-3
64645,1
59661,-20
42957,-3
46036,15
62296,21
56742,29
63905,15
53911,25
43128,-1
45399,-10
48578,7
36985,-4
51873,-4
47408,5
62272,10
53356,11
45175,-5
47588,8
62791,29
58076,46
46065,-6
53525,-3
42025,9
48025,-9
48335,4
44225,-13
56889,11
61351,27
45959,-10
44722,1
64068,-18
58077,4
65169,-3
45681,11
56815,11
37193,-5
52919,39
50411,-11
38260,23
47320,17
40359,-21
42322,17
63297,-4
45637,-4
59036,10
64075,5
46597,22
47200,6
42837,5
38518,-15
42815,3
38989,-9
45570,9
39232,32
41611,19
52764,-8
57664,-2
60200,4
62959,-8
36225,21
53042,19
46359,-5
57528,3
37482,5
55013,13
56002,37
62264,15
48999,8
56706,-9
55800,2
53780,-17
60583,-6
64117,4
40256,17
63707,7
60502,10
45067,13
64452,9
63824,-31
42066,-5
48362,-9
37069,-24
63790,-8
44626,10
39971,-2
47747,-13
41825,6
63870,-6
44893,6
59221,-8
41610,9
57945,7
37402,-4
41998,3
45428,15
49027,5
63491,-6
52148,23
40951,-31
52149,-4
42706,-27
57275,22
56087,-2
38383,-8
62676,-12
37705,15
57021,8
62359,24
46895,9
36569,13
48164,19
38411,2
57833,27
48152,-13
44450,-14
58683,12
50037,-4
54723,-30
38675,20
47619,-13
58445,-4
44503,7
45917,-13
63931,10
56380,1
55009,1
53883,22
36344,-11
40208,-8
57240,3
36366,-11
52353,9
40582,-10
40643,11
59243,13
37529,-7
48045,22
62405,-7
36506,32
45755,26
45674,7
63549,24
63970,-22
40255,5
61060,18
43472,2
51649,13
56133,-6
41171,2
58157,-4
60073,7
38322,12
62478,-9
61217,-5
62732,1
60320,6
36397,8
51631,-3
47116,4
61523,9
54624,11
52673,-21
48700,22
62371,6
38362,5
54699,10
38061,39
61004,7
55672,4
36608,3
60940,-10
57330,-21
39554,11
48808,6
63399,12
40532,21
51150,-10
55244,9
37987,2
49986,-3
64807,14
56436,24
43537,19
65380,-10
61006,17
41855,-3
38614,7
45199,-5
53566,-3
41056,-3
45452,14
42311,10
65097,-12
51889,6
38348,-5
49867,15
47671,5
54663,39
50151,2
58039,39
62104,-12
64617,7
62304,7
48307,5
43925,-2
39327,17
63417,-3
37179,-11
56881,-10
42624,5
65490,-12
44465,-11
57540,4
49071,-21
43966,8
60046,-8
48512,7
43564,37
52215,16
44119,25
47181,9
58523,24
52186,20
36199,1
61178,-9
47037,-15
61606,-13
42752,-6
64993,-18
54545,3
38102,-5
36922,-7
50807,3
48004,5
61515,-3
58176,-7
41005,15
43100,-8
40929,-9
55840,6
61513,-9
42812,20
42665,20
61190,2
40848,-7
62075,13
56617,2
42347,10
40225,8
63313,3
42555,13
44763,13
55075,-10
52826,-17
51477,-6
48024,8
43912,1
38100,-5
60197,9
57648,-13
45135,9
49915,7
60780,-8
43125,-10
60732,3
59714,22
44899,2
42389,-9
51436,13
64875,11
41869,-7
44782,9
40762,14
60301,18
38257,-12
57178,2
43044,10
50227,-17
55986,16
47630,20
46124,21
37524,6
46920,-7
61017,-6
61030,-12
47528,14
51478,9
42096,17
42682,-7
55829,12
41492,17
59530,5
50396,-5
51820,7
45263,-25
59172,21
59583,5
62970,30
44724,3
59638,8
38592,-12
48137,18
36683,7
59517,-2
62130,2
39513,9
47436,3
56670,-11
36183,45
38440,9
65395,7
40110,1
40827,-4
37900,-11
55694,-14
42629,24
60193,4
39767,1
49040,-15
48435,-16
51215,-5
37442,8
39399,14
36562,12
44022,15
40076,22
49652,11
61906,23
64810,-8
65150,-8
52343,8
49681,14
62920,13
54236,14
56921,10
60835,-7
61911,18
51201,11
63401,12
49561,-14
45534,-5
64118,-18
52737,-3
63648,-9
58787,11
36913,7
45915,-8
50521,1
60173,-5
42708,3
60482,-11
42076,-11
40277,9
58834,3
36347,8
64530,15
46230,-13
61354,-1
61410,9
64815,20
38318,1
52894,7
38582,-19
41229,6
60324,8
64418,-10
37966,-5
63220,13
53905,3
54214,-3
64594,6
61635,-12
42256,19
45828,-6
47763,21
54985,-16
54542,32
41209,-6
36133,-11
45343,-7
41867,-2
63481,8
62095,-6
40347,8
54665,8
65024,6
47034,25
59602,-3
45662,5
55097,-14
54475,9
41984,17
46849,7
36301,7
63765,13
53173,13
55445,-4
59611,-2
61299,17
37132,-28
54373,9
42981,-6
40695,5
57293,23
62564,-15
65228,20
42048,-15
43192,2
45310,7
45246,19
56456,18
45729,17
58244,-1
62652,17
54457,-6
57655,1
45375,29
50038,1
50088,8
36573,-19
38459,-6
40087,11
40722,-14
38965,12
58340,5
38291,9
52314,3
41527,25
55367,-5
37091,-10
53056,-2
53316,-12
45742,34
37760,-9
41321,5
59359,10
48889,3
38503,-2
50110,16
42843,-25
46940,-6
44784,5
47551,18
61167,-11
58799,7
63368,7
62614,21
55450,18
63178,29
36800,15
61265,-9
62085,6
41535,10
50074,-11
39382,26
64634,28
63426,-5
47593,-18
62942,2
42108,12
48447,25
56831,3
42671,5
50789,2
40394,-18
61270,-8
43520,-13
39735,19
41815,22
52185,1
49195,-14
40441,-7
42253,1
38947,-12
37881,-12
48691,19
64044,-2
62660,-6
58057,1
61302,12
42808,9
39383,-9
41260,33
58811,-16
64944,-4
51939,4
36661,13
37698,13
38672,10
60961,22
62239,4
51446,2
60661,16
47296,-10
57246,-1
38041,-10
52747,3
64721,21
39927,1
55379,20
65212,44
63048,-18
52886,-7
56068,3
40261,7
50098,-14
51533,-9
50086,-1
58343,-3
53178,16
48019,19
43274,29
37765,9
41795,3
42152,-1
62434,-44
45097,-5
38449,5
61628,8
39509,-17
52926,3
61971,12
47290,-1
46756,-9
65252,24
59577,-8
36795,1
63187,-6
36484,11
64785,-5
56179,-8
37013,-8
36417,18
48157,7
58743,-23
36866,6
52557,3
36745,9
57882,-2
59814,5
48709,9
38699,-7
63186,-32
49767,18
54681,15
45877,10
52607,-7
56212,3
50774,-9
59052,2
37333,17
56790,-4
46922,-10
62615,9
39486,-9
50911,17
55458,-35
42870,-14
55062,5
53762,15
57452,23
38379,1
44801,-3
40918,10
39110,-12
44145,7
61110,-2
63955,-33
50438,17
49618,-23
39955,6
49397,-4
52614,-4
57830,10
38683,1
56425,8
36744,-25
52214,-5
41220,9
37976,-7
57239,-8
50547,-19
40740,3
64908,-12
43904,6
41574,4
60636,6
44194,5
50971,12
38848,5
44435,-1
60042,-12
61447,47
55255,-15
44816,9
40707,11
45230,6
47507,14
39812,-7
60460,3
59386,14
61083,5
40175,-8
37090,7
54248,35
44830,-8
55499,3
59766,-1
49962,-9
65539,22
59742,-2
49057,-1
36212,-9
56519,6
50210,-17
36830,39
59173,8
65526,4
50791,5
46333,4
40663,4
57278,-4
36949,18
59473,5
60902,47
38335,12
58181,4
46318,-5
51830,7
43323,5
41699,-7
55404,25
50832,21
51612,-2
36798,4
56900,-1
40167,9
56888,-7
45678,1
49623,11
51876,15
44466,15
63049,-17
43279,-8
37743,14
41927,8
64330,2
51819,8
36097,-5
36771,24
55689,-1
37019,-5
56603,7
58800,3
50023,4
37541,-6
43893,9
43733,17
42242,3
60332,7
51488,-10
48251,5
44464,2
54659,-13
41006,11
50454,2
59269,-1
37519,22
64777,8
48774,-3
40410,-18
63031,12
64283,30
48363,23
41736,-5
55059,-7
49630,18
54547,9
41781,-10
58366,27
59528,28
48083,7
52199,2
43862,20
60449,-22
57127,11
42689,-10
52271,6
39697,5
49458,-16
59529,-18
57966,18
38458,-27
51142,-22
65249,-6
37656,6
56695,-16
50416,2
45558,3
52434,-20
49189,22
52422,8
45261,9
62963,-12
50910,-8
53580,9
63270,-7
38408,5
54024,4
50981,16
53128,-4
45632,22
50445,-4
63738,21
40832,-6
40042,-16
43124,14
58531,-10
43590,1
49730,5
39723,-2
61938,-11
64753,-12
55198,-7
40108,-21
53992,-12
55977,-14
56749,-6
60058,6
59518,-8
53878,1
59050,-19
44571,-8
61650,9
41016,-1
61988,27
41579,4
64399,13
46147,8
45577,-17
42149,9
42445,-6
49524,6
42685,6
41656,17
48057,11
62213,16
64760,2
44256,15
51933,7
61433,-10
40924,11
39850,-3
45054,8
59942,25
42536,5
55247,11
58060,7
57153,20
43826,9
65023,11
52391,-6
49893,9
61333,8
58371,25
53869,24
60378,27
46882,-34
54948,13
54550,6
43709,3
55220,-13
43857,3
45240,-1
64105,10
56171,-10
64827,6
51771,24
49358,-4
45119,3
65421,8
53795,-10
53006,-26
55187,5
58592,4
38382,4
45666,-3
52517,-5
38957,-2
62969,-3
61632,15
43054,1
64585,11
57244,7
54650,7
42275,20
51587,18
60289,9
48293,-1
46983,20
51214,-9
60448,-5
45679,24
58732,15
50109,21
43257,3
59441,-10
63537,6
38521,6
44837,-3
62528,-25
58362,2
61567,-2
40604,-2
57168,-19
51627,7
44067,7
50552,6
61101,5
65690,-19
56237,4
62149,-31
59549,6
64331,-6
50242,16
43089,-14
42487,10
49487,7
42069,14
47994,33
37167,-5
39985,10
43358,-5
65086,3
42684,-12
61349,-3
54981,2
65203,-6
62553,10
37711,-3
64443,12
59468,21
63941,-7
44339,4
36979,-6
50102,-5
64707,18
56592,13
56545,32
51374,-14
39944,-1
46727,18
42794,-19
44082,-19
63421,-15
64660,-38
42204,-3
39356,13
51891,5
36520,-23
37638,16
59278,14
64699,29
57499,8
62047,-5
48408,-4
63197,-18
50070,2
55897,-2
47072,-6
50296,-7
46323,-10
45758,12
64867,29
44636,11
57060,13
57155,-4
46772,17
45122,26
59202,-19
48310,19
58028,1
62953,1
50496,-6
53845,17
61682,-22
41763,5
37828,-8
48406,-12
53108,-8
61308,14
65316,11
58095,12
43528,7
65259,1
41766,8
55709,29
54687,1
45700,25
44203,4
62668,-12
51602,-9
36924,8
62474,-12
36584,-6
44922,9
45081,21
61431,28
61055,-1
48246,-17
55359,-4
64890,-8
40965,14
52514,14
55321,-3
57871,7
63825,-4
62750,12
60614,-7
64405,-21
38019,-13
47188,30
57067,-1
63766,-2
46729,17
51912,9
56086,6
40503,-1
41788,30
38202,-15
49126,-1
43983,-5
37031,11
59370,9
63528,-20
52488,4
64582,17
41482,6
62635,8
62222,5
48018,19
55960,5
55395,13
50325,40
64765,1
49599,2
53098,7
48101,-9
36551,8
50988,27
46520,4
58803,-7
44511,22
54395,2
45528,5
44357,-2
36880,26
53085,-7
51678,-20
59648,6
60241,-8
61578,14
50444,-22
40003,-7
49982,3
40885,11
40935,-7
61603,-8
36803,14
55946,-10
60335,-18
40886,-3
50999,-5
58534,13
53294,11
50467,-33
43126,6
37183,5
48160,-5
42237,-4
52716,-14
48708,6
65683,-6
55101,3
48425,-8
65215,18
55149,-13
41509,13
63827,4
41204,7
37843,-6
40802,9
47688,28
59496,10
40395,11
57673,-15
61514,-11
36571,8
60280,26
65199,2
46112,11
37961,-8
47338,14
49449,20
36165,4
51559,3
58021,24
52672,31
62771,9
57637,-14
52423,-24
46317,16
55471,-14
37991,-17
64286,39
63720,-29
50902,-22
55906,-17
62216,-6
47759,10
46997,5
52637,-4
52528,-4
63301,9
47932,13
48819,-5
58494,-6
46964,-23
48203,-13
52124,-10
57650,-13
65229,-2
63218,-32
42391,19
47461,16
58237,17
50224,6
54965,-11
36888,4
38419,19
51917,-1
58269,6
44057,-5
55280,3
63706,-11
37945,5
56819,-4
60766,4
42729,12
55927,5
53330,-6
40381,-5
37224,-6
48799,17
53319,7
47511,-5
39104,13
39905,22
62937,4
54142,8
36329,24
52426,-9
45578,-10
46090,25
61068,20
36623,4
40733,-13
39314,4
63689,-10
60164,5
43085,18
65433,-23
39925,8
61579,16
38222,21
65638,9
61775,-24
55416,16
46720,-10
43786,-11
54522,-7
47006,-7
56511,6
56786,-3
56526,-10
56199,-8
54510,10
46546,19
53971,-1
57818,11
59007,-17
42249,2
37578,9
39325,6
48391,-4
43798,-7
52960,-9
55982,8
50560,-14
56100,7
57320,12
63043,-9
49016,16
36802,-10
64943,-6
58389,18
63795,-4
47250,-15
59041,2
64916,-4
37457,-11
53131,34
60803,-14
54266,-6
59033,-29
58327,17
56137,8
43777,-7
61373,12
40373,23
51767,-16
45059,-12
55165,-12
43833,12
59300,-3
53506,-8
54365,-10
42680,9
39162,12
63258,4
42855,-4
56537,-5
45398,30
49801,5
50095,-10
49140,12
57101,-4
49471,-8
59213,5
65301,8
38500,9
60065,22
57326,6
55016,8
49385,8
46916,-7
51415,3
56547,32
52190,11
63750,13
47483,4
61560,-8
55093,6
55521,-7
49844,-5
38596,3
43025,-1
59000,14
37707,11
55322,3
45201,-2
52117,-7
44126,15
49502,-5
62300,-4
54573,26
37853,-3
39571,7
46268,-4
40341,15
36643,8
48805,5
61739,2
53718,48
65679,24
58928,3
46753,13
55652,-9
61577,-10
64153,16
50913,9
64098,-19
60373,8
50101,-8
42155,12
60892,9
53322,-2
50481,-12
53716,1
59817,-4
52143,-18
65091,-1
55087,21
57845,1
63556,-18
55615,-2
46996,-11
59315,-16
59321,-30
36915,-11
42927,-11
64532,-2
37668,6
64410,2
36148,27
49865,-10
52254,-23
52852,9
54104,-9
37017,1
39865,-8
48347,3
58942,5
61557,4
52596,-1
41241,12
37059,14
58288,-2
55223,6
59404,-22
38442,12
42995,15
40692,-3
56998,-5
57838,-7
58372,5
36990,6
59934,-2
59375,-8
41722,12
46652,5
51749,-8
58994,1
47922,2
56774,10
54964,-6
48744,-14
64096,21
44380,4
54113,-6
60694,3
49447,-3
43304,38
55647,-34
55612,18
40405,1
48235,27
63230,-12
64648,-27
55469,-21
62140,-18
65191,11
51243,-17
52332,10
48388,5
56752,8
61663,14
55783,-4
42443,1
41168,12
41287,8
38548,19
46764,-18
47757,17
43441,-13
55190,-27
45239,3
53504,14
37459,4
52079,-8
47339,12
47784,8
54293,-6
40123,2
55557,-11
42610,-19
49026,6
59698,27
44600,-14
51356,-12
64569,10
54780,9
53374,-8
38655,17
40201,9
49177,13
47042,25
41751,6
59090,9
65053,7
45136,-2
56720,-7
40837,8
62604,5
36360,23
45717,-20
61374,7
46960,19
52284,10
50846,9
41961,14
59949,29
64969,8
54658,-2
43282,8
46263,8
45289,-2
46563,-14
41838,2
65408,8
41854,7
42206,-5
37902,-7
52871,1
44761,9
41478,5
46695,12
56892,4
58492,21
53837,-7
60579,8
39508,13
57229,4
60526,4
49034,10
44037,16
42173,-4
55793,2
64646,-18
58596,15
54136,-10
50489,3
51336,-2
47603,24
42105,-16
62733,11
49559,6
57196,-9
57917,21
65207,15
46577,26
36092,-12
53371,-11
59779,3
46208,20
60287,7
40375,-6
57106,9
53694,-6
64278,30
46930,7
47670,21
46903,5
43494,24
57615,-3
44717,-2
46613,7
56970,8
50079,-5
58576,-9
58768,15
41388,1
56226,15
44134,10
52342,10
39915,-8
60303,3
61863,1
54362,6
38637,20
44647,-15
49335,13
47577,-7
42098,-3
53858,7
44329,2
49961,8
45988,-6
51044,-10
45990,14
46658,6
43799,10
59444,-16
46957,-11
53742,-9
49828,-11
50035,4
41444,-10
55050,27
52490,5
53347,7
64354,10
39043,28
40792,-11
44695,18
55714,20
55715,19
52660,-22
41739,6
65172,-3
39061,5
57222,17
52180,3
40121,4
53653,22
53255,20
45949,4
58663,19
46700,-5
49586,16
48947,29
65216,22
39539,9
52207,1
57213,21
51459,3
37527,-10
62940,-15
63580,6
40313,-7
53302,-18
52775,11
36117,-14
39090,9
38078,22
39109,13
55102,-7
58610,-8
42425,5
44034,-9
63284,-3
42977,4
37082,13
62866,-17
53508,-9
43041,14
40296,-1
43713,13
44585,-8
37543,3
39899,-9
41861,-2
64001,-9
61465,-8
43807,12
53784,-11
47288,12
62686,-16
57542,-1
39642,8
58355,7
37522,-15
52395,1
54420,3
43460,26
52431,7
52973,8
42326,-7
36122,-7
60939,-23
50078,-11
58953,12
57059,-4
49705,34
60385,1
63408,4
54616,12
63403,-7
39868,-7
63405,9
64156,-21
47637,-6
57070,19
56982,9
63971,-14
46640,25
41092,4
51092,15
53964,-4
39884,-3
42401,-7
39275,3
36629,1
51086,12
63589,2
63412,35
53018,5
65477,1
61674,-1
39323,2
45351,-11
52262,-19
52506,-2
40969,17
51628,8
38389,4
65393,-1
51040,9
61852,3
58641,11
45145,14
39077,12
41337,-5
48471,-8
46180,5
63347,14
48531,33
44725,25
63333,-6
37660,-6
43095,9
62165,9
40320,-9
50013,4
46804,1
37992,-8
47321,12
58716,10
59349,21
37109,12
54157,-14
38316,-6
47552,-5
49563,4
48950,-6
37307,2
48891,-26
38889,1
58762,6
45057,5
59553,-7
62901,-8
36388,-9
55642,-10
38302,14
42325,-2
58631,6
56550,-4
46204,16
44907,10
61764,-8
45314,13
52382,13
47412,2
36296,8
65112,-6
43333,3
49595,-6
37463,24
58836,28
53386,-13
49967,13
53811,13
42566,7
36287,6
51812,35
62393,14
64288,27
51422,-2
50939,18
51610,-1
45058,8
40652,32
60853,-9
52944,5
53011,23
63700,4
36080,7
50925,9
45836,-9
59670,6
55215,-6
58581,-5
49139,1
58545,20
40616,6
55033,-1
50188,15
61659,-15
39943,30
51734,6
62279,20
38773,3
42900,19
36455,1
44050,-6
56006,29
59412,9
62922,20
52511,-8
41115,-5
59657,7
50495,10
42383,26
60499,20
41980,-9
57285,7
44228,-13
57273,22
65109,6
64493,-6
36077,-3
40233,12
48330,8
48226,-7
43302,-9
42448,15
60023,-3
52827,-12
52753,14
65270,-4
56615,16
56169,8
58146,-3
62427,37
55882,-18
48517,9
59885,2
37788,9
57960,-28
47473,16
64959,14
56977,-5
60191,-36
40001,5
64866,13
39472,1
40727,14
57284,-4
44565,-16
50984,-14
40793,-3
52824,16
42350,25
41540,-9
49432,22
53190,-9
47592,32
64321,7
46498,19
64565,7
63095,-12
41876,1
47031,6
60962,-14
43401,-4
42979,-9
61721,6
43286,-3
58368,14
57949,-13
45276,-6
65661,34
40907,8
47237,11
42958,10
53514,-2
49495,21
48941,23
50116,2
44744,-41
64685,9
63217,11
44413,28
37298,-5
42730,-10
45215,9
54949,10
53215,31
36311,11
38866,-9
38015,11
65188,6
50253,13
51379,3
53171,10
53662,21
55867,20
38814,14
57946,14
38371,11
41983,-9
45752,7
52334,-15
44154,14
37936,4
62769,15
53713,8
64949,4
50483,-4
51161,3
42092,-3
51798,-2
57280,13
55665,3
41440,-8
55826,19
54172,-11
61482,-1
54006,20
57387,2
46565,-5
58487,9
45894,13
45593,-14
53629,-5
62266,-4
59339,-6
61861,-22
47123,-32
36603,8
46601,-19
37072,16
57434,4
63371,-7
43108,-4
46992,4
40423,1
54605,-11
61664,9
60667,8
43026,-8
61677,15
59409,4
62993,5
47495,8
63719,-18
37290,6
59644,13
61978,3
47715,3
49696,4
63731,9
64305,-12
49970,-14
46342,-16
60406,12
64334,-3
47451,9
59012,19
61694,-3
50376,-2
57526,28
43094,8
56040,8
60490,5
46162,25
60169,6
61970,4
56941,10
49936,-15
58790,8
40587,8
62741,16
62148,-2
50290,4
44123,-13
51186,-11
57049,-5
51732,-6
43491,11
42303,-8
49201,-9
64057,7
44757,-8
52250,-5
63152,-15
64572,18
36106,-27
58020,-7
60206,7
62673,3
42233,-9
65389,10
59206,8
50181,-34
60351,-1
58672,18
55895,-11
41161,-17
50051,-41
60382,6
60701,-2
43562,-13
64251,-24
64007,-6
63777,-9
44163,-11
52954,4
36114,-8
37885,-7
36811,2
47621,2
51425,11
61129,-7
45721,-6
57880,4
53138,7
54513,-6
63936,-9
50031,1
65453,-40
41986,-6
45964,23
64978,9
57670,-3
40073,14
62000,-9
52951,-10
51123,27
45259,12
41945,-13
40009,-1
39983,16
40460,19
55207,9
39190,9
57587,2
61626,-38
43557,12
53538,-1
47160,17
42240,2
46275,-12
39558,-5
43322,8
57826,-13
37244,-20
57331,8
45976,11
56036,10
45696,7
41303,-10
42005,19
63898,17
48613,-2
52573,10
56189,7
58781,-8
37096,3
50505,9
53989,3
61082,14
37567,6
62351,-11
61212,30
41202,2
49519,22
50872,25
41712,3
59876,-2
53304,6
57182,18
52446,-8
63099,3
39014,12
63653,-3
43049,16
53360,3
36534,-7
44827,4
52475,5
53015,11
50426,-6
46875,6
42074,-2
43288,5
60656,-20
59332,-12
65689,-1
47534,9
38594,20
49926,25
61316,31
56221,-1
47372,4
51671,5
49554,-14
57235,16
54958,-4
49917,7
49068,-8
36856,12
54710,14
43770,5
40133,-14
57994,-19
57096,16
59187,-20
62051,-3
57302,-9
60090,2
56586,-6
42972,-2
45192,-7
36701,6
59674,21
43408,22
62177,-4
55871,9
56061,4
37503,32
38451,-21
36337,2
53955,7
43711,8
44105,16
60470,-3
41837,18
64004,3
59178,6
61063,23
59360,3
59772,29
56203,-7
48925,1
57506,2
46140,21
65363,-39
63466,15
54150,12
50420,15
44544,-8
54414,17
53872,30
62270,15
54383,8
40236,-6
62916,22
40396,19
44904,2
53270,-30
43793,-22
61574,9
60439,9
38767,21
63063,3
53888,-2
48964,-34
37505,19
36537,-9
59909,38
48201,3
40054,14
57789,31
38329,-2
44818,-11
48487,-4
45442,14
36485,-10
46661,-13
44793,6
36713,-7
37536,12
60313,6
55850,-8
41309,-6
48249,7
39797,11
38714,5
54151,19
52110,4
50003,3
38125,8
36121,-2
63944,-3
56049,-5
50896,7
45981,8
50811,9
61283,6
42622,14
63933,-12
36578,9
49205,-14
65080,5
36687,13
56642,-2
48987,7
39153,17
64318,-7
63745,17
45909,-2
51681,-14
59182,-9
58280,9
44687,22
39074,8
38144,8
45839,-32
61608,6
43195,24
63515,15
39937,39
54808,2
38037,21
64045,-9
47179,19
40971,13
41021,-6
60394,-5
45707,24
47032,28
39022,8
39617,5
43422,13
64479,16
62062,-15
37156,28
49640,11
39132,3
50410,2
39510,17
54698,-2
50372,7
59235,25
49887,12
64689,-11
44395,33
51707,-14
43787,1
51227,-10
43075,13
36840,-7
58566,-7
36468,-5
64616,-5
54140,16
55631,-2
54353,12
55597,-10
51584,7
56371,9
50930,17
60430,-2
59982,2
63985,8
55984,18
64719,-12
48003,-3
43797,16
36273,-34
58991,-8
64067,-4
55420,-3
62081,-7
43473,-17
62476,10
58703,16
52877,-9
40069,20
65015,4
41417,-3
64880,-3
65327,-2
60009,-5
42934,-16
64433,-14
48793,-10
49812,6
44065,17
58469,-19
44379,10
46336,21
56198,11
39929,-6
40458,-21
38356,-7
49459,-23
46708,13
62358,-9
43462,8
54942,12
56157,3
52837,-10
56117,12
40879,17
55203,14
50043,15
45735,7
39468,16
60374,15
45902,-19
41995,8
65247,22
52150,19
65176,-6
60366,-11
44372,20
36838,3
37925,12
37239,17
57073,-1
38837,3
63838,-16
55892,-8
53875,-12
43176,2
60339,-5
50390,21
44424,-8
40401,9
62978,13
54163,-3
37462,5
41253,-5
37275,-6
56810,1
45540,7
53825,25
56761,-8
38370,13
53622,-2
54639,-2
59263,3
53972,5
40279,-10
36725,12
59707,-1
54700,5
41842,9
45238,-7
45273,-19
55690,7
47173,5
36478,9
61184,-23
52821,-9
42481,9
44788,9
53581,12
37334,23
61071,-18
44018,3
63484,-8
36632,22
41185,1
51526,7
46977,-13
51551,9
37382,8
61533,7
47108,7
60644,-17
63529,10
52503,-22
62712,2
49873,-15
45286,-20
58083,3
41025,21
40934,-4
37515,-12
55114,-8
58805,3
50869,22
62267,-22
44378,12
54776,37
37136,-8
51484,10
50507,-3
62367,-3
41924,-11
61752,-1
64425,1
37201,2
52710,44
52340,30
58726,8
55252,-10
41350,21
38812,13
49984,-6
37615,8
51633,17
39997,6
55838,32
59636,8
39411,-15
64575,-14
63140,7
50060,11
63497,30
48047,-4
54018,5
44172,7
45816,9
65467,-14
55493,12
49015,-9
48491,5
41041,8
46066,27
48255,18
64377,-4
54176,11
44871,5
56715,17
37141,-10
58648,-3
39279,3
58179,1
40768,4
55110,8
58168,21
41314,-6
52221,-15
43082,32
57430,-2
36370,-18
60346,-35
60052,-2
40568,9
61700,3
36890,15
61620,-14
56751,-9
41655,-15
64108,13
39192,24
37326,6
48121,6
44769,14
53547,14
65282,4
36250,6
49337,9
39315,7
40763,-9
46679,2
37045,2
60412,9
63349,21
46925,7
52140,1
54765,-11
47974,2
48030,8
60432,-18
42260,5
39586,-6
61287,-4
36294,24
65491,-18
45625,22
63639,-5
42453,11
64952,-16
43795,-12
37770,8
63743,-35
51423,5
47944,14
58118,-1
51339,-5
38013,17
61934,-18
58080,-9
52975,7
49680,-29
55285,-12
36735,6
48552,18
65011,-14
38326,-20
39138,-23
37719,26
38156,21
63960,20
63585,-2
57010,16
61717,-20
47685,12
41089,11
39607,3
57939,-2
46239,6
57081,-6
42362,26
48608,11
48509,-2
54051,-10
46776,10
42734,5
62454,8
44349,-15
60605,1
55157,9
48136,-8
62218,5
38528,7
49659,-9
62009,-9
56038,16
43255,6
42015,-6
61550,15
54347,6
57400,-7
62291,1
39453,21
46195,22
63725,9
43242,13
61771,-14
37200,-9
59669,7
51420,32
45309,6
52078,23
55341,-8
44116,8
62945,-5
44281,19
50866,9
59567,-10
55633,-17
54541,-33
50573,13
48581,-7
47572,-2
58096,32
41962,-3
53851,-5
64347,3
41445,18
60822,28
58852,10
53375,5
39174,-19
44178,-4
42830,4
48628,31
42668,-17
38671,-4
46952,10
38281,12
36585,22
45684,7
47612,13
50564,-6
38431,-6
40307,9
61166,-27
52798,9
57991,-15
46976,8
50204,7
60737,-21
37095,11
59056,-19
41639,-30
61464,-20
62502,6
40314,7
55290,-3
56571,10
62912,34
58575,12
60920,7
65122,27
40581,3
46939,11
63381,15
49179,-19
38439,-19
40230,-10
38620,21
38415,-2
59904,18
60443,6
60645,11
60845,-3
65315,-14
50850,2
47629,-15
38559,6
40308,8
62169,27
57139,8
53810,-15
51926,-10
41826,9
55985,8
39739,15
54105,9
60390,9
64883,-3
48225,-12
40549,-1
41921,9
62390,24
55463,6
64033,25
37537,26
60631,6
50585,-5
40137,2
60153,4
38932,6
55142,-8
40974,-4
54193,-9
41254,-1
62966,-10
39363,6
39618,6
36957,18
53922,5
58909,-9
47529,-5
45982,22
64229,7
42312,-2
61690,-6
48924,4
40065,8
52351,2
54169,15
56435,6
56710,-12
42479,11
54770,13
58434,-14
38794,7
59931,16
61500,-23
60253,-21
53345,12
58334,35
56687,-13
36639,2
40047,11
46488,-2
55200,7
58000,4
57426,7
41720,-4
42265,11
62221,-14
54259,3
55414,-8
52366,19
41128,31
52285,-16
59040,-8
60142,8
57564,-7
47429,-8
48441,-11
37488,7
55831,-6
57563,3
45896,-14
52751,-6
48633,1
58551,23
51125,7
43359,16
43084,36
65429,6
38881,7
60344,5
39262,-8
47717,-3
61384,-18
59026,3
63113,-6
40741,-1
41289,9
48050,11
62518,-30
46235,-17
43388,11
56987,1
61748,-1
42856,3
64970,8
62928,23
40528,20
46808,10
59928,-3
62781,14
40529,-9
58935,4
52118,-7
45465,9
61309,-12
56807,3
46917,9
65092,2
43284,7
55064,-10
40654,-15
53895,9
62482,9
64348,-10
54441,-3
45478,11
60745,49
57194,8
51896,22
49503,-6
56491,-7
62569,-14
37115,-30
58273,7
50442,11
56847,7
36818,29
55067,-8
57796,4
45671,4
45838,-6
61304,27
58696,8
55729,-1
49103,-5
42131,-10
59680,7
47949,18
55849,-20
49738,-5
41938,-6
45664,-9
63372,-29
45472,8
46867,-3
45441,-9
42053,-5
36606,-7
41947,-5
58924,-4
50498,-17
36881,-18
39934,7
46119,-11
43804,-7
63830,27
38710,13
65324,9
63618,-22
48839,11
45626,-6
63149,11
40138,6
53053,-7
49176,-15
36806,11
63118,27
47736,-10
56487,-6
58294,9
58947,-13
63219,-9
40911,8
58934,61
38664,7
58451,1
42759,-2
39070,-1
54299,-5
40148,15
54693,-12
58589,-25
52726,7
38064,4
61423,-20
45670,-6
38729,10
62181,16
36112,9
37066,9
51460,-3
49374,-9
50533,11
37230,5
60029,7
48195,35
39543,-15
54062,8
49414,22
38753,8
53359,9
40288,21
37401,-9
49556,-6
46125,9
50852,-1
54274,5
37620,6
56839,8
37551,12
61919,12
60858,20
49403,-4
40158,7
58471,-3
50567,17
37887,-6
48748,33
48904,-10
44001,-30
43013,25
50394,-8
52595,-22
48507,2
40378,12
60924,-6
48183,24
59330,9
39658,3
38150,-6
51155,-23
56638,15
47171,-3
43936,2
58864,16
62110,17
49513,4
41371,8
54107,-4
47744,-2
40229,18
55788,7
63554,12
63872,15
58420,-10
36677,-29
45268,9
57616,-7
40558,4
37234,13
36086,2
62261,-1
54371,14
57892,-10
50491,12
42836,-3
39007,-15
46061,-30
60676,-20
40561,-1
45866,-4
51013,16
63290,15
38017,16
62683,-4
60788,4
49108,11
48411,11
42939,-18
64903,8
62675,-7
60866,9
58944,-4
51658,-3
65353,-16
36473,-3
41215,25
64012,16
37874,-2
52825,26
63997,14
59926,6
46657,3
36078,3
51320,11
61271,20
62319,8
55743,-5
40639,-3
36754,-10
36600,-8
49879,2
58191,5
38377,8
49716,-25
40583,-8
49117,-5
60593,1
42179,7
43052,10
49717,5
59660,1
46830,6
55335,-4
43482,-10
49642,14
50504,7
39793,-2
48105,-23
37639,-39
59490,-13
64342,20
51387,-21
55240,14
50824,-8
45657,26
65665,30
54483,1
40348,-3
39050,7
62737,12
49910,15
64386,-10
54020,20
43573,3
41878,2
64276,20
57145,3
37601,-14
49938,2
50153,11
53205,-7
55173,12
65691,11
38149,18
62729,-27
62711,8
48383,6
65273,-6
46840,19
49066,8
52758,28
58086,5
50561,9
44102,39
53000,-20
55413,9
50157,13
44190,-5
55238,4
59076,-26
54301,-20
45513,1
48390,9
36801,1
37027,-3
49119,28
55412,8
36365,-9
55552,-17
62018,3
46638,11
53690,-4
48240,28
49655,-1
37827,26
40428,-10
59912,9
45761,11
63147,10
49151,2
52216,-9
52593,2
50050,24
55658,12
51758,-8
52127,11
54265,-7
43457,6
49049,14
43363,10
38692,-6
38630,-4
51074,12
47402,18
39226,-1
48177,1
40849,18
40264,19
41740,16
64523,-12
49402,9
45656,22
50216,-24
43428,2
37796,22
62894,-14
46931,14
41420,5
52440,17
58072,-9
37655,12
41877,4
59940,-2
63500,10
56046,-14
38057,6
57001,5
64355,14
65065,23
41804,24
36644,-1
41377,3
60592,-7
36906,3
58801,-4
53638,-11
56973,-7
55532,-22
63281,-15
53876,17
64466,19
47613,-18
40876,18
60145,10
41392,-1
63348,15
52211,-5
60251,17
49422,4
54168,-5
52350,-7
59789,-10
39919,-3
36220,5
56760,-2
43486,2
56508,7
42006,8
50856,9
37842,29
57569,-8
51394,6
51828,-29
42086,-7
44384,10
64597,5
50520,12
38845,16
56439,-26
38966,-8
62336,-40
49481,26
61227,7
37286,-7
59310,15
40099,-8
41979,-3
39283,14
36149,10
58459,10
53045,17
61253,7
51474,17
56678,-6
47712,-10
56490,15
39578,-5
40440,-5
47723,-8
51712,9
63361,4
54576,-2
39611,26
55357,-10
43483,2
55728,12
57543,14
47710,-9
41542,-1
62624,14
54368,6
40345,-17
62702,21
41920,15
40884,-5
43761,2
37831,6
59917,-20
50364,-14
50287,-14
43245,-25
60123,2
51492,-6
43514,19
45515,-5
61424,-18
42380,-3
36051,-29
47232,22
41916,-11
45140,9
54821,13
62716,22
47960,4
62580,-23
54175,-14
58431,-3
64876,2
52357,39
46978,18
57009,-6
44678,-14
37386,-15
36413,-5
52701,16
36950,15
51661,7
56822,19
53891,-4
59628,13
58187,-1
54701,-14
53105,23
48167,2
60064,19
47918,2
37285,1
37236,-3
39034,8
54818,16
52599,-22
56201,3
36297,6
53260,5
44368,10
64028,21
51515,16
56186,-22
59925,16
63776,-13
63170,43
54627,-12
62520,-11
40830,8
50288,-7
43572,13
45589,9
52765,-3
64629,13
58405,3
41960,-1
62844,11
50511,18
56860,-9
57075,-10
53225,-1
56588,21
61662,34
37421,26
43852,9
39732,5
55954,-6
64254,-24
52554,-17
39836,6
45095,26
53077,8
36693,22
64607,-23
48170,6
55529,-6
41376,5
43269,-17
62347,-4
47555,2
36053,-8
42200,6
48168,7
38854,18
38733,19
47554,-11
50103,32
59289,1
49121,9
46143,16
59655,25
48868,4
63024,13
37548,4
40412,-2
46981,-1
51138,2
38172,3
37690,15
52823,2
54125,10
42816,15
58905,-5
40190,-7
44364,21
64069,-11
51576,-17
46222,13
50228,-14
63851,3
49102,3
59047,7
51709,-6
63673,-36
63787,-4
37585,16
48625,-4
54551,5
60182,-7
60116,9
51154,14
51639,-14
36073,-7
43237,32
63836,-32
60404,-28
62041,16
48718,10
63505,-13
55125,-18
54334,-23
54336,11
44912,15
36786,7
40129,5
38921,25
58693,-7
46218,-6
60297,15
38695,4
61953,15
61831,-4
55336,8
63652,18
65480,21
43196,8
36998,-4
38152,12
41156,7
61378,10
43794,-7
65008,12
63014,-6
64555,31
61503,-14
55592,-16
50160,-13
47353,9
58099,18
45130,11
49536,6
62917,-27
60888,-7
57973,27
55971,9
54982,-6
46784,15
40686,-6
38441,39
43360,11
54287,-21
61877,-6
48505,8
50768,5
60759,24
45882,8
60729,16
38669,17
59974,4
47733,14
39390,-9
52730,-7
57353,-12
44460,14
45244,8
53355,-12
59185,-7
42701,-2
40993,19
57874,-5
46845,-11
53113,-17
46252,16
55604,2
58710,-5
36134,13
54264,25
43221,1
42841,1
45424,7
65519,-5
56559,21
60603,-23
44007,13
53226,22
57580,17
37927,1
62013,18
49409,13
41821,18
59719,11
44353,-3
56247,14
36043,-19
52986,1
38803,3
57570,15
55830,18
48727,-7
45710,20
63321,14
44012,13
39219,-11
58958,-19
52564,1
53199,-6
38509,11
60855,25
51020,13
63151,25
52507,9
57079,23
38555,-22
52141,-4
60664,5
56088,-8
39665,9
38359,8
43136,-4
40523,-20
46473,7
37196,7
38530,-8
63886,-23
56758,-6
39271,7
51761,-22
50166,2
40438,10
60024,14
45157,-21
61370,21
38233,19
46206,16
44164,12
58107,-16
42718,14
49983,-5
44326,2
54075,-3
49443,-1
41957,1
62545,-11
65328,-6
59291,3
57057,-4
57561,-4
43370,12
50888,21
58246,-3
41346,-6
62173,-7
40286,6
57433,-1
50559,11
53100,13
43775,-7
46054,13
55959,17
46532,5
61629,8
38933,-11
58698,-22
36829,-1
64464,-7
61126,-9
56014,-2
50261,23
39445,1
55611,-4
39421,29
59635,-23
36624,-4
46257,-3
53744,-27
59347,5
56840,-4
52090,-31
50522,14
63091,13
36842,6
58167,-18
45458,12
48155,15
55979,21
41221,-3
42549,3
61491,-6
53151,38
58569,-5
54363,-1
49472,17
55451,-2
43872,5
42903,11
38800,11
42508,3
63122,-24
51601,-15
49434,29
51538,-19
50431,21
55131,4
42992,-18
64397,-6
38212,-8
63008,9
41135,9
48564,15
59558,7
44240,-2
55957,5
57276,-5
41663,10
50471,19
47367,-4
64781,-5
53007,-9
56594,-2
50069,10
50449,21
50001,-13
46352,9
45766,-13
38443,-1
44274,18
48902,-28
57391,12
52597,9
47532,-4
56418,12
37744,18
56919,7
41689,-6
61180,11
37165,5
40567,21
51823,-5
51185,17
56685,27
49628,10
43927,4
58010,-3
46048,37
58820,13
46020,-26
50904,3
58171,-4
48117,16
39177,-2
40310,-13
52224,17
44135,10
40723,-9
58664,-14
55622,7
49945,-25
59978,-6
53141,-8
48385,-18
65489,21
43112,10
40709,14
58012,-1
60996,4
38409,9
64396,1
46006,-30
50553,7
59461,7
53835,-22
51052,-4
53037,-5
63299,-3
62670,-10
49509,-9
52296,37
64080,-9
51056,3
54619,16
37532,-9
39291,13
42899,9
57429,15
37467,-5
63229,-15
59323,9
38735,-5
57040,20
56520,9
46834,-2
63956,7
61035,1
42893,-2
53633,-5
49710,1
51754,2
44735,-8
45433,19
47206,-3
61891,6
45837,14
39240,-7
51246,-31
36527,-13
52803,-2
36411,11
36824,-4
42432,-3
63724,-11
60527,-22
53693,11
54268,-8
53539,6
38089,10
36145,7
65449,9
55430,-3
49891,11
41732,3
39676,11
53503,-7
49714,-17
52788,5
48161,2
55653,-13
59954,28
56042,-3
49168,-7
36710,-3
62924,-4
56525,-14
58150,-10
64568,-2
48139,6
37481,7
47432,2
63797,5
57110,49
40857,10
39302,-3
57176,4
57005,15
59082,24
65377,7
52952,-12
64134,-6
43382,12
37606,-11
55349,21
59002,-1
51668,6
48265,6
46250,17
53816,-1
61923,-15
56836,11
60365,9
56098,6
64910,-14
50920,11
39047,-4
48483,7
48221,16
41437,18
48560,2
59241,9
37351,20
47738,4
54184,-10
62534,8
64027,-8
59436,2
38558,6
49082,6
60720,-8
52649,-16
50991,-11
59045,-37
45543,-18
64035,40
45074,-8
62105,11
49506,5
47642,6
46062,3
57507,-3
63900,-16
41305,17
50557,17
57209,-25
59014,-24
57498,-16
59790,6
39345,12
63470,-14
48546,-5
41454,-11
36753,1
41831,-2
40455,12
48193,3
41968,2
63262,-4
59703,-18
41459,-2
61313,-5
53945,9
57578,7
39285,11
60422,-32
61871,-9
44656,-4
62860,6
45606,-24
59746,16
56817,17
44607,10
47502,3
51257,9
55613,4
48736,-17
60715,9
43342,-11
39715,-30
56378,12
47022,9
62849,19
54199,-9
45225,-21
54604,17
57154,-11
62500,7
38978,15
47187,20
52202,7
40357,11
51437,-9
42647,11
64795,13
48994,5
63015,3
61930,-1
59736,25
61808,-12
53335,8
39456,-20
46809,-11
36441,-2
39030,-9
49387,-14
52938,27
46644,11
42655,-3
64894,-14
58518,-7
58309,1
49169,-10
42604,5
45063,8
62202,-15
59946,-19
47190,-1
41829,4
48746,-4
61983,-2
55907,7
61204,2
43283,18
63645,-6
57486,25
48241,-4
36560,-4
37797,-6
40554,-8
60882,11
49544,-3
58931,21
53004,-5
41311,-6
37110,-5
52077,12
44582,-3
54474,-15
58542,9
36706,-7
61837,42
50421,14
64323,3
64708,5
37741,-21
48669,4
55392,10
62556,2
65279,-3
40962,24
43115,14
39023,-15
64238,-4
50375,20
45275,2
42911,29
44331,-2
58676,-6
44291,-6
62250,-1
50269,23
53370,10
61417,27
44547,-5
41294,4
50089,-7
64663,-7
39942,7
54744,-3
37763,-6
61707,11
39823,6
53753,7
52103,11
52617,-4
59226,-3
40096,15
63831,6
48785,32
50519,3
43868,3
57651,13
48734,12
43155,6
42422,15
43294,5
48382,18
41110,-9
39646,5
52659,-28
48361,-8
43919,11
45923,29
64100,21
53307,-2
46828,-4
46477,23
47159,21
39000,8
44032,5
48439,-12
48611,3
45955,-18
41457,-6
43570,-25
54498,6
40485,12
48703,2
61648,-14
60558,18
40736,17
37600,21
47285,29
38532,5
63158,-3
55278,-3
39567,9
40588,13
52266,23
39444,-8
54284,21
64135,50
38314,-19
55889,15
51175,-19
36274,7
56732,-18
49448,13
46128,-9
53687,16
60084,20
61757,10
47785,-1
54272,20
46249,15
59262,-19
46012,4
64374,11
49856,-1
56700,21
49826,26
60834,-4
60883,7
46935,-8
61559,-4
46813,39
58203,-20
46287,-3
40693,-30
52467,-27
51285,-2
56609,7
60126,4
53751,-11
64977,8
52633,-2
54232,-2
44621,-13
63447,-16
37768,10
64320,-27
55739,5
55877,5
64241,-9
51300,1
46677,11
57657,3
40653,14
58559,11
64573,-5
52648,16
63635,-30
47508,-8
37108,-27
43330,2
47651,19
47333,17
58391,-10
61779,-21
52901,-14
42214,7
42511,8
36930,15
37007,13
46874,16
61609,-15
38005,9
46135,17
48567,1
51242,-14
37951,-1
52585,5
44516,-12
65016,2
60078,-19
58066,-3
65644,3
38879,-7
47958,-10
43263,-7
43768,26
37016,5
38310,-9
39816,8
63507,-15
51730,-28
36173,-5
46522,10
65256,-8
36622,3
64270,7
46001,21
45320,7
52887,-14
36434,-6
46611,18
61990,12
57162,3
44564,5
54736,-13
44346,5
65234,-8
47929,-58
40659,-3
53618,9
62752,2
44756,-2
50914,5
63796,-5
56482,17
64837,7
48695,12
58603,-1
38952,-5
58999,9
44234,3
60271,-2
55938,-18
52785,24
58828,9
41312,-7
42211,16
63892,-13
41529,3
64549,-5
61866,-30
42945,-3
63250,8
54204,15
55899,12
51063,-3
50225,3
38694,6
56954,26
65497,-13
45072,6
52240,7
39234,18
46179,-4
48854,-8
39694,28
60734,5
57676,4
63322,-25
42024,8
39414,23
64789,8
57534,13
45889,-5
59570,3
37806,-8
62260,34
58227,-11
60635,-9
57036,28
52524,8
44066,5
49959,-23
55251,33
51438,-6
50076,-4
50618,25
48044,11
55083,4
53857,16
54138,-3
44577,25
60172,-5
45100,20
42332,10
58034,-7
49569,-1
44699,-15
52546,19
49349,-14
58255,-13
61391,8
46864,5
57944,-8
40372,6
64246,-30
44750,18
60466,11
49931,2
59855,-8
39685,13
52694,20
45319,-9
63841,-1
36062,12
39762,-12
50016,3
38946,-3
60391,24
41582,8
47435,-7
52246,24
36820,7
61100,-19
59813,-5
61926,12
58180,6
39475,28
54218,2
63566,2
39666,-16
40305,17
40771,6
37511,-7
49947,20
56481,-6
60493,-4
44587,-23
36409,2
63236,2
48290,2
49737,3
45776,-2
65509,-24
47777,7
56372,-1
57984,12
55236,34
64731,-7
40106,29
47076,11
37866,-9
64892,16
47365,-23
62666,-57
62406,-10
39804,19
39276,4
55433,-3
43296,8
55084,4
37873,4
44702,18
37283,-14
56697,-8
56224,22
40702,9
56932,2
45283,21
48419,11
63756,1
44506,20
63108,-24
45178,5
43540,12
64591,15
55292,5
48364,6
63444,17
51518,5
54617,17
37819,9
63474,14
51887,-17
47526,-8
49697,-13
58386,-24
61737,-9
50488,-2
51236,-7
63121,8
54143,13
43321,4
54654,-14
55403,15
51525,3
57628,-3
54106,3
48975,14
53630,11
57893,34
59536,-7
50285,-16
57612,20
39337,2
36419,-2
47989,-11
50993,6
48387,-3
39891,-8
51797,3
59507,-1
50402,31
64967,-1
55309,3
62890,25
49664,2
41072,13
50773,2
48775,-28
37700,-7
36253,21
60550,-4
64831,25
52793,1
44689,24
55681,13
52657,-12
50526,-16
50941,9
36833,-12
53628,-18
58530,18
57402,-13
53604,-24
45615,31
65506,-15
64823,24
40544,15
45790,4
38455,-3
62506,11
36875,7
45348,-6
45740,-16
46095,-3
49042,-26
49914,6
49788,-2
37261,-4
49580,-7
46242,1
54425,9
47768,-8
64014,12
55516,9
41657,14
48412,-6
40627,14
60999,-7
46685,-11
45962,13
38567,1
50928,2
63821,8
43510,8
40828,7
40427,-5
62586,-3
58163,29
51181,8
43805,-8
42502,11
55680,-13
45092,25
65355,-19
56618,-6
62789,6
58535,3
47011,-2
51686,23
49587,10
43800,-6
52928,15
46589,13
42904,-15
47012,10
47632,-18
37428,12
62274,12
36596,19
55836,-3
53715,-1
39139,21
39329,10
46215,-3
45451,3
54465,-27
44010,15
37355,6
47488,16
43500,9
61853,-10
51452,-6
47638,-8
45916,20
41120,9
57567,-17
41323,9
55784,15
58101,-7
57324,-10
60359,12
61000,-12
62975,-11
37899,5
59078,-8
64917,8
46699,-2
38809,-16
37583,10
43312,-2
56424,4
44597,18
61806,-2
62419,22
45760,19
57329,-7
58580,2
44726,8
39817,-11
50085,-7
54504,-8
40701,1
62603,13
47937,21
63615,10
44429,9
50014,7
45411,-10
48603,-7
48228,-19
60330,-5
45381,-6
37779,-12
60795,6
36602,-6
52252,-31
57313,-8
39389,5
47997,2
45639,22
45913,7
44477,-7
61327,6
46004,-2
59522,5
63846,-21
36099,9
51929,-3
39245,-3
59892,-19
55164,24
38554,-2
46113,2
54333,7
64931,6
65462,6
58774,5
48264,-2
53033,14
46567,2
50171,-19
56533,20
60138,-3
42041,-11
59799,-23
64273,16
60723,-2
65521,-7
38114,19
48627,33
64776,-15
41870,6
63990,-24
49960,22
53890,23
39557,-5
60697,-20
62224,-14
53164,5
64788,9
57783,29
53238,-32
58404,4
54161,-4
39828,27
64744,-23
45621,-7
57167,-4
63999,-4
47095,21
38904,-13
37262,16
58926,14
40910,10
49905,-11
57435,8
42133,20
49051,-13
52164,11
40970,14
40578,-28
37714,10
58785,-18
62380,-22
40101,5
61237,-4
62565,2
46285,12
59794,-9
48458,16
60237,-8
46630,3
60750,8
46648,17
49930,10
45772,5
58528,18
49504,13
63172,7
40363,-5
46265,19
41567,12
36899,-24
60379,13
42020,11
44038,11
36636,11
45087,2
45471,-11
47363,4
46031,12
51098,6
59938,12
37993,6
45405,2
59801,12
58813,14
56875,-3
44073,3
51527,4
43993,-2
38557,7
42782,8
41607,1
65407,5
44023,-19
47420,26
40746,24
38275,-3
64843,6
54571,31
53055,33
51838,22
48431,5
57607,6
45500,-13
58192,5
58087,11
41472,23
49890,9
52462,4
49006,1
43542,8
60769,-19
45280,9
37592,-10
54404,9
51588,7
47322,-8
56658,4
41143,11
54043,-8
39287,9
47447,6
36768,13
53020,-5
51337,8
45418,6
44332,3
36372,22
43077,-6
50434,7
36252,3
64407,30
38305,6
42393,8
63809,31
55296,12
47760,18
39587,-2
37480,7
47100,17
56494,11
53146,9
55949,-12
60738,3
40838,-6
45705,11
62369,-7
64581,8
59521,-7
42525,13
45791,11
55933,-8
36961,9
48676,-7
53291,-16
40914,3
36859,9
52767,8
47369,10
46181,5
36494,-9
45526,4
56601,1
46133,-6
39501,23
62115,11
63193,19
62375,-8
63677,5
61625,17
36981,5
38783,8
48301,12
40242,-8
59907,34
59881,-15
64983,-5
40117,22
54795,4
61815,-3
44385,-11
44286,11
42413,-2
51196,6
41844,17
39721,-2
45149,7
63620,6
56726,-5
58462,-1
41236,13
54503,9
53787,-7
46701,6
38304,14
60540,-12
63287,12
60438,-5
59482,3
49811,-1
37821,-7
38597,-21
65495,21
38730,-3
37081,7
63772,-1
55078,25
53950,19
39115,-6
43579,-16
57478,5
54941,10
43929,12
47438,13
54811,-4
59612,23
52577,-17
61975,-4
52558,-8
51904,1
60261,-21
44124,-13
43449,10
64543,7
61441,-30
56990,-5
46696,-5
64541,1
41887,6
38066,-11
62162,-3
60249,7
45304,13
47287,-5
54408,-7
51577,9
36069,-4
46003,6
36396,10
39214,-6
52278,21
54591,4
54711,-14
56989,-7
41691,-17
55591,-27
39719,20
52345,-24
54359,23
50388,3
42799,10
36161,-2
42844,-1
59560,16
41627,-1
50308,-5
36369,-31
40756,16
38412,-12
41570,-10
38588,-7
52686,13
47470,5
60643,2
47264,-8
55693,30
40944,7
41201,2
37250,5
49987,6
57644,-8
49693,12
61754,-8
39167,13
36119,-7
57632,4
63916,-6
49637,18
64380,8
45422,4
64049,3
62879,-14
57918,5
61642,-9
59293,-11
60258,25
55076,-9
40915,-3
52500,13
51231,13
42261,24
37824,9
43035,28
49900,6
54490,9
41592,-2
37988,10
64563,-10
63419,24
54072,3
61128,15
42839,-4
37434,8
47054,14
54147,1
65325,17
42744,-1
48485,-22
39259,-6
45274,-10
48909,-14
46254,-4
48810,-2
37812,-2
58038,-18
60610,-1
47305,17
48180,16
39066,4
41449,28
44019,9
46491,20
42925,-26
65439,5
50581,32
40665,-4
60322,3
44882,-13
44721,18
58219,9
51036,10
49021,-13
44131,9
48959,-16
47045,10
42875,-9
46502,10
54096,-19
60819,-15
44322,-3
59088,9
40469,-16
48664,7
42912,-10
43036,-3
45775,-7
52742,-9
63265,5
43332,14
38970,15
46110,28
45764,15
44896,-28
61864,21
55943,2
53885,-7
38055,-12
61119,-11
41725,18
36988,3
58485,11
38189,3
45071,-16
56220,-16
43179,-5
59027,6
61448,10
45984,5
59996,-14
47348,-6
42891,1
54205,7
64633,8
53707,3
38115,-17
46015,14
61842,10
61520,12
43897,13
36926,12
55305,-20
47727,29
51367,11
52227,5
43379,5
46593,7
39941,7
62703,4
58869,-13
64529,14
62898,14
44412,12
56949,7
55160,19
44175,-2
64958,-1
46984,9
61425,-11
58998,-1
59552,-17
37510,-14
53865,6
46943,2
38766,6
41467,5
62338,-3
54559,10
64372,11
63379,-24
49178,-19
42089,-14
48566,-8
51334,40
65056,7
55766,-5
38203,11
53936,-7
45532,-18
62466,9
61675,23
50517,7
52628,27
46507,5
43315,31
61818,4
54470,-11
45592,-1
39982,-9
48230,6
65424,-4
51789,5
40253,-12
50777,3
38191,2
65069,-7
36115,5
59970,6
40062,-2
58808,-17
49666,6
51341,-17
39978,31
51416,10
58706,-15
63035,2
52397,16
38553,2
43331,7
45529,8
60725,9
40113,-18
49725,2
39189,40
62215,-11
54524,8
44860,10
41179,-3
53935,5
43446,19
58477,-11
48065,7
54149,-15
58052,1
61038,-26
61994,-6
38586,8
42121,-9
58567,14
36278,5
53379,-6
61317,3
59891,4
41240,12
40812,-15
37662,11
45076,13
37350,4
51120,7
37624,11
60957,-21
38473,-7
64932,-9
37085,3
62196,9
41057,-23
55000,1
43796,15
47324,5
60419,-10
41843,10
41539,1
61012,9
54013,-4
48302,2
50576,-7
37642,4
60719,1
37891,4
37794,-12
38082,4
55598,-3
44128,2
41279,21
36587,15
42247,14
61256,-15
59883,37
61836,-13
41195,16
63541,-11
47130,-4
55182,29
48696,7
47087,12
60178,3
43219,2
53569,1
55723,18
63557,12
62344,-9
63904,-27
51396,10
52197,15
52469,-6
46810,-1
59802,20
58681,-6
45603,8
63543,-24
55956,2
54717,-7
55118,20
50834,-10
40111,17
62874,7
37336,-2
52461,9
38042,-13
38105,8
63527,15
37549,28
42733,5
55074,-7
41625,3
57821,-3
44252,8
41659,-15
57601,-7
58307,2
41383,-16
45831,23
40187,30
44101,13
59788,3
49661,-14
42064,8
48729,4
54630,23
60995,15
64022,17
49574,17
38293,16
39714,12
58126,20
57232,31
58602,5
50061,24
63100,-6
54342,4
48194,13
57490,-5
58081,23
56596,32
50942,-4
64390,-22
56507,16
65083,-10
53677,4
49588,3
59545,-21
48415,-9
42747,15
61811,28
42106,-4
55355,13
55079,-12
40744,13
47143,-6
39364,11
52759,-6
46857,13
48951,2
40819,2
42625,-13
65322,-8
40755,-18
54242,-4
57617,6
54233,2
50278,16
44903,13
60903,5
41833,-18
52860,1
53999,7
50185,-4
46663,-5
63036,9
43275,-2
38353,4
59064,-6
55497,33
49163,-11
44554,-26
61914,19
44840,27
51943,2
49541,-4
38867,19
40597,6
41384,-19
47940,1
50634,32
47746,8
39795,6
46787,5
63350,-10
53542,-7
64587,2
45364,3
36565,20
60967,3
50357,-5
62490,-25
63267,2
36163,-6
52515,-1
46084,7
64456,-6
38325,-8
38344,10
48114,-8
61813,34
51038,13
41868,-8
51299,-7
57189,16
53781,12
56681,-3
51949,11
36089,5
53896,-16
51757,23
39229,1
51091,-2
52669,11
36270,-2
58983,5
38868,-2
45055,9
37010,16
39051,9
64996,1
54469,-7
47335,-9
59203,8
64469,2
43260,3
38988,10
57408,17
47303,8
61744,2
50641,5
40479,20
59209,10
59015,-1
40207,9
39161,9
54520,8
47625,-5
41370,12
50378,-5
65115,30
59699,-3
38461,-6
63791,9
61592,-5
49928,-7
43220,-7
63805,3
58806,8
37058,7
57957,-14
55443,-1
36391,-8
51641,4
58621,16
36264,9
64720,-4
64995,5
38544,-7
64297,-6
59980,10
36605,22
63807,-4
46760,-12
60304,-9
39429,20
39979,11
44122,-25
56222,7
65452,-11
51262,-21
65142,11
65245,4
39579,2
55447,13
61959,14
65352,-9
62312,9
54216,-8
63436,-15
50236,12
60259,25
52889,9
64601,-30
47282,-8
48523,-7
43808,-2
50862,-8
51454,13
45874,21
60691,6
38877,4
62151,4
64343,-6
46264,-5
57451,6
63479,25
51295,9
40141,-3
56204,13
54584,19
40036,-7
44223,-7
46958,7
61696,12
52911,-11
59985,3
61224,21
62195,-9
51545,-1
38829,23
64603,-4
47164,17
47079,30
39926,-8
60285,-12
61457,-1
60695,-16
59214,16
56105,-9
48480,17
43909,-4
59325,4
39991,4
38206,-5
38930,6
46500,-13
40400,4
41714,-29
36213,6
36680,-14
57639,15
41113,8
37590,8
43485,10
47325,17
46309,-9
37077,-2
60933,1
51165,44
55958,-8
44581,23
56001,8
45867,13
59422,11
47106,-6
59603,-2
61114,8
44420,-5
48972,11
60963,-1
60618,15
55539,3
55387,4
36395,34
59285,-2
41952,-2
49579,-8
37205,2
62755,4
39439,7
51542,26
59358,-30
49383,43
39171,15
45979,-2
51914,-10
44664,10
60033,13
60831,9
65372,14
53545,1
39631,-2
39601,21
62144,-5
47355,26
49629,-8
53719,-7
52900,5
41219,9
42793,13
43448,12
56835,-15
47660,8
63029,7
45769,1
50455,28
55894,-3
53903,13
50515,1
59042,20
58730,-7
44340,-8
48125,-6
44020,-20
54496,5
60868,-11
38647,26
44772,2
44224,-19
39294,-8
49106,17
57183,5
52752,-8
36750,2
36159,-4
46607,-28
40644,4
38084,18
43469,2
42178,17
55015,14
36358,-20
46959,-11
41363,-5
61261,1
51203,9
50044,40
49498,-9
51739,-6
42573,8
41787,13
63266,-15
51699,-20
41518,8
51082,33
53366,5
40209,-9
57008,-10
49805,5
36444,3
40957,6
47925,3
45650,9
63125,29
42428,4
55756,4
61173,-1
51490,5
39583,-9
42358,7
45504,18
41565,7
55951,13
38638,3
64152,8
58075,-9
62667,-7
60020,-9
42704,13
51012,13
52762,13
54820,-23
65436,12
63535,3
37544,17
63530,-4
36719,-3
61724,1
41899,5
43244,-1
53196,9
46486,19
38983,-11
48895,3
37892,12
37111,-12
55060,-14
42834,4
51190,18
47065,8
63127,8
39436,-10
54494,-8
62206,10
53813,-17
59764,11
62559,12
46530,11
51352,-29
63867,13
44563,-9
60651,10
40939,22
44883,19
60812,-3
54117,-8
55375,29
63386,-18
65018,33
44661,21
55758,-13
55507,-4
56399,-10
62292,-12
53598,17
58949,25
42165,16
57085,14
49339,8
42617,16
41718,-8
62385,-6
45234,15
49955,3
36615,18
62536,-8
61886,3
62587,6
51899,2
53709,-2
57251,1
62503,-18
64227,-6
44858,16
46907,-8
60629,-3
54243,39
38290,-3
52853,7
41664,-7
64107,5
50134,19
63257,11
51136,-3
37038,26
49551,-1
48091,3
53946,24
62657,-26
57123,-2
54805,17
51318,1
44195,12
37449,-4
64878,3
62234,-3
50646,18
51000,12
50466,-11
64683,1
48285,-11
59916,-3
36734,3
47118,-5
39487,8
45459,-13
40221,-2
50469,35
46851,-33
65043,38
50007,-9
53656,7
48034,11
65118,-20
41545,9
39921,13
39670,10
59423,8
53840,14
42802,7
41159,-11
50903,11
52907,-3
39599,2
46779,-2
56993,-9
60345,-13
47452,-9
38570,13
61584,-22
51778,-32
58239,-7
60576,5
37209,23
53031,-11
44055,5
39193,-26
48511,2
54275,-5
56253,11
50064,4
37509,19
44317,-5
61471,-39
50458,5
48658,-13
53847,1
63434,-9
40183,-3
56665,-5
60751,8
40196,24
42518,-24
50642,4
53974,-9
42621,-14
52261,6
61547,-10
60217,9
51931,16
50404,-13
36908,-6
64811,4
61473,-5
36443,8
40474,-4
39101,-24
63176,6
43110,-6
53558,4
51609,-11
46783,-15
47740,7
48717,-18
39361,-9
48623,-10
44028,12
48631,-50
42901,-10
55362,7
54729,1
60746,15
63663,15
43047,9
64509,10
36747,17
39535,-3
52234,11
40619,20
49872,-12
52718,10
60721,26
43104,2
41628,-2
39195,-4
42667,5
48496,-5
40068,14
58967,-8
38651,14
48135,-6
45403,19
45467,10
38471,16
53641,-6
39861,10
58356,5
62585,-1
55777,9
36876,13
49881,-13
61142,9
44787,-4
37214,-6
58463,13
44265,5
53012,8
44261,-15
40997,11
52087,12
53645,-17
57680,5
65329,-12
56417,-4
58017,5
43958,4
63449,-2
39451,-7
58876,-14
52679,21
45248,-3
38039,13
60036,-7
60927,-7
41677,-6
40048,6
62342,-25
40799,4
64240,-3
53967,-11
39725,20
56645,-20
43498,-13
58013,5
49760,-4
40031,15
59866,12
45490,5
58857,-17
56084,-21
40323,17
39710,10
44575,11
55961,-3
57819,4
42570,-22
63263,-16
56798,7
54618,2
52359,-14
48336,20
53939,-5
37245,18
38927,-2
44776,-15
45542,-20
43292,16
38681,-18
58141,-34
63134,5
56180,-2
55383,10
63681,-6
36918,-5
65275,10
40425,1
48462,-11
64860,-23
39954,32
47156,7
43851,-7
63606,-11
44238,-16
51381,5
49786,14
42529,15
40757,19
57814,10
48981,-3
37030,5
38726,22
56023,5
45987,17
54403,-11
61999,-14
57360,11
47589,-27
43950,25
55391,18
52994,-8
39869,28
44609,20
58962,6
41207,-6
63032,6
54154,31
36695,8
41860,-2
38936,15
53074,5
63730,-33
41684,-4
45897,4
39088,9
63092,3
44608,-5
60030,7
42207,11
50140,-16
56785,-7
49074,-5
42070,4
41140,-11
50194,-9
47604,-8
47614,1
58248,4
63054,-20
59846,10
54526,11
39703,-12
39370,12
45750,12
51779,12
38707,10
61342,12
48178,-2
65117,11
37969,-7
59873,7
50878,17
63800,5
38924,-19
57007,9
50187,16
45779,-3
58877,-1
64900,13
62863,-10
53090,7
40666,-6
36983,4
64143,-31
56861,7
63179,6
56883,-11
53587,15
53532,21
44531,-17
44790,5
53703,-6
55080,-11
48661,2
42777,27
55650,15
58923,-5
63834,-6
62929,-7
55791,8
49442,4
62483,7
63967,-3
38667,8
44697,18
55432,-6
53626,-12
44534,-17
62510,6
36778,15
65089,5
58476,12
60071,-10
50801,25
51625,5
50995,6
59739,21
62145,4
58484,2
45798,33
46580,16
42545,-4
36796,-3
64768,2
58652,20
52697,-17
62176,8
60670,-6
42248,16
57550,-1
53348,3
44247,6
51793,10
61306,5
41730,2
64475,-10
52548,-7
65637,-8
55195,5
43720,-6
44732,9
45946,-15
52629,-9
42009,6
56118,3
63184,31
44031,10
37311,7
50358,22
49202,16
60310,-15
43048,8
47676,-6
44832,4
64666,-8
55798,-14
57358,17
45330,-2
61747,-7
65200,17
61002,-21
41175,-11
45612,5
37587,11
36780,-6
48077,7
47268,-10
37716,17
53016,19
38611,-4
43034,26
42845,4
57144,-5
40778,-11
36814,-6
54260,9
44684,6
62462,16
54036,-12
36059,20
38286,-5
39247,-6
43338,-1
41252,-2
50333,-7
42973,-3
65470,7
61109,13
48503,7
47590,-13
50593,9
61645,-25
49546,7
42715,28
39284,10
53940,-6
39353,-1
46751,8
36404,5
57349,27
47410,20
48294,35
40772,16
44901,5
56566,6
53866,-3
37683,-10
63844,16
37213,5
40546,-16
50090,13
63547,19
63873,-6
39408,8
58261,6
49170,-9
37452,-7
48984,-12
59894,-5
42716,25
47725,2
54210,43
51646,8
38173,-3
37839,-5
52273,29
43890,-9
40621,5
41238,-11
44330,-11
56748,7
52627,-12
48915,22
58004,18
36564,17
39133,6
62680,4
48124,4
38038,6
55047,4
48324,23
56236,24
48107,19
38875,9
44432,28
43539,5
60110,12
60436,7
62019,-3
37341,10
42321,15
41547,5
42497,6
52508,3
51902,-3
61205,-8
54993,10
55116,20
46542,-6
43117,6
62240,2
65120,-19
57287,9
51892,-6
44910,-9
41728,-6
48054,8
53792,5
37579,21
56021,21
65517,8
60221,-2
41603,2
39054,17
54118,10
53695,8
63255,-31
43378,21
48991,1
40231,18
64139,27
51922,17
45834,-9
48001,13
50272,5
64130,2
61770,4
64296,9
49772,-4
40628,-17
64317,-7
43417,12
47074,-4
36184,-8
65341,-15
58789,-5
62948,6
45629,-4
50887,2
37253,-8
58089,-3
62968,18
45546,-4
50830,12
64129,27
61267,11
57409,-12
61469,-13
42042,-9
57393,12
40318,-15
51669,25
58290,-6
36827,-2
47442,11
51531,19
55231,5
59030,6
52687,9
48884,19
44016,29
64375,15
62724,28
49641,-9
51619,16
51005,9
56531,17
40672,-31
54391,4
59729,10
62067,14
36195,19
47971,-6
59365,13
44218,-1
64389,-24
45211,12
36197,-6
60231,8
39129,5
60885,-7
37594,-9
50018,2
36597,-7
38190,6
48492,-5
36536,-17
61630,10
38363,2
54307,12
36192,-3
64767,10
61569,11
60931,34
37406,7
55253,16
56627,-16
55930,23
57941,22
52591,17
56509,16
39764,12
43177,9
45818,31
54283,-15
41519,6
56827,6
60038,-6
40869,18
52374,-5
49158,2
53738,-14
40182,3
61305,21
56814,16
55738,-21
48893,27
38163,9
42908,28
37033,13
49898,9
52766,7
53044,9
59025,6
59773,24
52525,-1
43416,-25
54978,-6
63753,-19
39609,12
41888,-6
53678,1
64612,15
49486,7
56115,22
45196,-15
40197,12
52970,3
51017,26
50876,-3
65165,1
57805,18
50127,10
46706,-3
58236,-14
58556,5
49829,10
40367,5
39205,-2
38674,-13
63277,12
39218,-11
38609,24
62525,-9
54598,25
64577,-5
63232,-9
54011,9
39158,5
47226,19
62906,-4
56243,35
50545,1
58429,-10
38504,-14
51660,5
48315,-8
63010,-9
44255,12
54752,12
57417,14
43961,-17
45282,27
49511,2
62156,7
43939,18
50947,-14
55105,-6
52384,-8
65227,2
39184,-3
48977,23
41386,22
58623,3
53942,-18
43168,-1
42987,3
53305,20
54462,-10
39964,20
41577,8
41446,-4
47753,17
51126,15
54296,11
59930,-2
47133,-3
53832,30
44483,19
52594,14
47505,17
41317,1
37903,5
47284,11
65445,11
54499,-24
45510,17
36042,-24
38750,-3
49952,15
47084,22
45481,-3
43007,-8
38197,-5
59373,-9
40057,-14
64083,8
36575,1
48467,7
41871,6
53980,-7
48380,-7
48857,7
52218,-13
63389,14
59018,26
60569,10
44846,-6
46028,-12
51006,30
51900,4
45373,-26
53572,2
42514,-6
62356,2
55431,-10
44270,6
51650,-1
37952,-2
61356,6
58948,4
54528,5
60115,-15
59770,14
65261,27
37359,15
40414,-12
44476,5
57456,-5
58694,7
50479,5
42128,-12
59066,6
38645,-4
42618,12
55688,18
64525,-25
49369,2
57231,24
49901,27
44158,10
45427,8
39814,10
41125,6
64242,-8
45884,19
40677,-9
58824,-14
36281,-11
52948,10
52319,4
63303,-6
59089,-32
60049,-8
47964,15
43515,-2
37909,3
58884,7
56083,24
38565,6
60243,-2
37862,-3
38452,-3
44406,1
42687,10
53586,-5
40611,-5
51663,-8
50554,17
63000,31
42441,15
38160,25
46335,-20
39825,-7
63632,-10
41007,5
38853,12
36539,4
47948,12
36959,9
50015,9
49889,-6
40330,21
60627,14
36269,-4
62391,3
60148,27
38785,13
49954,-10
48208,13
51094,12
45556,6
62685,-14
47506,-11
42049,23
40943,9
41631,-18
55880,-10
44030,-26
60128,-1
37169,6
63105,20
46793,24
37609,20
46691,9
37748,-10
39197,-5
46757,-13
48028,-9
43349,-7
61168,11
65082,11
42288,10
46109,10
38969,-12
46883,9
65281,-4
48949,19
38765,14
43559,2
62016,17
59692,-23
62180,10
50424,-10
51930,16
60650,-1
51529,13
53239,5
47225,-9
52644,-1
45338,-15
37547,25
42102,3
60529,-5
40271,7
56065,-15
63991,-15
63749,-19
42818,31
39243,13
63961,-18
42499,13
44114,23
51372,-7
65244,24
52699,8
56159,14
40481,-6
47750,10
59217,14
50293,-8
51391,-18
52601,15
58216,-6
55576,14
58374,15
39821,-11
57624,8
53269,21
41644,8
64148,-4
45582,25
64082,19
40220,18
61088,20
44900,-11
45501,3
59061,-17
52476,7
46534,7
64126,13
44706,2
37024,-15
44196,17
41528,4
51640,6
59963,-20
57288,-4
46879,13
40703,14
42464,24
52281,-3
39194,3
59690,18
59023,3
52756,10
45550,12
42017,1
51744,-16
48396,12
56565,25
52349,30
54735,-1
64887,-29
37433,-10
60311,-4
43487,13
59511,8
45085,4
61419,-3
36412,-6
42194,21
60000,-3
46060,-9
54807,4
58793,-8
55771,-7
61623,-1
38254,-3
41651,20
45166,-5
41465,5
40984,21
50059,-1
57250,-15
39202,19
57996,-9
45443,12
36504,2
55269,-4
59476,16
36656,16
42430,-7
57455,-14
53773,17
47691,-5
49620,3
44344,16
54730,-9
50136,-18
53584,28
38760,-16
59935,29
60386,4
63227,27
57423,22
60047,26
46288,-4
50264,6
61492,7
43439,7
55409,9
58390,-15
51102,7
62141,12
43932,6
42269,25
61389,-10
63256,73
43087,11
52369,-1
48151,14
52792,-18
46963,-22
52406,-4
61634,-12
58751,26
58888,-8
42408,15
65524,-20
57618,-9
42741,18
62083,-16
52776,-17
37071,11
45449,4
55735,2
45773,-24
37619,30
52754,-10
46232,26
39839,6
61468,-14
58056,17
54562,-9
62904,12
38961,-5
41634,4
51351,-15
42376,-3
61509,4
37557,4
58041,-7
38413,-9
39476,15
55778,-1
58208,3
40285,-20
57015,-7
37432,37
36934,12
55003,-12
62628,-13
50781,9
59993,-9
52080,2
38977,-5
63714,-7
47330,-17
63276,10
64491,19
37170,5
36772,-20
47503,-2
39128,-26
43347,9
40634,8
49001,-6
38839,12
43764,-4
36839,15
54129,16
58850,7
55759,-6
36219,7
47972,10
54569,13
50423,16
46115,3
54185,9
62645,12
36239,14
51389,7
53943,-8
56965,-12
49565,3
59463,25
53163,-1
48277,20
63228,-18
58748,11
54535,-18
49902,7
63018,12
51879,15
43583,-10
58625,3
52750,-16
36107,-6
40758,6
47955,-1
52584,22
62618,24
41081,3
42965,6
38616,14
62633,5
57467,-12
54017,10
63057,41
42270,-9
36828,10
39376,-3
65106,8
42056,19
44497,-25
53666,-9
61008,28
50073,9
63692,10
37232,-26
48983,-7
36556,13
53873,-5
40522,25
46625,-5
58950,-7
54428,-7
59594,4
51368,-4
56113,-14
55029,-7
42239,-2
50921,8
43287,-7
41801,2
38110,10
63559,-5
44399,-1
53147,1
52800,15
37504,10
52100,14
55386,17
40622,25
46141,-16
60487,-9
43399,-5
58352,-14
40864,-11
59418,-7
36261,-4
49137,3
57179,17
59219,5
55991,6
40294,11
55563,-20
54453,8
42537,8
43086,4
45741,-16
48938,9
41698,1
54643,12
63755,-2
64490,19
59607,6
38925,14
55192,7
59031,18
36942,3
56112,-24
43214,11
55811,5
48099,23
38223,5
44651,5
45998,-11
55500,-5
44382,25
63965,-17
61616,-13
42822,-14
61585,11
51182,-3
51424,-6
47943,13
59992,-3
53067,13
62471,-15
43307,4
38624,19
44129,14
62382,2
38198,13
40386,-13
45847,-8
65427,10
64644,8
50368,-2
37114,4
54076,-16
40576,-15
39203,-6
61398,-10
39031,9
58637,4
37924,4
55455,3
56922,-16
57160,-13
42022,11
39775,23
36531,-3
37222,20
37417,-19
41062,2
53129,-4
54021,10
40804,1
46697,13
60790,-8
42088,8
38885,-29
40226,12
55776,-14
40132,10
62996,11
38931,22
45161,20
58268,12
48776,-6
42721,-11
51743,-16
45496,-3
54761,-10
62532,17
49086,5
56154,-7
64882,9
41650,-5
64356,13
50546,-5
41778,-5
51491,-4
41344,6
61807,20
49604,24
56564,8
61776,-33
60678,2
54707,-2
46564,-38
58263,4
46350,-16
48043,-8
43832,6
42919,1
59646,8
65653,40
49617,9
46865,8
46228,-7
45928,17
51638,-6
49166,11
65243,-23
42731,-8
41476,19
45475,21
39832,11
65362,2
37826,-6
43166,-3
53889,-17
40729,-9
46331,17
58847,6
38080,-10
57667,18
45566,4
56523,3
60156,16
48940,10
63868,6
44039,10
39384,-6
56168,5
62988,-5
41959,4
63165,8
58851,27
44677,-9
38073,6
54208,14
43285,-3
49378,8
52222,-14
64515,1
50608,9
37120,-9
55741,27
52346,2
62294,-8
54737,32
60714,-4
55334,-18
56887,-16
41697,-3
52195,-11
60514,-13
51252,-5
39908,22
38980,8
39963,26
37731,7
51093,-5
36346,5
40102,-1
57066,3
56625,-16
59853,-2
46122,7
54626,-15
45991,18
38355,19
64694,4
59307,5
60709,-6
63456,-13
58050,9
45315,13
38104,-20
42520,-12
54411,6
42527,12
57525,-10
57193,16
41500,18
47672,2
63633,-2
46191,20
40316,4
44694,-4
63422,-16
57813,-25
45380,-13
62848,7
60105,4
53983,4
39409,-2
56185,16
41563,10
48286,-2
65622,17
52205,19
38437,-3
59390,2
41554,-10
55685,11
36965,5
44297,21
62631,-21
48575,6
54748,3
48211,-8
44834,-3
39168,22
56398,33
43783,5
42609,45
59613,17
45430,10
49343,10
46131,17
61910,16
64747,-3
45912,12
41846,12
41930,-9
46067,8
47741,6
59519,5
55696,-5
61733,5
54986,16
42151,25
42798,19
49634,16
45367,-15
59399,-1
59067,-13
52861,3
61937,10
41588,10
36462,11
52976,21
55821,-22
53565,2
40002,12
41654,-11
63552,-5
47773,-2
37767,-9
37225,-5
46259,-9
53799,-4
61023,-12
36945,17
57120,3
44509,-4
54256,-20
43960,28
42137,-20
38122,44
44091,-4
50478,-7
61760,-47
44096,-5
47239,-8
48682,15
45601,-18
61143,10
61604,22
46212,-14
43261,3
58406,6
42583,-4
41257,8
38690,12
46358,9
53836,7
47015,-8
61483,-5
65666,19
37520,-3
36733,-26
61118,-8
42415,-7
62178,25
55670,20
58914,14
43420,12
37343,-30
44000,-10
51623,3
39759,-13
61639,5
41085,7
40445,7
57248,9
50465,33
58245,7
47687,-1
43404,-18
53017,5
44913,37
59512,6
37478,-10
36548,-14
52912,-6
41450,21
41978,-6
64326,-2
45232,27
65314,4
55854,11
48747,36
54314,7
40432,-6
49367,10
46703,-10
54678,5
61887,2
44856,4
54038,6
37581,-7
45406,-7
37252,-13
52179,6
61573,-9
38604,-3
49732,17
49654,-9
48074,-10
49173,-18
36431,19
54977,6
54587,28
46349,12
39634,5
47743,17
44598,-18
42769,2
52435,-30
53901,4
51439,13
36987,-21
52471,6
51073,-3
63558,-7
60765,36
59576,33
38591,-6
55288,12
49632,-8
36313,-3
58172,5
39662,-13
55896,-10
61293,28
43058,-4
59896,3
45554,-20
63780,11
40679,20
54141,11
43870,-10
57195,-13
45267,20
60491,35
51058,8
47155,-6
50570,-3
51088,-2
41647,-9
45575,-6
52884,-6
46748,17
39681,6
57942,-32
61054,13
55427,22
63012,28
36640,20
57518,2
37694,-14
60199,21
44269,16
37935,7
43996,32
64757,24
60955,17
58091,-11
36303,-5
36416,-5
55481,10
57583,8
37508,-5
49120,8
50168,-11
53121,13
41744,-3
54638,6
60319,1
62691,1
60860,-3
36982,18
60800,27
45948,27
56972,11
56172,-5
52777,8
49978,-8
47298,-5
55317,-6
63877,34
59055,-6
62538,-29
42628,-11
56423,-4
58035,3
61580,15
65387,4
62122,-8
36339,-7
63856,1
57449,2
54252,10
44140,22
47966,19
38077,3
57665,12
46843,5
58891,-9
46555,5
55673,-4
46684,8
55012,3
50022,-12
57138,-4
65515,-22
50966,-11
45127,-2
42878,1
43180,15
61566,-3
44117,23
57812,25
53637,12
62722,-10
50615,-1
39188,13
55159,2
51293,9
43421,28
62327,24
41642,29
59991,13
51212,5
61802,10
60712,-6
58960,-11
38118,-5
40149,-9
43543,2
42016,-5
52365,-10
57592,-3
60841,-7
65332,-9
55096,19
42804,10
38619,-9
51135,3
53179,-6
40088,-17
54762,3
49478,-2
40124,10
50992,14
43917,19
50912,6
45747,15
52855,2
56402,18
40649,-3
58661,-10
50998,-3
38027,-2
57487,14
43937,-3
46011,10
53720,11
53051,7
52455,-12
46923,12
48677,10
61913,8
40100,2
55752,12
63351,-5
41277,23
48875,24
58300,4
50291,28
43504,-15
37310,-3
36905,-14
62747,9
40988,-15
38295,-1
63084,12
53766,13
61243,-6
46741,-5
44103,-35
36650,-10
40697,-8
63209,15
52781,-2
41967,5
61835,9
50647,24
55879,4
43198,28
50273,19
47028,4
64146,-29
57415,1
61528,-24
41629,-11
62689,6
41108,2
64558,26
45900,14
65359,-14
44207,-10
54057,6
44549,23
51375,-8
60607,-2
45596,3
38820,-23
58264,5
50292,-6
60554,22
59944,-8
65621,12
43239,-8
50356,-3
57858,-5
41621,10
42183,13
58156,14
46946,-6
41295,13
58498,-23
40027,14
47478,11
56184,6
57603,1
53674,10
49783,6
38214,3
65419,-29
44881,-15
43502,-6
52448,-10
41245,-16
54804,-12
49835,45
48176,3
63223,3
52890,14
64455,2
58402,8
57884,18
63794,8
58612,-11
39855,3
60316,-10
46364,-10
48993,11
55396,-6
58412,-20
41591,-1
52576,-13
48369,-8
52414,4
46794,14
58292,15
59547,11
65140,-2
54664,4
55865,3
44908,-2
37426,20
59662,27
45321,28
49720,24
36338,4
44798,-14
63859,30
59983,-4
39913,2
59950,-5
38119,7
51775,-25
52570,-17
50955,-13
65178,11
55744,15
52109,-3
56468,-3
38581,-14
53588,-2
53290,-9
43412,-13
42686,9
43548,-18
50107,-5
45294,18
64264,-35
57668,8
42603,-8
47163,3
53026,-9
59314,23
59029,-4
40700,14
36361,-6
43185,6
54766,11
48489,-7
38698,9
48647,-5
50346,4
57024,-20
36927,-14
41050,-3
64714,25
63254,-26
54321,4
36285,-18
51504,7
44370,30
53537,10
42031,14
38405,2
53523,-5
37202,-8
55422,16
65343,15
36328,11
50275,14
59664,4
59037,4
46353,9
47073,26
48955,14
61097,-7
44844,6
37211,17
63699,11
46767,3
64484,9
59540,-4
42842,8
63094,-8
55374,-2
36318,-8
60288,5
52841,19
60621,15
39165,7
44742,-26
54706,13
54427,11
44502,-4
39450,4
52370,-2
50486,6
62410,1
49753,-5
36972,-19
36732,11
60424,-21
42414,-6
55424,8
45306,19
46666,-8
58295,2
64858,10
53323,-6
57565,9
45426,-11
43158,-6
45260,-2
40365,15
39009,6
40015,25
40972,4
60296,3
51362,21
50596,12
57888,-5
39136,-9
58442,7
49371,-4
59364,1
59472,6
52685,10
49020,20
40028,-11
60314,-16
37446,36
56821,2
42172,-11
37135,3
54364,-12
52867,-15
38887,-5
56477,2
40861,10
53368,10
42004,17
62584,12
58200,3
60120,-15
49999,12
62650,-10
55304,12
63072,5
55574,14
49804,15
59643,-5
48710,3
55417,9
51153,-12
40732,3
55845,-8
40968,2
52728,2
42835,16
41925,13
45833,22
53354,5
38387,-4
44593,13
40632,-1
62098,18
51343,-14
65105,2
59990,14
44541,-17
62887,39
55068,-2
63133,-3
42245,25
49722,9
51202,-23
52072,17
42451,20
41743,1
38985,2
60369,-5
64709,12
43431,-5
62693,-20
55135,-16
50459,-9
41626,-6
46731,5
46278,8
44068,-6
61040,-6
61610,-13
37089,-9
42832,10
49167,-6
63832,5
62259,27
37651,27
56722,-8
38457,-13
38059,20
39015,-6
48822,-12
50782,6
50192,1
38975,3
52301,7
63161,2
56872,-6
53518,4
54501,3
49626,21
37856,24
51332,9
51194,8
64449,25
48038,-3
38165,6
50329,-7
59443,-7
61222,-33
65164,-3
64939,10
55712,13
57677,15
54611,8
43864,4
62057,6
54120,-20
59754,7
45455,5
36849,-7
60022,-13
58783,-11
59614,8
60898,6
40952,26
39766,-5
64671,-20
49747,8
49357,18
40008,10
62208,-1
38715,-11
64032,-3
45702,-30
55279,18
40598,-1
54002,-3
42057,-13
54960,7
56843,-26
41785,-8
44642,-36
55568,-9
39208,-5
60976,-1
42813,20
63994,-5
37699,11
64485,-11
56225,15
43712,-7
40312,3
63696,-12
53817,-5
65073,4
41364,22
45958,-30
56471,9
57793,-14
63871,-37
58973,4
37042,8
40244,10
38460,8
39619,20
57473,18
54356,-11
46057,-2
39602,7
60014,32
48963,12
39900,-15
40933,-4
54152,-12
49683,4
63166,6
41361,-1
55799,1
53118,14
61255,15
40570,-2
50324,3
40873,21
60015,27
36848,17
39953,11
51079,27
60119,38
43073,-3
37998,13
47030,-8
45628,-3
51937,14
47907,21
62889,3
38444,5
41232,-13
54468,-7
51444,-6
64415,8
63416,-25
46676,-5
49342,-3
44258,6
46175,-9
61722,-2
55454,7
61765,-9
54398,8
51832,12
58399,-13
63816,5
43729,-3
47519,-5
51465,15
64559,12
41416,12
42978,-7
45888,-7
60364,-10
45186,27
59859,27
48300,22
54380,1
47661,-6
43434,-3
60895,-2
62093,19
60080,9
64750,4
45745,-2
38506,-11
61160,29
53663,-3
57206,14
49567,15
48213,-25
53350,13
45739,-7
62847,9
42559,15
56445,-11
64114,6
36630,-16
63819,-15
49761,14
53559,17
45131,-3
40670,6
57384,-8
42895,4
51089,-9
55543,10
47243,-11
45154,20
60743,-19
45709,-7
41502,3
60283,9
37491,7
60186,-11
52744,-15
47957,12
60450,-12
55947,8
61445,29
58376,-11
59367,-19
54291,-5
46088,5
37629,-1
42736,-3
50183,5
55234,-17
57432,20
45089,9
62097,-17
40007,8
45208,23
42126,1
54285,5
47349,8
64231,24
40052,2
40985,-13
62497,4
55526,-10
41946,17
51111,-5
61848,14
50636,-18
53979,-18
47963,8
57558,4
49782,13
37302,9
58267,-5
51137,11
36351,-8
37758,-2
38094,2
58016,8
40714,-18
40344,1
39829,10
37049,-12
43397,-14
58169,29
46770,-2
61939,-4
46163,-11
49784,-17
38817,22
49651,-10
57786,-4
49573,-10
53369,-15
38029,-3
61352,-7
43329,6
38716,-10
53155,13
45460,5
54369,-17
63565,7
56551,9
36290,7
44348,2
41932,10
55856,40
62210,1
62638,-5
42639,4
50405,-5
59836,13
36668,-11
60478,6
49897,-2
62192,8
40811,-10
65076,-6
63320,26
53522,-3
62593,7
60874,14
57911,18
50407,10
48932,5
43045,17
61193,8
55913,4
42353,21
63540,-26
60472,23
61242,-7
48897,-8
54581,-19
62761,1
52367,11
47096,27
65235,-3
59043,-6
45505,-5
40293,-4
65007,9
47666,2
45392,10
45782,-11
54491,-2
47634,22
37315,-3
41746,-9
43841,-18
47381,-31
45875,8
39402,-9
53577,-4
60005,-10
61124,34
61893,2
52128,10
42563,-24
52974,28
40613,2
49880,-8
47241,-21
56489,13
61781,-6
38003,18
41038,-12
40937,8
51076,-2
59678,-3
64905,-5
42274,28
62242,10
61102,-7
37292,-6
39220,-30
39403,9
36348,-4
62200,3
63568,16
62034,17
49085,16
64026,-19
62268,-6
48730,-5
37092,11
51265,13
47913,-15
45506,6
46627,-9
40809,17
45347,-6
37916,10
60268,34
50307,-1
58051,13
64592,4
41879,23
62780,-12
36232,20
49526,-9
49858,-6
49134,-10
40531,12
46068,7
39970,30
46225,3
64898,17
60457,8
59875,7
52091,-14
52956,13
56739,4
39347,-6
52444,-14
55205,-3
58777,28
49929,13
56934,4
55017,-2
37848,-5
39917,13
39837,-21
63823,-15
50900,-28
38830,10
45544,11
60896,1
37759,-16
38740,-5
37890,14
58241,2
47016,-2
60184,11
49477,42
42672,13
39479,2
60768,11
53536,-6
42821,-2
61884,-38
43042,4
60187,-11
60535,3
62991,-9
61429,39
48106,-3
37158,12
37798,19
53892,16
42801,-1
36911,-28
56983,11
45389,-5
36762,-11
47390,-3
54281,12
56969,8
61527,-3
63119,20
44510,10
52483,7
63703,1
47331,-4
60668,8
60756,4
36355,11
64073,8
60639,-32
61753,8
57933,21
41898,-13
42177,16
41495,-7
39173,14
53174,-7
52527,3
55511,25
36951,3
40014,-12
60727,-8
62468,10
46556,39
36377,-6
62469,4
65143,9
60844,4
39029,12
47271,-5
52811,-8
58349,3
48174,19
58207,11
57184,23
50532,10
47394,4
40866,20
57042,19
53702,7
48605,6
59181,14
53743,26
59727,-13
63842,-5
43293,7
65381,6
50823,36
58211,-10
48379,4
51266,-18
44426,-7
55809,13
42905,10
44760,24
61226,-8
62883,8
42951,20
55181,2
59379,1
46234,20
53331,-1
37487,1
60202,-10
51567,-21
60619,-2
37737,-11
47477,3
53047,26
50008,3
55089,5
59948,-18
58134,12
37672,-1
36310,-8
37923,6
51269,8
50525,4
41122,-1
41557,-7
63901,-11
60586,-10
61139,4
38579,7
47462,10
63661,9
51426,3
36227,24
48476,43
41606,-9
65049,11
64578,9
62109,5
42637,-3
54629,-11
60947,-2
65626,16
39961,-11
36487,8
63919,-11
50775,6
54239,-5
58930,-7
43174,13
57864,3
38482,34
39147,7
47481,-6
43855,4
58503,6
42142,11
45771,-10
55668,-22
59327,-20
62629,-7
49848,-5
58796,9
53924,6
36728,20
41256,27
54171,7
44580,-11
46738,14
40966,26
63710,25
64923,-12
61058,5
56762,1
56842,22
41510,-22
50382,10
62328,17
56809,-8
63115,11
56825,20
61924,12
37331,10
49396,9
63586,16
47085,5
46728,-13
64997,23
64770,23
64300,10
48410,-15
65066,25
52725,-5
52630,-8
48663,-11
55394,13
55945,10
48958,-18
42127,-6
41505,-6
62983,-9
47742,7
48562,6
55663,13
40177,9
53246,3
54431,7
52303,18
60511,-4
40180,-7
54044,13
45560,14
36902,-7
50029,-8
53585,25
59835,20
37984,7
46688,-2
40377,1
63947,-4
50865,1
40016,-7
61774,3
62562,-11
49476,9
49818,7
38819,-6
40191,14
63070,13
56132,8
38453,-8
54489,-15
59874,16
52352,-12
37588,28
58318,-8
59843,16
43003,9
39179,4
57482,9
49857,14
52522,-12
64539,-8
51461,15
39851,-3
63733,-12
64224,-13
51936,3
42824,-5
56920,-4
50806,-7
53859,-2
54652,-22
46305,21
55774,-6
59439,12
39371,10
60040,-10
43432,12
63037,-1
37304,29
54370,-5
61231,12
59675,-12
49742,16
50080,29
42632,4
55902,-9
58464,-11
41069,12
49088,18
51741,5
47916,2
57508,-7
59864,16
46087,25
57501,15
56413,25
55372,22
56646,3
40154,3
41261,-13
39299,7
43373,-12
38734,-5
51247,12
40673,-21
61723,14
37361,12
61888,17
53601,2
41210,13
43276,11
60817,-2
48697,17
54530,-10
40575,2
48172,8
57131,2
58478,-6
48885,-3
46226,5
60340,29
55193,4
42386,15
43032,-12
46351,29
36958,-6
56020,-18
49913,-9
56530,-1
36611,-6
54961,27
39458,-8
62696,-11
51552,7
43081,8
42887,-7
50503,6
56852,-15
56587,-18
58112,-8
50770,8
50978,24
57165,19
38259,16
64103,19
60851,41
38871,9
59589,1
61667,-14
41042,13
54733,1
39306,3
65634,-12
42888,-8
63599,12
41789,-3
36691,-9
59848,12
47487,7
55773,12
52302,-16
41443,19
43132,7
62253,20
39565,13
47315,20
61832,18
40524,-13
41708,20
46073,4
36108,-2
47169,-2
58533,-8
50144,11
60368,-10
54653,-2
39885,11
63439,14
52610,2
54386,5
57130,-10
44468,18
36960,10
47094,2
36206,20
62467,4
60246,23
42694,1
51080,21
53180,-20
51028,13
40640,-8
56590,7
47091,2
49924,12
38894,16
56454,-5
60205,14
49143,-9
65496,-20
40506,8
61736,-20
51654,-5
42673,14
45591,-10
63343,-16
44653,-4
46152,-4
38779,16
41717,-1
48536,29
58717,6
64151,11
38420,4
52518,23
59842,24
40218,7
48896,-9
49365,19
52998,-8
60381,10
50635,-8
36406,7
38145,-2
57385,-13
36730,17
55352,3
62649,-19
56501,-4
46017,12
41758,-2
52929,25
58229,-9
52121,-6
37134,13
56096,-11
42768,13
65402,11
52794,-1
53554,-17
36244,-12
60292,16
57566,-12
62554,10
64076,13
40979,-23
46291,-18
65641,1
37271,10
52691,5
56672,-5
44120,3
56541,11
64339,41
62521,-1
61344,-16
40297,11
59920,1
51766,-21
50065,13
60013,18
48731,10
56240,5
58019,13
40380,21
47137,-6
64941,-4
53778,-7
50305,6
43535,-12
49570,-11
40932,14
36898,15
53765,-5
42589,-5
56076,-14
57427,-13
59264,28
60596,4
49187,-10
46932,6
45124,-12
42909,5
47366,-12
60648,-9
47018,7
36995,2
43454,7
41992,16
54010,-4
56090,16
36094,6
42460,15
56966,4
39560,-7
56517,-3
57271,-13
59685,9
48253,31
36530,-8
49770,17
52830,7
55327,2
62776,-7
54385,6
65139,14
61353,7
48210,-14
39016,1
63411,-21
38986,3
39207,-3
58407,18
38662,36
57238,-18
44398,20
59059,11
48123,-3
57418,-8
48268,-32
48082,-12
38898,-5
39483,24
37934,-34
65131,34
64695,11
58984,-3
52663,5
58896,-6
49631,9
48272,-8
60269,10
55018,5
36711,-5
64833,14
52133,-4
51642,-35
45756,-1
61949,-3
36938,10
39350,8
44189,11
60048,-2
47251,-9
38934,-3
59812,-7
62008,-8
51140,-5
60983,9
61372,11
44560,30
50630,13
53281,26
50908,16
48501,8
36675,12
49013,10
59888,7
53926,-2
63596,12
63641,-8
42526,8
51945,-4
40223,11
63373,10
65222,17
47457,10
57032,14
46924,-10
42039,7
60137,12
60830,17
56080,12
38625,30
63174,-18
48504,3
44548,24
56122,5
47067,5
45732,2
38146,16
64653,-9
61624,4
39810,-4
40280,-10
41040,20
61766,19
41105,8
54053,4
40480,9
48181,26
36758,-15
39862,-3
42823,12
47579,8
47131,21
51417,16
46098,11
64832,5
57530,-8
64011,19
45573,10
42861,17
39939,10
45644,6
51905,18
47048,5
39744,16
43424,-1
55303,-9
42364,-9
49441,-3
39689,-5
55291,-4
36233,-15
50039,8
36857,8
64556,8
52705,16
59195,13
42208,4
52536,-7
58680,18
56202,-3
40436,-1
47557,26
40973,18
41600,-13
47192,5
62303,4
36279,10
48712,-2
64611,3
47562,22
60699,-23
40282,10
41666,17
61350,20
44803,-15
41145,7
60127,-6
51411,4
38284,-16
60789,3
39596,2
56631,-20
56986,-28
64106,11
44491,-6
41676,-6
46995,12
59592,2
40553,-9
63338,14
48679,11
51199,2
53540,2
51839,2
61588,29
38336,-2
48308,12
65401,-12
63325,-15
51064,11
61277,-20
58458,28
44853,10
43131,2
40779,-20
45197,4
58113,-8
49670,11
60713,-4
64465,-3
47674,-4
51701,-8
64467,14
58274,-7
53991,18
64357,-8
48015,11
41568,18
58893,4
64428,-43
55162,5
48326,13
38744,10
37742,-1
50221,14
56397,3
43018,4
63603,10
53217,-8
42267,-11
63573,2
36127,14
62951,-25
65464,14
56109,3
52241,4
54424,16
36177,-10
43022,13
47480,6
56480,6
52616,-1
37241,18
42169,8
52643,2
48632,-14
62134,-14
50871,25
50247,5
42344,10
39973,-5
51133,10
63909,30
39650,9
58570,-15
38372,2
48212,13
38229,-6
36236,-9
48861,-23
58788,-6
54197,-8
52849,11
51384,-12
38712,-6
53636,5
55583,12
52088,-13
38805,18
38074,23
54039,-25
41151,13
50277,23
37679,-21
44475,-1
47566,7
63539,-20
39118,2
43346,9
39322,-2
44166,5
58699,-20
61147,18
44489,-3
50141,-14
43402,-2
50075,-2
47144,7
43992,-10
53341,-5
43860,15
51173,16
41716,-23
65616,-13
47052,3
54074,5
55556,18
45218,-30
41355,-4
61670,-3
57267,28
62875,14
56884,-8
49480,15
55388,6
58473,16
56538,-16
47428,-3
57653,-4
41536,9
53689,8
44187,28
47141,-7
53884,-9
36731,13
48518,-18
53997,5
46494,4
37055,21
36910,-8
38035,9
47019,-12
48454,1
51585,-14
51670,-5
46951,-7
43773,5
41331,-14
40416,10
37403,-1
55041,16
37671,35
49130,4
37593,-5
58155,-12
65196,5
54732,9
57527,11
58770,-3
44415,6
46835,27
51377,30
61477,-16
41087,19
55861,8
64638,20
59294,11
63969,10
41742,9
41167,-7
58895,8
37175,-2
47389,-20
46671,-11
46844,29
40063,-7
46802,-8
38466,4
40184,3
48553,12
36900,8
39006,-2
38468,31
63501,-24
54759,-18
43837,12
55294,25
57116,-2
64432,-7
55616,-14
55333,-2
53764,20
40983,-10
47289,28
41333,19
44530,20
49530,7
38135,14
63784,-15
47729,-12
48188,11
43980,6
37962,-6
36123,-12
54211,4
49943,18
62211,-19
40442,-11
44638,-16
59933,-10
57847,10
55976,6
37855,12
37313,-7
52119,2
39038,-11
64140,13
52569,27
52333,8
60218,11
63295,-1
62212,5
38686,12
45565,-20
60864,44
55820,-11
62175,7
58907,19
40241,21
49657,16
49391,10
48865,20
39895,5
65412,12
63244,2
53089,5
52146,11
56475,-6
53088,-10
39598,-9
55710,22
49862,15
38644,-17
63762,-15
59972,-15
37560,-8
40163,7
60118,9
47218,-16
41803,-3
41681,7
44562,5
62973,14
64665,-2
49690,-28
43212,22
59617,11
57428,8
51002,8
48242,-18
52336,4
38030,10
43900,-18
53912,-7
46954,-1
59969,-4
36242,-6
64344,9
59502,7
60170,9
58185,5
56385,8
51942,6
60290,7
59720,5
60356,5
40901,3
63957,-42
60167,-1
46026,-17
49007,4
52845,4
55953,-9
39811,15
61797,-15
50077,9
42482,21
44009,6
61165,12
48758,-1
60149,12
58550,4
53297,12
57186,15
57577,-5
53328,-6
65485,-20
36928,6
42309,10
43039,10
42091,-8
47201,-5
56794,30
56575,-2
37466,-3
53533,-4
52819,-28
56823,34
58860,6
36153,-4
44323,-5
63679,6
53094,7
40605,24
58324,-2
62163,22
47945,-5
58419,-9
47647,17
62552,-26
44729,-6
53206,-20
56903,19
47151,-20
57795,8
58137,-12
54277,5
56719,22
53846,-2
39777,7
64091,30
41032,7
57289,36
38807,-10
50419,12
63159,-19
37897,-6
52494,-10
49437,6
37040,26
36430,9
48104,19
42476,3
54989,15
55755,-8
46971,8
64423,3
44275,1
54387,20
60843,10
41045,9
57548,8
56598,4
60682,6
50957,-12
64481,27
40842,24
40815,1
54688,22
47458,-4
40219,16
56050,-6
64413,-7
37949,-15
40992,-2
44723,-14
42081,8
43782,-14
37192,16
55082,-11
56797,20
63075,14
45974,21
43156,-20
63925,-22
57889,17
40333,20
38272,6
36215,12
55418,4
44915,16
39452,-17
37580,3
38334,-21
45808,39
37405,8
40403,-11
58989,11
55635,30
56039,34
36721,21
49675,-9
64841,5
39708,19
55176,-16
36549,11
36207,27
50314,2
63083,-9
64836,6
37956,5
43313,6
65127,9
65280,6
47121,2
37145,-5
48572,-1
38654,6
46229,6
41358,-11
61878,3
47501,10
47549,8
59563,26
36193,-10
50047,-18
62516,-1
59488,12
38876,8
65478,10
61061,-21
39595,11
57348,1
61931,-13
63477,7
49046,-9
40584,-6
51113,10
63002,12
46299,23
48783,-8
61847,8
51834,17
55506,14
64673,-1
41189,10
48319,6
57437,20
63718,-20
39494,15
58320,18
53600,-11
60489,10
49781,-14
38793,-11
55364,22
64322,3
56866,10
49212,-6
57809,-4
56735,6
49756,-22
48756,-15
46572,11
59743,5
41858,-4
41682,-10
58036,9
48085,41
56782,14
50551,6
60343,2
64427,3
37422,34
63605,-1
51647,5
39878,5
63728,13
40822,15
40322,15
41004,13
65067,-8
62154,5
53673,19
60582,-17
43465,-4
39296,-5
61202,-10
53684,15
56701,15
62851,22
62414,-5
61341,7
51046,-10
52418,9
51016,-7
48832,-5
48051,-2
52534,-6
51788,24
50954,25
38512,7
62543,15
53665,3
58299,15
48262,-18
50494,38
54009,6
45868,-6
42746,5
58045,27
39224,-4
51835,31
54817,6
44438,8
45350,35
47423,23
62445,-7
40603,8
43975,-10
49464,19
42345,-9
65418,23
51280,-10
65204,26
37173,22
47035,-2
46914,8
60051,-13
61943,3
64462,7
38915,24
49621,4
56404,-7
37814,2
46986,9
59329,4
37955,7
50958,7
61787,-18
45541,14
57412,6
49107,1
61688,-10
50934,-8
52312,2
55676,12
56634,5
37146,9
61591,-7
54087,29
64128,33
41002,-6
44470,-1
64821,-17
58098,9
56389,9
57555,-5
62022,5
39740,-18
43941,-1
61336,8
36669,10
38495,27
61194,13
57450,-18
64124,5
65640,6
57369,7
38218,-4
60498,8
56944,24
61392,5
38831,-13
48802,-10
37237,7
55191,5
57573,10
43781,-9
40490,-2
47521,13
52409,-2
41770,-3
62282,-11
47088,28
63376,6
55884,-9
41013,8
55732,14
46803,19
56952,7
40055,10
52410,-14
39627,13
65317,-6
55151,5
57245,-12
60026,-14
55983,-12
48929,2
44440,-1
60045,-19
59782,14
39711,8
48979,-10
58887,5
60787,-3
49405,21
46604,3
39467,6
47110,-15
44362,-1
55924,-5
56838,-4
63499,19
41414,13
54324,7
60402,-5
38939,23
50868,8
37338,-12
39686,-1
61575,-6
63242,8
65197,1
64934,11
44711,-8
58987,-9
41499,1
60971,-7
47078,-5
52344,11
44029,2
56367,5
49492,-10
51353,-1
46082,21
48260,9
50604,11
58687,-10
46023,11
51131,26
42524,21
45094,-4
36533,4
48196,-10
62598,5
37157,26
41685,30
41133,-15
37799,4
47991,22
61637,-13
64291,-33
42403,-1
60398,11
64329,4
65482,-10
65670,8
58970,-6
39688,8
56407,12
51096,-1
48506,-9
61562,-11
47578,8
37738,16
59494,27
38337,12
51540,-3
51442,-12
41987,7
64137,-16
46253,25
47426,-5
39357,-7
58510,8
51570,-6
62694,32
46069,8
46200,-13
36256,-2
60516,-23
37113,2
44845,7
65064,5
57109,7
43056,-2
58831,1
50004,-7
60408,9
57390,5
44815,9
60219,-7
50330,13
52279,6
36066,25
65471,-30
46994,-24
43822,12
50026,-1
41738,22
46029,15
64520,7
63593,-5
60492,32
49344,29
45456,5
47240,-4
48413,31
36671,11
58952,-4
63672,-25
44870,-6
62102,-3
42664,-2
41291,-22
37143,-2
56902,-2
59074,13
38246,5
65326,19
49528,-10
47980,5
47701,29
50392,9
51810,28
49017,-5
61399,17
65685,26
55722,12
58281,-12
58131,49
61206,5
57344,7
54367,-4
58308,21
60325,23
51636,8
36760,-3
50464,-10
42203,-12
57335,-11
56427,12
56081,16
40071,-4
60007,-9
44387,-1
55039,6
57790,6
52388,-4
56416,-13
52988,-3
55737,18
41866,-7
48461,-12
39912,7
62101,17
38789,-7
48372,3
46736,-12
61972,-4
48455,3
62886,17
56853,-2
40260,11
57549,29
48601,11
52086,15
56885,11
37443,13
49453,-3
58708,5
39297,7
63610,-15
56176,-7
38200,-25
44741,-2
54069,11
61977,-16
43061,3
61540,-2
46590,-4
39887,5
55330,-11
56799,21
57374,14
48354,-7
38142,-11
60517,19
37715,9
46686,-2
40259,16
43530,-20
55063,19
51308,20
61343,1
48020,-14
44710,7
58913,14
54974,9
51569,16
53934,12
56846,-4
53258,10
60278,29
60981,-6
51355,24
61241,-5
55266,14
57602,5
55287,-9
45673,-3
46355,6
47253,-2
55531,-2
38047,-1
57519,-17
56863,31
58153,-10
52782,-4
52126,6
50036,13
38299,8
61446,11
57799,11
41622,9
45368,1
64945,-2
41403,-2
42141,-10
44098,-7
62754,12
37561,19
64680,6
37420,-1
59481,13
56102,22
52099,-21
59230,11
59430,-15
62447,10
49825,-9
63009,8
41890,3
43172,-4
53106,11
49445,18
41880,-10
46106,-9
58617,-13
49341,6
59713,3
36563,34
57233,19
52267,21
36275,-21
48685,25
57422,-12
42368,-2
60905,6
48497,20
63489,29
37990,-12
42411,25
64799,25
63450,15
48189,-8
59900,-15
52822,-1
64352,-1
38266,-6
64287,-9
52139,4
53104,7
41619,-5
40569,13
41841,-3
57961,14
41786,21
56139,11
40774,-20
43981,3
45144,9
65511,2
59760,8
52170,13
61692,13
38479,-2
59865,27
50831,15
60161,-11
48494,23
39211,-1
55324,2
62748,8
60972,3
58815,2
50377,4
52815,8
50771,4
43066,8
50011,13
52893,14
49146,4
62287,6
40991,11
52544,-1
48742,-12
42094,12
45512,4
41633,3
60730,9
41638,-5
61037,-2
37269,-14
55822,-19
60657,13
49966,14
49958,-4
51489,-13
44407,8
62188,37
53132,-9
42605,-14
52268,-4
48650,-5
36200,-9
37631,8
65405,22
52264,10
64891,12
41613,-6
60496,9
43240,6
64341,-9
46969,6
51807,27
61291,-12
49989,1
64606,14
37598,-11
38872,2
36477,6
59598,-3
52487,25
65152,-13
55103,-6
61209,32
38824,9
39745,4
41734,11
57591,9
40773,32
54633,7
38995,3
61463,-8
38599,-4
46743,12
61529,16
55010,-12
49360,-23
42515,-8
43405,5
52612,3
43986,-15
61358,-1
48954,13
63502,-12
52166,6
41233,-6
59456,9
44712,18
41290,14
55645,-10
38134,-11
59216,4
46600,34
48453,4
36228,7
63903,21
57281,-1
57052,8
62370,5
37423,-9
62306,-7
44768,4
61238,-13
52638,11
58766,9
58626,2
48033,11
56801,5
51784,3
63427,-9
62574,-5
44611,3
47783,7
65488,-2
43345,1
55750,9
44231,19
49560,17
46244,-4
57965,-19
61657,-20
62054,9
46049,-4
36065,26
39407,-2
37129,8
49491,-4
47279,5
48095,9
64447,-3
56467,-8
46896,13
61348,-5
48811,-10
61281,10
57881,5
54090,5
52801,-2
64483,8
48449,5
42387,-6
54622,-11
55514,10
36317,13
48918,-6
59738,7
56579,-11
57263,-5
39952,9
58507,-10
41893,22
65209,-6
57844,-39
37178,36
56391,-2
55239,23
61472,2
49949,11
60791,19
38534,3
59249,10
53060,-20
43905,-13
51228,10
49752,-7
39981,-6
51818,12
38426,13
44179,-24
43134,6
53509,5
37905,38
52583,11
56745,-1
57987,7
36405,-2
45379,21
56443,33
62010,-15
61809,31
55485,6
58428,-10
39848,7
52204,-20
59877,31
39580,-1
39871,-2
42692,11
63631,2
49616,-16
55461,-10
58223,4
62023,-22
50152,-12
43319,-14
62299,-9
44092,-9
49607,-4
43216,9
49494,5
60774,48
41915,-1
40807,-9
36923,-4
50518,-25
63511,5
36598,-9
38002,2
49956,15
37248,9
43847,5
53870,-14
60347,-31
48526,12
46878,-8
56837,7
39674,-8
37750,10
37181,16
56788,-27
42255,4
63286,-11
57356,7
62172,1
38704,31
51598,9
37349,22
56082,9
53107,8
48957,-5
56460,-11
42955,11
48432,-11
50816,-12
45714,-7
38193,7
57461,21
65205,-8
60225,9
62979,-4
49908,-9
41052,26
60435,-20
52891,5
37669,-18
57082,19
45999,8
58660,20
36399,-5
36179,-3
44654,8
53777,-23
47574,15
36381,8
40903,21
64650,19
54952,-11
45854,16
50490,-6
54341,7
46975,19
41546,23
58645,10
44719,1
47306,10
37974,7
38394,27
52743,5
39280,-15
48860,-19
45778,3
63066,7
39853,-9
37978,-3
41667,-6
51719,10
57883,-10
55931,16
62056,-13
42187,-8
36826,12
60600,8
44199,-7
44478,5
64881,7
59477,-11
55687,10
38211,41
60437,2
57635,-5
58069,5
54305,-16
60077,-15
50884,16
55824,26
48331,16
53241,13
42641,-7
40504,-3
51071,-10
43760,7
45655,3
62111,-11
40698,13
60027,8
36483,4
57041,8
45876,3
63781,15
62071,10
45934,4
62353,2
41792,3
52642,-13
54449,8
52740,-3
57325,3
48456,30
36970,-10
64457,3
60277,20
44930,-11
55344,-3
47513,-11
51476,20
48243,11
50415,19
64361,25
59355,12
62864,20
38053,27
54308,-1
43774,19
56899,-5
52923,7
62135,-8
65330,-4
56121,12
58657,-9
42614,9
62867,17
53285,19
47565,7
43998,25
60392,14
39405,17
49591,11
46526,24
64737,-16
55150,17
37182,9
63576,-10
63752,-15
51753,18
52329,-7
53754,-3
55585,5
39178,10
58889,-1
43040,23
56869,-15
63061,-9
55757,-14
54987,-7
37865,3
46472,-11
39303,3
46606,-17
40066,14
63915,38
39544,20
38702,18
60372,-3
54525,-7
50374,-5
46909,15
37861,-2
43511,-2
41672,-6
54944,7
63708,23
43114,-4
58047,21
45627,-23
48841,-2
40715,8
45713,28
41524,3
65399,36
52565,-7
37898,33
38324,7
63709,-1
57634,7
50017,7
60210,-3
42489,8
42079,-1
36427,13
37670,-3
48282,-10
63538,23
64692,10
50476,-4
43881,6
43707,10
47774,13
40704,11
49002,13
45386,9
46343,-6
37884,-16
56012,3
53596,7
62651,22
39914,3
41102,8
41937,4
51122,15
56217,24
61734,-19
64269,14
53726,14
39854,13
62893,-16
36976,2
47044,7
37816,12
62617,-8
39790,-12
54384,2
41491,-7
63157,7
50594,10
60804,-2
37917,3
59615,26
39806,-11
63717,-15
60383,3
39096,-6
57367,7
50279,12
49771,13
63741,-5
40661,-3
52707,6
39365,2
62985,-13
60055,42
59857,3
39355,7
62263,5
62159,-20
62402,8
64771,-6
49366,7
49496,3
48100,6
44373,7
47934,-13
57254,-16
57255,-8
54751,5
58731,-3
52913,8
37559,4
64261,16
59632,10
40538,17
59479,20
39156,13
53576,17
53189,9
48339,10
38910,20
36896,9
63302,-8
40958,-3
50485,8
41511,11
55315,15
60185,-7
41530,-17
49110,-15
63155,-14
55483,6
39874,15
62876,17
40743,-8
52093,21
41033,-15
40696,-14
54554,-3
62197,-20
54720,6
46681,-2
58822,11
58525,14
42846,-2
41856,-4
65442,19
54968,12
41458,-3
44496,3
38844,-10
46121,-25
46725,-9
49351,5
61427,9
64088,7
50403,23
43978,20
40424,22
45206,14
58604,12
42766,-5
57362,-3
38303,-1
43479,-13
57631,16
45587,45
64123,6
47583,18
55909,5
54580,9
38049,-9
36234,12
50428,-4
64015,28
44933,26
53195,17
59334,22
36812,5
46980,-8
54991,3
55361,2
48971,4
57366,3
62595,-5
61798,-14
51614,9
51313,1
53800,-17
64990,2
65225,25
46479,-6
53921,18
42367,11
48356,18
42631,-8
37489,11
36383,12
61279,13
49944,-6
47721,-8
54122,-12
58306,1
45453,16
64275,9
57142,-6
43418,1
38086,14
43206,-15
53183,16
44014,1
46571,-11
48637,-1
50240,-7
54743,5
54055,-1
37534,-29
36819,2
58883,28
46170,12
55994,7
45562,-7
38568,8
60994,-19
58519,5
41422,7
56824,-5
59526,25
61995,5
64371,11
53127,12
51595,-21
54382,15
44422,5
62662,-4
36081,-9
47633,16
55277,14
63164,-6
51170,8
48144,2
42866,6
62106,-14
62895,26
47097,34
56238,12
50886,20
37502,-5
63519,2
40539,2
60966,20
62099,22
49699,-8
55046,-5
50311,9
50572,-7
47395,2
52327,7
43280,-5
52581,4
46805,-11
41123,2
61691,23
59201,17
45926,14
63487,-6
63332,11
61600,3
64717,21
40134,-12
55482,-6
58486,6
64925,31
51695,9
40295,13
60810,5
53818,-13
64615,-7
46487,36
64940,-6
59435,-6
48614,-12
42190,16
41709,-5
50595,-23
51783,11
45316,3
58325,-18
38703,-20
36182,6
38641,4
42751,-13
52116,2
54772,15
57300,-30
65483,-25
60171,1
43468,-10
58470,-3
54533,-11
46842,3
61185,27
55302,2
48635,-7
62648,7
58375,-10
61379,19
53854,4
59924,-24
52908,5
44342,20
48070,3
54343,1
45813,-2
42420,27
40674,-10
61169,26
51224,-14
59734,4
59849,21
36482,7
60468,-10
46079,18
45331,13
39876,-10
64792,-25
59953,14
64301,-13
42394,2
63102,9
38000,8
36196,-12
46880,23
63440,-8
40624,11
37130,5
59858,4
49081,-21
45407,6
44113,1
47494,-8
55189,6
60574,1
63226,-6
42466,-5
52916,9
45372,4
47942,10
55841,5
43146,12
37139,-5
41481,19
49855,5
42500,16
48833,5
47178,-1
55230,-22
57457,-4
60108,-9
39392,-10
40125,-4
45462,22
64728,-2
36628,5
45631,7
49894,4
50162,-6
64225,16
47357,9
64966,-13
50300,-2
56616,3
59378,-10
62457,-16
53194,11
36686,5
48254,-7
45872,13
53659,2
48244,17
51782,-11
36267,10
60599,32
63430,4
39910,-8
46985,2
60083,-5
63684,17
65354,3
53049,-1
57337,-14
44601,7
37571,-16
62965,-12
36964,-4
63065,1
61140,-11
58093,-40
54064,4
57230,-1
58837,-8
46493,9
58977,32
43233,16
48655,-6
64059,-13
38635,-10
41954,2
60318,-2
47598,7
43183,-1
38349,1
57316,13
54082,-2
50949,-8
36653,17
60978,-13
58839,-19
56826,7
47561,4
42679,-6
40181,1
37940,5
50562,5
36323,2
36299,7
47509,-1
64835,-13
40989,-17
56446,-15
51467,1
48036,2
57151,30
43021,7
51635,-6
50146,-4
41271,8
38327,21
59872,10
44241,7
58383,12
58729,7
42760,-3
64698,6
46796,-4
59223,5
36516,26
56070,-5
61899,33
53286,4
42461,36
38595,-19
42902,16
41594,14
50114,10
55941,-29
60553,3
62777,12
65114,-3
55789,4
45488,12
55092,14
61075,-21
46576,-13
57596,8
50190,-4
59688,-28
53175,5
63288,-12
58705,46
43243,-13
57493,9
55620,-14
42873,1
61359,-7
64589,21
36822,-6
51685,16
55264,2
47376,30
42569,-7
41822,8
49796,12
45568,13
45654,-10
64448,-4
55839,-3
46664,-10
41103,20
47193,-21
64248,1
37769,-20
54005,15
52904,-4
40712,12
59220,-1
61915,22
61986,5
44698,23
39796,3
49549,20
49345,29
47910,12
36138,25
60796,14
39181,-7
49993,-6
51103,-33
55052,-17
49765,-7
51953,15
39692,8
47242,10
62377,14
55032,-1
37675,-6
58353,-9
48969,14
48366,16
60375,-15
65265,-11
55605,14
60908,-4
42219,-9
43571,-4
36613,13
46164,6
64332,10
56688,38
36638,9
52247,10
60442,36
61686,-11
43395,4
42352,15
65250,-2
53271,14
62909,1
59785,32
55453,-1
61912,-12
37795,5
57296,8
62654,-4
55876,9
57989,-22
41480,8
60094,3
49808,-9
62416,12
64889,31
48434,15
62350,18
63494,5
45420,6
64451,-8
59400,2
37212,-6
52457,-41
44090,-5
64610,16
64048,-3
65012,-2
62735,-9
51277,-15
52787,7
64461,-8
54269,-2
55812,9
64664,19
38687,21
41395,11
45317,-7
59484,-10
53976,-10
36245,17
44059,-18
46118,52
38056,-17
54300,-18
54026,-6
44624,1
56917,-4
38016,-8
36203,15
41046,11
63020,10
45842,1
40759,-13
45352,-16
37473,18
52154,3
60679,4
49460,24
50600,-11
64422,-13
43873,4
43899,6
40329,6
43581,6
50885,-10
54080,16
50118,18
46338,6
47244,17
39428,-7
38883,15
62790,-2
63156,16
61273,-29
51824,-11
56957,-9
52836,-2
46988,-13
60213,-33
52328,8
38138,-14
46588,12
63253,-32
44162,4
63630,-1
41065,-9
54962,-2
60711,-14
56125,-9
55415,7
61998,3
57546,1
38801,-7
42447,-8
46362,9
50555,-5
63665,20
50826,12
38139,-10
44492,15
59433,16
45313,-8
39515,-6
49514,-7
51218,10
53125,5
62078,-7
55686,-20
55640,6
37775,14
55525,-3
65338,20
37325,-4
48990,12
48953,-7
46313,17
58966,-8
37060,7
53079,27
63385,12
45803,11
56434,28
54531,25
37693,22
36871,3
37210,2
47113,-6
42304,-13
41517,10
52939,-1
46651,7
52958,6
54262,8
47559,15
64825,5
41141,11
59240,41
36582,15
45609,4
54058,-8
49198,8
60163,23
64712,5
39434,30
48585,7
47547,18
50972,-7
53988,-7
52924,43
65534,-56
47168,3
47398,-7
40005,22
42693,-25
60652,4
58160,11
52995,14
52982,-17
39630,16
62714,10
38607,5
47215,-25
62456,-12
41084,-8
37121,7
41939,19
51283,1
58695,5
38065,-10
49734,19
64701,16
44072,2
65286,-6
61132,-3
53621,23
37054,12
51617,-12
55444,-14
45520,10
41299,-20
45881,1
38221,3
54092,-12
54519,8
61189,-7
48592,30
58918,10
41158,8
61714,-20
37820,32
62601,6
56149,-3
52274,1
61355,5
43767,11
57115,2
50569,-1
54432,21
62911,14
65612,3
62317,12
56164,17
46866,-1
51679,20
56605,-3
56062,12
41180,-11
38201,25
47722,29
50786,4
51312,35
42495,-8
40013,-9
37470,-18
39125,-7
38564,13
48259,1
61845,-8
46332,7
63613,2
62899,3
42067,2
53843,21
53909,8
59804,6
60081,-5
39773,16
61164,-13
44716,-1
60088,23
64070,-8
61106,7
45781,5
42299,18
41974,23
55975,-31
53301,-4
55581,-10
55168,6
45179,-6
44869,-8
37418,-16
37766,8
39800,-4
46910,-20
62464,2
57912,-23
64260,3
40128,7
48375,-1
63334,24
62286,15
60388,2
58287,-7
49005,-7
49682,5
57163,-2
53035,-19
60814,15
47166,2
58059,-3
46236,-4
51317,7
54041,7
60190,29
61338,36
65208,9
50961,22
52892,15
43215,13
62575,16
61508,-6
47575,10
64809,11
40921,20
47129,4
64514,-4
52885,-4
59070,19
48763,-19
60842,-9
55675,-13
36726,19
47938,-25
63345,-17
51037,16
38505,6
48780,10
48394,7
43178,17
53272,4
60076,6
58670,-8
41994,31
40629,-9
59593,24
48737,11
61380,22
49695,7
53916,-2
62526,6
64060,18
40029,1
51432,-5
42351,-6
46193,7
36821,-5
54164,-11
59416,-9
42026,7
57373,-30
38238,11
50833,9
62373,-4
65466,17
58014,-14
62381,9
63214,-35
46117,-22
43029,6
55342,3
48329,-5
56635,-3
38418,3
62363,22
57465,15
54641,-19
61315,22
47988,7
42561,2
49904,15
64441,-2
51219,5
41487,18
47152,-10
42543,3
45249,-4
62566,12
41558,-7
41378,-4
62845,-3
40577,21
46151,-22
52482,-9
53760,-6
46533,7
48594,39
60229,-8
53541,10
55183,-17
47673,2
63937,-11
61461,1
62411,-15
43951,8
39500,9
56897,6
40986,-6
45508,-13
60039,-27
64018,-1
51662,-16
61151,-21
57552,-7
43149,2
44243,8
53357,-9
60899,-1
55762,13
63021,10
65624,14
63077,23
61262,21
55794,-7
61935,4
57523,14
62682,-14
60988,21
45597,-5
42220,8
39675,-21
53966,16
42320,25
62428,12
36433,4
39235,21
36057,26
57929,-1
56187,22
65000,-5
59973,-14
57119,-6
63435,1
43444,39
58568,-11
36634,14
40765,-2
62549,-13
41875,2
47142,14
61773,-11
59696,11
55870,-6
59845,16
40844,9
47027,-19
40841,17
58321,-1
47627,-10
44819,8
36204,12
36712,19
64848,-9
51054,23
65321,4
52947,-11
61191,4
51574,3
62245,11
60165,6
41590,28
59816,-25
44156,2
61449,23
60604,7
47293,-4
43921,-3
40883,-6
55808,-2
42598,9
61709,-3
40527,-11
39760,20
47230,8
42188,7
46241,24
37591,9
51564,-3
55559,3
36808,2
41741,16
61681,8
45985,12
65501,4
61668,4
56928,-25
40563,-19
48916,8
64338,2
62715,23
39336,27
45296,7
37445,3
37424,-9
46733,-17
60739,1
59480,-3
37680,16
50827,27
45083,4
60718,8
62403,7
42456,18
45359,-6
54574,13
41496,-7
48673,7
41126,3
62460,15
58904,7
50189,-2
54084,-3
39896,5
60334,4
58466,7
42538,10
46536,-3
50453,8
43204,6
63279,-1
42660,-16
41227,-14
58078,-26
48835,-14
55399,3
56234,33
64763,3
38538,4
59756,-25
56662,-20
59586,-11
36886,9
44897,11
48421,5
48376,-5
48920,3
44130,23
60990,9
43390,-2
50516,-8
64232,6
63067,-13
43187,12
39008,16
52646,-2
56044,14
52371,5
41820,-7
54443,16
60856,-8
55475,-5
38574,-2
47531,-3
65694,-13
51462,5
44592,5
40963,1
41949,-20
44449,2
57988,-5
63513,4
41704,5
53022,12
59906,-31
41955,18
43423,-16
56604,-25
63959,-4
64661,16
42771,6
61653,2
64598,1
49191,-23
44427,16
43856,4
56764,5
44488,12
65529,13
48770,10
47924,29
37868,8
59357,17
62597,-20
48834,8
36601,-3
40153,11
62247,-22
41483,12
40483,-4
46775,-1
62409,10
54955,15
62265,-11
40452,20
64981,-11
55204,-10
61385,8
46202,9
64147,-7
59771,2
56011,18
51872,33
38861,-20
53735,-7
55923,5
63177,15
41830,9
58305,18
53058,-8
57351,-9
56409,11
46000,12
47092,-2
64793,-14
54407,27
59009,11
40941,22
60932,15
60358,21
57663,27
63397,-8
36189,-36
53680,-1
55883,-14
44718,-6
59908,7
52358,14
60581,9
40489,11
43496,3
36277,-3
52796,-6
65060,4
47147,5
43173,3
64316,-22
46514,19
50336,-4
39127,-5
36673,3
60624,-10
56008,-3
38709,8
63396,-28
63280,8
46919,2
52731,17
46345,22
51534,16
48580,11
63362,-19
57940,-6
50855,12
45971,3
57500,-7
56441,8
65658,10
41297,-16
44696,-18
43476,8
48850,4
63564,-5
44142,26
64521,-7
37777,16
61208,-23
51230,-6
40301,10
63064,3
38519,12
47149,9
65671,-12
39757,13
42754,3
55319,7
54102,-8
64505,-5
41237,2
63711,9
59281,13
53351,13
50956,-3
44006,-14
49145,-4
50796,5
49656,3
65154,11
58830,-11
42814,24
47186,-10
37166,7
54636,-18
65263,-2
55864,8
48048,-28
60411,-10
60591,-22
40404,-2
50860,8
54738,15
65676,-25
58745,-2
43471,-14
62444,8
42702,3
54495,3
45445,27
62653,3
61138,17
43785,-1
37028,-14
52909,-6
38896,36
48200,10
45138,9
53231,13
51742,15
54025,-9
54644,-21
56805,-6
53877,-12
45939,10
39084,-2
52930,-17
41058,1
63767,5
60811,12
39317,9
43277,12
39727,-15
60483,15
42857,-8
48842,-15
59508,-28
37358,-16
39269,12
54467,-10
58544,12
63335,35
46137,-2
41800,-4
47010,17
53288,8
40662,-8
56723,-2
64845,-19
60680,9
37342,14
61096,-13
52115,-6
60093,-13
64915,-8
50298,3
46185,13
41543,2
59020,-24
45885,12
37840,-9
48654,16
45952,6
58932,-6
62039,-3
58776,-13
42491,8
44799,22
61917,-1
52495,8
55874,-16
64775,14
39698,-2
43102,-1
52840,7
47764,-1
52605,-4
37328,9
57156,-3
58174,13
38179,9
60598,-6
47221,-15
48713,9
48794,-17
46158,18
59348,5
53384,3
61122,24
50092,-9
42944,10
46169,14
39654,7
62376,-16
43201,11
54358,-1
42060,-8
50270,-9
50859,-4
40928,14
53534,-10
49701,5
49116,11
48551,-1
40192,-18
45191,-9
60747,-5
42592,-13
58972,19
40477,-6
63190,-8
36447,5
62024,-6
63059,-1
63208,-11
49803,15
53068,-12
59252,-23
62998,19
44397,11
47415,-8
50795,4
48068,-7
48061,20
58128,6
53248,15
58981,10
36052,13
40806,9
37218,2
47086,15
38907,13
42521,4
60037,-1
45503,-2
48545,-13
39033,8
63016,-12
60928,5
47600,10
43060,-2
48035,-17
51183,2
59868,10
45212,-12
49097,19
54953,12
65276,-3
38919,-8
48683,8
45393,-21
38232,-13
63858,-5
61043,10
39772,1
56396,27
53849,-10
45298,-5
44352,-14
37409,-7
39756,-2
41498,-7
54783,7
62903,15
52533,-6
37041,3
43924,-3
39597,-1
40160,11
37709,14
39217,-4
52635,12
65410,8
36529,10
56856,1
57454,39
63643,-20
49600,-4
58937,-7
44011,-2
41752,12
65134,3
44296,-2
54098,19
41153,-11
64000,7
39335,-5
44288,-21
48370,1
50005,28
45804,14
65383,6
50590,-8
51033,3
50223,5
64249,-6
58638,8
40486,2
46340,-1
54381,16
64942,-19
64570,9
64784,-2
61516,3
52399,7
60066,9
59898,-3
52472,15
41286,-7
51392,16
52447,-26
54593,13
48878,-24
64327,-6
50294,-18
43569,33
60623,11
46276,-23
45491,4
62132,9
45841,-15
46618,23
60986,7
40516,-19
54286,5
47378,22
38011,17
49100,24
41805,1
60336,-7
42342,-3
48620,-10
50230,24
43758,11
45395,-21
39293,2
42620,-8
42688,6
61162,-2
59071,-22
52293,16
61284,15
49009,-26
36166,5
53065,-11
41418,12
37280,33
38331,7
56364,-10
44630,10
58314,-6
63090,-3
37270,5
45485,-11
43030,2
41226,-18
47117,5
58022,-11
37099,-12
42310,4
52255,2
36322,4
63098,-11
51592,17
37009,11
52896,16
57579,11
37981,-1
65266,-7
54669,16
36660,-12
55440,14
37784,9
54785,7
55718,9
50881,14
46132,-2
39612,-15
52458,10
42164,5
65655,-7
59861,16
39222,10
56818,-5
45784,3
42147,-31
60840,-9
53970,7
46945,-29
60465,-20
60926,-2
50619,1
64084,-5
52530,13
42324,-9
45757,2
64132,-22
49774,19
47476,22
59706,8
41772,5
47224,-7
53664,-2
36670,-5
48475,-3
56707,-8
57092,-29
42480,18
39418,28
60873,-21
49093,17
65668,5
59352,-19
50385,10
46631,18
58085,3
38155,9
62031,27
39260,5
49750,-6
39860,9
44484,-9
39199,-9
51042,-7
38320,5
40645,24
36054,13
37688,8
55040,7
38407,6
40694,6
48702,-4
36415,-9
63437,18
60286,-6
36566,-17
45416,-6
48066,-15
50535,-10
49388,-29
60706,26
57217,5
61716,-12
56584,10
36570,-3
52491,7
57340,-5
58461,15
45746,13
48978,26
54789,23
48706,5
49087,-18
47564,6
65432,44
48508,-4
59440,6
63328,12
42613,-5
40749,-1
52177,7
55227,21
52816,10
65288,9
36996,21
42725,22
39497,6
49428,-15
51916,29
44758,-11
38113,17
36997,9
53552,-1
50780,17
43055,13
62957,11
36393,21
50143,13
59887,-5
53204,22
42284,-2
49355,12
45231,11
50769,-10
64431,-42
65663,7
38964,-3
62315,-11
52606,7
40690,4
36702,10
52977,8
43107,15
46574,-10
57291,-8
61791,8
53701,8
40836,6
38398,19
48399,-4
55442,4
65153,2
57053,7
62753,18
57264,16
54661,-31
50237,1
37602,-3
48292,12
46719,11
43229,2
52244,-13
52208,-15
49883,9
40155,6
61678,-7
58633,7
61105,-15
36555,-21
36935,-4
44764,-5
53300,-2
65613,13
36940,6
36248,-3
64133,19
36499,16
38472,-7
62254,26
50254,13
63162,13
39433,-2
39957,-20
59190,2
62719,8
36593,-1
56770,39
42967,-16
55571,-4
37967,-7
54029,7
42130,-13
62320,-6
64622,-6
55410,-10
62431,16
63546,8
36146,3
39085,7
53264,8
46754,-15
55224,-11
36130,-23
60825,-2
52420,7
46826,7
56800,11
54312,6
61644,-8
51197,-4
60541,4
55464,2
48741,6
50800,16
42418,12
53280,19
61844,-3
59856,17
45412,-7
45190,2
38764,19
52914,12
50246,6
45066,6
52717,19
65366,6
56743,3
64893,-6
47033,10
46053,-35
50024,9
39808,12
36254,-7
54173,7
57122,-10
63896,7
55558,-5
45205,-10
59227,2
42202,-7
44520,15
54784,-3
62277,6
40213,29
57414,6
62398,-21
53978,-2
65505,-9
65673,9
53510,11
60453,-4
41157,15
65628,-5
65306,-10
64101,-4
44875,3
37805,14
55390,-12
50172,18
48041,12
51815,12
39268,9
36567,17
61536,16
52144,-7
56572,-13
58202,-22
48596,11
41703,11
45169,-3
42107,6
54354,-35
42392,-9
57259,32
50622,-7
54445,11
45065,28
44874,-17
39424,15
39720,31
41824,-6
64284,35
42623,-11
58908,-7
37649,18
57236,-15
65291,-23
60444,13
65692,-3
52778,-3
54186,-2
45269,-4
56682,-9
52417,-3
38022,-5
47928,-3
57224,23
54328,-11
48660,6
49482,-1
43474,3
41674,3
37724,3
53028,4
57908,9
53230,7
42496,-3
57843,22
37029,-2
51829,34
48150,17
56522,-1
57404,-7
59467,45
48227,8
39137,2
56781,2
49886,21
50623,7
55338,-37
65111,5
54493,-5
46789,-7
38888,6
45363,2
39386,-6
53317,-15
42590,2
64918,13
51034,-8
62519,-8
39400,2
49650,6
63508,-23
48250,11
48306,-22
51160,33
43976,-4
65251,-11
62961,7
62032,-1
58855,-23
38470,24
58772,1
59075,-27
62766,3
48444,4
58540,-1
62288,-10
54081,-6
40845,19
61248,-12
38395,-7
60162,9
53273,29
47776,25
58298,-9
62025,20
56376,17
45362,16
44236,13
62972,-9
51605,4
54435,-12
64964,3
43541,-17
54660,-3
49394,-14
64614,12
43109,8
50132,-5
53672,9
41132,-16
63300,10
38424,-1
36612,-11
37477,11
49906,9
45724,7
59081,7
48223,-33
51495,-4
47099,-11
41493,24
37048,5
40589,11
49612,-7
43059,16
38106,26
37177,17
46167,21
59072,16
46570,-5
36335,-26
63602,-4
62592,-35
52972,9
55918,13
40044,13
46051,-8
39787,9
48205,19
64551,12
38763,33
64522,-1
49336,10
51616,10
58879,11
53265,-9
38852,-4
45302,-6
53951,13
53001,-4
59959,8
58524,-5
38513,-9
39784,-25
58015,8
50106,1
56119,-13
36403,17
42974,24
55219,10
51434,-3
38181,25
56865,2
55898,5
43364,9
58040,15
63340,-4
37354,23
57556,-11
42231,18
47696,-6
37633,16
64783,-6
55677,17
38438,15
53712,-7
51305,1
45801,16
41281,10
64013,-14
58797,9
57662,-18
45272,-18
39064,-3
46188,-10
44391,10
45390,-9
50538,-12
41343,19
40018,10
59177,-18
51409,20
40179,-2
37015,14
43341,-15
63038,-13
52480,-32
54349,8
63473,-11
46037,-30
50399,33
63410,-7
60692,15
41064,-5
54613,10
63042,5
47267,-16
61301,-7
49864,-1
55155,1
54685,8
48378,6
54775,-1
37975,34
40721,-23
46615,8
36933,13
43337,-5
58605,9
44069,-1
62006,28
51297,6
61123,-14
62902,-3
55981,20
43820,1
46497,-3
63651,9
55428,-15
47755,17
50457,4
56251,35
36767,19
43264,4
44408,-13
55311,13
52771,-5
57471,42
50945,11
60211,1
47138,-2
54331,-16
55780,6
54219,16
43324,15
48098,10
37431,-9
39608,-20
45361,24
41477,3
65454,-9
53115,-7
61638,-19
59499,5
51645,4
61689,-5
52407,15
51307,-12
37910,-17
44365,12
61297,-19
63518,14
36847,-7
40851,13
63908,-6
48765,-27
64440,2
65682,5
46819,-8
45440,-8
61322,-7
61868,-9
51928,-8
40540,3
38676,-10
51032,-10
64009,4
62708,9
62435,-22
43995,21
58117,6
51015,-5
36186,-9
60276,2
38075,-6
62379,14
37206,-9
48197,-1
38092,15
57386,-8
47209,14
49181,-13
58164,-3
39474,-2
62002,-8
63811,-18
43119,-8
40407,5
47009,-13
63317,-17
55286,3
57137,-5
36312,10
49609,28
44599,6
55547,11
48821,-9
65305,21
45290,-12
65167,9
39856,-11
50544,13
52670,-2
46281,-16
40392,-8
36586,11
56867,12
62742,2
44665,3
48218,-21
52122,37
45608,4
50362,3
65513,19
52415,18
43727,6
54315,13
52212,-8
64394,6
48284,3
42690,-4
61505,10
44393,7
49156,1
60937,15
58007,-3
39027,7
53524,4
50034,15
61792,-4
38711,7
60949,-4
56849,-8
45659,7
61504,19
59199,13
36655,16
57187,28
54979,-54
40543,-4
56668,25
62989,-3
55934,15
58814,22
39338,-8
42787,-5
37542,31
45303,23
55036,-25
64393,8
51769,9
47515,9
40278,-9
61497,6
45103,-7
40476,11
48550,14
53785,-5
65434,-4
60935,-6
59722,2
48687,-5
44755,17
40852,-3
64092,4
62050,-26
50474,8
61856,-25
62492,-24
57619,11
48423,21
59194,16
60418,14
52791,-1
41367,6
65406,19
43169,-8
38463,7
59413,7
37792,24
47737,3
56223,-6
48759,-20
65236,12
36379,-8
62219,-6
48360,3
37383,10
64999,25
61794,-5
39684,10
53724,3
58865,-18
39048,6
43010,4
40136,14
53209,2
63691,15
55837,10
60476,19
60820,13
57926,-17
57175,22
45935,-1
44526,1
57932,-9
64677,13
48923,12
61782,3
49975,-11
64149,12
59994,-3
55154,-6
45415,-15
36101,9
37281,-7
59569,17
41184,5
38385,5
51794,-3
38162,-2
37566,10
43780,-14
36194,12
51282,18
36522,2
42170,-3
49157,22
61485,-7
60912,-1
48617,5
52745,6
37804,17
52721,24
52402,4
45227,24
43878,-9
63840,-1
59215,22
61290,-13
60021,3
40899,-15
38755,13
60577,29
57879,-18
54728,2
64814,-15
47439,16
62190,-3
63191,-8
42869,-8
61490,19
59222,-18
57476,5
62152,13
57851,-12
49706,12
59299,20
48060,3
58517,-5
56492,18
54781,8
41989,19
39111,13
64310,-13
39673,-5
64879,-3
61454,12
39072,10
39013,-5
48169,28
63763,-22
44809,-4
51932,32
59945,-20
64379,13
62613,-7
40309,-16
54040,17
52541,-4
44155,-4
55589,8
53736,-21
44204,5
52883,14
37664,6
49500,12
60952,8
59605,-17
43234,10
62044,9
41523,9
60792,4
53353,16
45281,-7
47765,2
44796,2
60620,29
55566,7
56056,12
54696,14
59686,7
61179,14
37346,10
44591,1
40079,9
38643,13
49433,8
38617,3
39230,10
56392,-21
40877,8
57952,-8
52981,7
61985,10
38148,-6
56194,-4
52412,10
49505,-10
54782,-1
65180,-25
64055,-9
59795,2
43133,3
49817,-10
37321,-10
49846,-12
36845,10
51342,-8
55070,5
58220,11
47775,-11
40612,22
65174,-4
52253,7
40887,14
57220,9
59844,22
60663,-7
46503,-6
44868,9
57906,-11
54703,-4
50484,-17
45391,-11
39496,1
57321,18
57971,21
38240,15
52927,-3
62778,11
40471,8
42198,-5
51035,-8
54338,8
36863,-6
51816,7
58734,18
60421,-1
44519,-10
59428,15
58276,-7
48680,-4
56053,-8
51925,9
45788,-19
58936,15
64956,17
64234,15
50200,24
39098,11
57301,6
61587,8
43268,-24
42772,2
39344,17
56936,6
61032,30
44682,-12
53275,-21
47075,1
51041,-9
59763,9
47391,3
49105,-15
54227,-7
47664,6
65340,-16
57088,15
63878,1
43806,12
53333,3
51168,-9
57077,5
60114,8
46484,17
37523,3
40919,-5
49712,9
52897,10
44201,8
48847,5
56961,-6
59825,-2
58655,17
63001,7
41845,9
47990,11
41280,6
58812,3
42695,-8
52429,-7
41538,18
36809,10
55580,-6
60997,15
43361,30
62289,-31
65538,-29
58253,-25
38761,5
38121,14
62726,-6
36992,-16
61870,6
38526,-10
45466,-11
37801,1
46269,-5
58151,-7
60513,-22
46201,19
58911,3
62345,18
57327,4
40289,1
54083,21
57058,-25
50020,7
40990,-2
54361,15
41636,11
53136,7
46788,26
56228,9
40803,-15
40426,-8
60129,-10
50097,17
59784,-11
57198,8
49622,7
41347,-7
38032,-1
48817,6
49576,-13
54600,5
50115,13
41017,12
65248,-14
49851,7
42833,6
39644,-1
60299,1
62421,-5
65664,-12
44233,8
44740,7
44136,19
46707,17
37667,-5
53931,-6
62578,16
44133,-10
49849,-16
40258,22
42506,12
57133,-5
62205,-49
45809,-3
60923,28
48199,14
38752,15
58760,11
42564,24
40708,-9
57647,-1
37896,-4
39116,4
56498,8
56656,4
63260,22
51501,5
37687,6
39461,-13
39520,-7
65009,20
47446,-11
37834,7
50343,17
51890,15
39843,19
39412,1
48064,16
43246,14
65136,-25
58838,25
59833,-7
48146,15
45078,-5
64651,-7
36167,7
42007,5
57502,2
50260,24
52238,-2
40497,-9
43197,-17
57157,13
36868,-7
63694,-1
61601,27
65123,-8
54379,-3
47976,10
43946,20
46773,7
65048,-10
38485,8
62366,-13
46934,12
53740,-4
36855,10
59975,-5
49624,6
47900,18
64854,-19
65320,-9
50899,15
48803,-3
41827,-10
38158,13
63889,11
36834,-3
46538,5
42948,-11
38718,18
53373,-13
52665,4
57954,15
39802,21
38935,7
55886,6
51128,17
57345,23
39272,22
44026,-10
42409,1
64516,-15
61137,-15
59837,9
50054,5
47497,5
55380,37
50571,2
40658,8
63912,-21
56160,-3
38285,30
41421,-9
38378,25
54345,13
47653,5
37161,21
47182,-11
55719,10
36460,-37
36963,19
45731,18
62481,-8
64090,-18
41456,13
41836,-18
59551,4
52269,8
61478,7
59376,-2
61947,20
54597,-11
59574,15
44552,8
38012,15
47695,9
40064,2
64272,5
39731,4
55512,-4
57659,-6
49413,6
47639,13
37289,39
38234,-3
56227,-9
45469,5
55705,15
40716,5
58871,-6
42032,7
42615,18
43967,4
48459,1
42993,10
45795,-6
63918,-6
46928,-23
55651,-12
54460,-4
50804,6
53995,16
57956,6
43740,24
36118,-2
61357,-41
56524,-4
52419,-2
58549,4
63369,19
60752,-17
60222,-16
63307,13
45349,12
44170,2
59277,-1
41999,13
47550,23
39435,-6
41463,-11
56075,7
63625,8
44325,1
56150,7
41304,8
39574,-21
44730,7
37950,5
64609,-8
36276,11
48724,-9
55119,21
44147,29
45595,-11
39534,17
64093,-4
50977,4
55509,-6
56448,-4
64641,8
46961,8
37384,-9
44675,5
37661,12
41335,-5
55575,-12
43091,-11
38261,3
46150,-11
59847,19
53655,-2
64756,-3
64094,42
49602,18
62956,-6
57370,15
51340,19
55541,-9
43038,2
57963,20
37959,-5
37870,-16
46050,15
49112,14
49566,3
42281,9
64711,1
42331,-13
40254,-22
49444,20
53619,11
62727,-2
63865,9
45618,1
42519,3
64820,-7
50371,-4
52280,1
50328,-2
47347,-2
36887,5
58018,5
41608,17
49859,-14
51055,-3
56066,-6
50542,-11
36158,7
45120,9
59775,-9
62007,-30
50787,-14
44822,7
61300,6
53284,12
41390,-7
45396,7
47180,5
40370,-6
54458,3
38634,-6
62246,15
49671,-19
63215,-21
57361,4
50543,7
46982,9
57143,8
60797,5
48118,9
42817,-7
41670,-12
37647,-3
55248,5
64446,-15
64723,14
63367,-6
39858,13
51023,39
54271,8
46947,7
46560,20
37803,18
52574,2
59208,3
56363,26
38516,-13
52808,-8
42788,6
60702,-21
52623,21
48704,22
44106,13
49535,-5
51115,22
63548,-21
57935,3
42421,1
64279,10
63224,22
64277,2
53627,27
44421,-7
43724,13
46080,-7
42216,-12
47978,13
39640,-4
42336,6
40678,6
51923,19
53519,-2
61452,-2
42277,21
54691,-12
55491,10
64909,11
64852,-3
46660,12
49395,-32
41798,15
44315,-4
50128,5
39130,-10
37948,4
42932,20
65674,15
43836,14
56971,2
44335,-3
64830,20
41918,-20
60315,-4
56421,7
54313,-4
55161,8
41170,2
41174,-13
50248,-9
51780,-12
40667,9
42859,5
53759,16
52640,-7
47982,-8
38167,2
44313,5
44880,8
49638,8
36096,10
54033,10
36343,12
59620,28
54671,-23
50924,10
64110,4
50193,-11
40478,23
57270,-9
57872,-48
56504,-23
48899,-10
60302,27
46871,13
46846,6
41288,8
59999,8
46881,5
60748,-6
61051,-20
53177,-1
50870,3
63808,-3
46551,10
56108,-3
55908,-15
53918,-4
42426,-5
43031,5
50341,7
60486,-3
39946,21
65128,-4
49516,2
59394,11
58853,-26
61768,11
61381,4
47707,14
60588,4
46552,6
54066,40
40234,-7
36707,-6
39310,5
55402,5
44635,6
46196,-1
49152,8
62954,29
61498,6
59840,-17
48142,-14
42138,-18
42286,12
52076,29
43400,13
61641,13
54155,8
42302,-13
55421,40
48739,12
48520,32
39864,14
42317,-27
40346,4
41617,10
51134,13
44104,3
40210,-7
59780,-3
57205,24
56458,-19
59258,21
57098,9
60136,13
53531,3
43093,-15
40938,4
55695,-3
46713,9
61541,2
56803,29
40900,14
40683,13
58844,9
45835,-2
61459,-9
57990,13
54726,-13
46602,11
64604,9
60813,4
63413,8
42991,11
44180,9
60050,-7
45806,-13
42999,9
42931,3
49676,9
52676,16
64271,23
58259,-6
64243,-5
40719,18
48678,18
43046,13
37293,1
47973,19
52147,14
57000,4
56438,9
58448,-4
60353,-23
46325,-13
40904,20
61713,-7
44743,12
44590,7
54472,2
46569,-11
40409,-4
54165,7
46750,-5
62677,-15
53644,8
51235,-1
63629,6
43289,4
51176,18
39463,13
64136,-30
46300,7
65075,-3
41022,17
40590,-3
59374,-12
61751,13
54111,26
58509,9
48843,4
38090,14
42045,5
60409,-10
61056,15
52339,-16
50081,17
57907,-5
40855,9
47309,-10
39680,-6
60951,3
61001,-25
54973,5
51882,-17
42037,19
46145,7
55515,24
49386,14
51934,-12
44338,-9
36445,21
36425,5
44865,8
43316,8
46737,-2
55148,1
57626,15
50397,-21
58513,6
42988,-4
43020,-33
57551,19
40204,-1
61260,10
64933,6
50175,3
44578,9
38235,6
63879,14
37056,-8
41172,-8
61229,5
61220,6
62850,34
56497,12
36050,2
46527,-1
55353,9
40850,-18
53650,17
60837,5
41761,-11
49182,3
56950,17
61525,14
37623,-3
54319,-25
38823,13
64630,19
61702,13
59941,-8
49841,-7
41368,-1
43362,9
60913,-14
51583,-16
42090,-14
57401,5
40881,-7
41010,-1
36580,-11
43533,12
56369,32
39763,-12
60630,12
50284,-18
45622,14
58197,-5
36708,6
61386,-5
62361,30
58792,-7
47416,-7
47368,5
37395,13
49948,4
43164,-6
61932,14
44825,31
56218,-4
39374,14
44216,15
48334,-2
45873,-1
57210,23
64859,12
41693,11
57002,-15
54651,-7
42238,4
52656,-4
48209,18
50468,2
63305,3
59077,-6
47396,13
57904,11
40956,5
37894,10
60125,1
49597,-5
65425,13
38147,-12
53527,1
50053,5
41077,14
54323,8
36864,-21
61387,4
37573,-4
37255,-8
36545,5
51429,-18
46581,29
42580,-1
56698,-6
46541,4
45861,-2
62949,16
49741,-6
62459,-9
60428,28
63136,-18
39753,13
65055,-10
58578,-19
40794,5
57997,9
48219,-2
52380,4
65459,7
62717,-6
57915,10
64336,24
41349,-1
56549,-25
42638,-7
37852,-3
57112,-12
61230,16
39185,14
63882,8
63210,-4
37366,7
40358,16
43544,-1
62514,-5
63735,-21
44854,-8
64937,6
63911,-15
45865,-5
50432,-11
64508,7
59350,12
59981,9
55055,18
63272,-5
56196,8
65463,-12
42363,-3
54586,8
50589,-8
59022,16
37584,10
47998,-22
48021,11
43106,25
38583,7
54348,10
61052,-8
52263,-24
42781,20
40892,-11
42851,9
61822,-8
40376,19
45209,9
41382,27
61141,13
45633,9
40775,17
60350,-19
47567,16
59034,5
58890,-1
61671,2
55671,-28
37103,-8
64738,41
37208,-12
57262,-16
43814,9
59397,16
47523,4
61003,-14
40537,-14
61077,-4
58709,3
44498,4
41534,8
58675,6
56406,5
54112,-1
63874,5
38546,-16
40406,14
40217,8
61894,-20
65295,4
53790,32
50548,5
51258,-20
43236,-1
36739,-10
58221,2
54760,2
64972,30
50937,28
45070,14
51143,1
48649,-22
50209,-6
59726,-7
58697,18
38958,14
51298,-13
46911,4
41692,-10
57392,-8
39484,9
48548,-24
43407,7
60617,17
63742,-15
38185,-9
41152,14
41121,17
55086,3
57806,-11
54517,10
52943,16
56410,-1
51273,17
39011,7
56019,-11
42036,2
48162,-10
62679,9
64930,29
60975,10
36769,-7
43750,12
43706,-1
36453,9
47731,-17
63571,-23
41793,-4
61479,-9
54220,-23
39311,-5
57600,-12
45091,12
62118,13
36458,-18
47654,4
46102,-4
52200,10
53176,23
60557,-2
62779,-22
64896,-4
38124,2
62757,-9
64668,8
48666,-27
39417,3
41774,3
57834,11
47029,-7
58109,21
61534,6
54461,4
39959,-6
50104,7
41584,2
44165,-1
41435,7
59541,10
38782,9
41100,-14
40046,10
63623,-9
38469,14
48443,18
42883,-13
63986,19
55202,25
36892,-10
60112,-11
62950,33
53242,4
41926,8
62339,9
56465,15
40657,-6
53259,-10
45825,-19
45492,5
64938,-11
46108,-5
38533,14
48427,25
60716,5
43440,6
38893,2
50813,-2
60474,-26
41929,5
64125,16
40498,-2
63812,-23
61232,24
63690,-4
60293,-22
38523,-10
60426,14
46850,2
47544,2
49870,5
55656,7
49921,3
47703,20
58917,7
45720,15
56368,20
43303,16
49909,-19
39550,-24
37721,-2
57978,6
56773,8
44293,-10
64416,-9
60815,-23
51901,-6
53975,-1
45947,-7
57797,29
50125,3
39387,-26
49809,-8
53139,21
61215,-10
49398,21
57298,1
53954,-2
41285,-21
43968,-20
50032,9
64971,10
53907,4
37122,-12
55179,1
45489,3
37973,30
61371,-8
37191,-12
56464,6
41997,-29
44471,19
62744,-19
65333,11
51008,5
41225,5
50842,8
54225,10
44474,4
58481,10
63737,26
65242,-6
65541,-11
54030,-30
40511,-9
42849,9
44150,17
43129,16
43016,-24
52095,21
40188,-20
60838,17
63046,-3
36917,12
58598,17
59044,19
58951,22
53283,-6
52874,3
39095,-13
59500,11
56750,9
51345,17
52223,5
64782,3
38535,14
52233,-10
57480,30
40823,7
46192,7
61320,27
60266,26
60102,-3
54543,-9
53969,-5
57395,11
57875,-8
36894,-12
64037,-4
47359,-5
59728,-8
49746,4
50028,9
63221,-3
60423,-6
59811,16
63026,5
47286,-8
40541,23
44336,6
42705,28
48544,6
38410,-7
40826,24
48828,-1
61804,-5
56576,-2
59434,7
60782,8
44879,-2
47040,-11
55356,-5
42034,8
53932,-27
56430,31
41849,24
59405,15
43256,13
43393,7
49038,5
43723,-9
44259,3
36825,-21
48754,30
37451,-7
47122,-3
53548,12
61617,6
39053,11
55201,-11
47486,4
40060,13
43505,2
49538,-6
39909,2
56248,-5
37937,1
41490,-4
36610,-5
60518,22
59663,-5
37858,-17
64120,36
62131,5
57020,-21
56953,5
65669,3
42150,6
39019,14
54375,-9
46885,12
36231,22
63194,4
58817,22
36740,17
65294,-22
54001,-6
48973,13
36342,-5
39464,5
55842,-8
37101,-19
51180,-21
47150,7
39488,8
54464,5
47109,-6
55720,19
63298,20
61150,-8
44371,5
43842,-2
47705,-14
40688,10
61494,-15
49571,2
45292,-12
44159,10
65189,6
41648,11
45436,12
43072,6
58622,8
52531,17
53620,-1
56980,-5
41943,6
47070,-11
44917,16
39480,-7
51311,12
51119,-8
55208,12
42943,-11
54440,20
57072,8
49380,21
44213,14
45431,4
40601,-1
64857,-17
47689,-35
40781,-1
58225,5
37259,7
50071,2
59824,-10
63582,-14
40033,-4
58640,7
63355,9
58222,6
60755,21
41747,10
62164,-14
50617,7
54351,37
38913,-7
48474,5
58162,-25
58702,-13
50953,-6
39005,1
50918,5
38242,10
53377,1
41640,2
38601,-11
52481,-16
62257,3
57928,5
45922,10
41587,8
55163,9
49499,2
48688,-4
63751,13
60006,-16
42343,6
40545,13
37195,-7
55770,6
51927,-3
46159,5
56796,5
43450,-4
46641,-8
43208,2
56734,33
58277,-14
51335,-5
41471,-6
38091,-5
49793,2
48340,11
53266,-12
45493,-27
62627,-30
65346,19
50819,-17
53657,-3
57788,7
59343,15
51232,-10
51003,-11
42666,-3
44283,27
44318,-22
37844,44
40782,1
47504,4
38427,25
60503,-16
41807,7
55474,-6
56602,16
44843,-2
55358,-35
37776,24
38955,-4
47914,9
44501,3
38028,-25
63424,-6
42596,20
50989,8
60909,17
38855,-5
54054,8
63849,9
52603,21
56026,-4
48094,14
58011,-5
45624,16
62612,7
60096,10
51833,-20
48279,9
37972,-11
60936,-8
36238,25
43940,2
56557,31
44167,-8
38369,12
40435,9
62770,-16
49193,8
57947,3
47950,13
36243,-1
57136,11
40977,-3
59344,-25
63788,6
41839,19
64899,13
55222,-14
58901,23
58978,-12
50574,2
60337,6
43442,7
41903,-9
61976,3
36895,10
50502,8
51301,12
40783,9
64281,-8
54093,36
65274,32
65121,-12
57322,-18
37678,12
61091,-2
61365,-12
48154,6
57207,-8
54686,7
42635,-13
50433,-6
55368,4
58961,19
57389,-14
39348,27
55008,-8
44157,-7
38040,-14
36704,-11
50170,11
39794,23
58142,-10
41578,6
59384,-4
62713,-9
43576,6
45759,31
59673,10
64797,-6
42826,20
37348,13
61203,-3
64359,10
47999,14
59401,-5
52602,3
46623,10
63584,5
55178,-6
59259,-9
46566,-10
53052,-4
65631,8
39671,15
50556,8
38737,11
47645,5
53207,17
46074,8
47314,2
47210,15
59724,12
56783,4
46199,20
53093,-7
60477,-8
37100,-1
58365,18
56868,17
37720,17
60703,8
42424,14
43737,-14
51566,22
55272,8
59828,21
48888,13
58845,8
44918,-6
61219,-2
56414,4
54258,6
52829,-11
61669,-11
54997,-17
60846,1
61532,10
59786,-4
58863,5
36247,-27
58217,4
60749,-20
62923,6
49190,-10
42960,30
36543,-18
61196,-4
54423,-28
57466,-11
64812,3
50398,28
44273,-9
51694,5
41104,2
46047,-8
61966,12
47358,-17
56246,-7
62857,-29
50783,5
48342,-9
38498,8
61026,-5
56730,-18
52160,12
49692,-16
44555,12
60087,-20
56725,-1
42232,10
64400,14
39605,21
41940,10
49171,-5
50611,-3
36432,4
42786,4
59427,-8
41306,14
52317,4
63550,16
38739,32
38069,17
59272,2
38612,11
44169,-15
53111,11
53343,2
55577,15
41324,8
43258,6
62496,-9
44734,6
42381,-1
58588,-13
48690,-16
58616,30
45553,-7
54273,8
44692,6
61728,-28
60674,17
61703,10
60248,11
61680,-3
37057,-5
63330,-19
43792,32
48039,-18
37036,3
64036,-4
40343,-5
36202,29
41723,-3
42923,2
49615,-17
45977,6
44152,23
57469,16
50042,3
47198,-11
48158,7
37062,-8
56699,-4
61366,-11
39989,10
37627,9
64010,-9
39196,-14
51287,-2
44389,3
48711,13
54170,-11
64678,13
52682,-1
63533,4
60910,3
59295,-1
60044,15
63418,45
60852,-3
38656,7
61324,-3
47409,1
46626,12
44596,25
46646,-12
46948,-3
45075,13
47020,-4
59200,-4
51248,-1
65010,9
45121,3
39936,9
39600,-6
47787,8
55043,-11
37309,6
61545,7
37941,12
58387,-2
39049,17
56249,10
36230,2
63861,-21
63030,-15
38791,4
55562,-28
61660,43
56073,33
63137,14
44829,-12
65026,-18
42446,-1
57011,-11
58284,-6
54579,-5
42470,-3
41099,-8
41359,-8
38475,9
60760,-10
64513,4
36810,17
37727,-4
44485,24
52918,45
65041,-3
47756,-3
65636,22
51169,-2
59387,-7
40472,14
53861,-7
42313,-3
59543,-4
47677,5
48469,-8
58920,-27
41438,10
36901,14
52690,-10
61081,8
