"alpha","beta.1","beta.2","beta.3","beta.4","beta.5","beta.6","beta.7","beta.8","beta.9","beta.10","sigma"
0.144002124174924,0.204693332137019,0.263319193256585,0.210164285214457,-0.287516421467682,1.53275520961284,0.485109797862043,0.119287198364519,0.136016292650265,-1.19438863673828,-0.0331721914206593,6.149901528005
0.0866349958218755,0.181989191902654,0.262114642204517,0.191303412811609,-0.243938249685028,1.52599660671263,0.49618329717159,0.168959839132935,0.134815303585233,-1.17863999224842,-0.0603697989915296,6.23465124247877
0.0787276585993687,0.195355220642598,0.252568121986715,0.194621526844587,-0.255545873445117,1.52615054590554,0.486734719702016,0.166522019511426,0.153733357364421,-1.17174688786154,-0.0583668218213695,6.13355181457501
0.0696507146078144,0.198398653966644,0.255658723744781,0.201042298137306,-0.258723677840965,1.51986903141745,0.499238354820595,0.152543859675744,0.16755725898913,-1.17607956848523,-0.0504980536870521,6.20452052121964
0.102854440000331,0.212188567491552,0.258670183173114,0.225697944936399,-0.276972530917503,1.53255129062315,0.484836597973646,0.136192653210625,0.14801670112437,-1.18903671403253,-0.0105261092986324,6.15962807295703
0.0718353862937353,0.202029316853876,0.254258303935927,0.208865267845017,-0.259268271809841,1.51796640613246,0.504500613331205,0.156641174297176,0.138236403512588,-1.1570582089888,-0.0376158047496191,6.15575503267097
0.0675613948907489,0.22639341742355,0.259093257083305,0.210582324968313,-0.299066383745422,1.54369977601294,0.497886436037021,0.14937125274954,0.153150514993086,-1.1604396657968,-0.0653443260855648,6.22342251522182
0.0795897208612314,0.212995347810808,0.258518122808645,0.217638246544419,-0.282374710993961,1.52737027903794,0.483859765658903,0.128828543164237,0.138737738077736,-1.18211224350771,-0.0220427073833517,6.17564421857653
0.15426493540119,0.194529284482572,0.269905878565852,0.198419662278615,-0.255492446095691,1.52426007668487,0.490205838917367,0.164068518542717,0.13699739682231,-1.1586247408411,-0.0516648537983413,6.18357335351518
0.0182273976974635,0.188885516606715,0.268183002873975,0.208916839957284,-0.247383500289293,1.52557191413366,0.493096256759219,0.171714877729977,0.138245088935139,-1.17778949046821,-0.0391411173429135,6.1537551180045
0.0906357032181963,0.213488411964202,0.258830872976577,0.211925144690188,-0.275423220851572,1.51999058201611,0.497354306755924,0.173908557898328,0.188295461735494,-1.14764916640358,-0.0389382576708091,6.17803878453197
0.0622356746488855,0.214069869819318,0.264119678257652,0.200879059181919,-0.294764158889038,1.52864757503281,0.483008965991065,0.187262004338826,0.145626077456455,-1.14589957546016,-0.0658464370671984,6.1920457604041
0.111475776711187,0.202590462266698,0.269558586972139,0.197935847649382,-0.272200125031805,1.53908465562904,0.480621858195092,0.181106314433699,0.170693178312399,-1.15747101689312,-0.0568546012437845,6.121947444298
0.129774241861297,0.185271910306751,0.264745786909447,0.186865781203405,-0.251184536483945,1.53833876490572,0.4811978942757,0.167770849936874,0.136947865842535,-1.19634978319543,-0.05402916630792,6.181263249986
0.113202785481374,0.213281752587074,0.257098929717423,0.200896583134173,-0.273576818453746,1.52767599000267,0.488061402599822,0.148039411335601,0.144310101527999,-1.17367359595799,-0.0727030254600235,6.14020240542954
0.116058874162516,0.207353622894766,0.264650926685086,0.206678150558661,-0.271103885123441,1.52689466781437,0.495672796772768,0.13518407575151,0.169914176444817,-1.17919553137342,-0.0343889125078942,6.16488289866409
0.0432724632831562,0.173007306245488,0.259225097106706,0.187117066601798,-0.222973763603459,1.52408311997591,0.47844618171805,0.155681281991864,0.135174284985657,-1.19415731947095,-0.0571829087847522,6.14615902693246
0.149392238530332,0.204448677949758,0.261938045715749,0.204643136035209,-0.263541350194378,1.52383725153419,0.501149950767121,0.141453236267308,0.146295057429985,-1.18686188187771,-0.0493889821436225,6.19040673890971
0.0741776107072088,0.180749546119816,0.256778848588758,0.188914290353186,-0.247737300251755,1.51528027754475,0.508812556116748,0.141879429076153,0.124222349422252,-1.18451618184929,-0.0497327808844711,6.19174063342117
0.164850640321805,0.204774855953196,0.259198566772808,0.187889589635828,-0.261793140081144,1.53095053516522,0.481277170811659,0.159582771635296,0.148380378816484,-1.16273792654787,-0.0848719165307921,6.23228948130148
0.148468560767879,0.207798542889591,0.256233456712405,0.205390178863101,-0.277132053944031,1.53973690461194,0.477494197765701,0.15890863607177,0.162413655235676,-1.19355250287566,-0.0299815922712219,6.16037213796818
0.0813259734722883,0.181030563815594,0.251804254840993,0.175248566911783,-0.251492578797105,1.52921277056379,0.49421749236666,0.156063887540058,0.140659736899787,-1.18250294527393,-0.0842234483023701,6.19349211054916
0.15469437517516,0.187305483892001,0.253729012170641,0.187003713570721,-0.262960310560442,1.54116257627486,0.489350233995226,0.142511458072515,0.13490119649983,-1.19921986895971,-0.0476447289996614,6.15312010917191
0.129522769471346,0.20352560541558,0.262049629598719,0.190783571569691,-0.279899374183674,1.53894765218286,0.481008435055621,0.176558233556881,0.139127884123797,-1.16752582392844,-0.0608672710395671,6.2424313754202
0.034234737704232,0.205336749837904,0.259724477378645,0.214485734332867,-0.275427339789462,1.5260628803375,0.493986093029494,0.15110965305609,0.170397464779552,-1.17815068209834,-0.0499883276139619,6.18283615039803
0.0754775298664959,0.184976376178989,0.267630015925252,0.189125194467764,-0.246947459124939,1.53141453870458,0.496483984768826,0.152509981221864,0.15143615272938,-1.17862551462504,-0.051502228258615,6.15983427764443
0.115516375111673,0.200472804039641,0.258154141582575,0.199867723228848,-0.269952461069562,1.52599742364401,0.487663086254011,0.151129423379663,0.149115830771,-1.15630255883518,-0.0456014558077541,6.21439235070007
0.0892926143864484,0.202481662112113,0.266182603184672,0.213494201737738,-0.260276724816708,1.52510033509122,0.490032608765199,0.17057154610624,0.142042803922243,-1.15903005336053,-0.0341991076563438,6.2044905513163
0.0677471537604177,0.193133043681985,0.255748873444165,0.193655914704942,-0.247843918058764,1.52830570156395,0.488660347000812,0.189297949594478,0.14066018127785,-1.15883842936886,-0.0720378633300934,6.21099554621577
0.103084489601811,0.190123882661144,0.25451305626052,0.192372416963157,-0.244089916828628,1.54343434260723,0.482818465914228,0.129048257748275,0.131184708328297,-1.20471711550234,-0.0484576492731575,6.14669811959806
0.0317421337939563,0.222982074006609,0.253886072893108,0.197684974305253,-0.282874603775762,1.52437056940943,0.482631954817114,0.156571268317382,0.168005081086194,-1.14016655126203,-0.070131950260781,6.1979547193611
0.103474020565582,0.213505635372365,0.266063998206323,0.213713006225702,-0.280160063741675,1.53702206757645,0.492921216650614,0.146181219301888,0.127491375501001,-1.16583348214855,-0.0340273827197659,6.13439771532334
0.0793207826609595,0.201714443726069,0.258724493228999,0.183876349599206,-0.263978507855891,1.52687371710525,0.489659962741019,0.195259247785855,0.147394457185169,-1.16220222993603,-0.0694157991594323,6.12931821924175
0.0791277335869275,0.220491957002085,0.252451462890383,0.215031244734271,-0.298723893487606,1.52830487767105,0.491876148202614,0.149235834681559,0.128582304114973,-1.14809038118139,-0.0493082240574314,6.23654238565703
0.185212854853617,0.188312005556552,0.249676126885968,0.191300653126609,-0.250136810343656,1.53288817299336,0.487887448378436,0.145864153419333,0.140016782818327,-1.20941804061425,-0.0444387283108872,6.14892616075092
0.0874680214574602,0.19964189948222,0.256131412470357,0.188543482471638,-0.267607619208114,1.52900443741044,0.488875435383688,0.134934225130782,0.140972329072916,-1.19165111711591,-0.0698694326219539,6.17960916855857
0.089500443401408,0.197731485556645,0.258039496137421,0.19464083711099,-0.263455788825319,1.51860328037527,0.492631238325284,0.146672077701252,0.147763003428991,-1.1784349888828,-0.0451962350635484,6.12775595596802
0.067239680562498,0.167607506911004,0.258827014526947,0.189565101674131,-0.23355905330601,1.52451940914198,0.479030016884347,0.14489325886063,0.132801218750248,-1.21136557141512,-0.0445199119563517,6.23598655093587
0.123051851764033,0.214434407289239,0.265249611068418,0.216403887817197,-0.282443884121605,1.53261498097484,0.477807133308771,0.154833542338478,0.131150485952355,-1.16141112488412,-0.0332047597462314,6.16612788276744
0.0218619532413354,0.21569937863811,0.253494784941785,0.206113153589661,-0.275401841606965,1.53038727028867,0.492537169141271,0.140998984474249,0.159841409382058,-1.17999979512804,-0.0464317863181139,6.17191089808117
0.154384830630494,0.216101099886735,0.255754007277216,0.206016946512328,-0.268095157257465,1.51152567066593,0.49760584256566,0.174124487817743,0.150283541295234,-1.14014754204073,-0.0588760467703759,6.16031828088492
0.124961214449673,0.200030527121158,0.25641509324675,0.199226804744187,-0.272729552568138,1.53478413473994,0.483319288182521,0.141436943134551,0.131824930416191,-1.19098868231702,-0.0466473732246783,6.23219898071546
0.107602083284774,0.207857497298412,0.25963107411728,0.208735963195603,-0.273974420354321,1.51897392673154,0.48898685846802,0.156102185472261,0.157312585177452,-1.15239037024412,-0.0558718742796676,6.20122237208577
0.157495826283316,0.197035551099972,0.258411059209864,0.208147237280616,-0.265408726153924,1.53832118857778,0.485230119455641,0.152151237274283,0.155658414499509,-1.18034417651061,-0.0185248923991789,6.19359145396936
0.105367904486235,0.208624711938261,0.256932787228024,0.202510182527957,-0.269204193769357,1.52487557951833,0.494704737852854,0.175836100969466,0.133634632045198,-1.1423212702166,-0.0651174444113837,6.19393158708227
0.133189880610265,0.195210288384547,0.262857317011632,0.199220706939647,-0.2549925430238,1.52296762306854,0.493627630836178,0.141791319971351,0.126335344502797,-1.17932394071336,-0.0438102279949287,6.21156146679461
0.134235633026969,0.2259957332818,0.260368386132406,0.211207283608454,-0.2970408624653,1.53646185236012,0.493212270298073,0.14618419708225,0.144466616058285,-1.15905255175573,-0.0551785637462465,6.16133461724863
-0.00766188515002863,0.210835548785263,0.264415040805824,0.192069281393676,-0.27701198222861,1.52679377623783,0.493222603830674,0.196248400615635,0.158819890152712,-1.13185407471266,-0.0826655235815381,6.19185677884146
-0.0261492187750919,0.17118695501621,0.25766538658345,0.188641106869974,-0.226589164390402,1.52860049343897,0.498297158503067,0.166231857955337,0.159302287372095,-1.18980638443659,-0.0509518817384365,6.17716068737419
0.0414532356331002,0.205869856182871,0.258363443692503,0.209384475741654,-0.281750126898608,1.52985276866858,0.49139114920406,0.164875159434911,0.158910253520818,-1.16105282797614,-0.0354904099640148,6.18645315881075
0.163823469831015,0.173278874853522,0.265374696363326,0.182717324894425,-0.228129886434254,1.53184718154225,0.489671586974597,0.159243176920085,0.134427196763069,-1.20955148659291,-0.0389278464866859,6.22662006931232
0.131567206611502,0.185644428556821,0.267546061507963,0.189599557644615,-0.240338837179215,1.52649148830463,0.481569088137045,0.185597428291251,0.131226268841345,-1.16893454870648,-0.0503887977434561,6.16480810921229
0.0743382312207599,0.197325030489293,0.25143222766898,0.199186559841573,-0.255717620081859,1.51582721263966,0.486291913166649,0.156420270126561,0.165171832359645,-1.16906918142074,-0.0397259294257347,6.15382145339185
0.0799725562664295,0.197725665915497,0.251398332473907,0.190404798705058,-0.259153469041289,1.52345169297787,0.48721666046875,0.147558438574022,0.135246032795824,-1.17809952845357,-0.0596172805617609,6.13659245476025
0.127271531287697,0.179296594678023,0.257171838442611,0.179089860539989,-0.252447004199209,1.54618156204295,0.472064367176876,0.153085848198998,0.123720920660332,-1.21107746350397,-0.0636339427636013,6.20232660854836
0.0772214646892995,0.215967850757101,0.258161623478808,0.2087019120105,-0.270120777449156,1.5409399862148,0.494278044134241,0.138067349964757,0.140475089951118,-1.18037663552109,-0.0492864993105015,6.18337187036501
0.0660949798608549,0.225359598499623,0.256326967878084,0.204499614041175,-0.292093426526152,1.52592565751763,0.492410869145563,0.169796556137589,0.165162822420871,-1.14956133139701,-0.0783724293135567,6.17352397774003
0.13541336006469,0.203034837305285,0.260002343143779,0.213797232137848,-0.262840947903118,1.53683253157763,0.476775617930509,0.159643676763821,0.158845303492097,-1.19503365793817,-0.0328438927880451,6.18755438094958
0.0333562266149694,0.176951074765663,0.26209245330573,0.190637871558673,-0.23041170318035,1.55312552819807,0.484062147880921,0.176454480513235,0.148512144632282,-1.19769318014563,-0.028109583567723,6.15715400450616
0.171112034348882,0.181170081503775,0.264406390825864,0.182570678822891,-0.257698652913993,1.52602794659204,0.478247139947074,0.190913682661052,0.152437284771076,-1.15791918087569,-0.0702277506894273,6.21975374149424
0.0564558047272059,0.198573673254812,0.261998928296335,0.203243568334411,-0.275416019758958,1.52256522209709,0.49290608514788,0.155953657831411,0.164364365134953,-1.17488760833992,-0.0592607798859552,6.16407274872304
0.159515437495692,0.194346072467566,0.260096281307196,0.19816682165147,-0.257192891941209,1.50961197757317,0.482674535122566,0.18617335065307,0.163939166462798,-1.14635520062063,-0.0572896872952965,6.15258429952166
0.0345073206812951,0.202654614062723,0.256392175011978,0.193819918319913,-0.272404075126635,1.53951896563647,0.497614946492023,0.151226220623512,0.133702593610751,-1.19447953937407,-0.0601799766845841,6.17919639026653
0.126609708954209,0.225547955275198,0.252504363710107,0.205251939387935,-0.299366344446592,1.54172827945631,0.482710517601252,0.15335166117017,0.160944625076852,-1.16839329712961,-0.0484077865187704,6.13381010359208
0.11878071384627,0.19960043291826,0.266513857370375,0.202049090436438,-0.248275934407425,1.53846612479749,0.48153608826835,0.182968283299488,0.150134135984293,-1.15872976538638,-0.0421182648117635,6.17152288046043
0.0840587426042284,0.222201724470919,0.263291863869619,0.216004476728707,-0.300032989572252,1.524622324564,0.503267901730922,0.155198832074921,0.153282739687174,-1.14549311733712,-0.0423833898442231,6.14909485276196
0.0674649156126866,0.232776638511779,0.255623574682864,0.227433457963926,-0.286096059407692,1.53038566905872,0.485401206945049,0.158534084067632,0.128899135818529,-1.14504216663024,-0.0251117128713794,6.14685855773716
0.0566383788632096,0.184686355742075,0.259157746333491,0.179330962760646,-0.254922339453376,1.54098907520092,0.483194267082139,0.138668048523459,0.154773240765036,-1.19631586963215,-0.0713572668782218,6.13499573546935
0.0898625458180797,0.212638874292626,0.263222336378918,0.202704010848553,-0.280393825642652,1.52996854417569,0.487880399354677,0.158424433694524,0.135114598475462,-1.14676001551404,-0.0670672031228948,6.16822252854332
0.0495617194275909,0.185837389831022,0.266017960065304,0.200724629266791,-0.246279029665325,1.52617861336427,0.485399621451773,0.152928892788317,0.147299403436751,-1.1798867767036,-0.0512425463235739,6.16788186776915
0.0502457143730746,0.199700495107501,0.259760125300284,0.197777658036154,-0.264829291112542,1.52580059152363,0.485013309528721,0.174964726974176,0.150628882442071,-1.17547214160162,-0.0517151319856212,6.14069263258629
0.127724051483141,0.176699540559207,0.251895634735011,0.183632068846622,-0.236270367639593,1.53194679965602,0.494416113907222,0.164680033687167,0.127063658571035,-1.19074547757302,-0.0582553029572332,6.14548246314025
0.196857631253218,0.186946415481151,0.257165805064793,0.177673180943056,-0.254347333825541,1.52820540942957,0.479628039862728,0.168193995973662,0.155017084042993,-1.17928869695982,-0.0644447145347447,6.18735018618987
-0.00933324647879209,0.219491389268534,0.264915076351987,0.203667143714652,-0.27590775523628,1.53022537617184,0.48652163320306,0.166985731637236,0.147881404775078,-1.14465421758615,-0.050117838284917,6.2349766682103
0.0543330002779422,0.169877416964736,0.259571557648994,0.188959166410939,-0.237196881772238,1.52594704383042,0.473979028510606,0.143193432010645,0.124888144667295,-1.22468458268905,-0.0516499219064297,6.23948531857789
0.149282635074186,0.19960764601704,0.266841828416374,0.209355525116224,-0.274226670434047,1.52653549583007,0.48752697297381,0.152417560636421,0.122462277585075,-1.15801309578941,-0.0330828201098623,6.15662254570333
0.0263202000122908,0.205414563737075,0.26207281420117,0.200109880560275,-0.261302686366758,1.528063476353,0.493122815453479,0.164604616810306,0.159471321484676,-1.14239939661257,-0.0620220559271117,6.18295681638665
0.145821172861581,0.213164103262547,0.252344611584673,0.202697943502402,-0.268033297603016,1.51905562748583,0.488999323200309,0.169675305592998,0.148110177246445,-1.14135569838039,-0.0534511888943466,6.16450921623944
0.127162217546558,0.183516456410456,0.254850605073901,0.188376956336062,-0.254125524408371,1.52237079647886,0.478187422094951,0.197980993993839,0.138328448422989,-1.15657411386068,-0.0670963503828626,6.19550423521844
0.0747798483665904,0.206236496930637,0.261684499699369,0.215905168365466,-0.263263145070689,1.51871145752889,0.487254565298664,0.149400090768133,0.158182768050152,-1.17851761286254,-0.037985448396746,6.18363589458307
0.0335703612543084,0.191290035175768,0.264205000686228,0.201507969380982,-0.244838569426977,1.53638651890068,0.492237491611145,0.165251539217026,0.144245278499402,-1.1756321326217,-0.0311837106449621,6.12746633014226
-0.00524362394996543,0.198474735730166,0.262703196010711,0.191218750038948,-0.268461619102997,1.53977723159885,0.475164684164573,0.17203868685251,0.160926549470909,-1.16262647281486,-0.0566564807036407,6.1760809980393
0.0360537803399952,0.226737369917638,0.265078860103936,0.215523796860001,-0.287152080544539,1.54004785201801,0.479330390906674,0.162492267799852,0.148803589769822,-1.16520240592021,-0.0560267552751699,6.17142266936619
0.0510802103758664,0.203216891554342,0.264926387778612,0.212132840171068,-0.252244334765166,1.5322068141524,0.477965755210713,0.159827246502838,0.169003842819224,-1.17690272276417,-0.0463515659669488,6.21365805531668
0.0978577208670224,0.21277899993936,0.259546253832912,0.221432264339465,-0.281448603270272,1.5261149139542,0.490490273715674,0.121238826182976,0.145863457729328,-1.19347779106231,-0.0237238710118526,6.1589398005346
0.108880336677966,0.197703138110998,0.25651534863561,0.202703635352681,-0.252007411565248,1.51710938182851,0.486272523601062,0.158804161568944,0.167508802141704,-1.16763324244154,-0.0591142020834723,6.22518476395781
0.103418005022937,0.2239301516519,0.258599753279957,0.197433160667273,-0.290637775576181,1.51202678129522,0.482813773305583,0.178339544797224,0.169018126529152,-1.14246027048186,-0.0648272571969364,6.20009168216121
0.0695720523841934,0.207155912046666,0.259873931137599,0.204469385557822,-0.266164386824045,1.53569043736456,0.493518356122971,0.158343722287205,0.150731936780841,-1.17428392610494,-0.0569002714143849,6.20739306715433
0.0673157095580735,0.173893240477684,0.261030074455337,0.193262520938715,-0.239224505296565,1.52616019416028,0.477293370390206,0.175208991858877,0.157893111533507,-1.18840548753815,-0.0432954438658487,6.12603954132242
0.0996560232605569,0.206886451707935,0.262911069171859,0.19273846354285,-0.277528204757008,1.53271828148842,0.483263905079203,0.151108903347432,0.154490290706208,-1.16762047365341,-0.0605930332256191,6.18111079213223
0.0975435301369348,0.214507270338812,0.269931552810809,0.201853985243906,-0.271173981170894,1.53254152250288,0.478159063257652,0.17689736573994,0.16567142999055,-1.15065716179877,-0.0500279715281115,6.1909952244809
0.0861275243860782,0.197131047281794,0.267055651842948,0.202466269573623,-0.272079667100267,1.52453446029395,0.49053905769434,0.151765270552059,0.12953612322771,-1.16715372770894,-0.0388615555150606,6.17543558546391
-0.00868333413970718,0.210652214632324,0.251790116638541,0.203248814340177,-0.263731249242929,1.54259173065999,0.487310028076273,0.140906472100802,0.176278366700838,-1.17850259654874,-0.0544127396887916,6.19743991129334
0.112002225442424,0.183470369343707,0.251577923944159,0.1889768086772,-0.240872456425244,1.52782968334458,0.485269026219291,0.164966110233133,0.15183112932082,-1.19339503909746,-0.050795037200049,6.21952591846716
0.102205277376275,0.223320762170059,0.264914041176091,0.214675546136593,-0.280196476634107,1.51831202732979,0.493956217981656,0.172686614758321,0.161218014645085,-1.13038301692827,-0.0453443166160966,6.21167309805409
0.0626069473235361,0.210513157105661,0.271578108212369,0.214162414461881,-0.26409587009659,1.54313657674739,0.4792277968115,0.160969457623848,0.164082914487881,-1.1869987542541,-0.0306723330639636,6.22871706270547
0.117824624018875,0.203565031179691,0.262351080814883,0.203132009373421,-0.264821951900396,1.53089884255324,0.493603955013624,0.193121002546869,0.148786937272216,-1.15713521790702,-0.0288501996224838,6.12814887978446
-0.0763598492536882,0.219842996215127,0.253928258267477,0.211678893364289,-0.268677848146591,1.51636652330111,0.506896927613712,0.154105723002063,0.174893420793224,-1.15350929500753,-0.0429462197426178,6.19731780917465
0.0897979365302929,0.202864890988475,0.258186399321889,0.205470228427191,-0.26311654293527,1.51480499080346,0.489394888466527,0.182733447161913,0.163738021884961,-1.15164028118905,-0.0511506798745292,6.18586100060141
0.0576151256817646,0.220731836672526,0.254880309668537,0.207477577815028,-0.280053411459904,1.5380160204871,0.48139376209951,0.165774120706974,0.164449826442282,-1.14904456356503,-0.0643688066644204,6.19477776052867
0.131855610431589,0.175638129621851,0.264488898296588,0.182472760449595,-0.244119263594501,1.5271355785687,0.491066152364537,0.171506196686272,0.141046802350855,-1.19889960958886,-0.039622350685345,6.17058271304218
0.0337180872776357,0.229315293175621,0.256347295696279,0.219792689641551,-0.30347225658399,1.52806571253796,0.495572653276689,0.120973331835223,0.124879782538453,-1.15277511947957,-0.0393920350310995,6.22093768182235
0.099977832653003,0.188890561117515,0.25712842912173,0.191746739855681,-0.253680361703814,1.51811207048142,0.493253973143375,0.157548060556761,0.135288146885618,-1.15374310500508,-0.0625936859214429,6.22673687083516
0.0726792455721526,0.181991144560047,0.268046641495402,0.178133369519789,-0.254438509868203,1.54162343897543,0.485699347620308,0.14645837475778,0.155574245225193,-1.21112213035195,-0.0671656756936511,6.15331997370343
0.121960973975896,0.228078499843076,0.255203636376263,0.202536403272936,-0.304010006027722,1.52816427663943,0.479369900398678,0.17652307788411,0.147823329739779,-1.14405345834602,-0.0487877874672782,6.15502631514885
0.0722490932273601,0.205755661351876,0.252204726518316,0.204707185792431,-0.255495441447499,1.52678846085026,0.491952472645232,0.152303493751343,0.17301258269201,-1.17134538097668,-0.0556165315679623,6.16370602026928
0.167604050385952,0.205605645316584,0.262940304033795,0.204050977485799,-0.263960636022066,1.52010607119896,0.491865335749718,0.164730283050722,0.142260854510323,-1.16535233610111,-0.0429187543425114,6.2276367817549
0.113019556121962,0.227525584937205,0.263429091426909,0.212648085408833,-0.288975088317971,1.53028203158773,0.485853975013084,0.148299835569843,0.147021453694788,-1.14641308246295,-0.0504995499530351,6.20917720285241
0.125118697665261,0.177226807043774,0.266627537762128,0.194243875161682,-0.239260081129812,1.52966937489877,0.481694223753088,0.168042967414057,0.125300504509377,-1.19353736312393,-0.0469796363029862,6.18546649237043
0.120410671703353,0.21292884310406,0.257869175133031,0.20490625349613,-0.277350048208479,1.53394916328939,0.484972224535778,0.158370220719248,0.148447037071537,-1.16204973744388,-0.0638428930456347,6.18744492232131
0.0179770114127714,0.226861614798045,0.260438559819907,0.216133254046493,-0.284643513257927,1.53131951326809,0.487976757953296,0.142017444599696,0.147629748544523,-1.16561086358019,-0.0504451098303168,6.17061534855802
0.0869602157489429,0.202974440607317,0.263723361744128,0.198936780733538,-0.276321419360536,1.54143024608563,0.490549141842934,0.127230588939719,0.140834069404651,-1.20040295377799,-0.0704866967240134,6.19143289998522
0.114165590885385,0.181797341060314,0.27021587111602,0.198808950140561,-0.237088929826467,1.51555361762407,0.503256951244517,0.167509147510877,0.155553894627018,-1.17185972721061,-0.0452050785891913,6.18176647021894
0.127842775054488,0.211955335809933,0.259104878492011,0.211378381235655,-0.270199272115923,1.5296160207236,0.491097916647068,0.186358187118229,0.166668185435409,-1.13424909595998,-0.0438066876253194,6.19973060247633
0.125925083435842,0.226431722654794,0.265065805589186,0.202453270441595,-0.290870673995333,1.53290660868605,0.480404903371114,0.199942461751137,0.150823289985225,-1.12623012057425,-0.0631253677748651,6.17941073641462
0.0767838951148368,0.200914269443056,0.256849035917618,0.196424399159721,-0.268721379208201,1.53121218988885,0.470812382401807,0.16804084098187,0.158019604543423,-1.17678048354087,-0.0583218829699398,6.17735807356365
0.148038594977386,0.180764362719347,0.265502197940534,0.183047960334821,-0.229929707586136,1.52613293057586,0.482511076681284,0.164060797084011,0.161593337242868,-1.18657905773635,-0.0731363034278159,6.19844567230341
0.0883854917050493,0.237990648838818,0.260268974410468,0.226131392396321,-0.306093034864666,1.53468362069389,0.489900657317319,0.135351477757358,0.133418260476742,-1.15734872440361,-0.0434945617932513,6.16598436744588
0.122161611000965,0.211983269544445,0.261849428161849,0.202757036387777,-0.280104720988125,1.52076472490165,0.486898874385696,0.164786413892707,0.16002881987469,-1.1496007766765,-0.0602171275142891,6.21872122012001
0.089198958674125,0.207883732809387,0.26938401257416,0.197584754384527,-0.277393200757388,1.53301505911506,0.479739207450569,0.176803868265295,0.143001666298412,-1.16302290575721,-0.0525154948649606,6.18822274720971
-0.0362750456827585,0.194124795983305,0.262564086803726,0.186982710667389,-0.263384595693775,1.5239517778012,0.502877424489152,0.182295772932432,0.139597989347606,-1.169766146839,-0.0623368202533168,6.15794411305795
0.0744353263037201,0.209468559513451,0.255683119455348,0.200826144748356,-0.262560760709508,1.52181679387014,0.479159303409544,0.173856215168345,0.154850648802998,-1.14240320821997,-0.0772083411617795,6.16189108076911
0.0606303199175364,0.219887215141885,0.25867177383168,0.210254445199891,-0.290274668959242,1.53612265627899,0.488084844222271,0.174255628909281,0.147255988201405,-1.16625787165443,-0.046296348933595,6.19004280896912
0.0733238420742919,0.18092392755253,0.258508808600297,0.204325975256802,-0.243052038272515,1.5076197087312,0.503316750137166,0.162595858667322,0.140552357312659,-1.17614719852426,-0.0290972865563845,6.20389397717007
0.174841035383841,0.226991312279624,0.264293762819202,0.21704412279224,-0.299890350256303,1.53374498601456,0.488366955416937,0.169901688078173,0.128013304020737,-1.15759196413258,-0.0492745437405243,6.16845687080276
0.115799184970962,0.181917680548027,0.259205088935877,0.191697025999778,-0.248684911213269,1.53490624701871,0.490557690983011,0.14890920526809,0.13015286719219,-1.22139651358415,-0.0546972711518083,6.18184613042918
0.126155786307495,0.188899177080903,0.265964944118654,0.182002277063129,-0.253285155467299,1.54524464574853,0.483940129257924,0.171234486894063,0.123229580302762,-1.18998654289349,-0.0682715341652462,6.16936054737177
0.102353531113244,0.181428080727434,0.274879779121111,0.183873591622845,-0.253315631858557,1.5238334978055,0.488535989946614,0.15750778185046,0.143865448045892,-1.19045669034733,-0.0593806868739435,6.18000261358174
0.10490817603309,0.192860891234234,0.255897140523836,0.193104455363783,-0.247471712813861,1.53932430643129,0.488128524416785,0.167077194019571,0.145906237573555,-1.17838517701206,-0.0588369712106063,6.17478778028343
0.0642899182139982,0.213249642019142,0.253529254555712,0.206132055400734,-0.278286655562164,1.5212751380842,0.502590186418159,0.195225433162696,0.15587518477922,-1.14293263824655,-0.044890152303264,6.11891080934793
0.0940123034468139,0.184905802649713,0.259917150026211,0.181499940569127,-0.250788050602972,1.52613586031084,0.473930759970821,0.167155972560452,0.150576857481461,-1.18729656565086,-0.066529887735223,6.19743057271557
0.00163184951150518,0.193351420216398,0.26529347017517,0.199307056878655,-0.262971978373071,1.53413865645159,0.486318898748607,0.153520310428721,0.16072423211306,-1.17907018202495,-0.0454211637652885,6.18242677038614
0.132312339308191,0.194624288514378,0.259785874784611,0.212771467318923,-0.25644487658295,1.52903091817805,0.483586927989616,0.135447440710311,0.147461742541266,-1.18500077880299,-0.00919422766371039,6.15945413093691
-0.0261284295026294,0.20927331234088,0.258757729027365,0.207021790800734,-0.274947773811721,1.54185562660669,0.491578253335011,0.138337797513453,0.134898639599621,-1.18377091547941,-0.0565107691268033,6.15231011730156
0.104724724327899,0.239840080416193,0.255367307981802,0.212976651770738,-0.292477015144014,1.52811173524521,0.494619276822931,0.157770683379449,0.145540297720949,-1.13619061479637,-0.0716249481093732,6.18152443740582
0.124284637870369,0.212066991456187,0.255635640540189,0.200287557648638,-0.278345054193605,1.51415916572046,0.490650178055089,0.155764363856362,0.150175831215032,-1.15675168875516,-0.0563659107233375,6.15019810187158
0.0344691072313748,0.184030173926264,0.25783477905187,0.196022244082724,-0.23642698613715,1.52318246142292,0.497668690618399,0.15327355525438,0.175512901164841,-1.1881413055094,-0.0288365552203287,6.1948874318043
-0.0109594961292187,0.20599410392561,0.248974368697411,0.195224180617613,-0.273438876139533,1.53413533268168,0.506101085838629,0.181319308706237,0.150432584684461,-1.16059011335104,-0.0747645566182285,6.20499248424832
0.0618663801686947,0.187432086431601,0.258670866635602,0.194382146691125,-0.25082040180574,1.5335687810546,0.49405379033327,0.165651962782807,0.140809788675898,-1.18591847256026,-0.0412496387416285,6.19242142505191
0.0697153991509164,0.207357697703809,0.258441422071707,0.196374568484062,-0.275721357901463,1.54005530350897,0.478404309654417,0.117366337825066,0.135881982474578,-1.20132125724643,-0.0562256618384142,6.20788126057626
0.101737268709418,0.20859380446474,0.263292286216578,0.213318819209525,-0.28545193520717,1.51295462716602,0.490487425142445,0.14709441562104,0.146709791213201,-1.17808846303813,-0.0449546747714182,6.14899357479198
0.154508926035109,0.201865010530982,0.257371359230093,0.19834425174405,-0.264214525420901,1.51991353075647,0.488925836093768,0.152297030887286,0.141512760705158,-1.17804681520463,-0.0636772073061447,6.20162606982441
0.169915585017007,0.212328831048805,0.256779187261947,0.206642227427705,-0.294762404287029,1.51761889183356,0.490509910884703,0.152844127180635,0.159013844084563,-1.15875621301966,-0.0397890741857243,6.17105762608775
0.105116797252822,0.198280049468912,0.25840222204741,0.207299788713998,-0.260766750866843,1.52718408479919,0.499844589727448,0.155782945237026,0.143223752068363,-1.1784230562722,-0.0484162132674825,6.18949428717487
0.0679799764813373,0.194121790057822,0.265251816757815,0.200631488256712,-0.256735818608897,1.52949934378577,0.481630678492809,0.146252236592472,0.134733110045945,-1.18030522687454,-0.0433722273922707,6.18366176052862
0.0744579418214958,0.185251021763939,0.264348570016088,0.205977079554891,-0.249721889895044,1.54401486851725,0.483152022357626,0.16643887927661,0.143569345293307,-1.20555802669724,-0.03344116982348,6.19131158505511
0.136411388456602,0.183484948132767,0.262177727074314,0.174367794366335,-0.249946219900647,1.53397235639803,0.490305311096986,0.174372248920312,0.137509920462129,-1.16115658230629,-0.0758103075640558,6.17216320367601
0.0801667663706589,0.20961825228637,0.265090911157171,0.20464089845644,-0.282665883620784,1.5226517287604,0.48451457101501,0.185078161612306,0.148749889745694,-1.13134390804843,-0.0626348768579241,6.22722678113576
0.0926914913669062,0.198388005554715,0.256566031284916,0.202335920700825,-0.262789736563027,1.52133294377786,0.492338727773608,0.140665410551125,0.149788034110549,-1.18246361964697,-0.0608739347269273,6.12945150039366
0.0680094130254586,0.172497719517939,0.258503706171944,0.176391474010032,-0.235035249813116,1.53550808533743,0.48867518457676,0.166829121853131,0.136565298851777,-1.21185510940519,-0.0727248453535502,6.1458028610991
0.181792336366054,0.15880941682131,0.262063039941552,0.180022141773118,-0.216781876514221,1.52044444998616,0.478867087897062,0.173765248955517,0.14929679740731,-1.21439700847007,-0.0630962755706311,6.20504716261108
0.0440014837690059,0.211277368086505,0.263064966961109,0.200759489740682,-0.283252865990706,1.52556692289186,0.498725764685214,0.137758072234622,0.142684011013162,-1.16308418036458,-0.0683693416218104,6.20445167175294
0.084547903123063,0.228137449936523,0.260946336754439,0.211990245295953,-0.294803955863912,1.54298154092755,0.48131209136405,0.124106484646465,0.127352975998975,-1.19058463364367,-0.050691733927653,6.18339756982967
0.0658594211161713,0.182498277817179,0.256068556962692,0.194023922962892,-0.247611170718181,1.53104109701182,0.489265478019479,0.167899566797445,0.124716365805649,-1.18566922356021,-0.0459976931905532,6.16025482112805
0.094648641702693,0.175153000371957,0.262220534190228,0.197974910647947,-0.233541960350047,1.53321214763944,0.483853258627307,0.158944905077922,0.145324712251151,-1.20391712632869,-0.0372279077606345,6.17239328041742
0.0797026141925265,0.204804466578457,0.259201713729126,0.195339755779738,-0.271575887867161,1.52954271369901,0.489914686267366,0.159251159621972,0.148216774851829,-1.15010286850663,-0.0546851317160158,6.16799571491592
0.152790790422011,0.176484995727411,0.264781933010313,0.186595152772635,-0.243146895568964,1.52845482629843,0.488450622796143,0.151864032976557,0.137634747574442,-1.19068847619562,-0.0483352807677649,6.19715634973685
0.0815080010628478,0.197044989186503,0.257951059186172,0.183368261893242,-0.265286609755014,1.5412866647257,0.485687896311719,0.134091896673751,0.151580725210359,-1.19336427237102,-0.0636622508646352,6.18106881053406
0.0983008512419805,0.201130753229763,0.263243293993663,0.200696042646663,-0.271543555242378,1.51696039235317,0.483688195668236,0.1751347446796,0.116007527121715,-1.14448670177133,-0.053370760415628,6.18010252250005
0.123350113082041,0.204011010203405,0.260028315507216,0.202324022212565,-0.263742752255025,1.5316836602667,0.482144124264218,0.167232601793299,0.144114373147098,-1.17842695909638,-0.053849311547541,6.17863827712647
0.100905173323411,0.167284090424217,0.264180097063049,0.190218071493709,-0.224084940207086,1.53157222152214,0.492116273966748,0.151483739381911,0.122943106972349,-1.20099749237098,-0.0539720378502502,6.1536360474435
0.0503586375807915,0.192626897640241,0.26205018021837,0.201683260207736,-0.25053151827763,1.53761224493204,0.490124854345359,0.151957578808095,0.140381502564996,-1.19041175288956,-0.0367457397487183,6.20000917604932
0.080474020463599,0.206183707068353,0.253256096660181,0.196012262439771,-0.272568721429787,1.53384257361913,0.479742418944539,0.164239632497953,0.150460994665695,-1.1649499804053,-0.0667961118454212,6.20190119289373
0.1466343735991,0.202459894702658,0.257898635373368,0.199491462095206,-0.265368077969678,1.52590610072263,0.493977590929486,0.147321640708664,0.14673248940085,-1.17523075676484,-0.0509585034461969,6.18496327686346
0.0415101232032255,0.194538481493223,0.264996444591301,0.190785097422531,-0.262892215668275,1.52347000342868,0.493763024237811,0.19521466606348,0.151088802136869,-1.1442860240276,-0.0733278114888005,6.20790282442242
0.0997811721659661,0.191400379933343,0.262290608518819,0.187641433709113,-0.268219346193832,1.5356304644022,0.479459123141456,0.16570951511761,0.131503366958401,-1.18993143781989,-0.0601532405544681,6.12525205305721
0.087250658362255,0.179508881805343,0.266064678093819,0.183359405223145,-0.23599503532344,1.52314981267989,0.485115312531364,0.129337062718664,0.157121113262291,-1.19612592509661,-0.0604293233408426,6.20557844242126
0.106889556165474,0.187186385162883,0.246393344457388,0.185292750858362,-0.252416836685512,1.51802458569725,0.49370237760505,0.186849935475188,0.154278593364961,-1.16488031784158,-0.0593929162930272,6.19675010194292
0.140232740066567,0.200014607944271,0.262457674370711,0.189156311803749,-0.270124972538875,1.52555237500992,0.484029705089081,0.160935732872751,0.145133669574153,-1.16283251310651,-0.0622513165901864,6.20907870727863
0.00110439326668702,0.194677932725254,0.252886967213343,0.175472077306932,-0.255849623999669,1.52737536369712,0.495098395718327,0.199822227811654,0.14559412350016,-1.15814539350733,-0.0834688966323082,6.16838086658047
0.0729011826112258,0.200355539570497,0.270885285858696,0.202195734175946,-0.263489564973916,1.51914193752525,0.487608795531757,0.162829603743778,0.124905114251185,-1.1642766229279,-0.0590405423091162,6.15185245580239
0.17453538190811,0.203531693041308,0.259699855703565,0.204211369518863,-0.267273140907417,1.5401134391606,0.484946283740125,0.158647023526011,0.138605721549264,-1.18403686869314,-0.0331578805869076,6.22282104214714
0.0259174705331247,0.20539882820003,0.256513573578976,0.206632542490836,-0.274199820752413,1.5269454639135,0.49162962098966,0.159363953617806,0.129156654402806,-1.1567711144072,-0.0583870719622325,6.18710126832314
0.0986217560217097,0.213750397808633,0.262341794054818,0.196408711597751,-0.282720473039808,1.53532264342875,0.473174486583129,0.178280778779111,0.145758611480949,-1.15932993380085,-0.0657656355523667,6.11472241792518
0.1247075396189,0.182792906950164,0.264572374403455,0.18960245122088,-0.226245445627909,1.52567897303574,0.480014559323792,0.159563236884452,0.134799846611264,-1.18270730984254,-0.0621757143090826,6.18602703283085
0.103722546701853,0.18434449383213,0.264589687713252,0.186415725231872,-0.249639810796597,1.53280052344138,0.468575988676593,0.149301111801025,0.17310642752961,-1.2085636003797,-0.0470614350136246,6.21044626233102
0.0732266909351898,0.231577234144517,0.260313743123772,0.207536448186645,-0.313625466834875,1.54129799654963,0.478080919146827,0.147175354923685,0.158294321639377,-1.15115588847228,-0.0560678449410576,6.18059317335284
0.0708154097408963,0.192432503587357,0.261077856746274,0.197617169780194,-0.246670332837665,1.52132667389672,0.495900248852306,0.156226897573145,0.159842707544188,-1.18220588037962,-0.047110953888699,6.19211617779677
0.118895133703909,0.201433036431877,0.266594936261503,0.187104214369053,-0.26904361139637,1.5448460617235,0.474299948471428,0.15268828058392,0.127157463945969,-1.18575216193601,-0.071548228236529,6.18385469709416
0.0949446426742087,0.201950071867957,0.253399686995943,0.21073653469778,-0.260029889053611,1.51742110751687,0.492705091892367,0.13528526553693,0.169287158446672,-1.18150173629074,-0.026187490037683,6.1697462799487
0.125840917025466,0.2067458420259,0.259008368955345,0.200913637306963,-0.264837354615079,1.52951625926745,0.48877928247144,0.156835894973236,0.155200120484409,-1.17244928037781,-0.069659397932668,6.13448772161136
0.0891236800218554,0.216224904927884,0.262630868105819,0.211165535280518,-0.277144333573984,1.52200945555711,0.495748770091645,0.158120246229684,0.152154301225884,-1.16673021568356,-0.0459680954660294,6.17474646514548
0.181413589183169,0.218129171152562,0.259728553069719,0.21988703759229,-0.280949854928909,1.52708761991929,0.487642183486611,0.155331623878901,0.148614036987612,-1.16195635052968,-0.0298956802774646,6.16843531984059
0.122314836483767,0.204842615916888,0.267302277372815,0.197830536687351,-0.257829424115683,1.54468307990944,0.488214263756249,0.148411602197016,0.1259000087064,-1.18316287972113,-0.0637986567305576,6.19514059368906
0.0447314873413373,0.17883673491717,0.264337627462767,0.190197112749391,-0.243593648095284,1.52258709874913,0.490034712077526,0.162890671493977,0.119500289559953,-1.18311054542897,-0.0578668176906497,6.15152548012347
0.0996390104333603,0.239675402056649,0.2614532089383,0.228401327163327,-0.301102883284081,1.52567615852595,0.495260888896384,0.120163743034066,0.147165343966449,-1.16610193326194,-0.0437769825352896,6.18822644571377
0.0467734912325786,0.190266202555507,0.264391418945573,0.204951479261305,-0.254290241677756,1.51716305375752,0.491300054403097,0.148154535680401,0.147015623059224,-1.1846795817827,-0.0421201376794215,6.16533608355572
0.02215952905077,0.23074220279063,0.270177081080464,0.209094621183428,-0.291745808936427,1.53730715331775,0.490066700602257,0.15159672919881,0.149648579051606,-1.13882488181012,-0.0625438735626005,6.19186251123661
0.109527335367521,0.196418836628694,0.26536915283224,0.186097528531319,-0.266074479687814,1.53142762859909,0.484186039064345,0.142473891791587,0.137762186482979,-1.19542863076928,-0.0567431418147411,6.15810121526464
0.0888142910059488,0.192673875138832,0.257344021821513,0.192133065110335,-0.259484622173692,1.53966304443122,0.480340741302476,0.161791749083117,0.145038831646953,-1.17925838989093,-0.0531573784811034,6.19570784561087
0.0571653215330128,0.209052917908577,0.26142984150636,0.195339012423787,-0.272459621542408,1.5270661133093,0.48088373599354,0.158738276168688,0.156363868313542,-1.1715410343031,-0.0602417499979615,6.18264340626242
0.159300224849771,0.202265946337923,0.261618313142668,0.195833961579879,-0.270032242318679,1.5227266227569,0.484319596910243,0.176745897339088,0.16117206868336,-1.12967265633673,-0.0606282058610531,6.17540603465288
0.0979357646992596,0.20897169750358,0.254975960366672,0.194012509382661,-0.263178118592601,1.52962417274975,0.488544626419387,0.158505106567861,0.147348315250025,-1.18160093355256,-0.0633858944123569,6.16566651152802
0.0897895531383035,0.205176735560459,0.263513684512439,0.198223245021853,-0.262892810573477,1.53061913643782,0.484275563785215,0.164917732914407,0.1498734109076,-1.1802817548825,-0.0504051866771114,6.19965983973697
0.0373380716709152,0.167884481035017,0.261741289829854,0.186253256869121,-0.23536804326675,1.5298268099311,0.477910900175771,0.172807441924817,0.154142877344021,-1.20304098410553,-0.0639726330393036,6.1508738089645
0.0832955336082056,0.172257472839717,0.261359304504073,0.183849120359272,-0.237650201155738,1.54048851222786,0.490923554580973,0.172075818746647,0.142296811740306,-1.20608236424061,-0.0500731214695191,6.22355890120479
0.0513276224826918,0.184091325900597,0.274895392579786,0.187761182320371,-0.253321660012377,1.5394060720029,0.476245033603506,0.142931117411353,0.124000517555671,-1.19808950278089,-0.060568192324064,6.14223111896166
0.0175609625696332,0.205437531240585,0.261352812334449,0.209518394910722,-0.280211900220009,1.52703689851059,0.490933590199731,0.139845238596219,0.130699466176397,-1.17067884716504,-0.0388382448971073,6.1266347930493
0.0279391254682525,0.2032065474204,0.256972239924867,0.199720724048793,-0.253926524980355,1.54272414357081,0.493771010834399,0.136553788119649,0.127090665900733,-1.18828743238057,-0.0381646007264087,6.19334074900698
0.157463245295314,0.203453239361102,0.255995733208785,0.206873361457494,-0.266216018715408,1.5257450522368,0.495207473298348,0.144048642141728,0.14255462357741,-1.15430330795099,-0.0392619156497059,6.17311709542061
0.0451977275342999,0.213395120168043,0.262013686658956,0.20295884216232,-0.274973708090991,1.52350358365918,0.497710549837435,0.149880932500338,0.1549541809353,-1.17269529273118,-0.0620365743662584,6.19464307886005
0.135668900181346,0.197848205816313,0.262140957634336,0.213750411777364,-0.262714311221803,1.52343707927651,0.495622701796622,0.121747316532418,0.130255913537621,-1.1936099026908,-0.0234195765753609,6.16587636941174
0.0546237253102125,0.193089641963413,0.259787874089033,0.198787594868017,-0.243528704838131,1.53663663140271,0.495242683495721,0.154247344013316,0.14139694240439,-1.18427085163518,-0.0657124494397688,6.19182002487413
0.0926952606515651,0.196585552284483,0.258183094743684,0.188774218923842,-0.264736598575991,1.5287305346935,0.492467967988144,0.175473436811786,0.156215255301472,-1.16618876634162,-0.0553922692517331,6.17375010611632
0.0203396641287524,0.199613583105432,0.257230083030265,0.188875242103465,-0.269969909479831,1.52197722902481,0.48818008922592,0.164572216762871,0.156256919493032,-1.16704721123984,-0.0855498112822088,6.22069495128379
0.0233242935692471,0.228124602812229,0.256349161144425,0.217941221983356,-0.305859688976234,1.52644694269558,0.496729683754593,0.125794594198868,0.126655090729075,-1.1550528633918,-0.0357990352820964,6.22045234894918
0.165389318909053,0.211322952873847,0.262053673685804,0.192574361535663,-0.273875236655888,1.53539856589473,0.481097737577791,0.152107799413926,0.136819590093906,-1.17922722868864,-0.0557051994247714,6.1757274434559
0.11688065517815,0.228972834365195,0.261163207880729,0.200373721252258,-0.303937144075946,1.53875195729309,0.483137724358653,0.182348019209955,0.157945400160975,-1.1443833441029,-0.0569388939791455,6.22240576835746
0.087495395487375,0.251310359125436,0.264179881556216,0.214784327267679,-0.312228070257953,1.53233485720657,0.486279419756609,0.138497500066761,0.161820513768255,-1.13673243277448,-0.0369194468974973,6.22698059621865
0.0905271795026367,0.236710912214592,0.259043308685002,0.214212512699363,-0.306863420919372,1.53682133745548,0.47251970957557,0.190381638039488,0.158159185181707,-1.12605345414411,-0.0582460112715417,6.18701174929617
0.0379773985391941,0.210131589046548,0.256461133280972,0.198778273687085,-0.272058721367145,1.53239240731177,0.494646569915085,0.166666271408985,0.135573619323041,-1.16308211988424,-0.0608448290847597,6.14193677622162
0.06721237916576,0.206461896911557,0.27084827326802,0.206334729495422,-0.274587907119438,1.51877675030917,0.490480749920188,0.170432857236329,0.137040949505333,-1.15043798043069,-0.0499127410167698,6.2251689200907
0.10881226143534,0.197134434312739,0.261752866072664,0.204227361682256,-0.259019010347975,1.5223080840106,0.485180509808492,0.164896745467612,0.145684259399882,-1.17791357272001,-0.0520308173453488,6.12299439518005
0.0831384542352198,0.203340669591939,0.255392366815288,0.200736375576753,-0.26631480139229,1.51814577636895,0.498726500017216,0.165011453695937,0.147766636223962,-1.15557010909971,-0.0431895622321456,6.17348275919226
0.0799386977268338,0.239641862667114,0.267597460643715,0.228869891282555,-0.30767277096065,1.53649766328146,0.48126851706412,0.140304354412357,0.166553645195655,-1.14741116383316,-0.049408277246291,6.20879037520546
0.116998697677421,0.171965455499917,0.266519659554947,0.181967406030538,-0.247318332897556,1.52931033635916,0.486058720039114,0.168718408004062,0.134388230665984,-1.20821650247608,-0.0425715695443506,6.21089767279269
0.118404499529253,0.21619402634729,0.258289315415021,0.200802049674214,-0.274935355646823,1.53257165300255,0.482187243609612,0.151510417004937,0.14942533452383,-1.16089486039261,-0.0563283564896992,6.21458694393123
0.111620219166846,0.197414925843552,0.26003445609674,0.197146790713265,-0.260173149354196,1.53769883925735,0.484132504737715,0.143854793110416,0.151815983348544,-1.18876399619841,-0.044523912004338,6.18545807757284
0.096693099926349,0.184014938426905,0.251396226270363,0.19378317528026,-0.252102702073278,1.50400104998148,0.500006334783711,0.156573834436704,0.14012110183047,-1.15217899170318,-0.0473856368191105,6.19059918681031
0.0533576964175259,0.205060746705096,0.262918657838792,0.19965047253376,-0.27107981587824,1.54104967871633,0.479265584435946,0.162841133386538,0.169457739475775,-1.17729784101699,-0.040922768048308,6.16697325599624
0.0324282178421738,0.204247896724288,0.250499365507263,0.207281315040894,-0.272757747011394,1.53005290540071,0.499099872761534,0.128737464132576,0.127736866408472,-1.17413968752582,-0.0499568160705262,6.1587557806336
0.0887975627934634,0.18731260664282,0.25458766255687,0.202896161377252,-0.242085638207948,1.51645871827572,0.489371422915497,0.161143613959019,0.149771295649465,-1.17560230886213,-0.0294947811542568,6.18732450295109
0.0649101885081082,0.174142593310353,0.268092726422387,0.180504296155416,-0.240831993258074,1.52243400865638,0.487399877160286,0.187171538683924,0.13984364852425,-1.17688012642085,-0.0743283461375094,6.21484316045484
0.0670559334728189,0.224962536860588,0.255598571814938,0.209590093493466,-0.284534815905775,1.52946005931949,0.483760255699856,0.16125861133177,0.186067063166025,-1.13509935406956,-0.0533603443589459,6.15924230007547
0.0051326825359776,0.19184501473103,0.258076056958173,0.199344805835925,-0.247274840564261,1.53601438172901,0.477994372697719,0.14555519117194,0.130771472635423,-1.19322545363438,-0.0441499708499117,6.12401635280632
-0.0267682027930874,0.226733105707396,0.268748070322768,0.209973801383046,-0.29348657426785,1.52972296700403,0.48543297559925,0.170589219017855,0.145128775493654,-1.14733171769674,-0.0665670808725928,6.17018354419219
0.0694835750480512,0.225824831915883,0.268690841509496,0.217885476262333,-0.306757421683751,1.53178226574402,0.488617792306663,0.159446517370742,0.140228186131099,-1.15569501462978,-0.0526000736412664,6.18397383855661
0.135012813360227,0.223574352223264,0.27206885707675,0.218965351020527,-0.297998119982793,1.52361776210005,0.48523551337046,0.14597619006607,0.146377152169522,-1.15815955265649,-0.0190807845466779,6.23056343451926
0.066988783756957,0.192054084466885,0.262058421671496,0.205909357553076,-0.26063451138128,1.52065001746142,0.499326062448119,0.166636575192246,0.151988611712715,-1.1758002460428,-0.0334819255188478,6.14662996155482
0.0631218132540192,0.196438620270715,0.25388080102047,0.193972558652185,-0.248031639069223,1.52893649221384,0.485241983551316,0.159111147576928,0.145696718782819,-1.16263863289788,-0.054321284300031,6.17579516522976
0.125117670619321,0.22652006294454,0.256150584770505,0.198470883568073,-0.28950815700231,1.52627614372586,0.493226268003318,0.168512080166346,0.147742229505923,-1.13458320431417,-0.0786353102879271,6.17234856580256
0.0656951712175689,0.231693978121955,0.251310595894813,0.215692839177467,-0.296792048368179,1.52160753973177,0.494145895185629,0.149200237591595,0.145638613579011,-1.14155982187116,-0.0513942874653241,6.23772453518671
0.135689827023782,0.225103587516503,0.259644773638224,0.21033772534363,-0.290110595677163,1.51731926564564,0.493721522928884,0.148148048339902,0.155380634788263,-1.14591773215417,-0.0505102805352365,6.15618746543616
0.0994184385495678,0.218938998462964,0.257522784356729,0.197169003853829,-0.279303438233201,1.53702600711829,0.479043357360932,0.13535402765151,0.151194119309521,-1.18036379930185,-0.0601268458276096,6.21577246171892
0.0793451489551722,0.203509626715063,0.2561821220252,0.213633577927903,-0.272214845267185,1.52387700351551,0.493881925087499,0.171801932648779,0.145329736334681,-1.1567874001342,-0.0359751301208819,6.17348320458515
0.014056802682345,0.19555930614679,0.269052419101434,0.200746924790765,-0.269171842988601,1.53198376937893,0.494074660517196,0.158878942802155,0.14699580144394,-1.18159896023094,-0.0338221903307864,6.22770093858646
0.148482522981615,0.215160050234545,0.263988297175735,0.206450487397847,-0.276325667585112,1.55105409855914,0.473241913768844,0.130207760217441,0.147534839270067,-1.1918464932487,-0.038475159928322,6.18937781953664
0.0281575805079361,0.20058773771115,0.25405374921347,0.18943323812588,-0.262248560895631,1.53520314755111,0.493194107941737,0.191161936290905,0.153612625851392,-1.14943112849353,-0.0721249279370255,6.16864822731411
0.0535459440354158,0.233177054994669,0.255121972874266,0.202109610964418,-0.293081194274808,1.53438033746039,0.494475467212709,0.177317985578966,0.145304344959724,-1.13427707231982,-0.0607503356186351,6.16108683979615
0.0539006655617038,0.216454462262826,0.260074898751008,0.206689266356175,-0.289728541225595,1.5264869822348,0.484036118044966,0.184287242618625,0.151552671826537,-1.14757369554459,-0.0518676074148818,6.17007430061696
0.0928715473091592,0.217814212038212,0.264606103705251,0.20849643115653,-0.29527797208242,1.52501860701545,0.498662366146776,0.147650163919885,0.154575173623254,-1.14496876369161,-0.0506771957424535,6.13564647116296
0.0613299086246878,0.207155328672926,0.258437567826003,0.204192319407176,-0.28313958423506,1.53336655642443,0.484943894943871,0.166341930692156,0.12735856282209,-1.17460023439309,-0.0446876044329638,6.16671421717543
0.0723977118992517,0.19502767167501,0.257562449775946,0.191182732802741,-0.255608798485438,1.51249660416444,0.491001863023724,0.149249498241416,0.14633315105158,-1.16913862280024,-0.0820130165948456,6.20618216954663
0.109035798806254,0.166615319108994,0.260301073395104,0.188122717800716,-0.230947385020751,1.5298157455003,0.50421425768233,0.161898135856433,0.131489082716046,-1.19920625553771,-0.0529906039964658,6.16445595632297
0.05252632051437,0.20564804282178,0.259191904792066,0.204318085192671,-0.266733804214474,1.5189268241065,0.49796484771017,0.159322475780011,0.151040579266106,-1.15781474530533,-0.0600457708094648,6.19575420498621
0.110348515203946,0.186806957273875,0.260214631567531,0.199866935391035,-0.237866386133846,1.53019965164885,0.498197503954316,0.182856618928753,0.150784537616432,-1.17650653100626,-0.0411992676555972,6.17701295964698
0.0440047852570148,0.209003238684379,0.262136049392688,0.197967430511041,-0.270785632041784,1.5360835450746,0.4831707245454,0.180670467353692,0.144762878988274,-1.14946905663946,-0.0572356808635306,6.18026686638046
0.138243259895726,0.197534559657463,0.263899450024563,0.202927445213999,-0.250990484250634,1.52419800448304,0.48477783547323,0.162194311633009,0.150375989019234,-1.1684556295438,-0.0494272121566649,6.12607462836228
0.137415274775208,0.186583184453589,0.255248374270144,0.19275366557117,-0.248395699530218,1.52658618860097,0.491820935353344,0.172461229954699,0.138012252087029,-1.17687046954156,-0.0575322193192379,6.13816283572692
0.0635691665880336,0.180235613604654,0.256067586617889,0.194412803979361,-0.245581288068371,1.5097174111265,0.498647441113134,0.126034446348953,0.141886596525076,-1.19864390687136,-0.0528394635179641,6.14606325332079
0.119014902847261,0.243279892900642,0.257957334296655,0.216766617681412,-0.311035164069886,1.52984283799594,0.489581648311671,0.137633720716439,0.150594792142738,-1.15799399298608,-0.040768218229204,6.15806960336121
0.0600202445780088,0.187744785996357,0.261375656969507,0.187477429928723,-0.248096231787485,1.52841698117044,0.481367992513743,0.158174311692592,0.148744508264702,-1.19052716556083,-0.0659847068469053,6.17622607582498
0.0850652000227216,0.225980505517145,0.267142185597347,0.224917830188826,-0.287610512430069,1.53879190825114,0.485602386294537,0.147514438045252,0.154034043425433,-1.15597115655327,-0.0453096038078687,6.17935247458154
0.0528969663727867,0.20603494320521,0.254808635004307,0.199637674504516,-0.264868471361627,1.52296972601662,0.483062526869163,0.176112714640162,0.180913632360961,-1.15784589247397,-0.0492814481721178,6.1570481854892
0.180173858307134,0.194153839445986,0.268623706738655,0.203970136565114,-0.25345942349777,1.52695276054864,0.486213122488702,0.152505983982714,0.124513971951957,-1.16224923903226,-0.0454066292306216,6.16320679352653
0.079665102311214,0.199928844976427,0.261222836693369,0.211480950644792,-0.272662038645207,1.53109269540808,0.493371977645238,0.167791527633405,0.146577077907702,-1.16112839896077,-0.0327805188982166,6.12910027912012
0.169423086406089,0.206301425070971,0.259963173978441,0.204220120649365,-0.275187767231376,1.52134681709207,0.483110415564265,0.135838845120812,0.161975849807861,-1.17961245279357,-0.0336070278002867,6.18933074487516
0.0224949060856157,0.218841990434548,0.2569845887345,0.209374810485265,-0.282421514076386,1.53333247261259,0.49202338376231,0.164020425230643,0.148254137941153,-1.15871191049709,-0.0528556032990643,6.18667896499452
0.119429491634557,0.199633678527104,0.256235523553046,0.199004872021375,-0.26386440833356,1.52678802854854,0.485953745530773,0.18857528454036,0.133803019317274,-1.15672334872597,-0.0422074190200185,6.16071630809187
0.0403517685164807,0.188669451032435,0.262718058506483,0.181358903163379,-0.260167421816719,1.52440474209054,0.483771937647726,0.158151364681704,0.160349172469641,-1.17687398956839,-0.0735746838178399,6.18020452689566
0.0887679955951678,0.204139714507518,0.253789947285684,0.200480244740049,-0.270545459834711,1.53322024607429,0.504180875092607,0.141038237683214,0.119013228755388,-1.17738681644904,-0.0552204997079707,6.14072265778142
0.0905649098549816,0.228703763772373,0.259066006847084,0.222730447350474,-0.297954371859671,1.52568929043374,0.498070596797248,0.126472219511751,0.14345871617272,-1.15664455688517,-0.0363450619060791,6.21088179354082
0.129447030228554,0.212549631567494,0.261650840747724,0.188045080432068,-0.269102454395985,1.51691037811351,0.491543564715945,0.144308297037711,0.156115792591178,-1.16061289700735,-0.0794983869898276,6.18744161597568
0.124366820798015,0.21963309962039,0.257959740897532,0.194233471830233,-0.290842530718339,1.52088896288216,0.487720489766639,0.164169646608521,0.131408124618143,-1.14299686084227,-0.0631005971704886,6.17214284992351
0.0939120066590559,0.167547838369989,0.261993991314548,0.181261997944257,-0.244165252999292,1.53514428341562,0.488222086179557,0.193026061366865,0.12162034576631,-1.19071333113323,-0.0636983221556342,6.1990062136351
0.10824667281945,0.205925730863234,0.261424979973628,0.195552344089053,-0.262144320073206,1.52928374425485,0.482325679415993,0.139742949739734,0.130233520983084,-1.17881785349183,-0.0552637495847884,6.16960095633291
0.101693538307833,0.195420517668978,0.261310542682415,0.203932426624374,-0.245640365548445,1.52411128828703,0.50157770284548,0.128447245405372,0.149933983828179,-1.20269888498051,-0.0358983774121299,6.23029949284528
0.131825553976661,0.230568034209783,0.252362133371514,0.218714310086046,-0.307274242978375,1.53220369611045,0.482226658525851,0.166416491179044,0.140774188198215,-1.13615572965744,-0.0429236388479972,6.168550363444
0.177207899685301,0.19343889757259,0.251722057056675,0.182851536861795,-0.246482833690595,1.53402874354937,0.482392714527539,0.210545240525012,0.147881544082983,-1.1546584693277,-0.0537461085144112,6.17508351109118
0.0681132169961482,0.204720133982597,0.261298981782634,0.199889532346962,-0.266584101569993,1.52952761735667,0.487234034812278,0.174264662889729,0.141457042208718,-1.16262131613313,-0.0580519929728047,6.16175457528877
0.106893363829739,0.181429914948942,0.263415002530778,0.174547310660111,-0.242653524136178,1.52829922358539,0.479450585068534,0.169487253650833,0.118697051705937,-1.17790447328049,-0.0678401403640986,6.16699595734989
0.107340249218667,0.181133529481395,0.266476713018345,0.195666620690112,-0.254847254929501,1.52576185956832,0.478956063406038,0.189996810242463,0.14097414503308,-1.16505183883301,-0.0598347362326041,6.22271584857375
0.124153292934693,0.209995845309865,0.256994227916787,0.192620209460977,-0.270788994467057,1.53923564889395,0.486272949947148,0.171513727479756,0.145770709907184,-1.16461011700856,-0.0586646707418879,6.17518720799973
0.0800389193063616,0.206810391694497,0.261722630836162,0.197710438569178,-0.275024580937189,1.54506999686603,0.48896439905223,0.165367165270376,0.139304495084729,-1.16769131326539,-0.0469070847840457,6.15902081381789
0.1085144696689,0.245535032226454,0.256865769277848,0.21831216637008,-0.319687965034898,1.51731392148396,0.493766506062038,0.142900545930076,0.147351252554684,-1.1326018221442,-0.0379643622131462,6.15588261742977
-0.00508532950921164,0.188342786049573,0.254175890516472,0.199272186919751,-0.251793100844787,1.53696076326746,0.495566074613002,0.147859677339765,0.151730841656553,-1.2048844456679,-0.0482623567060145,6.20162788492529
0.0869582964698345,0.189013633927365,0.259811519236374,0.191402356870094,-0.243120641558702,1.52392874981038,0.47758376415788,0.198061883193681,0.154590962140524,-1.14945035860671,-0.065160352160431,6.17734622724294
0.194158037511617,0.190210185862634,0.260401405930582,0.199320885959262,-0.258692725508015,1.51960837037197,0.48795187927129,0.160362966356729,0.135963072077401,-1.18797302254224,-0.0598715171174906,6.14276652281515
0.0610662660617742,0.206897261905351,0.248653361237057,0.189154278941618,-0.267907993956843,1.51946554346102,0.495285480121957,0.132606483099554,0.124643880028784,-1.17024405081689,-0.0657029657395448,6.21809031095808
0.0697771843782544,0.188671350090428,0.26509942278033,0.185527704502373,-0.255171003772343,1.5435382895978,0.471620900577751,0.154349090311011,0.141051476695698,-1.18844394158707,-0.0532455090253595,6.1821012019092
0.0863427951594298,0.203304285297079,0.247741399731795,0.18977977230815,-0.26733325607941,1.53183708321436,0.498060281287712,0.186650097758262,0.162834110987008,-1.16258510792737,-0.0746193830505352,6.15733729376086
0.0428935914001257,0.183360852156439,0.262109078993187,0.191519525844719,-0.246990621234477,1.52340802921403,0.494270928375465,0.186611667607026,0.155362074943897,-1.15727216424924,-0.0601370135431966,6.19780283313727
0.0404699578232615,0.202114738003201,0.258535963614751,0.193240043022782,-0.258419634866014,1.5150493561599,0.49413188246964,0.187484570587557,0.171373252717209,-1.16330242467019,-0.0650407570653728,6.18003309404179
0.182963428911865,0.199918169460419,0.258581218017092,0.215476364175664,-0.266970879683237,1.53348017522343,0.486034287636485,0.130379615876,0.144118289958654,-1.18619964173569,-0.0179648781868895,6.1772963302027
0.0860555861610307,0.204939800823925,0.270010338917739,0.202108630416428,-0.275998923543146,1.51941281729588,0.49278175842824,0.16813587303671,0.134683167410684,-1.15162158794168,-0.0552733727270097,6.22433010196654
-0.00881155265060413,0.21093133207786,0.255902131492278,0.203344321243498,-0.2784714730102,1.53188275683193,0.483745633455461,0.132510941523784,0.145166493505788,-1.17211899500183,-0.0427692120051486,6.15811310402264
0.0388458183525877,0.205061839711318,0.26525040485839,0.202360019523145,-0.270665988368469,1.53411973710578,0.485462252533071,0.144079390446987,0.150680569844045,-1.17017972961496,-0.0438297678132834,6.19554790130605
0.01324479618239,0.196257024327245,0.262710961444952,0.190709266609165,-0.253035414782693,1.53351103793994,0.487811305779868,0.156349286338686,0.158687532314948,-1.17752068916414,-0.0696494070013006,6.19293699723838
0.0949084610671573,0.20932712030542,0.25334315418316,0.210542086200881,-0.267830762482278,1.52619216090272,0.495698611453163,0.17555582907829,0.142469437891511,-1.14991610705902,-0.0297179110398505,6.16143828015167
0.125769774036021,0.209559802662123,0.256284267314752,0.207191869643517,-0.276890733495825,1.51346047213579,0.492224784812212,0.17361899025535,0.146889103892256,-1.15158107524308,-0.0566034839436992,6.16346174821008
0.075033173382738,0.166642355460055,0.269471996888165,0.180042676925681,-0.241345814960523,1.52302549545656,0.485574621244895,0.188559686884721,0.13815531994426,-1.17532520188317,-0.0714812153667766,6.22161126448973
0.159345122103657,0.200773899012155,0.251839317287766,0.198895204964782,-0.261476731571124,1.51675567437784,0.48578978019915,0.140005093469277,0.147075113651066,-1.17871532606976,-0.0494024146137487,6.17865207634795
0.118894055440924,0.191661062607123,0.257191922378796,0.192382968062558,-0.258068595316346,1.52725379785821,0.483005209499396,0.155143144596403,0.133399959102578,-1.17996234028739,-0.0650647526734568,6.16402967258132
0.132064777469216,0.201983553147321,0.25225211727763,0.192548870937315,-0.259288225312087,1.53415126255735,0.476915124228824,0.167988702464353,0.142868273922578,-1.160944839979,-0.0511191800349565,6.1367143134336
0.134051864710077,0.188900881521251,0.246559997959313,0.193638577118272,-0.248314798291055,1.52356160239215,0.496963910642188,0.17528447543106,0.158727469449965,-1.16785587302074,-0.0520906654572592,6.21355665026509
0.0781535106215871,0.180422446283286,0.256999346917016,0.18849616007181,-0.244620688040221,1.5285745980723,0.484821602884884,0.133570170519408,0.163723181279472,-1.21825922432135,-0.0521080048953994,6.1740460605545
0.0799586109353915,0.185631276872903,0.252381090669725,0.179768151239224,-0.247477082901809,1.52823222885909,0.495638540856063,0.167643078810295,0.138922080153453,-1.17421304540571,-0.0775584731656846,6.18838586442817
0.0955181487064101,0.219384915163954,0.255493553842817,0.221335929255082,-0.281947186732872,1.52559241182501,0.495210273129566,0.15446216425741,0.13358886493463,-1.15447234996539,-0.032599787750833,6.13039615222702
0.144178614280167,0.214808431639666,0.257381630258659,0.208212483272765,-0.288527937949149,1.52324116237518,0.488343786310088,0.195585927818455,0.146634484828265,-1.1233560027181,-0.0568832032560958,6.17794862224941
-0.0224193142269246,0.170949446150872,0.25700381186035,0.186303141140095,-0.229078018119033,1.52716228867528,0.496866824355606,0.167498583316962,0.162538926276442,-1.19083066322418,-0.049594721327563,6.16613296756887
0.0408936926511131,0.198529140318881,0.261718282850216,0.203030231207154,-0.265383253845787,1.51759871751343,0.490087839905439,0.180778334500149,0.155068177088947,-1.15433012010053,-0.0560941181639003,6.19955495058779
0.159385282578396,0.188359242529257,0.259917909266798,0.203601536426674,-0.263764761781132,1.51269154122948,0.485899093295005,0.137173029133006,0.153655718346103,-1.18920831077819,-0.0370662443851665,6.21709382978763
0.097769120341944,0.224762433353991,0.254663818746078,0.21616212913801,-0.274159169610245,1.5320045459537,0.485955468096026,0.154182397829345,0.155006527156608,-1.14864041978501,-0.0497654313253174,6.15538295318268
0.10513074354552,0.189157859680991,0.269405717519739,0.181624517728964,-0.246473968234043,1.53967870171626,0.473322207499236,0.179087159629384,0.132159387630757,-1.16821556569582,-0.0643587045555687,6.18603027510818
0.0704905395907463,0.201454972274621,0.249950171617701,0.192483155490269,-0.262105722492965,1.52967249560715,0.489620577952245,0.166047511284874,0.173887164400821,-1.17547033560786,-0.060231511906005,6.14315898879475
0.126624334429683,0.185127503563551,0.265423878747509,0.18981542903361,-0.254596191599834,1.53621769621941,0.484571083594746,0.147916077465657,0.102882558399611,-1.18854560227493,-0.0437247959182725,6.1677703772609
0.0737143412755843,0.17659184099134,0.256209121106263,0.189981229623058,-0.240298432812562,1.53760515099076,0.480455204682804,0.147425561030354,0.136290604201447,-1.20729303925043,-0.0417414337315294,6.20994898525477
0.0298930600689283,0.19188399263934,0.266798509487397,0.186814581707511,-0.260900694853711,1.53965226831759,0.491319116962778,0.179693448745232,0.119977901406878,-1.17529342657432,-0.0664321103367103,6.2456598048693
0.0535888256558659,0.168948494026974,0.260697217340724,0.188759264680323,-0.237253746632768,1.5396611987401,0.486344970701077,0.169713396033149,0.143113684540901,-1.20745662670098,-0.0385654569726317,6.16337863117694
0.0872043793333343,0.212071658959054,0.259863455818929,0.207263608041767,-0.270525933018367,1.51304102995554,0.498795954180477,0.189708323699614,0.151253940664001,-1.13395498524368,-0.0561270476125531,6.20752366023322
0.074192180736856,0.195173206831197,0.26454749952856,0.207551105899164,-0.249546528321994,1.52979552680719,0.486997777896578,0.171017579338435,0.165508110466595,-1.16441662041646,-0.0359067376094805,6.12100338269635
0.134780862453313,0.206045004409126,0.260836604764436,0.194275997760373,-0.274856086728982,1.5196956018074,0.489084483877705,0.184149859501663,0.14794760939853,-1.15000603273475,-0.0742313983530546,6.19379703317135
0.0571617619656036,0.206522687677796,0.261034271726001,0.198056017033604,-0.269511670662498,1.53422234202516,0.4742349966369,0.148703019111973,0.142887637423854,-1.18476068368697,-0.0625616811229636,6.19439604830427
0.054500376613131,0.217596622748009,0.25834267182255,0.203876411967923,-0.282798520062026,1.53310830363911,0.477372054334542,0.176128048789393,0.163388379306487,-1.15885454537976,-0.0598183920297798,6.14406879530225
0.132083935773135,0.219359375459605,0.259551162360137,0.205626405643508,-0.27542971954059,1.52343656206158,0.487465298922661,0.156726648356887,0.145012902688072,-1.14558078041012,-0.0494099377554639,6.21814378345947
0.151827555264652,0.216462064839534,0.255305594624984,0.202451569674929,-0.28448089445973,1.52423128539079,0.486209847939296,0.153943228367724,0.123989018263653,-1.17777753596191,-0.0634200304089333,6.17928986867916
0.141679858483803,0.234387104254861,0.257820242541938,0.215551630235922,-0.288345180144352,1.52339775071392,0.485420704957217,0.138705449981859,0.154478072784877,-1.15244637736412,-0.0526854057529551,6.18262069910726
0.0803225881550337,0.181154050354,0.259494129870831,0.1840651648425,-0.242667446625896,1.51678581129455,0.498207474308746,0.178411843170568,0.141636329541259,-1.18119394021588,-0.0622047252721518,6.16608595015818
0.0511569769895144,0.209888828574684,0.259957651442104,0.21913524096257,-0.276760661515435,1.54320506686647,0.491927058912015,0.166202310813511,0.137836925895837,-1.17154289877837,-0.0325311161732774,6.15822407133154
0.0696963992498716,0.213307218800155,0.262438945322253,0.206130756700714,-0.276306774337119,1.52835425081861,0.479534468549748,0.147990695807007,0.158476686579861,-1.16767649786235,-0.0462214469093762,6.22656389602301
0.11841529487273,0.226245568576794,0.25779068821238,0.216201579433319,-0.309741827998021,1.5303381816219,0.481729249156126,0.175162463948526,0.14311121009142,-1.13832486895055,-0.0489726192619518,6.19271954474237
0.05323553043755,0.176823349045483,0.267714063077461,0.197829775506883,-0.244238869454061,1.52873602460553,0.493483442671308,0.179624982276503,0.125517038378363,-1.17373090250404,-0.0366968512476044,6.14713148019063
0.0730435253965196,0.176253964945267,0.265696943242976,0.187674847504866,-0.23452670582065,1.53293639954041,0.488131035154097,0.13333476344186,0.141779329682121,-1.21439883109527,-0.0539326187895219,6.20797805455828
0.0925652689665919,0.19746000383127,0.265895485734698,0.217268720083232,-0.259190193956682,1.5251584662349,0.489101739091428,0.166149818345023,0.141233196369135,-1.15858949306441,-0.0314748824676181,6.21074058873642
0.0147800143391717,0.200046945910233,0.26143031271059,0.203990526678465,-0.274576755664953,1.53648254513803,0.494168725720566,0.119050265409195,0.134741209501791,-1.20433862283253,-0.0538506048478396,6.19569184857688
0.12078215043472,0.18293452083191,0.252528472917802,0.18083576835032,-0.256116497667679,1.51917422139096,0.488110068628328,0.182549776553617,0.136200739197041,-1.15535786050211,-0.072853399439564,6.21331112365937
0.00700990794086635,0.185812279884205,0.274814937005149,0.202541697771656,-0.258947136608839,1.53588515422585,0.493294561469878,0.170568375415016,0.135825004644424,-1.19106483159386,-0.0336758953551124,6.17799411192387
0.00238405735674624,0.211958582182791,0.267614220087961,0.204526463094099,-0.277408221430472,1.53076569750155,0.483783780768717,0.138412016000854,0.157917472516614,-1.18313637709489,-0.0431361283352306,6.18257323301372
0.0503171336724861,0.219903859294005,0.260771437400084,0.20474726373022,-0.287390060231374,1.5366429317239,0.47684975430174,0.164957560429447,0.145050360614349,-1.16537979732191,-0.0653652395449405,6.22524347116163
0.0901300160428924,0.191231117522537,0.258785984135638,0.187569464580959,-0.239878668237782,1.52659178754026,0.48134130830646,0.153278224251075,0.151114187769791,-1.1818274185253,-0.0488011241959888,6.15471140235354
0.0952095446274882,0.168297320261879,0.26028160880744,0.181939546387897,-0.236007397214792,1.53079553415302,0.48356237433214,0.133927681562383,0.147520885422922,-1.22017859602365,-0.0390511571197052,6.18267064413777
0.0264430363112944,0.211556816870522,0.261582552481603,0.194987616517484,-0.281837862766408,1.53383106566657,0.492696472377264,0.15262108000122,0.141063360749046,-1.16601692767169,-0.0731642301487724,6.19578381002896
0.0662345014657788,0.1989766337736,0.258622317557016,0.192515361804098,-0.262074403874981,1.53496147301209,0.488436159249147,0.135395407927209,0.15894355151864,-1.19226623690285,-0.0457131821896182,6.15815648285876
0.111691338301942,0.205975547530204,0.255231837278852,0.19044470013133,-0.274218985846217,1.53898791294671,0.48079980784117,0.1615267304813,0.14127735438603,-1.17965488671304,-0.0600105239645638,6.16016250448814
0.0956550661665838,0.170611877323245,0.250981538180402,0.190974064474948,-0.23930470760291,1.52226969048828,0.485378486554092,0.125405137022907,0.148436974701999,-1.21806139992995,-0.03536025256394,6.17698687167319
0.0993192000543288,0.193608623137494,0.257086955192875,0.19051274763275,-0.276142737671435,1.5346314019126,0.485222863728552,0.150926215302989,0.143773035495702,-1.18155290804934,-0.051794935776355,6.13015297559798
0.0370160953457128,0.250588334193573,0.262008798993005,0.23729067905646,-0.304029540185324,1.52881752942251,0.47981889391027,0.135775924265324,0.177276967812544,-1.15591143564351,-0.0423742832994418,6.18517732089899
0.0405336933005542,0.18863254172454,0.25300362072223,0.189426503195208,-0.257580603961134,1.53608255598939,0.490544443664165,0.157825170004933,0.156346339096945,-1.19966483179813,-0.0575960890041085,6.21335986993429
0.0507508058454947,0.205435420555955,0.26352532672515,0.217524466523911,-0.261598782259956,1.51538231257464,0.493131035955047,0.138357489249217,0.144292860374514,-1.17406237852999,-0.0349802667148362,6.20202593063043
0.148942402924427,0.195425515320907,0.257912401829325,0.203104576628501,-0.259534342919951,1.5150895753923,0.494282119518822,0.12944328006842,0.135054870288209,-1.19020474645119,-0.0420431106607436,6.15708292872689
0.108076967035018,0.217358561432171,0.258769061775573,0.203902156737168,-0.272933689569894,1.51273626330153,0.494898098973924,0.182683593690419,0.148056614997739,-1.13448119967187,-0.0565656056507147,6.20581110927793
0.0423540099886322,0.199720479498145,0.268174957962521,0.204659260010832,-0.254400652133329,1.53455922831399,0.490244438501765,0.166142238709352,0.156000953540691,-1.18076055669334,-0.0524845764447708,6.18570128835909
0.103889169768038,0.184577568934292,0.256747577114293,0.189778982196642,-0.247244656122754,1.52811465749721,0.496758172029299,0.176581623722262,0.150983499734475,-1.1671100565408,-0.0476097434076477,6.17676888925221
0.0915882791869475,0.198027566729691,0.259834698791212,0.202982639490673,-0.265075018780102,1.52656627562904,0.496789105235289,0.16956291173621,0.144777151177414,-1.16558321657211,-0.0423437426488757,6.14800347613879
0.102748605416913,0.232647957861693,0.266440849284243,0.21328508213457,-0.284902287169751,1.53654409432011,0.483582044324993,0.15551769992707,0.146027054978617,-1.16367975156235,-0.0540579054539981,6.22179106182497
0.12048751681101,0.19552620615493,0.270987290972552,0.190922230335551,-0.265938554047726,1.52767309316409,0.477814060098249,0.165475308357613,0.137703987552156,-1.1752573094872,-0.0728871452290994,6.18875456890657
0.101270544687542,0.18034170865821,0.266357796979201,0.186133241931269,-0.242301473177477,1.5242339575365,0.483843419037558,0.12684590500962,0.14898704005563,-1.19859386860863,-0.0496212274086597,6.18667009669146
0.0446523137364772,0.1834581804336,0.259284537932643,0.184313117492126,-0.25522781126915,1.5375845634368,0.491053476796864,0.146838612255824,0.155675471895033,-1.20230640449521,-0.0491635806579253,6.17041172721603
0.15970563879792,0.207247312233537,0.264782390818255,0.205997128687306,-0.274287774639446,1.52538828050731,0.488148436395625,0.159495771917722,0.125806953671332,-1.1639522228683,-0.0474781280412336,6.17133823493734
0.0603960046321166,0.180454478896686,0.261821493114396,0.1912120340891,-0.236038150807181,1.53401347700488,0.48904825374607,0.13984313156432,0.142022341840612,-1.20552370014088,-0.0407165998115825,6.17446020394248
0.0733306049512006,0.225194690762807,0.262619065329784,0.223052371150473,-0.282442204540942,1.51158715964167,0.490166966067669,0.14940137398765,0.183829314248181,-1.1355654722525,-0.046906100749136,6.20356365122854
0.0559411469077191,0.206388381247229,0.259964754703075,0.213493723276332,-0.258004393941562,1.5160851104484,0.48838357497637,0.163809537110456,0.159162204214471,-1.16437340494314,-0.0310976229111984,6.19251698139897
0.125726347130497,0.179914715438496,0.262235044886557,0.188452054952601,-0.262011196536932,1.5303053170906,0.483884938082346,0.169605360873616,0.136210716473094,-1.20113145514902,-0.0545099617317265,6.17745230502299
0.143781238808014,0.176410252010306,0.254802416901154,0.183307141884708,-0.232230247277876,1.51695459040311,0.488536999525012,0.170657188414037,0.140214558857433,-1.18798135216045,-0.0626754672430078,6.21113978801117
0.0121552945885959,0.195062554416248,0.264679347315345,0.206435552424557,-0.255878552572245,1.52933343849775,0.49164198251946,0.141763024630129,0.137777714579468,-1.18173230299661,-0.0290808455111834,6.16550337526641
0.0915707860834056,0.179038807111016,0.262413902765458,0.187097607821636,-0.246612449935453,1.52537238495392,0.494813341617766,0.181853597769782,0.153759722329746,-1.15185977775674,-0.0595066343046657,6.18916637118204
0.0342529886967541,0.224794987039071,0.257215957015846,0.220110891038625,-0.293427596890323,1.51720262802441,0.498448153411694,0.135349713398564,0.143870417585578,-1.14677488534162,-0.0358673371329915,6.19155791735173
0.0829437271902621,0.202799299587242,0.265677329663232,0.19298603296535,-0.271675216846214,1.54293662914428,0.478349961329315,0.170857719229047,0.152830724387066,-1.19451239030816,-0.0727614084179077,6.13630536524442
0.180077015887493,0.232129593956847,0.251346556884145,0.226888894663247,-0.308977982940527,1.51683267907145,0.493117696007167,0.163248304414017,0.143074233717111,-1.13108982458753,-0.0279532566375889,6.18081472462114
0.197671230953228,0.214768485015632,0.265450854596294,0.205155785210055,-0.282907652500298,1.53103351218554,0.475569265219266,0.164459831648843,0.150666729982703,-1.15877081350345,-0.0556032882518542,6.17647856818209
0.123228042806479,0.193618395743212,0.260892138519376,0.18326832482167,-0.250495545506169,1.53247490145076,0.487355538049245,0.15857781930631,0.152053950534198,-1.19436590123942,-0.0728831675722178,6.22738960414455
0.0788648692830291,0.213918727615348,0.254686487459502,0.202184840276703,-0.289834183771245,1.51421992736166,0.493603218351431,0.143617257057782,0.14916206639598,-1.15181621784489,-0.0538050093797941,6.21585476078357
0.0472901646698226,0.207033536028613,0.259793029601711,0.193945811265393,-0.271153957725489,1.53250634120558,0.477255365477544,0.17775233695429,0.166733235401849,-1.17049139494427,-0.0655956136783865,6.14664721994318
0.0231814072773401,0.22619161369363,0.271832193589114,0.206296994833082,-0.309784495004343,1.53668689533651,0.475850394623791,0.142650179071862,0.160224860351842,-1.15784856470158,-0.0576014326276177,6.16898408756699
0.0869685320283863,0.2001299355063,0.264270698533504,0.200494988475256,-0.270254666154724,1.52633038114952,0.495981129597257,0.16764113044893,0.132089045023813,-1.1595654915125,-0.0615601671119079,6.18999473845896
0.0936018123929507,0.206089960828814,0.253564650364859,0.195296307618392,-0.275008617923686,1.52972641407545,0.491988884200983,0.164703676209632,0.14040697573171,-1.17043150750648,-0.0595824507375327,6.15454567958708
0.0939918685074756,0.195269080549848,0.260586413832774,0.18564928981051,-0.257608765681018,1.53445624691771,0.484662077463829,0.136611189966938,0.138673785086124,-1.19642018276748,-0.0518925930465967,6.16180778458846
0.0828928540463104,0.188992903033001,0.253776783887463,0.194995759560785,-0.251369066142038,1.51732354201178,0.49878822582177,0.159071220952435,0.137860848941235,-1.18669049050715,-0.0397137792240642,6.2160666306393
0.0634755995707574,0.227654874170017,0.261072811465342,0.215051618640563,-0.304637005470198,1.52991373896297,0.484824250558873,0.156752127482637,0.123674519297573,-1.13710446911702,-0.0415643910931561,6.1990206905246
0.105587134347653,0.186006182716995,0.265185576965565,0.188671718672601,-0.23910847726323,1.53047667746363,0.47607413612818,0.152886929194733,0.139049523338576,-1.19736802259618,-0.0547661771279136,6.21978071842465
0.165583583099141,0.21268491435298,0.262066946653028,0.205585399373657,-0.278895361235165,1.53169820911162,0.48794378477903,0.172357135609907,0.127091707174426,-1.17212980811511,-0.0499426277525408,6.2192401129254
0.147362184467171,0.227924278363022,0.25984678030425,0.218207343656204,-0.305069947799163,1.52231162906272,0.485906777315671,0.134939544783651,0.142302416431027,-1.154433530755,-0.0577720698045825,6.20478853097206
0.0926610758750988,0.198199859050326,0.257633572446088,0.197930036067966,-0.25605682169947,1.51580840444531,0.495028397315856,0.154180666673803,0.162091611589569,-1.17309539414152,-0.0606387275490886,6.17854693792186
0.125973241994476,0.228376161010751,0.262513817914976,0.224695278240343,-0.282597719684437,1.53608008727292,0.486765128716168,0.150420946975638,0.145194168508965,-1.16057040857765,-0.042109202684433,6.18390798155462
0.138024212721168,0.223801140803372,0.258279101536122,0.213728629659704,-0.297442219396335,1.51813903578869,0.49025622270696,0.169072420248951,0.146197943740503,-1.13518554693546,-0.0560802926023641,6.18885384814979
0.121314705537478,0.215271317538841,0.259208646512938,0.196636620551614,-0.283044267099592,1.52889214561772,0.481969383737116,0.175033391159425,0.16674394887719,-1.15427358853596,-0.0656963818573823,6.14638702473097
0.103958706080347,0.191045400739027,0.257681261414393,0.203586287118366,-0.252503746754183,1.51590327317891,0.494910751393767,0.163803468381166,0.141083699993526,-1.16885622501624,-0.0549755027561951,6.17423124271223
0.0593380017855634,0.214912426673444,0.254385123547239,0.225861883274613,-0.2765206167383,1.53066607518791,0.481492174137547,0.131026218884679,0.148671017815999,-1.19038996522158,-0.00737729942983564,6.13898058058737
0.145703002870274,0.199607502063274,0.260724849193887,0.19681502608228,-0.261567417719968,1.5279988300133,0.482247374721547,0.159838808639175,0.148027068169965,-1.17951929754123,-0.0471468602893014,6.17287101012845
0.109577391335266,0.182194390944468,0.260764522804476,0.189708687250934,-0.245840417163837,1.53767533600894,0.489598092935249,0.169167759679988,0.141886294866696,-1.19172559916874,-0.0574330256541401,6.15972466314554
0.0531156310278622,0.217416110252581,0.259554075928407,0.194302257564459,-0.28384670130793,1.53530608931775,0.474781074950903,0.163887503944252,0.159724649412871,-1.16072281208905,-0.0562345613454585,6.19277180895933
0.112261450992277,0.199811713296992,0.258745979607636,0.198661108171508,-0.249781699930098,1.51057579794594,0.504145546965162,0.161158382310993,0.145328348515432,-1.1516296066185,-0.0562962237447716,6.1888134904514
0.159852068729699,0.20402535028468,0.263165004769304,0.205947474823644,-0.267812223915295,1.53357533047048,0.482933098599386,0.149346262185433,0.141946837928786,-1.18044215143127,-0.0496248589192394,6.1908421993125
0.0832036794737848,0.187300570968308,0.26186572661137,0.202797155866219,-0.24379608554609,1.53766388368055,0.481730099577708,0.145268556084,0.163947120068174,-1.20153148688671,-0.0322338861847526,6.164360738997
0.137132312368642,0.195890826841272,0.256932338574063,0.193109397310734,-0.262687589946382,1.52774550788861,0.482614645490795,0.155378400694825,0.135304978050745,-1.18032658770852,-0.0634066661733146,6.16018848704336
0.0360508279517407,0.213441583760052,0.267555279983069,0.203289676069231,-0.275394641517094,1.5371827633444,0.47686993839974,0.132852590448122,0.147339394638686,-1.18808496570446,-0.061299531837241,6.1776706981417
0.129930221788219,0.193427425650643,0.260201374329467,0.199496694939707,-0.238282044876139,1.51055376230416,0.488953854936115,0.158216068845051,0.154323587314587,-1.17257944680682,-0.0405924133853182,6.20707154251016
0.0651062392924194,0.220673962863651,0.255717039099737,0.213334880964064,-0.28929969670745,1.52641207827706,0.495962045140058,0.161382786552362,0.142661876348567,-1.14249989343548,-0.0562334365753269,6.19178288505885
0.0509979796680328,0.181383298646421,0.265536685053728,0.197403245722403,-0.256875326775727,1.51868680310216,0.500469650748846,0.175190455807992,0.135976175228277,-1.17880689293656,-0.0481049588942391,6.22122092717126
0.148423869477571,0.220005590885918,0.257448480652637,0.206264519779119,-0.255741814062821,1.53115826393077,0.486740239415502,0.142039259519536,0.155218849592386,-1.16323944849637,-0.0517239208424728,6.23017521589923
0.0916565049503254,0.193297501962286,0.264291549194473,0.201935674934794,-0.263603890905051,1.52401959413673,0.479981438449397,0.139212990760943,0.159804301919962,-1.18229779404231,-0.0400629922706711,6.18828562742255
0.157768208550821,0.209185843853314,0.259932192763851,0.203994128320574,-0.286399919508648,1.52383114008651,0.484686438007904,0.156829922423625,0.131392017687659,-1.16143941566197,-0.0327406464576724,6.1485983694694
0.0939428426416934,0.203140218874525,0.26060174439866,0.205454412207998,-0.261253094207936,1.53159404929414,0.485007792570911,0.163338370242513,0.160829352350923,-1.17068287004805,-0.0528606379692238,6.1686175555003
0.0576856525906675,0.195283305303597,0.26393434589097,0.202154736815616,-0.248896332872122,1.51461572344687,0.494149608132145,0.158137214003075,0.144127017593988,-1.16909094532396,-0.0510713929455526,6.19907321601098
0.183902440816832,0.202675015228433,0.257772358876913,0.203230277684627,-0.277727685665134,1.52279091021454,0.482395684940379,0.162285545488292,0.129163220008803,-1.16978375342728,-0.0485657656862651,6.17912621803242
0.0962166542398207,0.171738303085354,0.260217833926138,0.175012175035133,-0.248221913186774,1.52292294584156,0.486903456850299,0.149778430808049,0.163805605627162,-1.19296955875249,-0.0876327796365655,6.21261026286307
0.0952634006486986,0.183795767929025,0.265604768756386,0.1961624088204,-0.254027713687991,1.53223863607306,0.491966018098943,0.152407820036697,0.156055898296839,-1.19184845896956,-0.0499792297116611,6.2075549667482
0.117206687897701,0.219565670952811,0.251253892518449,0.205209647758142,-0.286290807544458,1.52255632394484,0.500418823318562,0.198906270805316,0.132634107053113,-1.12796499019078,-0.0689529309336196,6.17088842184445
0.0571826135653294,0.206141516340269,0.256942456826033,0.221223736524328,-0.26470816000034,1.52261464273333,0.491675660354866,0.1367629990818,0.148778639923753,-1.17538452638605,-0.0212897476393118,6.18640749739217
0.0898188261862008,0.187097952062055,0.268322790877732,0.193531676294434,-0.250866505320276,1.52519964346082,0.482467778011943,0.138944810239981,0.145506101418126,-1.19637982575519,-0.0511693033408671,6.14764388839405
0.080020646600651,0.194403381288115,0.260710056847044,0.203764519967685,-0.257636531107145,1.53837102610105,0.480561751526681,0.174248147820189,0.163915833059834,-1.18379050441842,-0.0474655019870922,6.16356304107171
0.0503153835762039,0.189078187727505,0.261801994830643,0.189525711332589,-0.242731721137705,1.52455520153029,0.485040443816564,0.172600872690042,0.160412398366597,-1.16998151635391,-0.069936705250392,6.16207889379801
0.0816361107160339,0.218156467640781,0.246949717555642,0.194322952215519,-0.282981189586041,1.54486488500225,0.483908831799033,0.155174011321154,0.127335374109215,-1.16521345325674,-0.0716683475576699,6.18659335978154
0.0668875027313257,0.186063773826936,0.250411658054482,0.198425889034234,-0.248150731821615,1.52442323056104,0.49235105301608,0.154863911073617,0.148513451971497,-1.1890037777333,-0.0361191371356155,6.17091836242815
0.117872861080068,0.201810812752847,0.264616449286599,0.190695519190002,-0.262376979623209,1.5301336031081,0.475292851026054,0.156503674213826,0.174211242838721,-1.17118383706672,-0.0605518778724438,6.15895675090724
0.0902926023958734,0.205848321221875,0.260837805393264,0.19074754352048,-0.263320019009457,1.54583661899111,0.482942973987035,0.15993403528798,0.161052379951507,-1.18040160140753,-0.068498005078142,6.15579695529909
0.161794428168778,0.227587394715615,0.254816965840193,0.220795084180204,-0.292975097431513,1.52673568842027,0.489318859809471,0.155481426958811,0.14211179227404,-1.15076429459562,-0.0389140162631802,6.18568286999418
0.154940015352512,0.193677374119247,0.2593311381116,0.199958301049068,-0.264438909360186,1.54036541247446,0.489641547125396,0.150094367912567,0.130795821829748,-1.18538523807464,-0.0345946451851709,6.18706872282767
0.133323417309359,0.195596953884099,0.263326782274407,0.193176779562421,-0.260421426083527,1.53006318222696,0.48299670370385,0.14552723384474,0.147713224704267,-1.19523456099585,-0.0486696218977381,6.1136717706598
0.0698897381034978,0.182225613327231,0.271160226480901,0.201050810266745,-0.246076238823503,1.5167185135263,0.504587528423387,0.167972776745291,0.149665370570496,-1.17911686152654,-0.0599343739346542,6.19772715238941
0.158315202247896,0.197421619753946,0.262846435230951,0.20338056489275,-0.263976807675196,1.52235833400331,0.485543603893878,0.172387508079953,0.137419883957404,-1.15188337230911,-0.0507781731689219,6.22652719070144
0.0312312541604654,0.183716091506706,0.25999468105008,0.199028958299844,-0.24111856703218,1.51331394182035,0.50130174358988,0.163989428341611,0.152456116675962,-1.17888435344287,-0.0499520747464386,6.20455788463221
0.0968835741670972,0.205566437472347,0.253082368678671,0.195885034147788,-0.272820162596742,1.54065076736376,0.482865600348229,0.163319905704071,0.110697318579068,-1.17621086672857,-0.0435142543809722,6.1541868855265
0.130817629056723,0.207678867394046,0.262392186012875,0.19912809842556,-0.278148529361967,1.52931314217009,0.485216586833632,0.17136024032148,0.120084918759032,-1.17038985377112,-0.0515841477700941,6.22010286677874
0.199913722957687,0.21382866275694,0.260728077255948,0.218373563700301,-0.28698445432149,1.53076934560588,0.493518557435461,0.174247232187098,0.133083090234925,-1.16652194579647,-0.0311792606181897,6.14610038643993
0.0359622426093752,0.202227869892359,0.258120252522944,0.19779719080053,-0.26501056472265,1.52064299094847,0.483078299539986,0.150770873477095,0.15481170608147,-1.17455999069622,-0.0517597298634903,6.16784564172024
0.169063578235129,0.199840051220877,0.256298323646499,0.20565012147726,-0.260955761925984,1.51965500419091,0.495184512833967,0.124447832696186,0.130997413150816,-1.18616178630459,-0.0350297699877467,6.17420007954499
0.123433221699884,0.237591049282614,0.261125802060348,0.217904039957656,-0.321163180927337,1.52532167693305,0.480843472945593,0.155204712394141,0.143077669411829,-1.1429446917806,-0.0467908714863598,6.2033015910279
0.024282317944144,0.214479854688729,0.266012798632575,0.205720792076471,-0.274763162569103,1.52809258153692,0.470211480248117,0.168369132149769,0.176710144882475,-1.15295875604305,-0.0476774414258659,6.20985725548622
0.18312135534683,0.191552743460932,0.251816105856005,0.182181419990835,-0.251570845884029,1.5320063723639,0.483146104684426,0.170887446920453,0.142461963410348,-1.18453067468464,-0.0774185430854872,6.14017045765157
0.0947893405896697,0.221736951707951,0.264864516583622,0.206797669068862,-0.277840514638183,1.51068108798376,0.474809616120972,0.199760743571828,0.172829643025203,-1.12220851719406,-0.0559768712465301,6.13446729657318
0.0688243789689869,0.189454336946569,0.264712796685054,0.194940339869337,-0.260509171493758,1.52107397695395,0.493304089935184,0.177615727748499,0.14371979502945,-1.18171393638577,-0.0536222575040419,6.14619630297741
0.071478866609089,0.188060330238056,0.264119311955867,0.197956221963216,-0.252120322302862,1.54294105085097,0.479412382488284,0.169944541732511,0.122165204209139,-1.20829349781648,-0.023311718342953,6.17077751865582
0.0846680590171559,0.168670841946534,0.263920126604087,0.19060525513618,-0.230752267308951,1.53493174973147,0.491223027035807,0.158269627725932,0.14356217506562,-1.19935543629463,-0.046377004383461,6.19108144589502
0.0977521334789614,0.200610167218878,0.260677554542109,0.200389043946186,-0.25732607997505,1.5211304315174,0.491143740701463,0.155442327233869,0.155005046364052,-1.16526811704587,-0.0501886165575946,6.17051088809609
0.0524556724748727,0.217280511764272,0.262973744871338,0.202143484390515,-0.271023269769149,1.52374177517086,0.495188403037869,0.158230998784164,0.162045757065545,-1.14666934498214,-0.059426289407639,6.13934529765464
0.0534098806381217,0.186813229813688,0.265378588434784,0.189376621576629,-0.249140889678592,1.53399187289628,0.484704588805407,0.143223980748818,0.141897204627056,-1.17749562430924,-0.0510139908737221,6.16022246952094
0.00116608663468573,0.200321294526995,0.270288140810403,0.213328539362732,-0.257187238035729,1.52170430271174,0.500893427127186,0.161079656625683,0.152752066055966,-1.16039997999199,-0.0244818072351098,6.2174083543344
0.054431171031021,0.223089911756405,0.257130662123201,0.209686743170529,-0.284602015778255,1.54088981268589,0.478298953776202,0.143132019380713,0.154935509274492,-1.17596859403565,-0.0524656965894976,6.17875670637557
0.155844612864569,0.22610332132739,0.258133042533096,0.218099002462337,-0.294067291592035,1.53547385744971,0.472592686405207,0.144201898645336,0.154846814916942,-1.16908811371365,-0.0243425869751093,6.16540779416518
0.120384860127764,0.162570408435246,0.261603761965104,0.171015730832625,-0.22727096385966,1.53848229634334,0.471584321640404,0.180264538539449,0.139505087953367,-1.1973922892384,-0.0484746386229918,6.20088367549887
0.126024869861141,0.185635677022185,0.26093974743308,0.185922182376301,-0.246497990645241,1.52383117670862,0.498135293801503,0.155676801769778,0.135341862188412,-1.1871568132677,-0.0574686145355844,6.14187544621219
0.106448474246572,0.195977954824078,0.263544186530849,0.203301063586908,-0.27358736908998,1.52019711196548,0.475457961195655,0.164001229863763,0.146626394446694,-1.16896236772909,-0.0416717666776478,6.20710797024571
0.170655435244466,0.202883582237448,0.253173645827892,0.206279703092191,-0.283926450117199,1.5179335926345,0.500360342669431,0.146863404587854,0.138582613956951,-1.17581591671093,-0.0398481945856618,6.17658443596269
0.115069298519183,0.214562309766922,0.256929348667434,0.209765975682412,-0.276331289337957,1.53043939079692,0.486011434911904,0.15593751399167,0.150952032703976,-1.16590855522204,-0.0415192165176727,6.21825369052603
0.074883377780192,0.215357828925833,0.264758001082106,0.209983927678136,-0.275841158920437,1.52556018339042,0.498053676992555,0.162788882781404,0.144191553385129,-1.15948753224804,-0.0497966559084694,6.22549948891003
0.0789896255490224,0.198608946302729,0.267618448365316,0.197407487041174,-0.250742596195199,1.51498957565923,0.488207197168483,0.180050048819678,0.140851293871452,-1.14012092157087,-0.0531409942791422,6.20695923630887
0.0361777558640253,0.211123855013919,0.264728671055636,0.20948644489159,-0.285501607425795,1.53274772447889,0.495539945307903,0.188530919913201,0.14311271622683,-1.16147561801045,-0.0419554292550117,6.15892566794173
0.103572096489372,0.18505003202953,0.265531369913709,0.187676506949235,-0.241227717130881,1.52339624830795,0.491756997502003,0.166909761625897,0.14525209753431,-1.16628951529913,-0.0691594857815318,6.13727799438655
0.0768897928546789,0.216808493834316,0.26372946442208,0.211901259730123,-0.274268951429747,1.53796420750947,0.478138079754205,0.152441198430784,0.164045289413001,-1.1707103389038,-0.0380813907178359,6.18067020377036
0.0118512401796218,0.184602485257143,0.260763170476191,0.180169482685677,-0.250868634661566,1.53475248220672,0.483309145566316,0.150766842963515,0.145884450186657,-1.19190576644858,-0.0756247855600727,6.17570694976167
0.124123659491479,0.176696597358212,0.258442885591452,0.187475699828476,-0.237581699819937,1.52202198142361,0.491247813199294,0.150160738910693,0.125375787263046,-1.20245772969127,-0.0625419632351923,6.1797752099667
0.0548642971793109,0.218565511237771,0.266962978216622,0.197883515248608,-0.278675581078551,1.53436593159374,0.474423732447617,0.127955997516877,0.147407869044304,-1.1720356638016,-0.0645495920491584,6.20361520536823
0.0998769399973518,0.185780341660605,0.25875852622855,0.188767553680787,-0.264353925907788,1.53296128016378,0.488446319152181,0.159009771855801,0.141908207121696,-1.20476689006092,-0.0556882884847645,6.21434532142727
0.0664309421772681,0.23505807406289,0.255612459867121,0.212477341314154,-0.306351008600346,1.52714426405677,0.503262426019079,0.17147047447669,0.133413460110691,-1.13298828511266,-0.0653726757757155,6.17211366408058
0.1496491313248,0.192313992267959,0.259927334457909,0.189051007742293,-0.262698312220602,1.52750564984311,0.474317609507864,0.179125783474083,0.156805347298737,-1.18179156266059,-0.0557735720982778,6.15931862556974
0.092002495163585,0.190860605555545,0.260249029280189,0.18800472910484,-0.257530576646799,1.53672798338962,0.472207020946414,0.124751414616369,0.130647881678004,-1.20089051795755,-0.0567912419122453,6.15996735952832
0.0890610057180712,0.201363746342545,0.257728160825246,0.196940201445761,-0.274471791396541,1.52372282788174,0.479998210242541,0.151845848494905,0.166681509284428,-1.18492072721172,-0.0345387913955106,6.23360661920024
0.149332458332109,0.20089170707035,0.260435189763215,0.188399783652157,-0.261344491395367,1.52423795171863,0.486953526800055,0.15390500720818,0.127330453082866,-1.16158846490601,-0.0689530017844259,6.19786581658218
0.104190637728459,0.204927443293803,0.259635310620869,0.200378900806781,-0.252476226020857,1.53833500934814,0.483263909107223,0.166619136068653,0.145970716377525,-1.18347072129265,-0.0536202649955051,6.12483248984083
0.140633694952457,0.206692514741565,0.269282544768083,0.199165908662716,-0.288370457388456,1.53614250073822,0.484976873451164,0.167320700969251,0.145998464333031,-1.17869061056928,-0.0538973970195068,6.14874931740986
0.0583693238612226,0.20548219114056,0.254590645302409,0.202140064438299,-0.257511821123923,1.51587906528105,0.500264666011635,0.185295003699779,0.177927167493793,-1.14265500677774,-0.0370792231849874,6.18171740600968
0.0536364157384963,0.172877107332034,0.263814363853261,0.179076999892025,-0.238753312121171,1.53498137465515,0.475458758459394,0.145551024637603,0.144267907879762,-1.23885370447776,-0.0564155711693839,6.14109039776068
0.0134396816451144,0.211357547923139,0.256974597351417,0.201813728009954,-0.267692974139261,1.53246568965813,0.491426709103001,0.157016434595606,0.182335780731418,-1.1683565775845,-0.0580617086937171,6.2422762006416
0.0396860084762296,0.197800672686673,0.267782515769499,0.208278644981806,-0.259120797687006,1.53136725463657,0.486174909032127,0.1425617957203,0.151185869554572,-1.18890469789859,-0.0306398938237313,6.14565384207919
0.145633492291795,0.203366200632742,0.25877977903658,0.195974474970335,-0.254299837764852,1.52981819108119,0.487997065366782,0.153597734072601,0.139024253274009,-1.18733890695316,-0.0634925744550428,6.17340669168744
0.0619681683542583,0.19551124678653,0.26613671475369,0.192082540646054,-0.247485079056949,1.52500596008677,0.488893204200841,0.178803500913639,0.136800762334936,-1.157347211664,-0.060139171452602,6.19033460863542
0.051069938517724,0.207751611328564,0.269214635930907,0.209548719317746,-0.270586475151529,1.52656314818515,0.497677818720938,0.161473798760383,0.137717974423917,-1.16413572551937,-0.0381868574074314,6.23934271434197
0.0498539945919776,0.207725329022073,0.263545545757704,0.203792324798736,-0.258794818844691,1.52815253845828,0.484591678409642,0.171901871906595,0.149477152075156,-1.17179538848073,-0.0373975863728471,6.1899894800896
0.0305436385937001,0.212341850264934,0.248931457731394,0.216756308511953,-0.26954577969632,1.52577517459308,0.506352541861079,0.173274415519431,0.15969511500223,-1.16357434615675,-0.0361545765453639,6.1556616179446
0.0202634949280675,0.2104639450081,0.264202574027763,0.19657043105233,-0.270105128538179,1.52764463579937,0.49389484587641,0.199912974027881,0.147025963248107,-1.14236852615294,-0.0634203637114429,6.19427400254885
0.17940117714684,0.171950324037793,0.258094847034982,0.188222847582032,-0.250114718470182,1.51858740875058,0.48762306210799,0.174988780573776,0.137811432971641,-1.19169750269197,-0.0622003467163988,6.15532491436777
0.11614368795905,0.214054549319178,0.251194605817924,0.198695241561911,-0.27132563760112,1.51885295735893,0.484535368226235,0.172977266948018,0.152331171971092,-1.14327782465394,-0.0642682708799031,6.14017449481426
0.0349545413937055,0.199073626381752,0.257957332948451,0.20037993759589,-0.260957872629337,1.53591388388958,0.495139953859768,0.150670085042673,0.138291598185997,-1.19061399578587,-0.0517509784096786,6.14742928165894
0.0924329547157215,0.182959953153137,0.254437972555993,0.18400996224174,-0.243535393346456,1.53304674932167,0.480691482989239,0.169599449784537,0.164887797798173,-1.19144131761424,-0.058475228625054,6.20742463668806
0.0632190231602021,0.176999563461233,0.267620350227764,0.189566009192657,-0.23802859433508,1.52007333153293,0.488452345558377,0.162512855951901,0.155792359443354,-1.18183032241658,-0.0681286116805766,6.1900298462123
0.104237875679798,0.217280108445598,0.255822944230828,0.202481676754489,-0.271658922071798,1.51985868515965,0.478518302131371,0.171230197685621,0.147537018028907,-1.1536742297357,-0.0680499490601525,6.15525649534867
0.0706706147390437,0.197021555529302,0.271352838445597,0.204105533355865,-0.255863611980113,1.54131605461611,0.484692199219892,0.154325269070232,0.160269903441572,-1.18611599955986,-0.0378646068240061,6.20453621872744
0.0545830222468134,0.237590779484198,0.26805572289231,0.210972545213569,-0.306661422816886,1.53107737770421,0.493965539678054,0.167609148871584,0.172477952784931,-1.12516019045817,-0.0605845047555028,6.16023262303989
0.0850281609078797,0.235055690970811,0.256958452819202,0.222715390757864,-0.302936188641363,1.54211031857268,0.486818493132993,0.135337472154913,0.145865598766419,-1.16386895628462,-0.0348520981359769,6.11005228250638
0.132157337612157,0.185844294198893,0.260825223209237,0.184018445122329,-0.248541278526984,1.53095201204918,0.491123590292999,0.168519206508147,0.136387789232758,-1.18450276105344,-0.0599014811094116,6.14419326354104
0.137380138287765,0.172699185874777,0.267534631635754,0.190058162293856,-0.224393393932441,1.52591437368617,0.483565506734231,0.166182284412564,0.139211816338962,-1.18232356939174,-0.0575700120364512,6.19657748588165
0.101366251076206,0.219769003921681,0.26102220588806,0.21054614342319,-0.281769550801028,1.53397163884353,0.474986807729241,0.160213041575624,0.144417657860653,-1.1445866833779,-0.0511924768731341,6.18359212883812
0.164685169847511,0.19121426387618,0.249658707321301,0.206666511422886,-0.262470193370175,1.52050730960277,0.485979492552455,0.163531547271658,0.122931143135695,-1.18490433295241,-0.0230594955001147,6.13784137681174
0.0623697418495449,0.205055494394388,0.258149040291015,0.197164965697837,-0.274167840203734,1.52871285865231,0.488603230958933,0.152350164039261,0.154226364464398,-1.1566107707038,-0.055413007438463,6.16019285378924
0.0987839083808935,0.181668917168644,0.267076782150503,0.188239720904936,-0.259456480198314,1.52931125436938,0.488403607794247,0.157190680974216,0.11513099791263,-1.19019199192342,-0.0701045558675803,6.25339278101239
0.0995500912275068,0.207046828833188,0.265441626349772,0.222666126036229,-0.278039647733167,1.5284479966956,0.490287782526127,0.152702303414755,0.129922076600091,-1.16411666777978,-0.0257643911468559,6.22597582916766
0.0671798939982951,0.202331543131026,0.260890960847262,0.199544571089965,-0.259164254057809,1.54134548651394,0.479776263023015,0.174147089828429,0.14742120381024,-1.17171051371137,-0.0581990035794263,6.23867111437441
0.0825080125876041,0.185384861852266,0.254523089222162,0.186561262067612,-0.23220270951546,1.53012199691773,0.489609163534948,0.160735052205372,0.154550221935984,-1.18277104978771,-0.0614863636692044,6.16385789258783
0.15165306925246,0.168603388608451,0.264339965639082,0.181722308361881,-0.230407519714167,1.53748893650567,0.484338807785518,0.129180677947202,0.13126501477567,-1.22277521197105,-0.0585916529356266,6.15779662681145
0.0326241059956171,0.192584278887509,0.255370836749216,0.194047339742726,-0.254485618846083,1.52440396349373,0.480968158903852,0.16050276719077,0.156555509178694,-1.17802858188241,-0.0637494840961388,6.15424573689739
0.0641222998129227,0.217069911072423,0.248534852658733,0.197441353582809,-0.270477005542589,1.53929226307449,0.485755925580857,0.159680851614704,0.155110031598057,-1.15410942886188,-0.0480321282023152,6.17641548290107
0.131311560791414,0.212400289577741,0.271751855577018,0.229340084214786,-0.278845999882828,1.5181411374723,0.479802656548938,0.140518585814759,0.136886215238917,-1.15742727310579,-0.0266987122615239,6.22385055441779
0.111549213022546,0.217680865419728,0.257995634895983,0.19933670879921,-0.280857544765931,1.51591734334565,0.502505143997615,0.168406308613521,0.156283699979129,-1.14199566125228,-0.0544587863401667,6.15244669952401
0.0503620385347138,0.192383277968835,0.264325041672444,0.207213094261392,-0.255765499469966,1.52583679657848,0.480827878496713,0.120483004451988,0.129196063593491,-1.19254873454278,-0.0331763287543348,6.19796329792949
0.126465808376689,0.17024436264895,0.25498898074307,0.191525704354874,-0.233240012894573,1.52945627372006,0.49843387630066,0.172128995825324,0.147302007355725,-1.19060290947296,-0.0516091247680069,6.19358697422846
-0.0568072406615286,0.156072812550317,0.26030650947317,0.182815436988473,-0.218217008141988,1.51641562451891,0.502927970311753,0.171371642386152,0.136835568538885,-1.19861612200994,-0.0524485290486266,6.16196523566385
0.0187729700234366,0.218998048309373,0.262942756737496,0.209176099700226,-0.290125539901712,1.52951116018178,0.492559298961881,0.191701510889236,0.150477525123004,-1.14713522808834,-0.0611047593289828,6.18395209058637
0.129964661463841,0.235574247766993,0.252709249008107,0.21109910598262,-0.309200431054676,1.52960316138761,0.478508938026518,0.130519856020588,0.14864744835971,-1.15320732558597,-0.0379289769364336,6.20404557666339
0.00958265479726013,0.221627424091338,0.260495087319462,0.214672492917945,-0.278298001087442,1.51739768979738,0.490767510925674,0.1598260220246,0.173632298593905,-1.14888832551631,-0.0210964287094447,6.17953600288941
0.163280956425852,0.176099942334709,0.252060925504193,0.185136861220893,-0.235698672929883,1.5199781534412,0.482828582496171,0.157190682167179,0.160167038534439,-1.20931386536683,-0.0480597142769099,6.12845265678716
0.0381640917449834,0.227698272660992,0.256230397233399,0.210726991213696,-0.282999658523178,1.52968131738341,0.488020770876026,0.162732518349329,0.160084098798287,-1.14969256876525,-0.0613982494832454,6.1248793439423
0.0276995671751027,0.198161508976743,0.256216987982569,0.208729736344587,-0.265982672457268,1.54607513786686,0.494765774814582,0.147601867328707,0.124578592889227,-1.19354251481718,-0.0534830442969887,6.19301768206445
0.148906645509281,0.16180634592016,0.265536088416361,0.197886916979858,-0.232424795305702,1.52192118171264,0.479665265546587,0.161224236521541,0.140875450910759,-1.20215967965952,-0.0349573458864036,6.16633521945369
0.0566630742914523,0.214491644934788,0.26642861879758,0.200877159897987,-0.295566668120345,1.53340181629003,0.482286996572719,0.167608607499945,0.167518279824555,-1.15228752397821,-0.063625255566415,6.18057300048047
0.0892925394239526,0.208225725679014,0.264496709153965,0.222631428514099,-0.274218031100235,1.54071555702147,0.482336044726157,0.152488717502299,0.134073192907102,-1.17642289004086,-0.0163172459862117,6.18892048028992
0.184980135878303,0.214621594310562,0.262296705876538,0.212123909601014,-0.274075900845801,1.53357206592732,0.492384091251745,0.155020465936934,0.140797528560078,-1.17070641693713,-0.0262612494822012,6.18538334306297
0.100299831834156,0.180837750491939,0.260830566468985,0.179862870550913,-0.250748051281282,1.5309846511522,0.481743233763593,0.189572931045065,0.146584509400499,-1.17611921751424,-0.0609149806736283,6.15118159517181
0.109592849359475,0.188835696073528,0.264326153095875,0.192432742859342,-0.265623925482399,1.53733590903743,0.483131125176775,0.176723954423501,0.130724298675368,-1.18479101650632,-0.0434076104970371,6.18618913820747
0.134860300576471,0.181845498786585,0.264696128401184,0.193585498940612,-0.237027475012494,1.530169387512,0.483485706018991,0.144032328779088,0.130358143740105,-1.18256172058916,-0.0450752616045054,6.23674947201539
0.0951728682411971,0.187007832723823,0.252474355921471,0.192276349527661,-0.247482080724511,1.52486722485979,0.484876542859347,0.151915100360228,0.155618194479882,-1.18667308319941,-0.0430866738513907,6.17429605832675
0.0874815273754014,0.190941002554412,0.26652660400537,0.197510528132741,-0.2506179686893,1.52954543136592,0.492006055265572,0.167061309529301,0.127135112586965,-1.1820589768437,-0.0532127888357446,6.20344708489051
0.0864873964098584,0.187848280863154,0.267131289885114,0.186952716797268,-0.273885983618605,1.55220659960238,0.468855329481259,0.163987229728329,0.127824944989232,-1.19700738258863,-0.0618083165832829,6.13324494808566
0.0342490197773625,0.208903189603084,0.259066296912233,0.197757368421567,-0.270506459514877,1.52805816470041,0.480130281456034,0.18231777226403,0.158431508702248,-1.14614570133858,-0.0544077443899246,6.18733915364566
0.165471058061453,0.202188985872321,0.24789556731335,0.197222318325003,-0.268000755634377,1.51204984867813,0.498011283428864,0.163316880762389,0.155546751198489,-1.15450257319186,-0.0526971125233739,6.18958210069718
0.14575133464774,0.17399448989353,0.258134649152913,0.185192137917854,-0.233552519130584,1.53922436803829,0.485760595604923,0.147035245624488,0.137422299744589,-1.21096954409469,-0.041624749280063,6.18206741970782
0.123843072769889,0.202638106284839,0.2584025239138,0.189173485409961,-0.262922463317658,1.52489953104208,0.48174068242154,0.161310856441504,0.153873004190391,-1.17621250494318,-0.0724838859426312,6.15024302332228
0.0179862678684744,0.19238635963821,0.261685933579813,0.196783166544667,-0.244264900212302,1.52354587324557,0.493582901090755,0.176238105389749,0.155237980488279,-1.15942886127237,-0.0554216571220097,6.20424273588716
0.0721399580497817,0.228327532890915,0.261210742620098,0.209986386102787,-0.290247153084775,1.53396910054902,0.484324338094223,0.145333125868208,0.129021866165598,-1.15259534334504,-0.0699561762136194,6.25429773903069
0.0510275330423486,0.218941757100314,0.266435120226276,0.204178924027988,-0.27553808758742,1.52942695364266,0.486934281327328,0.180923753976095,0.151329358898865,-1.14628992312689,-0.0507644728965981,6.16062182787405
0.106936562641276,0.200272780612423,0.25824958576213,0.187765493320993,-0.266902248166059,1.5259123659514,0.492854789005362,0.160537283117093,0.151911108905273,-1.17119808859551,-0.0653485780241046,6.16882457935164
0.14678831889358,0.200584446867719,0.263483543349414,0.209098752405922,-0.262403399277249,1.52872320144911,0.484811834752016,0.143674803320666,0.132445000610026,-1.18041441779713,-0.0358647132346155,6.19354324473015
0.0822894903076811,0.235027966383693,0.26242180612568,0.208745922005557,-0.29604183270553,1.52918886983066,0.488504374274242,0.174694712424227,0.159616005775174,-1.13304095128463,-0.0581301428875731,6.17613472024725
0.127013525414745,0.216928797774243,0.258097017763312,0.21662978780639,-0.273076254554349,1.52165738662119,0.498733855330308,0.151586990035903,0.144354834534565,-1.15349415817467,-0.0409389226510103,6.20360097712931
0.193656697328975,0.202391109753917,0.244339085801164,0.214316412066891,-0.259892484611451,1.52188483299639,0.503314968711095,0.148479646309695,0.116320942094085,-1.17174023265735,-0.0233091649073841,6.09198304754248
0.0588904952642426,0.202814584518377,0.251277911078387,0.202638877783249,-0.258348202960305,1.51198305663071,0.495122158590237,0.169362086134366,0.173003485108134,-1.1390752079036,-0.0539877602384946,6.21557375410509
0.129822509148713,0.204611822152617,0.265811771401574,0.207226250899253,-0.269789729303149,1.52528882396854,0.484269181600074,0.157759841934332,0.148607497518371,-1.16395089566054,-0.0510421363237494,6.25167833277771
0.135944974818001,0.206748217054522,0.25473668946343,0.203478179417857,-0.264731260571643,1.51703888720075,0.4907811255619,0.166208804212998,0.173276792095893,-1.14784031892832,-0.0466767318112233,6.20735671458013
0.0578893034015311,0.210436440366257,0.259475406178887,0.199055746166829,-0.274633015329167,1.52960703667576,0.482334065503917,0.17042430062858,0.154643613710615,-1.17025103802942,-0.0648580450655949,6.21548937562474
0.193760561194043,0.211981321713235,0.257100954141009,0.20291080047533,-0.269925670840093,1.53391468350217,0.48206956497652,0.148571793268176,0.164711094533192,-1.18817240008687,-0.0451718130881008,6.19058641198066
0.0916746161392243,0.199539298402458,0.264949916365148,0.205031435333038,-0.260205530305173,1.5343751824565,0.483869324633863,0.148743359367381,0.143189620551714,-1.17975607888364,-0.0405130956396754,6.15851159173547
0.0980883855725716,0.186406011427727,0.255792852250554,0.194846130897553,-0.250240220664062,1.52892834956944,0.489387082771521,0.156597877914295,0.134025612376141,-1.20062049587401,-0.0458550643826004,6.16012633744129
0.119403851210459,0.210427949708257,0.259284742497464,0.19985416763408,-0.274237045007057,1.52574347190225,0.491119827608283,0.175052427278041,0.162760121639288,-1.15135821890739,-0.0595580533864798,6.19123003020446
0.14107406707115,0.198807351901816,0.255172753619898,0.184258057221323,-0.266559374544515,1.52624542121365,0.476071026251955,0.157233180115975,0.15411780513726,-1.16694528054771,-0.0709731158784841,6.14602039754864
0.117643103303147,0.200216434254128,0.251895452243815,0.212089326133201,-0.263500954915319,1.5216548763187,0.492979427873712,0.124531872458252,0.159047011578188,-1.20318726715575,-0.0308958535137492,6.17428999443717
0.0774931875511118,0.200782443398563,0.264790922575879,0.192412547623758,-0.240032826531388,1.5321571596612,0.486050428499614,0.170001194039708,0.160076170916332,-1.1701285192935,-0.0595315487483596,6.18548479212355
0.0878230885289842,0.221689738921937,0.254539777919141,0.212740740478694,-0.287648318603955,1.53249568157924,0.488720431777871,0.145848352192657,0.150812261519817,-1.17163025489639,-0.0451524458735032,6.15986354548159
0.134208668425118,0.20168062706141,0.266653202931009,0.194488842115941,-0.275246342556672,1.53662184648901,0.476953321311293,0.188209589956495,0.129414010500113,-1.16325098445967,-0.05353054739949,6.21094839791476
0.0792114357396146,0.207024770037467,0.262169179043479,0.210698788357357,-0.260357836631312,1.52780466448239,0.497110766378408,0.119304548132808,0.153252803233006,-1.19154038131718,-0.027529028927118,6.15293071661669
0.0914478775940752,0.196722608914934,0.255017182420455,0.197854498552449,-0.261875356263521,1.5103990674498,0.496443173321783,0.135797554518415,0.152167540474867,-1.18988468880024,-0.0538560522447526,6.13272778359858
0.171617545208013,0.219103937988695,0.255708591308081,0.21792159597896,-0.294851761977455,1.51275459901468,0.494232707329261,0.161754397032479,0.132555234865229,-1.13041496418862,-0.0423480137230627,6.12065455858924
0.0291052754897612,0.171005203748967,0.264173084877931,0.186613302588561,-0.236141166852371,1.53923957943928,0.483276552049485,0.136571614816773,0.117756942460485,-1.2213804865945,-0.0552988815756934,6.14938055728358
0.180262943071451,0.205203805096365,0.26588449198857,0.198332799918151,-0.271247214465048,1.52002238331057,0.486919447765987,0.172479011083131,0.157933053758613,-1.16051090669191,-0.0544167887975416,6.18245339180615
0.0877554477920361,0.19105912328526,0.272727037319505,0.198908423728762,-0.264740936957194,1.52547039538441,0.490075427986231,0.16202049018128,0.145252947517542,-1.17581383513736,-0.0559284452075308,6.2234575748421
0.0800740166740718,0.197298277479919,0.268858526643364,0.201041817855189,-0.261649777002917,1.53281087173367,0.476125625721678,0.188888355705685,0.138017116140427,-1.14708068718392,-0.0482580339976213,6.163780638903
0.136010463721641,0.219154562838833,0.26066290599853,0.200231175420984,-0.278475418834134,1.52548193144806,0.495802926009581,0.14366064495154,0.136046134533408,-1.15810357570476,-0.0509192613710477,6.16949282278121
0.0871748153222644,0.190679248692953,0.276672951174297,0.206444364823004,-0.250998727910992,1.52727152804009,0.483863048384261,0.19218335795257,0.129958366417941,-1.16910289157306,-0.04539148994777,6.15376665114119
0.0694684602628943,0.220862041576751,0.259496698325882,0.216816000076844,-0.28854369262806,1.53142030581446,0.48813703952963,0.163441373892873,0.147929142787115,-1.1568601269416,-0.039750790066276,6.22552507527719
0.118990299024764,0.196231842441536,0.270525334702594,0.213492503505074,-0.261232929342897,1.53880413330535,0.476030450912341,0.14078054217167,0.159592132480723,-1.20413935383472,-0.0342004707894558,6.13347206660407
0.0879156827055668,0.211953522022666,0.258284857402252,0.197488612664656,-0.272569345593882,1.52372846391512,0.489239752551449,0.165323102594504,0.141269212243668,-1.14780865014976,-0.066854637131371,6.148264847932
0.0152945692424672,0.182599751537242,0.2571410887786,0.203473865704133,-0.235828207455647,1.5385059852231,0.497807440954135,0.12846329555714,0.132533640103011,-1.20568977878233,-0.0319483797835321,6.140202011962
0.0584028251074477,0.228826750922598,0.262529278069485,0.228977243310285,-0.289935183873687,1.51440662571499,0.498421136348696,0.179902278967411,0.168950072604942,-1.13595152169285,-0.0257245983077157,6.1748224436682
0.123260907848628,0.202782135152847,0.259782453272164,0.201568545756096,-0.262733531621519,1.52134312545713,0.491797263441406,0.159859656981116,0.115109777897163,-1.15968002104823,-0.0525641920518453,6.23027929943139
0.140781508101293,0.200763728446813,0.262019800921463,0.211825421253333,-0.26995071378284,1.5376713538738,0.490725441848112,0.14796152462193,0.144126973478293,-1.18819669105105,-0.0372138801029595,6.21052946377767
0.111871480636138,0.181981176580439,0.265566678324251,0.19248685240546,-0.246503630162973,1.52725780338909,0.486762074562001,0.161020326743348,0.118994207138295,-1.18115289589003,-0.0588130077423893,6.17958946123797
0.135811861240209,0.200902063127894,0.26173277621158,0.187789258210947,-0.272131475958932,1.54226736749711,0.476136097532464,0.137472690703806,0.146165953645555,-1.17534316569445,-0.0650365084457884,6.18410544431473
0.00819299273523419,0.194499585394376,0.259926507999613,0.212035594310698,-0.258478096742918,1.54023315957859,0.488312393353692,0.128361517236951,0.134105868716351,-1.19220232698335,-0.0281629193857814,6.17962342890526
0.0931468446598848,0.227325198478255,0.259395656713502,0.207258281883589,-0.290066928290523,1.52460268163623,0.4878980853375,0.136651823026399,0.163785238590756,-1.15097144517694,-0.049000821007539,6.2084607853218
0.0912542273649341,0.203488685601016,0.258735794670493,0.209588317080654,-0.268704400887295,1.53818950617426,0.486660357250294,0.185148109622485,0.135803472888663,-1.16174679451623,-0.0313705985018171,6.21941700991492
0.0576275902919572,0.180927161926479,0.264899287285923,0.193415126788777,-0.234201841999492,1.51882581509536,0.498101017995408,0.168407006822728,0.142533743688547,-1.1680824044022,-0.0311743622732975,6.1471486620319
-0.033938648349542,0.198580763810997,0.256675920123929,0.203151337362349,-0.262063320382159,1.51927333416676,0.491903481885789,0.166730485630172,0.156747603056133,-1.17263292813916,-0.0480330551216245,6.14111451690018
0.0210595742846155,0.176023394869874,0.255668752040385,0.193660449805287,-0.247574195638075,1.52450865954028,0.489692636580501,0.181877011304018,0.154670556316062,-1.19411522456078,-0.0473817000219849,6.21373502596811
0.116663080008929,0.221584386771876,0.263154380817927,0.204511216582393,-0.282767006021709,1.53344536183739,0.49117553633236,0.171847073949828,0.13732085327986,-1.15342490231625,-0.0486308164026034,6.19297479602036
0.0920447948169023,0.177371297473126,0.259811398588355,0.181941977412582,-0.235271607935479,1.53049146362593,0.483148152077301,0.164036676938951,0.136824874855722,-1.1909210599901,-0.0706952788047821,6.18652268333788
0.0860410377026654,0.210748511423278,0.261302535156512,0.206291702112478,-0.288711911354121,1.52198139418381,0.480850123620273,0.142790734756837,0.152535868530365,-1.17229895894879,-0.0574087092186981,6.14636754334083
0.084878276571156,0.180152726100389,0.257169929414961,0.186426000725123,-0.246793943008623,1.52327646146321,0.494133423327492,0.181770900891458,0.137556759132196,-1.17096204608166,-0.0657296524744719,6.17233320567739
0.067275807466418,0.215904670405123,0.268912337001496,0.206102050635241,-0.293266268101558,1.53515217374841,0.481637486364299,0.144874650801022,0.141889478912323,-1.1774394166837,-0.059445988155371,6.16547979065421
0.0874068993199471,0.174981664099376,0.251101267245529,0.188211695745898,-0.229321364732608,1.53463624589923,0.492600285004246,0.156960613901752,0.14028524969906,-1.19882314011358,-0.0450638575464327,6.18772267127774
0.176033211019988,0.214937660746433,0.251885108179161,0.204366577491709,-0.291461464903097,1.52507131874637,0.490245678738339,0.173457799413801,0.168380838390457,-1.14030931919491,-0.055830004415587,6.20741744196161
0.102304017266074,0.174613586664566,0.26205569385564,0.184175639066277,-0.22763204350086,1.52587212518262,0.491311983265696,0.16359635182268,0.129191395272704,-1.19813738254626,-0.0432844399957701,6.1878057553751
0.165670272117838,0.200708309658336,0.260323051878014,0.193255314136256,-0.27346377161904,1.53843394470797,0.478389525480233,0.147832546164622,0.141853950451194,-1.17983032371026,-0.0467377368848483,6.17239262512594
0.0800282343680509,0.194290568223798,0.256000906263869,0.211059661411084,-0.260472140445487,1.51703289844993,0.49330424374626,0.159304138235696,0.167783467674918,-1.17010685276578,-0.0470507827540748,6.2189434468703
0.106997287709058,0.19607542472151,0.262273980881978,0.201539613560242,-0.26448477678172,1.53470850735883,0.498939903798612,0.183983732756695,0.150924549604973,-1.14438766134928,-0.0397735718166668,6.2379754244557
0.034439883112664,0.192111646137143,0.256254088073183,0.19713015757022,-0.252457515225333,1.52116925995334,0.491975595996623,0.160982834230901,0.15490364811447,-1.17282174707636,-0.0459501691162126,6.14840333263
0.027548755351149,0.227287420408043,0.256274326174829,0.211985927387664,-0.288247238422677,1.51516953726022,0.496297089510566,0.142318534739342,0.170004929545179,-1.14381851146851,-0.0317916208919446,6.25512089955693
0.062338615354956,0.205470688381284,0.259477635812079,0.19724165427643,-0.249471376977802,1.53745706924896,0.492692001162231,0.162328894462001,0.129514205223055,-1.17644051138909,-0.0523413277218534,6.23124216640273
0.0867030844995876,0.199709496264406,0.259923080791626,0.200532221353632,-0.258854434452921,1.52320168192349,0.49988159506903,0.152022781078881,0.129388532562069,-1.15914172429518,-0.0533665713666366,6.17082059249888
0.0800095801017964,0.203307433235099,0.259570342250678,0.199541296023636,-0.257462518299943,1.52282220786532,0.490508607231557,0.185957021044292,0.14237839189172,-1.15952407314573,-0.0573468388392793,6.1888114510128
0.131878148090767,0.207691770477476,0.259535266567296,0.204328500249365,-0.266735846095783,1.53582793416716,0.484817399812584,0.153804255361015,0.14186096448576,-1.16663941555936,-0.0575455015080416,6.14299922210352
0.16331474859481,0.191589582965029,0.258874806496036,0.183948988188492,-0.274755096789885,1.5199403958171,0.487398844570574,0.186374707076095,0.133271082650168,-1.14928169381836,-0.0686675652467217,6.13923639488529
0.136000440419454,0.201281593989464,0.250580800713311,0.197844283073617,-0.267377675027017,1.50742039781537,0.50363387008461,0.149131728011707,0.163920346981023,-1.17533553764004,-0.0502828354618446,6.15931736737785
0.000618463129402499,0.210279684001071,0.253148037191104,0.21666160666527,-0.265188936802183,1.52849217558687,0.500361459648761,0.155732342266487,0.147058435119536,-1.17753002768987,-0.0336139236828144,6.16000759805315
0.139368927120884,0.197749968357788,0.250077694585494,0.202623816561255,-0.255425640230226,1.5093416363797,0.505000789103511,0.145676968061983,0.170866252938277,-1.16103235087895,-0.0476515484161944,6.15440378327623
0.0925190708658147,0.221479863203803,0.254720547428314,0.212905856101669,-0.297105269033672,1.53205889904013,0.48991395430151,0.184616824391296,0.128146055138951,-1.141775252907,-0.0370557534901176,6.20732358358541
-0.00233696103652666,0.206024111825762,0.259098354884838,0.21046610872283,-0.2610952017299,1.52347588651983,0.496234422629859,0.156147474309938,0.167267308463586,-1.16803163002732,-0.0508278998982124,6.14908197419252
0.109227596319122,0.208745455260614,0.252511305421384,0.210337373322394,-0.276055854767598,1.53379332823116,0.489838411967383,0.181281982067475,0.129867652281104,-1.16104691975054,-0.035677673251752,6.15193467548679
0.153034842737641,0.191340484897715,0.258404312592089,0.18973607209911,-0.260663252245508,1.51522274407056,0.489895150386082,0.159886536088388,0.134607686860084,-1.17718601482631,-0.0507609321782238,6.26869131180578
0.0351209281360893,0.186653610312597,0.263460687816853,0.186807305159726,-0.260344710725278,1.53175395435377,0.492286461593344,0.177106768394215,0.127304609390698,-1.17506453538799,-0.0729081779127824,6.21921066544196
0.12109062900594,0.178750338142299,0.261623340747358,0.195870843245443,-0.23852405014365,1.52429566416958,0.487855313396011,0.166225883006788,0.145718635237194,-1.17236865117632,-0.0458580714652534,6.16799640037536
0.0911369073936598,0.188790269623904,0.258248115984856,0.20947030170271,-0.247174224332071,1.5271582923402,0.495406723534535,0.157880202024056,0.144089619124972,-1.17840811433253,-0.0271068106947983,6.17312913790063
0.0493898904629026,0.209800702642547,0.249611175450498,0.198154611185523,-0.283437540621858,1.52549704688758,0.49220849051769,0.171942262278828,0.153963183745823,-1.16625200182877,-0.0747243583806498,6.13316802443458
0.105746809329639,0.217252535305754,0.255682285060414,0.206367825095961,-0.272055212141575,1.53009522581245,0.481471626985734,0.178874933849573,0.142288132952589,-1.13377896334909,-0.0700472097140238,6.10882521119057
0.171172551796645,0.17363475443668,0.268431966093236,0.187416763691324,-0.234061029444216,1.52919260908435,0.489800407201952,0.166483774104692,0.132814937846437,-1.19720930873885,-0.0358326917840542,6.16143255196171
0.127542811417138,0.211605746223595,0.25683441253096,0.200304309777685,-0.274627668567089,1.52640916128205,0.485269315427578,0.143063540836858,0.148188945622141,-1.1790800065984,-0.059426161809132,6.14990071620694
0.0798545532839465,0.216551826102282,0.267999030448112,0.211213809979732,-0.282096352879425,1.54111960215413,0.474265031976878,0.155459538614919,0.142361253398934,-1.16565555308982,-0.043018038990868,6.16780373740973
0.172611248897818,0.215938633463745,0.25828427990516,0.199067118024063,-0.2811225694902,1.53100713924773,0.486745877332203,0.146429651902158,0.150489747038107,-1.16884610277145,-0.0600122474717985,6.13674804191776
0.0673155639752984,0.208856822581723,0.252216738866992,0.200699547871059,-0.262234584918517,1.51760583551452,0.480286513559173,0.178465305941597,0.175593524600652,-1.1551670291514,-0.0588565562981174,6.16904416476098
-0.0290246251100333,0.226619216114896,0.260482931693126,0.219500275960928,-0.294438533399025,1.54136429195152,0.481281733531536,0.141426647933109,0.147788530432889,-1.16976893948344,-0.0490934866264585,6.16377395748716
0.0869145600128823,0.195355078987741,0.257548571244888,0.185686968007384,-0.267769169363793,1.53623004654269,0.481698992973253,0.174442451584175,0.137258301934603,-1.17782313471948,-0.0614111044751662,6.20619567794254
0.0779202367601469,0.214674720654537,0.25854579517607,0.21169037595807,-0.270726073911377,1.52365312429536,0.506732363356004,0.163764364853626,0.128750326648931,-1.1480864292374,-0.0564942786391045,6.15207200203334
0.11955737088092,0.21237974108661,0.252565769144002,0.199479339261957,-0.276200894047323,1.53269309376568,0.485837537210535,0.154663459302984,0.146333586107313,-1.16939697599732,-0.0525946442724219,6.11874823826741
0.142153000989182,0.230853254682286,0.262579626273581,0.224920737566061,-0.293839975824944,1.53328170939887,0.4869542599895,0.138265980953084,0.152638527411459,-1.15764612934652,-0.0468629067256047,6.12849254674228
0.155493338475973,0.22204694092055,0.258008944214722,0.204868427277219,-0.298635097610662,1.53094547695102,0.488487260567677,0.15366416793865,0.144794508274239,-1.15059861442436,-0.0715383023310255,6.23093014856538
0.0548723430047116,0.214309219694521,0.249960629425738,0.202883605376698,-0.284425902226766,1.53209220264481,0.496255830811013,0.165744055449824,0.143395906963017,-1.16198912107899,-0.0508937941010257,6.17427002668666
0.0118181397246865,0.178203499117111,0.259587599042365,0.190945157610021,-0.242097114385053,1.51656561051968,0.495865519065593,0.190679278875406,0.138274901111688,-1.17173526433345,-0.0691029443960795,6.13812648960013
0.109054881286372,0.203208663576201,0.268966074160302,0.202512560576104,-0.268642795344064,1.53771343173695,0.475823852128846,0.14458071118068,0.159241997029857,-1.18952428315796,-0.0365744968642931,6.12375129663809
0.12792136097001,0.221983847524694,0.265951397545412,0.201244842275896,-0.291803037638629,1.53128971757465,0.48871211879532,0.147059521440459,0.147318504387571,-1.16141153063998,-0.0529935666876817,6.22169249005042
0.0905284179829661,0.198110431764518,0.255664217910657,0.195357061884679,-0.268604167879257,1.53178799357788,0.486789956494581,0.16381622537391,0.138805953031038,-1.17542691157144,-0.0499795518048397,6.22233580516256
0.110352421668771,0.211536818882614,0.26291993040351,0.192566479062308,-0.27374659252107,1.5338720594873,0.489400341198008,0.169563020638696,0.140485279706923,-1.15423958840543,-0.0722455945327693,6.16422656244897
0.106680682915912,0.215629195614072,0.26026982744296,0.213754237960411,-0.272729856592967,1.53611796747741,0.482456703973856,0.168635392193572,0.158234975976221,-1.14536620723594,-0.039740121266821,6.1632549667786
0.0611977586194812,0.19241624222455,0.254193194991402,0.206851113648506,-0.244456461715097,1.53161131378758,0.497587775305252,0.138671968109473,0.151021635569839,-1.20170170144728,-0.031305048487746,6.19770473777428
0.0898162385641066,0.225822587474389,0.2611702691302,0.205853486124765,-0.283155923730764,1.53592885450287,0.48318291823061,0.163136752137033,0.141114943575688,-1.15405156065471,-0.054705678052713,6.18296709144771
0.0641860970957688,0.191147951221846,0.263907600145949,0.19185728993734,-0.253588461406896,1.52782345440365,0.497636861940912,0.1376585973572,0.138014093720496,-1.176640006773,-0.0506972886671334,6.14880750882851
-0.00198792457938033,0.193642130547016,0.258450748605315,0.20082479368335,-0.260444680700177,1.53274694783145,0.494545386886967,0.149141985849081,0.134581406645064,-1.18304858710442,-0.0382478018578626,6.15513836578983
0.122233417469633,0.194738299079205,0.266163144263365,0.196236794381572,-0.24938676861662,1.53893333539992,0.483069924853191,0.159039698927277,0.127716719288953,-1.17690427460465,-0.0496933433206584,6.21387951399964
0.0402103994373433,0.211785797865099,0.252130790850152,0.194633228422968,-0.267340265891277,1.53279703990673,0.492818272134728,0.158782254098624,0.154703694190705,-1.15833961714749,-0.0805539165858321,6.20323494098575
0.107311867657867,0.198436581836883,0.258426511131067,0.194979033225416,-0.264920756164176,1.52522107357762,0.486469479865719,0.162557012377542,0.134970319065381,-1.16434059278667,-0.0673951970637072,6.11959421332867
0.0997882744571212,0.193872942061453,0.261762164326471,0.19132443241195,-0.252202839784963,1.53583961313461,0.486623793385771,0.16764530292013,0.148372430015864,-1.17953892901077,-0.0668117776347098,6.17064611402394
0.137833933630336,0.18263265785641,0.2567448038331,0.193358781238398,-0.236507942192928,1.51207224146074,0.498219957509762,0.164498307655442,0.146203512180935,-1.18654573223893,-0.0444464946444165,6.12683620730047
0.0565597919493067,0.19418851175201,0.265564187936698,0.214505307347032,-0.259190407571275,1.51375645918961,0.498804910221688,0.155360840922792,0.137786680556302,-1.17205880038083,-0.0266274359657811,6.16202099155602
0.0816138769615246,0.199206104110777,0.259293769066248,0.196708481416843,-0.254896085877104,1.52416389141937,0.490746699610348,0.169766246248812,0.152114853309266,-1.16170137003983,-0.0536239109565984,6.1881655954826
0.064595199875441,0.214955347608605,0.261002319370725,0.206055076409868,-0.27238910114242,1.5227836647784,0.483880746442494,0.178082968419214,0.133737551650483,-1.14520193870552,-0.0388269042599843,6.18356850902625
0.0629202660680828,0.223516347789272,0.26005899861157,0.224323914943063,-0.288755835830416,1.53621339094333,0.492335135994276,0.140653233446332,0.145509539465011,-1.16455716305084,-0.043404117763095,6.1654123871701
0.193723419697918,0.234423369226034,0.259925886503494,0.217243912797771,-0.297178202572679,1.52102775477368,0.491436398937777,0.176325862858769,0.168998460786567,-1.121873492664,-0.0573128808623395,6.22324047896862
0.088539564254554,0.211475339547517,0.263276820255658,0.202678864977206,-0.263910354403107,1.53418059523062,0.481208761522044,0.134673685929663,0.136371602711389,-1.16739812367758,-0.0604669397147457,6.20601664652301
0.0748933625801421,0.200209596874584,0.260233721333657,0.186609052582208,-0.26217276114864,1.51634389173443,0.493767112634748,0.153910541472989,0.156643656825017,-1.18132074881711,-0.0725413897164759,6.16266236039406
0.141942179263677,0.212557529387051,0.259647553423593,0.202355988033702,-0.269570635780529,1.51737267103404,0.49259115900557,0.176390607578537,0.140974376848771,-1.13220950152017,-0.0445602300390083,6.1720024228656
0.12115887154389,0.206003698001949,0.254970224786235,0.201455993935222,-0.271199589138307,1.52570855098917,0.481982331601769,0.155469176377331,0.143340057745531,-1.16449280760628,-0.0478667082196742,6.22726704192501
0.0987981335235134,0.197586556257293,0.258111427952193,0.185132187502187,-0.256804133478546,1.5346068482378,0.486285986524574,0.154224172942322,0.154317827141573,-1.17716825202792,-0.0685583729768953,6.1698541343816
0.185492152629241,0.202428880987299,0.24469949170708,0.215135316139628,-0.261760669136347,1.5209635991079,0.502453102336039,0.150152642103159,0.114785041275279,-1.17214410819389,-0.0247498351596385,6.09541258485545
0.148929868078016,0.229410571942152,0.259062965275047,0.208279398275273,-0.291844130067783,1.53182341917267,0.489690708114113,0.149922560134679,0.142571000402216,-1.14641175783223,-0.0644572038186085,6.15449501697768
0.0913297117218487,0.205232550622287,0.265776926814879,0.192736645642144,-0.265510886317412,1.51365767586461,0.493122564165505,0.176606146679854,0.163348074130399,-1.15973535931554,-0.0736576179856424,6.16657827034217
0.114059292047015,0.208317532597932,0.258386682840255,0.211002381760276,-0.263726058857753,1.52781771238904,0.476772058417497,0.170759737624339,0.156797002000409,-1.17329019092801,-0.0291104702580819,6.24022781355304
0.109416803000784,0.199825957625642,0.262263487832637,0.201237460112217,-0.276869821340732,1.52990775219415,0.485502969005306,0.16616540319755,0.127087762747615,-1.16966421647293,-0.039164732318678,6.17170155768064
0.168838425550706,0.209990008905882,0.256760217624733,0.211361337167181,-0.272907091492954,1.53480601213844,0.483302203495853,0.159378581982163,0.150979451867598,-1.17706090052484,-0.0400926273571596,6.15836144071809
0.130507833807905,0.210130360657073,0.262280367946598,0.199597915791947,-0.276246394305454,1.52979965848665,0.487490929993838,0.18492640840086,0.136497432200906,-1.12576287004307,-0.0558920346651684,6.15763844716458
0.059297841055749,0.212134696955969,0.253705658390841,0.207753983595072,-0.273948905300345,1.5263775570633,0.487301593659069,0.153271283553194,0.163141419907328,-1.18606202023891,-0.0469152308760733,6.15847964252056
0.118934079266047,0.170895307542575,0.266446904397974,0.194905909845952,-0.233011876194422,1.5239698112624,0.495690496173134,0.146633109738116,0.147945630393898,-1.20369727958036,-0.0372845385280956,6.14030922976044
0.0607634382188163,0.204010315951412,0.26457057890511,0.198406412878702,-0.273604388165542,1.53325740648508,0.48535897839506,0.157913521182219,0.140454961608908,-1.16807951116216,-0.0619831531698924,6.15991727849706
0.130121513339435,0.199159929387846,0.257114563534506,0.199451397856706,-0.264982670269328,1.54100852424662,0.479320050243521,0.131792861024438,0.147411364339171,-1.18647981870934,-0.0518763984159862,6.13879000481407
0.0312110901654545,0.202594929090682,0.261226823015125,0.199932528316075,-0.267485289696005,1.53067628589617,0.481232815260097,0.164630740189029,0.129203001881833,-1.15213841869002,-0.0430316994979027,6.14387914422232
0.15921084168233,0.212739676028226,0.263309733593466,0.195275967927684,-0.291984809114612,1.53424165364526,0.478436027346159,0.157218584083972,0.134430329067453,-1.15375146742353,-0.0759183069988566,6.16943764511478
0.121705327443317,0.177694295896331,0.260522700637943,0.189036159735859,-0.244424526382497,1.53525624209638,0.477976794455345,0.159416865118316,0.131730561435789,-1.20816499028939,-0.0580082296129177,6.21498861987723
0.164939652839062,0.213195233432925,0.253567392936571,0.200166522647212,-0.277635516490886,1.52241800075064,0.488164290672666,0.135740185829092,0.145426809687672,-1.1811891874031,-0.0691530449525696,6.17355759343027
0.150968955240669,0.200429393993457,0.249047899340665,0.208960425964842,-0.27306933727747,1.5287016730197,0.499307418272682,0.145409394394725,0.121438290646696,-1.18044222833863,-0.0254769383485596,6.11833288283141
0.0607414888558002,0.174565976071823,0.267099013569506,0.174648365566054,-0.240248040182153,1.5345817091086,0.483257062342807,0.141171660359658,0.125532316985013,-1.19109497877002,-0.0813286479953639,6.10056286058973
0.109405534719881,0.220825456652663,0.261760393576826,0.202792678082151,-0.291876870142984,1.52261416851654,0.484715865013425,0.138826879884381,0.158093745906743,-1.16232644165528,-0.0682880017977642,6.13486675892915
0.172074182731365,0.206743217233342,0.259738434981804,0.202176104020167,-0.272077838953487,1.51908579527513,0.486559595504653,0.179054760312806,0.157993779158032,-1.14369769113193,-0.0596529482318618,6.19808324019708
0.122485816247425,0.194110841329807,0.262585957710357,0.191516037705198,-0.244539057837052,1.52501202617932,0.486461296717668,0.163948484221613,0.149578894258426,-1.16992328301399,-0.0554741391044822,6.18164164757262
0.147243286773316,0.193865601728678,0.253534033547114,0.183379745190812,-0.262359663483733,1.53207821734356,0.484565435136319,0.171147648873145,0.15287138187817,-1.17809016274226,-0.0589338791575171,6.1845375076261
0.0972820477928928,0.208607465798509,0.266748200415535,0.197539155867104,-0.260919752532139,1.51794427462079,0.501059328934518,0.148219907559657,0.160896806487414,-1.15459395555813,-0.0733867494444709,6.16476514115846
0.0456735510846467,0.192711312027033,0.260485601553192,0.195017274007058,-0.241953901598302,1.52221271567813,0.497865830009927,0.192133753450195,0.157376268187185,-1.15541728537994,-0.0540648023794061,6.20579050181606
0.0307571645312967,0.178443530028888,0.265857961908641,0.19303615061551,-0.249770712404939,1.53422860696898,0.487371826446136,0.123647190165903,0.153249952968264,-1.2136281665343,-0.0544928738646544,6.15701740065823
0.0945599504197954,0.198434260076747,0.261835089423002,0.203879601852466,-0.264793455971386,1.51058750737478,0.501741183625971,0.177267536509878,0.136811154849666,-1.14004298294884,-0.057579627143266,6.12859284625408
0.0379326248302344,0.186497607325336,0.256372357482192,0.193332412319146,-0.23588320160175,1.52100194310456,0.487262938591892,0.165085955942046,0.1555569156023,-1.18013604547488,-0.0604278995373181,6.20206480867943
0.12083463770795,0.2059809776764,0.262724982891418,0.201900370139815,-0.253206633457805,1.51929797143981,0.497779879636496,0.155993353515881,0.154263799087781,-1.1585079191681,-0.0545952391733508,6.20207818706859
0.146974931714194,0.199569485161605,0.255955095172861,0.203181931887037,-0.265210495902849,1.53572932587225,0.4880871283385,0.131967216533767,0.141044952742252,-1.18550731399106,-0.0231919326023268,6.19985714935626
0.141963229447109,0.184538906985513,0.259164521238168,0.201834535349228,-0.242067986159939,1.52691905751816,0.497132354803711,0.142821657201264,0.140147981040638,-1.19914844110198,-0.0407768700237818,6.13327174545574
0.0942239553082084,0.222295201711152,0.263053769018545,0.21428512068464,-0.298565418674994,1.54456556273982,0.482857354160921,0.153205223733068,0.143396235657601,-1.16580003981049,-0.04536954877509,6.23028840138764
0.0891493941615463,0.21647257821035,0.255961024668956,0.216146347340733,-0.274519349293489,1.52551339184979,0.48705579723833,0.168601653784053,0.154854134798946,-1.15702588612928,-0.0366486307759768,6.18977802041386
0.175996456235571,0.216330362780669,0.265768227496916,0.206410592570838,-0.287916495386062,1.54646721347157,0.477055015890214,0.160636638188683,0.146774880507062,-1.15659649412687,-0.0569171554109581,6.20469596624562
0.0874055543528,0.185068978468953,0.257802336416565,0.196181702885623,-0.247875131612937,1.52440654097054,0.483447562310631,0.148454794700358,0.136491106148379,-1.19075007915582,-0.040168382956509,6.17013857841381
0.105885305525019,0.212176440365329,0.255807783032604,0.213085524595111,-0.279718760998183,1.5346670315696,0.477695854550875,0.127003421682694,0.150842616883444,-1.18440915074452,-0.0274967385537988,6.19734016676787
0.0348570910375638,0.199735221044501,0.251068652541052,0.199163821989284,-0.262759320741642,1.53990117791122,0.480672880861996,0.165713144091951,0.13713965266461,-1.17522671360971,-0.0524674952900757,6.17707390402874
0.136550736702492,0.217016661115972,0.258806439522833,0.214440957065033,-0.281563213661164,1.5256590599199,0.490756329110336,0.132911232436383,0.16018746904173,-1.18480692729673,-0.0481519881160704,6.2280763675532
0.112608059727606,0.19253542155722,0.260916020806638,0.204575886624922,-0.244746585431222,1.52257643149043,0.495771427209345,0.145545842230698,0.153985308620176,-1.19083357706782,-0.0345956469342045,6.15051942176018
0.165650001584439,0.219836250387015,0.257683989304291,0.197341876205466,-0.288328299400872,1.53736060076303,0.467078038040591,0.160010309865122,0.123278953822685,-1.16497487607297,-0.0654018622143511,6.17243530069494
0.10204035698273,0.218900798048169,0.260251442800429,0.202077325361775,-0.289060992340029,1.53275168764743,0.481603077805226,0.138929623502451,0.162678549256481,-1.16457121155471,-0.0602263960088315,6.1596471140219
0.110451438828177,0.175583021190888,0.265522004887818,0.192048574688703,-0.255448041104562,1.52555049388685,0.493004810611031,0.168578264193246,0.144958195911349,-1.1802827435659,-0.0642652822733179,6.24644697934736
0.096862670130965,0.215331987752597,0.267906285423872,0.207125194285632,-0.27899816908048,1.53775246057833,0.481426993954967,0.172429721546759,0.146490156072355,-1.1432623124369,-0.0531305304000884,6.17386763430293
0.144933994696004,0.211424943688777,0.257405194351632,0.211996083609956,-0.271146675395886,1.51382874017317,0.498137500888067,0.153431535980353,0.145368044375812,-1.15580056480632,-0.03486950097192,6.13869621444452
0.125110668106645,0.17131976784911,0.271569940110508,0.175675556485164,-0.232724192962123,1.5474923955905,0.473472775115152,0.151179085464894,0.111139482713548,-1.2201658520968,-0.061695659443721,6.18171586767377
0.17058545072487,0.218013811424691,0.267604502403163,0.20215428164498,-0.292701064853056,1.51699894923317,0.489880373009102,0.164885412119145,0.14199653053497,-1.15006370551032,-0.0645236900601742,6.09967160176492
0.157944004748212,0.175126292513758,0.260857645985559,0.186231770320289,-0.239842088002143,1.52904660545157,0.476649717781819,0.139833251039413,0.144940578095973,-1.21736933052122,-0.0590178647039472,6.1612087498748
0.123193308799775,0.216973798773855,0.26163860422936,0.208715699383769,-0.28139798175062,1.53541806822499,0.490358770641881,0.136151677551972,0.16091031085785,-1.17234786758417,-0.0441941661404629,6.20514123101424
0.0162547018839994,0.199578031418841,0.259399660289059,0.203694025393988,-0.263550836233916,1.53495883369239,0.487845103984125,0.181431280801084,0.154640194305803,-1.1703728178272,-0.0359589522624449,6.19964028829412
0.13385567486576,0.197389892952625,0.26009807172531,0.194250973735544,-0.254465187008861,1.52449814510927,0.488956546233142,0.152608418410678,0.149524476545681,-1.18960869461277,-0.0436295771175796,6.17613481760294
0.103091606635409,0.215594120480266,0.257199182126105,0.204681091867409,-0.283120162346919,1.52750584898513,0.486129428202269,0.1661655259649,0.135764682669936,-1.14361779633348,-0.0501120041330254,6.18367136504745
0.0176034463707801,0.221189131117902,0.261092539838544,0.211123393833867,-0.287122142340194,1.53161247286278,0.498431673921604,0.144105311480778,0.155020675517985,-1.15900924465556,-0.0635125550968605,6.21207997717316
0.0581913704754635,0.171776289198072,0.260992278221227,0.18552841643794,-0.229674530334455,1.53646855417204,0.48566359552187,0.162301455866,0.153327962746293,-1.19971176922023,-0.0651483924232724,6.23653431466706
0.148779364704245,0.21465483458575,0.259644250858959,0.206267279799888,-0.26940651361647,1.52859924922362,0.47774681438699,0.19376478962721,0.166589354407468,-1.13061311373945,-0.0413765320014368,6.15621202938396
0.0817190191626289,0.200147299355627,0.262493308123603,0.197288461504612,-0.268643600765978,1.53582788308209,0.482604635050721,0.142429632210377,0.154458246648926,-1.18740330579376,-0.0439854264087315,6.15003578544776
0.0308138947261168,0.209660771581863,0.258037703857417,0.201930802285315,-0.270106976480998,1.53197038644684,0.487603664171677,0.144189077095362,0.135489734397145,-1.18793347643451,-0.0582179112731225,6.181418023727
0.181298203891664,0.182573493908596,0.262508119635972,0.187279885874935,-0.238943446897821,1.52762428165211,0.491774332292874,0.190361637100929,0.141768005394237,-1.15294200053701,-0.0469281674451875,6.13166708085647
0.110861179871856,0.19853163441605,0.255574763312964,0.201939084851029,-0.268260419790126,1.52991516832894,0.488704634602008,0.145245500225175,0.14395671854117,-1.18972218888385,-0.0468773447341302,6.16159392611414
0.16002823645299,0.19705379035532,0.258760783260872,0.189453183435237,-0.248624534998561,1.52922163658716,0.47894181866004,0.167743768953897,0.163677002254031,-1.183169913859,-0.0365723805311117,6.16262262466575
0.0536307482219604,0.187351642750676,0.252767382533571,0.188886066157646,-0.258334935778322,1.51814212715739,0.507779149150314,0.187397314149186,0.158846669779754,-1.16153436118117,-0.0699554709412878,6.15442211141104
0.134251516991629,0.214756020563339,0.254700202787824,0.204170765818964,-0.281493962399703,1.52854597634261,0.496592483385174,0.135628909082077,0.133896950065162,-1.17677222649277,-0.0535630248857391,6.16588760677043
0.136172406702258,0.203109917197038,0.267057480247932,0.2037691201334,-0.262014627056455,1.52910284702327,0.485789830003267,0.166647521804201,0.158392092600901,-1.16198577109646,-0.0415351242603861,6.23671410489396
0.0545964594287161,0.24756410796771,0.261864391395336,0.228685417617146,-0.311591773313436,1.53755318547674,0.474303468098118,0.173182453258865,0.141609297009314,-1.1261270143456,-0.0386210658253508,6.15932332116601
0.122987088057604,0.210311302848983,0.262975126901562,0.207833673245168,-0.27460852110489,1.53228508561746,0.485894355372852,0.187489568151514,0.134974699302135,-1.14680856605866,-0.0453309418089192,6.15748565177349
0.0448049045149532,0.238126713677424,0.25929506769568,0.205128867080879,-0.314711636620166,1.53397777682924,0.485600899308784,0.16476983445197,0.145072073427189,-1.15596022742654,-0.0440262039043003,6.16052337923955
0.069407999502903,0.176883814675063,0.268104518555518,0.188051456363781,-0.239400640708736,1.53218489033895,0.494649833361291,0.172831971136323,0.167605061778069,-1.18684596957291,-0.0617387700888413,6.08612262652445
0.131376606751339,0.206378004173585,0.259414244691874,0.201063210855347,-0.259134804407808,1.53002437919551,0.490567449155403,0.139698927458405,0.143764563585,-1.1843387645814,-0.0445248948594345,6.21258717150877
0.113305589912492,0.20097592881073,0.25714783093606,0.176377404275396,-0.267681363213187,1.52442286215237,0.481481409658482,0.180996429064936,0.152939325963766,-1.17005111261392,-0.0694178401656285,6.21494440573336
0.114461374642894,0.188255967741571,0.267354311913714,0.185019646437865,-0.270074845867793,1.54230747730368,0.478710623110621,0.153012311450474,0.121566276735155,-1.1791536839711,-0.0562979044924181,6.15043626672114
0.0732171541899575,0.232781665881623,0.259076021502776,0.223039987190062,-0.296421196788835,1.52159787522532,0.494734820029874,0.171372273531798,0.173423988468732,-1.13310964855883,-0.052755216406964,6.22335622504284
0.144554101795231,0.178741908387829,0.248540767531105,0.190785978333869,-0.241049710905193,1.52160746896955,0.49310931434439,0.152589395335996,0.134611112828351,-1.18677303262679,-0.0517095281856463,6.15380219127653
0.0603042718185882,0.214886742930134,0.262909131519412,0.212145916904224,-0.283274234101507,1.52445830864633,0.483221908508218,0.145924892717901,0.149618515957488,-1.15673713664859,-0.0527123745698563,6.18645824375236
0.127803639876417,0.200141343863015,0.255016394789406,0.193215433281484,-0.257011233897129,1.52871765345991,0.487102635793356,0.154647166025734,0.131329929231396,-1.19673826741139,-0.0504600490859967,6.12871618584772
0.0771911442622718,0.229025699021637,0.258132520544856,0.206476236796168,-0.30365128502904,1.52585943472372,0.485549464142749,0.158753644978472,0.147687191148917,-1.14272304748022,-0.063626922661857,6.185965785645
0.179923632629245,0.211152534158716,0.255711709668677,0.198463411770511,-0.28604167786453,1.54045024902775,0.478981361620894,0.157907323758085,0.132109031231671,-1.16531862687866,-0.0621240552481766,6.18094060269694
0.0672932642291262,0.209212970328673,0.253621925476414,0.207550314524675,-0.288269180638655,1.52927734770844,0.494289551866784,0.165025788682019,0.153118013658037,-1.14847573410463,-0.0549228981494364,6.1135210162959
0.143525565086871,0.19341566438483,0.26119511537231,0.197176538512192,-0.253274918573142,1.53851272427776,0.483376148777798,0.173246684949224,0.148128280786787,-1.17356112830603,-0.0634491232425176,6.20556255479198
0.0648666960627694,0.214469375315342,0.268267787971843,0.209215672757357,-0.271946120004698,1.54250899561624,0.473259953827154,0.176994699843073,0.147083705063834,-1.16401088946841,-0.0506452722504927,6.17609105851551
0.137713557813615,0.205446824840545,0.256682689360601,0.196033804433335,-0.273169452064825,1.5371336252813,0.479482500061144,0.15193857456837,0.124043134755941,-1.1798094397445,-0.0633394971738133,6.27540062069382
0.130222811747491,0.196448162131663,0.256435445728359,0.197705829232506,-0.25075743495884,1.52900663117627,0.48628379432742,0.134699866999654,0.143749397542454,-1.18987037909774,-0.0478246401055918,6.14430028206366
0.17968715239271,0.224031851410221,0.25827044665952,0.212216169371653,-0.290188443528229,1.5292119680909,0.478661473560213,0.174966818904509,0.16779274133554,-1.15202376751738,-0.0332838741140617,6.15366148101573
-0.0220513454087944,0.193780469420307,0.260346612779807,0.19104380073326,-0.256035919423408,1.53019273858191,0.484828259087815,0.144849635246402,0.143556053730473,-1.19893424464269,-0.0593515243334281,6.23495991778916
0.173393447262213,0.20736282415319,0.252670615176013,0.192155764596393,-0.284244061236022,1.52887994620896,0.4812169261182,0.171290540301423,0.150739951644601,-1.15406824959928,-0.0642892159524591,6.14978648043336
0.115471909303665,0.216418375670749,0.269287053795492,0.211377128806577,-0.283115487190479,1.5296808870892,0.48374906309116,0.167244581199949,0.137796294471518,-1.15638172113972,-0.03722980090335,6.2111870189286
0.132445161418211,0.191261478509268,0.25758264327091,0.205283432903515,-0.261280729233674,1.54108734047775,0.480656164695813,0.132686198259189,0.141029419558319,-1.19475425286471,-0.0454465129778955,6.20766151814497
0.068876100587683,0.205882463651225,0.254603260436603,0.207416495204739,-0.269130514229113,1.52597379055269,0.496805189366576,0.169180152231339,0.148655092726248,-1.16320303606583,-0.0383932751658979,6.16475659363311
0.138592525598037,0.204754024613533,0.254163599397643,0.204144126580492,-0.263011021516045,1.53850928005102,0.479256333497227,0.17628798912549,0.130300804214172,-1.15784389139002,-0.0292535284818184,6.18878081731263
0.0577420126456954,0.210644061384702,0.263986723889518,0.206810048788621,-0.269960447246594,1.53326567940295,0.478764195869827,0.16970032250472,0.129231454969274,-1.15627039097663,-0.0434478401976855,6.13592119025305
0.131260116824074,0.212770886420306,0.259672071800684,0.200923716487585,-0.283312856090305,1.52077793567391,0.496001852356861,0.171933571428336,0.148758165506626,-1.14581851256681,-0.059068926019206,6.17227189367939
0.104687471933599,0.203954671050713,0.263094707127442,0.19776123746351,-0.278249714523027,1.53465546666626,0.489052665788145,0.143460252695437,0.135648811656397,-1.18839986144233,-0.0621236154501484,6.20581037298781
0.0499949348957102,0.177663052039478,0.25782174020563,0.181579979985216,-0.229038403615342,1.52567875688245,0.492406623606689,0.172344800817721,0.129836903382601,-1.20052205183446,-0.0498482393355837,6.11075546429484
0.114367872858553,0.189674786048402,0.251702456081484,0.186760956964071,-0.256233324552412,1.52086054078548,0.499120703335807,0.146048994258053,0.151063228665913,-1.1875587033546,-0.0633321862909037,6.15559050961316
0.0768970089539571,0.227143322212078,0.26291135493717,0.218693266189659,-0.285818389396301,1.53057302223511,0.488019433965761,0.145042544455378,0.1709094784673,-1.16088749226454,-0.0231432452426476,6.22494073377695
0.0629747839393611,0.208027085798289,0.261086964574154,0.208879533626496,-0.269848377215779,1.50783774789859,0.497929845642046,0.144658976452841,0.14459038828801,-1.16283662420466,-0.0513876724770488,6.20649356687547
0.0649483803834512,0.196988026851162,0.257523976247846,0.192329712203083,-0.262836427165931,1.52590243610597,0.494069548542272,0.173708150576514,0.148037414400838,-1.17381465206564,-0.0556209744720668,6.1787515861221
0.0664061496927674,0.220722265591434,0.258223849798902,0.234768987159736,-0.288241286910646,1.52428038042703,0.508036163065981,0.188755991999667,0.151854573202771,-1.12685677103419,-0.0125354835732674,6.14660824033215
0.104566818362062,0.196070500873271,0.25443048914265,0.198465565892441,-0.263963112258627,1.52652676139695,0.484641427631399,0.181463028077403,0.140235049785967,-1.1642284403685,-0.0374392812776417,6.21600872680967
0.0968379625028365,0.216396433087458,0.25859542527789,0.20981791171244,-0.290149602763768,1.51818904759701,0.483482317602508,0.178937231795638,0.132434356527968,-1.12447277888761,-0.0354783789322761,6.15460542421677
0.0806341958879614,0.199318457829219,0.25896296340622,0.193688263953896,-0.267864129592913,1.52515428379832,0.501375275986351,0.155772466548889,0.125495321539082,-1.16957886247584,-0.0599970776644299,6.16491015344855
0.0746253264383727,0.193277666247868,0.265252824419583,0.202239669096668,-0.254904200304633,1.52564696963438,0.497433229588752,0.159026072236851,0.152476280359353,-1.18514980295953,-0.039884351601946,6.17796994879985
0.16774092200056,0.217037265080998,0.253431588380629,0.213292751978086,-0.300677035437444,1.52591333354089,0.48733640310537,0.193221410398041,0.137330224154703,-1.13673124671616,-0.0458588124338074,6.19616538276081
0.0625323576720834,0.218402372266947,0.253738636969168,0.208875562787237,-0.275576678272109,1.52837820637679,0.492772374143685,0.160875466263809,0.139028239039608,-1.15880778240313,-0.058571286232406,6.18431308410868
0.0568486811693841,0.202613687116037,0.25829144413208,0.196093279767986,-0.248975982811087,1.5323955304709,0.494943930334701,0.161480075795974,0.147417517481457,-1.17963273498324,-0.06231834578325,6.17803491964467
0.12252362189375,0.201980568389356,0.262063712495457,0.193490500894454,-0.275062868361556,1.5242453819431,0.485889133285041,0.152264506442903,0.139958652064983,-1.18275590549338,-0.0580908195454481,6.17142378724605
0.147853774022819,0.225610753474988,0.257636946589728,0.210641757156796,-0.288432441318317,1.53026502177033,0.486774349117198,0.147101978874904,0.153079817019294,-1.15840462652138,-0.0608309741090228,6.23484094299741
0.122420991306904,0.231776697149461,0.261774499599061,0.223168959983881,-0.302943891547824,1.54282830140947,0.488684227268664,0.159452647021736,0.151604086890551,-1.17022842889262,-0.0297887514642404,6.22231495590702
0.129635191336726,0.201825779952705,0.256071143701139,0.19143522301688,-0.268288583142661,1.5242180217323,0.478918516410183,0.15527640395267,0.156669946355035,-1.17654329570926,-0.0568728369874804,6.19937756291627
0.0495466022228778,0.216460258912177,0.256329368038147,0.207500044865025,-0.290213604688377,1.52921909823751,0.497115938322192,0.151050714944394,0.138551789780928,-1.15289260606515,-0.0500028815885151,6.10894323133963
0.0334536348258328,0.223110199302529,0.266729921033434,0.204353786152265,-0.287427753278609,1.5417183224487,0.477481079353257,0.165187652406249,0.160538736868351,-1.15487766879897,-0.0638654173011082,6.18523912009258
0.0386508013608535,0.203066399121824,0.269543381064234,0.189999288089008,-0.25263404832776,1.54547016314516,0.484642703264226,0.189958719799941,0.147784615990741,-1.1618938329631,-0.0788100489682186,6.15784880043737
0.0128934192197085,0.206701609257062,0.260992787643315,0.203318947533437,-0.264143410685247,1.53415486850593,0.481661409614543,0.15785250040942,0.147571253899261,-1.17745387015885,-0.0491943970338028,6.14070271887487
0.0603098187216239,0.191887197664935,0.261287584908774,0.191606603921161,-0.251049834179553,1.53696899037145,0.48575266098457,0.172265999129761,0.123908691849763,-1.17780930158577,-0.0572544704648478,6.18364103901956
0.0668817697421716,0.200962351849817,0.25862451556504,0.210354910559225,-0.273705200675923,1.5326275486078,0.497173621403653,0.153099732280847,0.121988509016567,-1.19072381358497,-0.0324224204907134,6.15507413953255
0.0332182565228464,0.200704870084529,0.263574051309428,0.197205623701883,-0.268804440860016,1.53409651213638,0.500197394338223,0.157602372087808,0.136515139788942,-1.18352046537081,-0.0586095773239955,6.18506701642313
0.121120593462736,0.230735888504964,0.261562915250783,0.212898669852511,-0.306912713033392,1.5292696129907,0.489222520109477,0.165063231270514,0.147683031878449,-1.15626509699842,-0.0536514524178428,6.17560738928131
0.139992464651575,0.236427090521242,0.260385573448546,0.200550682041144,-0.294534958428502,1.5416948379319,0.474789432640608,0.168392084221234,0.152420640867813,-1.13918172330843,-0.0673556994050665,6.1690281270713
0.0852349673285544,0.193434504624472,0.264054389004553,0.196543152463031,-0.252153546393023,1.51836778147444,0.502343248781744,0.168460550620698,0.150818095513446,-1.16905211144695,-0.0700415716802973,6.15598662126266
0.0437984653610798,0.21089883449596,0.260101666797687,0.197993478941871,-0.264900670721484,1.53442623043266,0.486222013136737,0.164519295746203,0.163776566792214,-1.16286984527764,-0.0632273755082722,6.26396602795392
0.10177135689485,0.235612052853563,0.259469848585497,0.217729946727102,-0.300688018358948,1.54914107244516,0.482195441165523,0.156945850975915,0.151721486073451,-1.16456364245738,-0.0373500518300008,6.24005702734465
0.0767900634801186,0.192246132276501,0.270941241456504,0.199816155047291,-0.265005202433039,1.53071881732977,0.490758579936085,0.164530617198124,0.150084749255351,-1.17953125194443,-0.0543665602944527,6.22529510760033
0.0647240635260576,0.201757152409739,0.266760355813297,0.200640948064375,-0.264947397255996,1.5384535940906,0.484616383850008,0.15907565622417,0.130330162969626,-1.16425993333807,-0.0436561107403823,6.20131735842872
0.0610490583867845,0.218633161595146,0.262681752584761,0.203887403174579,-0.287053300515384,1.53260766464843,0.476235492657163,0.186710585953357,0.14200618024884,-1.1409775037832,-0.0641837180703435,6.14730302268391
0.0103589142574314,0.211582534693601,0.263031169401582,0.202219447307529,-0.282061873214287,1.53802077675062,0.478655552828084,0.172336548384864,0.142619001889669,-1.16167180127904,-0.054190367344909,6.18145376669766
0.0626251590311557,0.201376551083069,0.251960122950193,0.197542485246715,-0.269586113561157,1.51945473156695,0.499157875376226,0.175375723445652,0.154361975955993,-1.13961372208101,-0.0613181761953598,6.17012733165036
0.125899683296469,0.189544084675768,0.259916157010509,0.189126765889287,-0.260465426927234,1.52981287308203,0.492855900942383,0.166504462176844,0.136836439113159,-1.18621025789806,-0.0499065369090059,6.15706883061929
0.132817586543019,0.190950150297978,0.261401578235981,0.194721849491041,-0.251423766135269,1.52492312746335,0.490562721060598,0.166751858264159,0.131733674383506,-1.15909605843858,-0.0578971008466543,6.19965080122021
0.092432515713389,0.201696484018138,0.256401317233987,0.20168801131106,-0.266942185838251,1.51881643138149,0.487748442930969,0.152173024438663,0.155433427698889,-1.17134097917551,-0.0476428783726048,6.15880195213017
0.0944473645306954,0.215694130536577,0.256935674925435,0.202675977904446,-0.28078848274538,1.53367691128108,0.4864080789655,0.173776630632356,0.15307883049219,-1.1622367999531,-0.0664419805830535,6.20225577607642
0.123399229916145,0.218013030744897,0.262403744172999,0.206339310422889,-0.272945912431045,1.52368511239606,0.485014892401568,0.150936604586592,0.148524873728061,-1.15488668795274,-0.0413921170323376,6.17787559894731
0.0504426636739078,0.200885268647283,0.260590302058946,0.20258070600597,-0.270824509334637,1.52143392875546,0.497831069408777,0.189450959047033,0.138469539137585,-1.14427495636191,-0.0612296102151093,6.12221684268898
0.0437418229255803,0.200889219360395,0.254651267674223,0.193623975999206,-0.253793401524712,1.53224382077319,0.488844792673607,0.15557800933523,0.143051235392229,-1.17849488133952,-0.0560022408151494,6.18222609680296
0.040130440166804,0.173190394268276,0.255459769970604,0.184102301549592,-0.236822823515108,1.52059854341873,0.498806384137126,0.181977684420431,0.136198472359309,-1.18040614553717,-0.0564633591363377,6.16465270408162
0.172787989339982,0.224571804088156,0.258885086530686,0.210831189087865,-0.304507072068966,1.53316741089129,0.471480123707195,0.170104499244665,0.131974853953012,-1.13861203514924,-0.0361303368196884,6.16058725333605
0.0885849391604697,0.19917045361588,0.260377811842141,0.201767552074422,-0.254657572599869,1.52340021524403,0.489528792772488,0.196580854047569,0.170850850161373,-1.14280022903616,-0.0603525847039108,6.12648197963629
0.0282095107842847,0.198567313170605,0.258184795949891,0.210574889390978,-0.267551936618294,1.52069576657814,0.500381852416935,0.130250846946169,0.153838967206397,-1.17344108771703,-0.0344577674284895,6.2176004654324
0.149486808802449,0.173074767126761,0.272972992589151,0.181253157409447,-0.234877679634558,1.53853861015476,0.47573119695302,0.206482773134417,0.128889910926027,-1.1791589363623,-0.0610274381451746,6.21743845278675
0.138272552571107,0.23164541908677,0.258424788416809,0.2011379700714,-0.294550000708937,1.53971863362549,0.480512248854713,0.150369034226546,0.148154602495013,-1.15157879138991,-0.0562715935971249,6.20343784995164
0.164988670061517,0.189867492811903,0.262196869084073,0.193155412534772,-0.254361624629232,1.54070805950852,0.480921311430153,0.157742225352167,0.140696779061631,-1.20923044440242,-0.0567708569341809,6.22796420816397
0.0525416266959143,0.201927015662478,0.259548241574282,0.195651274917088,-0.258252674284284,1.53274419241029,0.48166036017703,0.171488626396678,0.143725907509357,-1.16912580683249,-0.0571349706523529,6.12800780283835
0.106711675819988,0.20742591567758,0.26683264930487,0.191999593650037,-0.270642166633091,1.53141920133999,0.486260424072481,0.171193859632459,0.135479127915909,-1.15593678321501,-0.0661364750049249,6.23806286622563
-0.00742646109615769,0.213591140839743,0.256037028083692,0.200050286444899,-0.272898588768462,1.53040072619316,0.486390666867915,0.138301421883118,0.160216902245142,-1.17418986016732,-0.0544535391496407,6.19436667729749
0.0716205885626693,0.197380946122191,0.258339161961942,0.19037820132797,-0.258900054408273,1.5280962069952,0.496071887298723,0.168563410951393,0.149120121000163,-1.17532001663314,-0.0595219269660573,6.18378536778513
0.142939044485553,0.205772676061425,0.257949954744838,0.19671151344176,-0.265863077523281,1.53255204325507,0.484141883514246,0.167434813977562,0.143111248561367,-1.16670796065418,-0.0593934626429924,6.16575198825809
0.0126653651475828,0.230854832084976,0.265745743869814,0.219867253949262,-0.311277250317637,1.52447018334423,0.496760720647408,0.140498155589469,0.151538817106023,-1.15300355135772,-0.0632951320101793,6.20560621349556
0.101138082477058,0.218799743001325,0.255669619792615,0.210914776403541,-0.275419323585946,1.5263855863873,0.499307189904171,0.150398519053602,0.152387784185659,-1.16049063623084,-0.047018484216193,6.20431575663331
0.0881607360509315,0.191796869292311,0.265440826516767,0.194726945495597,-0.258042279218757,1.52213451518674,0.487465861322857,0.148572119028168,0.153221605634347,-1.19286163689974,-0.0477134929447088,6.1720149299127
0.0544827114564832,0.206289558362,0.253885895960927,0.210496303761567,-0.27858790231964,1.52168309342417,0.482002338144111,0.165522389685277,0.142082420454484,-1.15224569496225,-0.037561197654195,6.11957014660392
0.0967239050118623,0.199636661233412,0.258456332716056,0.206027860582767,-0.2689156351839,1.51689473849046,0.500471578934975,0.162414336172388,0.152666689913433,-1.15983035597974,-0.0381416085343603,6.18967423811399
0.100000661873057,0.215601564686714,0.25634101019614,0.200855401724595,-0.282238297538582,1.52379214493412,0.486322956380021,0.17725705952278,0.167746425318984,-1.14731699864683,-0.0608520471486355,6.20272541431119
0.117214753167015,0.200193951937315,0.254344704188912,0.207179192423172,-0.252291392231668,1.53014260502224,0.489484306899324,0.123371977259211,0.1598774348871,-1.18672254841256,-0.0230286450645751,6.15475472996079
0.119849859228272,0.200228527668818,0.257119566496279,0.206303648485519,-0.264776934902661,1.52635840481524,0.488460433476863,0.162597319051723,0.149194925744461,-1.16091954511943,-0.0413991474323081,6.16873779414293
-0.0189791397134837,0.236860934921409,0.264431729553615,0.216469300779464,-0.295768345386319,1.52739721261424,0.501347304304304,0.148421233899321,0.14953097733217,-1.14632479797375,-0.0518142412064417,6.21227315373715
0.0989938805436768,0.180925554372123,0.2599380037925,0.187813770790745,-0.23890910998676,1.5206468015343,0.47535097780681,0.171663411983045,0.156326051983947,-1.17550359057864,-0.0473440915047914,6.18634210163547
0.127888016414407,0.219086458772271,0.258822672926865,0.192372065090032,-0.281903557361595,1.52069213442493,0.481063209413405,0.153149675487236,0.153719461496809,-1.15935342703007,-0.0776454643838666,6.19502041169796
0.128248821759186,0.193294364165413,0.257791116269664,0.199412409786554,-0.252958028068648,1.52364709055049,0.482596725979587,0.16875763779445,0.158508430314269,-1.1792894283457,-0.053585888380263,6.13649935465687
0.124439240347584,0.198115266547913,0.253370369668591,0.202748694215468,-0.250961256287887,1.50548535212892,0.491486255718279,0.140283532703105,0.155315666780355,-1.15609025564393,-0.0533067833091092,6.15415176558912
0.0988248893191343,0.20355556833405,0.255691733160922,0.212875972101463,-0.272764146458621,1.52795012485482,0.495241921493939,0.143253027745025,0.149024009831444,-1.18331832768053,-0.02356497323811,6.23202634152679
0.108461785565774,0.179123368773961,0.262977774495722,0.17703489000055,-0.227374499721703,1.53250430348271,0.48519983842638,0.17931886357886,0.135426526835017,-1.18513971961787,-0.0732047534073512,6.12161633069468
0.0974209319264548,0.208863740531835,0.257397864225162,0.203264662293244,-0.2636050132414,1.52365288184399,0.491465778390838,0.175263594563784,0.143105429953227,-1.15470802761333,-0.0578409300880277,6.19937774499357
0.202908375725918,0.214602240633608,0.252171970498052,0.199350342097258,-0.276420470583816,1.53655069558623,0.484470422982632,0.153445464417407,0.134267852744486,-1.15939960049376,-0.0562204092678372,6.16998237261829
0.0405380345835106,0.175443654129776,0.260300605096332,0.197275691087729,-0.230178050507695,1.52964833484212,0.480645736188061,0.154712853064668,0.144385874391557,-1.20411135370842,-0.045275122492019,6.16429821353931
0.0872351707406006,0.203719413603552,0.255692205258214,0.206494119280614,-0.274266694595352,1.52445291128304,0.489530393469539,0.162707353029957,0.136616953068786,-1.17660745262917,-0.039037420845402,6.19494642445355
0.0750131091759424,0.218756207315048,0.251310573615051,0.198404901667352,-0.26869622650795,1.52317666341263,0.489280652176946,0.158969133201291,0.167824982404321,-1.15844277655353,-0.0544564424454674,6.11879209349421
0.0352637324301723,0.224554511834929,0.259833558504238,0.222244232399498,-0.289413961043312,1.51634554949237,0.495382649506618,0.150515381922072,0.15613698684272,-1.14936865952353,-0.0386256518561671,6.14395412208645
0.0351109791297356,0.19575144601359,0.269554001962247,0.201883785062256,-0.258247722029027,1.53017170077795,0.481045880661667,0.164683126157111,0.151075204687803,-1.16020819184144,-0.0522500301073696,6.18599758073614
0.135869020923938,0.206744445843258,0.265924905734175,0.19363360404995,-0.261141596720129,1.53028447198415,0.491015562442357,0.18607145362665,0.15760155377257,-1.15526717658883,-0.0656253860163783,6.24330084591328
0.176253349008897,0.223869488606324,0.252824244792919,0.21697314288977,-0.290122094128672,1.54129064772495,0.477631589705604,0.143337838726828,0.141873888347482,-1.17761749394289,-0.0448985165123441,6.15793554164824
0.0947251998428543,0.204391731632708,0.261887369775949,0.201777231113868,-0.272015842602476,1.53512212696672,0.48236772671455,0.164508595284681,0.134277549117687,-1.18148999739272,-0.059753184496863,6.20567984705779
0.00346225956066531,0.208660651231177,0.258463992498435,0.213337713281931,-0.260454383017965,1.52128021190429,0.498856558749014,0.161506446961629,0.165137868229595,-1.16441810864611,-0.0481786773491314,6.14975308354368
0.0433271646443611,0.191475619247453,0.267155799596668,0.19882228158968,-0.244320177298604,1.52176592278746,0.488217391381082,0.155513012072785,0.148807250954176,-1.17797191364977,-0.0470316668169323,6.20768075771529
0.0838609004910512,0.199621026725504,0.261965219346399,0.19298966486026,-0.26472772548511,1.52809512939284,0.479875851114234,0.163289343563271,0.14917830384585,-1.15865965320191,-0.0634371213402047,6.18376405228148
0.0524909832245921,0.196441713481749,0.263959598671324,0.194806093199178,-0.261911827552546,1.52546230805921,0.481343491608905,0.190503698818286,0.159972562997982,-1.16499792972948,-0.0485760867253635,6.18233012761457
0.0712800757065653,0.187152184908956,0.256504940550731,0.183066682994309,-0.25211707103625,1.53103819677965,0.491655429646564,0.151924662040671,0.146800908332672,-1.18975591118881,-0.0677648558898926,6.23568044784436
0.0367234992086405,0.208070598927334,0.263015640573937,0.198819778048613,-0.25887320684267,1.52734899276905,0.477776698355832,0.16557491172677,0.151804272366138,-1.15328914047521,-0.04428650262751,6.13170169218879
0.130044182293499,0.203016283270292,0.264556916267896,0.194632872042025,-0.259545417627514,1.52925093340977,0.485145444632905,0.171722378129325,0.116091915847615,-1.15645016216196,-0.0626062536107984,6.19203393610271
0.0674820125059079,0.19397984486749,0.251546995499792,0.193291954033054,-0.261465819903967,1.52370574339921,0.482850903572241,0.172474837060204,0.155897552734879,-1.18688087091227,-0.0433783310496304,6.2289168762952
0.051138410640949,0.1847837898621,0.262986715598863,0.189586773407015,-0.250741895214683,1.53284630914367,0.481375251629137,0.127895372813476,0.150253297458991,-1.21615035372405,-0.0453779165582396,6.13049737700122
0.115349007391363,0.200672462123199,0.262554048787075,0.194554567457541,-0.255992773792835,1.53684908123215,0.487689798352356,0.164287459391468,0.162263412647202,-1.17500616002451,-0.0608954470521738,6.1933352865695
0.00996766613289916,0.225086639452922,0.255687481513854,0.203172242505674,-0.281593480377822,1.53287345142894,0.48486288183722,0.112357798944413,0.161314703253253,-1.16775902403103,-0.0466860626659144,6.22564292251112
0.0256180857479294,0.230382702397436,0.252924323405408,0.208576447356542,-0.286574326578955,1.53489159881802,0.491708147252895,0.135613171456097,0.157051477938779,-1.17672295651064,-0.0530745754256019,6.19029578078374
0.0460739801084324,0.204929081048988,0.261667847025726,0.193835122315027,-0.275809303881262,1.54177709767454,0.48752618862216,0.158350250799993,0.13705911753658,-1.18293116815036,-0.0453099300756795,6.17944127747163
0.1275747886032,0.21563526532558,0.258535020168474,0.198061165554332,-0.281175920408234,1.53201608509764,0.486675942181514,0.176818143774873,0.143113552647922,-1.15596833689483,-0.0688175155318503,6.21662673108312
0.0731888823541884,0.225256138588603,0.269516425048494,0.20015849875921,-0.279912868525725,1.5252620945756,0.485254229035156,0.158925211236372,0.156987882164088,-1.13442507600096,-0.0711927188949532,6.16839093474315
0.131751625653875,0.199754524703166,0.260914363646934,0.187005156008973,-0.265591157685754,1.53286901652481,0.480194324582067,0.188948901278789,0.143206538624721,-1.15368493980908,-0.0783558461832877,6.13856231006553
0.151631501845242,0.188914133139394,0.260153107065692,0.197576766029271,-0.259919862682651,1.52115086910737,0.492713191858472,0.180733809894279,0.120403239536552,-1.16963517466854,-0.0635644795358776,6.18016012734972
0.117070704587056,0.210461698396858,0.253577702126529,0.197789457820031,-0.276257495783646,1.53271574089763,0.478331766453585,0.138124322244342,0.139674378694896,-1.18017501959712,-0.065367949243647,6.14483019297727
0.0636461688367792,0.199764047443022,0.261040302591987,0.199971498266879,-0.256039984811476,1.54358207836511,0.478517030052815,0.151111417365203,0.164599566987417,-1.18627603517573,-0.0458681239545967,6.1251671693712
0.0562831785330279,0.225191584306242,0.266830939091598,0.214154332873203,-0.300659350318942,1.5376095579528,0.501592776329995,0.130309773166579,0.138568717590516,-1.16024601722992,-0.0479486437588848,6.13375101310211
0.0625132466860847,0.223127566823779,0.259215749595241,0.208882583397018,-0.275071386502525,1.53100174862228,0.489042501564411,0.151917012814769,0.152255535432992,-1.15799859098391,-0.0493718289576395,6.1861174277719
0.0816367817625518,0.208226250701341,0.264022124834775,0.211068047220368,-0.273936330749229,1.54340496640358,0.489565103937509,0.137525151320485,0.13521697852902,-1.19125320774256,-0.0443361299916476,6.16968977352556
0.161217182797855,0.20329273595988,0.264530870412379,0.19195699796016,-0.272347326736034,1.5401605620885,0.483961720398494,0.167261529470375,0.140136764043152,-1.17029481682996,-0.0623551186713013,6.2051117783141
0.112301482302038,0.208167799269077,0.272884478776478,0.20345285020942,-0.277837049051421,1.5403685257195,0.476760145947801,0.143111043438579,0.146395990579027,-1.18053470598076,-0.0572119605121476,6.1930507418694
0.0583993906662089,0.209232846391058,0.264580608599873,0.200868466945074,-0.271771673674722,1.52936857942496,0.483645427394717,0.16418117324637,0.147146813105744,-1.15620267399349,-0.0538478547648436,6.1288683904817
0.114952559647126,0.207111714135581,0.260361300998092,0.201528948476131,-0.28497256971283,1.53226731927401,0.481861027681987,0.16195329510629,0.141118788697141,-1.16653155650461,-0.0533893312854051,6.17515166274185
0.0801281656101279,0.20039720843834,0.258096193841501,0.196457892590463,-0.25858521883972,1.53079558209132,0.487921917126556,0.14982753833662,0.142640709994667,-1.19746983024905,-0.0470612680040638,6.23636620504276
0.111480517453252,0.190153765960544,0.26790246996887,0.190011549633744,-0.267298215193634,1.53169362286977,0.489039409291822,0.197575436832215,0.148581803908613,-1.15425073373414,-0.06081582276586,6.2416483518545
0.0422149856684891,0.18083565891614,0.256081631541199,0.188487284722521,-0.242208188929164,1.53529135374943,0.486527088964845,0.146054037317006,0.134972216243761,-1.20163251972393,-0.0576731661891653,6.20087498346474
0.0932120163539739,0.201815994800487,0.257556717242862,0.200390051127731,-0.263072448748197,1.53527781303549,0.491271179183706,0.161174061986987,0.143343413040707,-1.17351628140045,-0.0465197144631514,6.23550315108608
0.0902601117365605,0.236585476280428,0.26918558830379,0.217324887669798,-0.300318783251052,1.5387401541828,0.486518186666357,0.136729519913183,0.127383817045055,-1.15207977055238,-0.0414048754908499,6.16321511637362
0.104754324034574,0.220824167344933,0.256351679921829,0.202881616316897,-0.283025918429397,1.52827011324314,0.490222651979857,0.150279588170718,0.138140732088068,-1.15522925018231,-0.0521553392737712,6.20609817573581
0.111272206662703,0.194800158038769,0.268689579772373,0.195181840314634,-0.263315789276655,1.52008321446649,0.485102204721653,0.159639705047051,0.130594833771241,-1.15727442020216,-0.0610887838058808,6.21697858938071
0.0789679437848481,0.200761903357576,0.269479067621389,0.195885051718656,-0.26702449594891,1.54234904720181,0.481278676278311,0.180649129767407,0.115224995295427,-1.16942278344589,-0.0615826861828488,6.12913268241593
0.144257335043294,0.225868178890311,0.260703238319846,0.217911159023452,-0.290043369543032,1.51703563508303,0.501455117898403,0.152018415597061,0.139314392501646,-1.1409374065712,-0.0419931286884477,6.11739843989362
0.0989039038569956,0.181487333181112,0.254658387926657,0.182178305489283,-0.237699702619006,1.52058061682715,0.487329054433433,0.183774452754133,0.147598330416297,-1.17320864250508,-0.0616643728308802,6.18371756364623
0.0581008359083464,0.215088666092275,0.265345263567475,0.203566960480237,-0.275681433443733,1.53640526649977,0.485819758370227,0.177201014075599,0.15086122161575,-1.15572823013974,-0.0458359392826442,6.2160890084674
0.0300820430722244,0.226819851122791,0.263057561642373,0.222154204761517,-0.301688036290113,1.52462088596156,0.490321577830925,0.150569156104173,0.146402743809935,-1.14233743030779,-0.0526190085641133,6.20537220636224
-0.00175757904872616,0.231023646868562,0.253203400768023,0.227642067881515,-0.292339305818925,1.5349383103723,0.489489168295936,0.143911032297458,0.14654518094426,-1.15385971331789,-0.0320997292445325,6.15443623872074
0.144233175046891,0.220966055430894,0.25819609237775,0.220298316393798,-0.286586131190094,1.53538811473603,0.487076162633151,0.155781799681907,0.153285678822307,-1.16616779070338,-0.0343582996038106,6.15051651540627
0.137840795462758,0.179818324640679,0.272379994534409,0.189609310229235,-0.25330280965776,1.53582864749478,0.480362298893449,0.155074596342985,0.135689827849612,-1.2057156004569,-0.0507575744966044,6.17306378195333
0.0978405372206944,0.19881144280421,0.266680929316038,0.200328612683315,-0.268974010017136,1.53235673990193,0.481334963878569,0.157323460333275,0.146999906955465,-1.17553015868718,-0.0499579767160949,6.16203302923211
0.137599527300598,0.206379980229512,0.268700531051638,0.200054393303024,-0.260161025205005,1.52681977596259,0.488768506198527,0.145426307169731,0.140227734190773,-1.17155312706319,-0.0537964648874735,6.21411296446143
0.0968443728295881,0.195996124023075,0.254910581669533,0.194302300813478,-0.26289980612352,1.54891844552092,0.473507553131332,0.178601122139539,0.131881111589711,-1.18619572658293,-0.0415823588353467,6.19296257502453
0.0908738162566766,0.216935844885237,0.265238064157984,0.21223258543129,-0.285165391090538,1.52089657200461,0.486821534348611,0.138219315828406,0.139299293828077,-1.1624201592503,-0.0380341144686646,6.15364581925482
0.0591196940310224,0.187857511689447,0.266940497683287,0.199657003400551,-0.249619397671991,1.52402504698122,0.498799309807371,0.132032008798216,0.140354544708084,-1.20148019009672,-0.0404555899588218,6.20057851064083
0.061098475081642,0.204527142404144,0.259912693518517,0.203340600933909,-0.273719206435705,1.527292637976,0.499880199813751,0.119885905880103,0.153306830976727,-1.17921502585975,-0.0418106540600858,6.1862620807316
0.0777823184685778,0.225091133848464,0.260104497999671,0.204325404716245,-0.292056291127515,1.52096530402631,0.486822363509779,0.150963448102065,0.165224748083233,-1.15360675148451,-0.0671835201921266,6.21082845075808
0.180257329667671,0.209803718060785,0.258642383037938,0.193091796677736,-0.281369445362995,1.53887976118519,0.480097319512219,0.167960150863869,0.132628611947914,-1.16012716165178,-0.0619418544966793,6.22182249933491
0.0153643952096254,0.207562379769381,0.257869532400203,0.18959758134437,-0.26669898239151,1.52680370887668,0.489002341344856,0.13971764663035,0.147425789476918,-1.19477935870302,-0.0819600072955158,6.13002994810103
0.0699925432306849,0.191478658839211,0.2584531596953,0.211563599250764,-0.239021946235671,1.51895134286225,0.483164562707317,0.155507647533564,0.165404548492203,-1.17712918571157,-0.0294965071517763,6.16193619309713
0.0598385230406187,0.195975179662354,0.257266989793891,0.20262024659572,-0.247187553695162,1.5152765871709,0.491262908096524,0.131337011209619,0.154200236457888,-1.19517048553634,-0.0526017989276887,6.22095111126732
0.0331909122314289,0.18926855082465,0.270646145940259,0.188214030547607,-0.261657896984863,1.53548452702354,0.480404286905139,0.187468857942292,0.14328693373484,-1.16351822092236,-0.0737112482108182,6.16949922940892
0.0928633006101313,0.199803291587381,0.266155461955189,0.194050004212075,-0.248301934427422,1.51524680895685,0.490030776354523,0.143683108652424,0.149914170768067,-1.16785390575679,-0.0684617429309542,6.1664587167203
0.0739112270478275,0.201454348093586,0.252956316242002,0.207349383606218,-0.255699844297185,1.52720663475352,0.490556431746625,0.148451150430731,0.152279282095245,-1.17408713808902,-0.0239291321852566,6.19643941494243
0.0971269039067174,0.192076176086097,0.267648361939797,0.198306449049489,-0.259502436299293,1.54452548064864,0.482271693460163,0.161706166374955,0.109647799383183,-1.19000280407512,-0.0459461811265176,6.23677882175457
0.0838255276534783,0.22463993859327,0.259631781647818,0.21378543660675,-0.28686845279711,1.53192180155622,0.490635475503775,0.143664313249684,0.156179748955862,-1.17326193905285,-0.0401187912928223,6.23195257290791
0.166882244287537,0.182007758214788,0.263471098259081,0.196618927245817,-0.251281865367141,1.50731886070673,0.494092756544551,0.158797905037456,0.145192607919571,-1.17676528015972,-0.0362046113277249,6.17515450016717
0.133830136448751,0.215986152889584,0.258407613514379,0.201624095190694,-0.284327181864136,1.52962848346591,0.49543200909431,0.148475538956589,0.130219192927488,-1.15183915496687,-0.0693294278996285,6.15321293494477
0.104167972927908,0.214064571152679,0.258344137072598,0.199822990835947,-0.276706529955163,1.52542646568926,0.492249069000053,0.175649574056489,0.162343077700873,-1.15030561774901,-0.0673858681832264,6.17307325543034
0.0824145946998495,0.210031060089065,0.268539680205844,0.212192485425019,-0.274550774042491,1.53484719513261,0.489150814940787,0.168858160498116,0.132564805795038,-1.1779608940644,-0.0378482494562715,6.14235196285732
0.0980910164057608,0.203128715224219,0.257518709156623,0.191689435661234,-0.262741381617761,1.5210914753105,0.490941809960873,0.159580913440905,0.125954271246566,-1.14905631753177,-0.0657824429821227,6.13454960190864
0.00803369287034009,0.205591845759225,0.254230933879319,0.208131691168618,-0.260333381128145,1.51671085858553,0.500184753496802,0.164557916172349,0.153283843443872,-1.15262970068597,-0.0512532433864023,6.22689560751659
0.0518323903750809,0.204021638022143,0.252754366090228,0.193333113297216,-0.267495468490803,1.52871206702737,0.482206081876639,0.17304499113711,0.152081291806328,-1.17163873662476,-0.0432890704672665,6.2294320771761
0.116918227384174,0.210013600410542,0.25988865053393,0.198977377137529,-0.266888992853842,1.53562620860692,0.490625228181587,0.145048263025897,0.147727202789252,-1.19013479428229,-0.0459329407276189,6.16702475586885
0.150381340559087,0.153288056919702,0.263453438041088,0.184800175020547,-0.216066967501382,1.53132840771808,0.473877417356347,0.139101137335469,0.146995416547554,-1.21875022024597,-0.0417599499838968,6.1359732705031
0.0632790383478819,0.208851098148419,0.256172868548316,0.201139865247004,-0.267929890514661,1.52496893168177,0.483608879472515,0.193326168209429,0.1639110700483,-1.14374397674393,-0.0581568655854756,6.22850570396231
0.134750641251083,0.227687706832315,0.262232060436668,0.218031398801209,-0.287068238620903,1.52865375548209,0.489848166624627,0.134698907057516,0.134539441715941,-1.14714748654666,-0.0368108436840218,6.23513601389892
0.155894682298667,0.204112105180848,0.266365988135546,0.192059022822279,-0.272603650368031,1.53466063938702,0.473696631221733,0.150062993411072,0.149030661396636,-1.18716421352646,-0.0641180174856106,6.19709963826228
0.172756223758883,0.221867614239098,0.246099652384385,0.211590883516829,-0.285378689448204,1.53549155945013,0.49390681994663,0.135726292578393,0.142444085478701,-1.17866942826855,-0.0530098387881906,6.20425111594331
0.0581574504610949,0.198729093173438,0.257070667672993,0.201836818019986,-0.269278829854285,1.52857156720307,0.489375363458892,0.156342841692189,0.131954978727179,-1.16399555720955,-0.0566249286345601,6.17566849609911
0.146137584868787,0.184958845143239,0.256795887821528,0.190288569070261,-0.236422919684172,1.52503883822299,0.48967162159121,0.185342205174588,0.149979039562777,-1.17829854731085,-0.0522858798188877,6.18956976294719
0.166742379535063,0.180110533493058,0.259724272281091,0.183295116595964,-0.240868212343883,1.53076514133262,0.488952231349422,0.157647782532608,0.115893305405014,-1.192584974569,-0.0752536975622554,6.20446670781197
0.160589454783464,0.170442419924033,0.26758105198343,0.17782983100485,-0.237198729732501,1.52841628864254,0.483372891745175,0.197456807789758,0.12978735630599,-1.19043695492043,-0.0602158950954231,6.16460755009152
0.126209783875566,0.214331991214665,0.267727040518666,0.208114240734946,-0.283008078681911,1.51515672180565,0.486241269205812,0.160716264529228,0.141247408123793,-1.14398214700875,-0.0496924794312088,6.22128758808774
0.12514217848317,0.216706265173371,0.256599555914291,0.214624210488586,-0.276280032350329,1.52095430981739,0.487504351361941,0.142460584450427,0.14581888007058,-1.1592424850021,-0.0429619644045091,6.2034268357918
0.0910714862109816,0.196181555301116,0.254471274554558,0.204811542798261,-0.255445421636011,1.52500047322469,0.483550000183847,0.165021858406116,0.174658112930287,-1.17008183066657,-0.0491878624695327,6.21498027084299
0.0151057814520332,0.214461034112599,0.260373314832706,0.208880490689074,-0.268846914991395,1.53901717800684,0.486416153690013,0.142511319453866,0.129268189428535,-1.17683319218876,-0.0469854603971165,6.22186274955555
0.0255029991726707,0.189932326537085,0.267129263395015,0.190482351637436,-0.261138924483313,1.52438060342938,0.498029212034378,0.158447297648457,0.148087857501996,-1.17476926543666,-0.0639669750645211,6.14972951771658
0.115149791404551,0.198485107639912,0.264436092687149,0.199565487917121,-0.264508996340732,1.53296119835551,0.49689432732761,0.179368003354524,0.147413411961479,-1.14391793356568,-0.0351343491221243,6.21649803723712
0.0415976883485074,0.193543687521046,0.255734395307725,0.189798446886473,-0.258348914941748,1.53318791683749,0.487548686423834,0.146925964546037,0.15326367305185,-1.19755419525223,-0.0651054197072796,6.19716782306102
0.105556134453774,0.178928912094577,0.25731704219367,0.180924517189196,-0.237520129037661,1.5180569932901,0.48508664344925,0.174361608283621,0.148778398785461,-1.17302723529749,-0.0697862222350272,6.22200594919198
0.0849982181348724,0.196829401940557,0.258619767420628,0.205344925270353,-0.256881476079875,1.5221917269455,0.498122551706046,0.134693703179171,0.134378651041669,-1.17476580520152,-0.0413415833989319,6.19673719096464
0.119949816331195,0.176504985380747,0.269241911287111,0.181455681980205,-0.237299321645493,1.52247641705911,0.490543786267734,0.17062788742666,0.131614821542225,-1.17825947191815,-0.0548131660086109,6.23051688268068
0.07343929312925,0.202613578173987,0.258846619377198,0.193044293223368,-0.263525853474461,1.54241830207498,0.480433193239824,0.173369357236698,0.153201519575568,-1.17372474616458,-0.0647114169204312,6.16281466542163
0.0451965105957542,0.211634889153759,0.262154437022743,0.199675761573956,-0.269842496432927,1.52485280917279,0.495988267928329,0.17835321008877,0.145024598601573,-1.15251429260049,-0.0568669439984773,6.15448539880704
0.111688198592574,0.206943004671393,0.255528025058169,0.196608600583495,-0.258918155080478,1.51187528831362,0.488676264165959,0.191685795332525,0.14717317197294,-1.14259778296771,-0.0488013034998717,6.14980519071098
0.102929954408066,0.207381618953502,0.258784655525073,0.202949311890058,-0.266978027544615,1.52913385995756,0.489280781020565,0.169593970029155,0.150294401328694,-1.15235132835304,-0.0350118153413612,6.15604252398517
0.107990969031811,0.213322389479716,0.260988748761757,0.211612354727854,-0.275359389478877,1.53150513090045,0.491541238219041,0.144334526421277,0.138917692207862,-1.16259692112201,-0.0411549986357152,6.21003530284703
0.151359165087639,0.239308569831756,0.268341061147785,0.216046022574701,-0.302322062463803,1.54564467285658,0.481911366159612,0.182071720720778,0.139914897247854,-1.13960772791287,-0.0548490921223945,6.21447457812162
0.0733397146731197,0.20532025534391,0.259695730563203,0.204954451650801,-0.260210366216114,1.53217365948652,0.484338797313221,0.166928874806253,0.154650547312111,-1.17541055084357,-0.0440969447562998,6.13462360935742
0.0687125711936725,0.206974478702713,0.249770923282554,0.207473619768184,-0.271476102434629,1.51804431427651,0.503755880877704,0.144417725735757,0.165357879408804,-1.16387662825078,-0.0447905822773911,6.16490237265983
0.0833614758621641,0.183315770380518,0.263559941554084,0.183227271321338,-0.257662527248697,1.53243761815618,0.488038102366052,0.15423994959154,0.147583600788735,-1.18965195097872,-0.0637327134135584,6.1770193191187
0.128342411917174,0.191976332726264,0.260291642273256,0.20391001442568,-0.258649993535453,1.51119974985263,0.488207103255582,0.133905669410948,0.145254806053905,-1.18880154399742,-0.0375243410705629,6.21848045631428
0.0586041430903545,0.208148225857693,0.259673365990818,0.203642636773873,-0.275193100934983,1.51841372214297,0.483288331142997,0.152482318669585,0.155153773762313,-1.16236263668466,-0.0512009896546042,6.18756684192762
0.0838534539699476,0.213595040273962,0.26562745611088,0.205381270404387,-0.268005375776411,1.53126431884338,0.479715019962827,0.129137264690247,0.168034167774358,-1.19988555598085,-0.0460435370372028,6.27292877935527
0.164299507678495,0.215134176121877,0.255621881077027,0.204030681076837,-0.272339928631588,1.53084377994887,0.475862260112971,0.160413425240305,0.173678716697998,-1.15710480417983,-0.0485765198970233,6.19780334297409
0.082907598270344,0.19010366236324,0.260155558360808,0.187332284690292,-0.260070813962866,1.52330820536441,0.489915288577243,0.178935891472025,0.151852695509864,-1.16512607170808,-0.0614900725680377,6.20114635132008
0.119317998707619,0.199460754725703,0.257893248722463,0.202890390278241,-0.260509561346528,1.51998297737709,0.488825077886186,0.160851168442719,0.114725531559803,-1.16328963403886,-0.0588331718030715,6.23340595718579
0.107188878982848,0.215032550344789,0.258442019325535,0.211878981937235,-0.27324477118373,1.53060323844308,0.492400232070216,0.144489757311355,0.133284192582097,-1.16441333049693,-0.0443499370995365,6.21801326443993
0.0107250675437301,0.197926754451911,0.252317568407444,0.204304254760428,-0.271631142396632,1.5220415548959,0.493424966588853,0.14198469584237,0.160106438604799,-1.18827295117413,-0.0317598473270601,6.1637187811368
0.0806121852964042,0.21892563455593,0.263823927117924,0.204896219406028,-0.282294771978488,1.52445468275622,0.484771365150534,0.184676822094109,0.151347225295633,-1.13412356124647,-0.06938558288372,6.14153780130626
0.0607208085252193,0.18999208574705,0.259223188740876,0.196798329098801,-0.251194953645306,1.53026819734847,0.495088627208628,0.168106000081519,0.148951612030234,-1.18286297859946,-0.0624632991417006,6.18187663983475
0.041521129306454,0.184238002388277,0.257121438551544,0.194461060575095,-0.248524868245709,1.53098673111841,0.483636743368551,0.167861101900656,0.157306272459279,-1.17425762974774,-0.0464204217279691,6.2061732794931
0.101982890063698,0.201892944537193,0.258994389673104,0.21033874991124,-0.284346637290436,1.53698023077257,0.476748405561545,0.154543814669928,0.136459903181914,-1.18112534106443,-0.0294294055998882,6.16346366785558
0.036348295828653,0.192397255554486,0.264848935076535,0.193125399629503,-0.252909668850332,1.52992415107142,0.485694363814414,0.176161473146791,0.159147494423156,-1.17716718588413,-0.0518195051196867,6.18776227260551
0.117569185630085,0.219216090167291,0.260610191817116,0.203095431809236,-0.279763699394829,1.52178913065005,0.498861643589991,0.164897788446351,0.186097624367963,-1.13688754521085,-0.0576110844634405,6.21527600301716
0.0414049171375047,0.224322288163444,0.265733756710698,0.21035220901039,-0.294496631849879,1.53247016319558,0.482185989546706,0.183699268744935,0.158540745480041,-1.14764932803136,-0.0545675951019129,6.18677775150118
0.152243876163892,0.208260990739841,0.255398005455818,0.211323528585008,-0.282408807451773,1.5266613055841,0.485621915595487,0.146646857790812,0.138735943113912,-1.17183824332799,-0.0473418104460635,6.22156315788717
0.0510893687027813,0.211084724197218,0.259234948387934,0.210437110662195,-0.270887552521557,1.53061270073571,0.479430683888683,0.157731895275578,0.148772993223081,-1.1721746790357,-0.0412437804141057,6.14499716375113
0.0637315894932453,0.230811091939726,0.258916474585149,0.215291760475734,-0.302214159820513,1.51913254583141,0.487006240499613,0.148817967179827,0.156611733432661,-1.15024402164734,-0.0490463320731179,6.18733341704942
0.114873288309719,0.199978993083443,0.253954295932858,0.207811730696516,-0.256858226115198,1.52729410758686,0.492881166490894,0.124683691277133,0.161577232779573,-1.19314142350369,-0.0303070809200865,6.14888470437619
0.155345713152822,0.225635721600689,0.252325677011278,0.218493356321741,-0.281038257478516,1.52980885445199,0.496896296820127,0.139349636050045,0.1492792378795,-1.15501793162781,-0.0393331021982756,6.19668676867817
0.146489804604886,0.183186225470193,0.260043376512834,0.177388448034864,-0.247852691438059,1.5312158366443,0.480996749880613,0.190297105563767,0.146245584104758,-1.16879123965106,-0.0801663787686424,6.18130137197985
0.139193660620878,0.210595584982491,0.254287336682372,0.205200001894152,-0.272812482283738,1.52657207569085,0.476372988648312,0.160133293568204,0.155443202351549,-1.16235101325805,-0.0485934274609492,6.18749426197723
0.128129343490885,0.194887487759511,0.254417956377136,0.18804755574633,-0.261752681422433,1.53947589806616,0.482935584278926,0.184764479730111,0.143021566421731,-1.15747102724748,-0.0633596154028256,6.22033708453153
-0.0420384624029049,0.212541543326397,0.261929766976102,0.216418935641246,-0.278121374204268,1.5276938996851,0.500928009960025,0.141227620166099,0.140199376944307,-1.15376595682847,-0.0472920663521705,6.18488476742672
0.089135386304183,0.19060221361979,0.258279568431844,0.206866961786414,-0.249373272213329,1.52670294479723,0.487160634085897,0.126972282113305,0.162594780940208,-1.20106858811985,-0.0369198555757597,6.18911700347353
0.0569838184136893,0.203817033882821,0.257590250828311,0.220900176525322,-0.25953092512471,1.52809072204606,0.490360133373784,0.122394560576998,0.145414820366793,-1.18666338606055,-0.024193193224277,6.23349884782373
0.0800585161544209,0.188439502494975,0.253902730430021,0.199814549761738,-0.257662396931363,1.52700728646302,0.488329458502049,0.145007424002117,0.142851218984815,-1.19871899153224,-0.0417118440920073,6.16241802934607
0.124546619997377,0.203701901574934,0.259709617899182,0.208392492714488,-0.266249238637105,1.52965507560883,0.492814414555654,0.181919583140948,0.155394026418074,-1.15684159101722,-0.0249918966329988,6.16161047115178
0.0614023428318629,0.193368645935814,0.257642452431638,0.19500911294435,-0.256060172559435,1.53422360501456,0.484228348222305,0.163684014899208,0.163760176267109,-1.18142859604461,-0.0667695861032903,6.2269703785667
0.0165312615996058,0.173314283948899,0.266366653498847,0.180602903082305,-0.246179422554021,1.52617332692132,0.48550708061005,0.174979324588248,0.144270115922763,-1.16495592329042,-0.0649324018559202,6.16332581251437
0.0380592931832298,0.183040089987947,0.258653504868342,0.190168585742358,-0.236247331168743,1.54405850855166,0.475182400209718,0.150173705977,0.141614296772695,-1.20177088318732,-0.0372482070177808,6.25573096732113
0.0659401900619231,0.203675115643145,0.25940950932984,0.202835069458285,-0.25985726170153,1.53044239901801,0.496192212947603,0.129503971453005,0.136281632210899,-1.18157259104201,-0.0530055427514442,6.19850766689482
0.0356638636378599,0.200692464856559,0.255879917296646,0.202555274943209,-0.257920761451126,1.52723720931161,0.492631833818636,0.180187513106431,0.140345073276637,-1.15507530672997,-0.0571671024777098,6.20447697508493
0.0777345962968916,0.208957505599036,0.261907621707094,0.212949257695154,-0.275575684626446,1.5269495355113,0.487943061099822,0.150890279768485,0.15397393705857,-1.16194328200342,-0.0294893888914181,6.17507127105136
0.0981419802566818,0.192641436681434,0.256768788742289,0.196231364916158,-0.248559497604199,1.52246406989034,0.48468712986551,0.164775224679033,0.169896123056053,-1.16583365376806,-0.0531613297392186,6.13688127129508
0.0299475182952238,0.188139999556586,0.262227842490808,0.210638844003941,-0.257276221679007,1.51970754434192,0.500733523137209,0.160838561133888,0.143018029709012,-1.18226968131279,-0.03127856658222,6.13210765681629
0.144066922449034,0.208016426995034,0.259643310847551,0.203669193100226,-0.279864265887129,1.53291681970454,0.485815461927202,0.161955692236751,0.13087101357751,-1.16596227754979,-0.0457649962717375,6.21748409543239
0.120237117433782,0.195552459820724,0.253120844668107,0.187069718135072,-0.261330628677701,1.5353373670156,0.475885862725545,0.159220105124819,0.148418433307217,-1.18391970669126,-0.0743152534840025,6.20050205338016
0.160581214651412,0.22031609173155,0.252569210673248,0.222407496194928,-0.290334860107774,1.51809052965085,0.494367935151678,0.19326942785002,0.174832455263479,-1.12574255546506,-0.032913476094375,6.22995620052209
0.127074454258772,0.194446338540176,0.260970881476642,0.192072687543009,-0.253583954700972,1.53832278517244,0.483118991370638,0.131827043798978,0.158671825389987,-1.19272046360105,-0.0451018334585621,6.21889750127468
0.0360031548346737,0.199510324310565,0.262869203511141,0.213531667840645,-0.267179357354182,1.53347546147174,0.493305072663318,0.156157155014387,0.140221066884463,-1.17686359648119,-0.0350081104559068,6.2111974175417
0.145657474524724,0.196376580852478,0.257915591173251,0.192611125677452,-0.260674689547936,1.53690369893393,0.485417741762537,0.172761910248356,0.121604416324552,-1.17336014315575,-0.0631690192323261,6.15329550462209
-0.0261866797252061,0.192236628493091,0.260383217959627,0.189430667586394,-0.256102100656956,1.53034501487514,0.485385671649064,0.148698273778101,0.146461887077856,-1.20260186220926,-0.0585752200560576,6.24761441222638
0.169476626765263,0.214866414799264,0.258002018886499,0.188446245179296,-0.275555294179239,1.53109018360478,0.488995135994304,0.160218898476674,0.160733744686594,-1.15582851899981,-0.0922373430451112,6.21966952326983
0.0529937978934896,0.191251797888514,0.257193236336908,0.193952635222654,-0.260092012670022,1.52729097676781,0.492814847906667,0.15407110800168,0.155871591949826,-1.1765728866754,-0.0470095160942253,6.13054061818925
0.0993003241579799,0.189405868867126,0.256368907579515,0.197023686177104,-0.26194340810847,1.52786026405465,0.484519485469469,0.145170425281408,0.13956279768602,-1.18222331730041,-0.0554909618097711,6.18391948367791
0.131923244906541,0.201133825420661,0.261633721581691,0.202708851433032,-0.270723819873895,1.53981748757541,0.468875566105338,0.122684863700014,0.159539437685749,-1.20924240723019,-0.035971220309014,6.13498545116156
0.0303242680488952,0.203658574464567,0.267261126145156,0.217784427408447,-0.264338098603747,1.54222442390087,0.48200536426877,0.163237528263186,0.136455724588133,-1.16919468795842,-0.0416132485829608,6.16189495660127
0.0561167087203373,0.203061230494685,0.251544205622146,0.19397638710025,-0.265850129380209,1.53024768357564,0.482117647561447,0.147040754783392,0.150778597620608,-1.18866976356348,-0.0484812405068938,6.13497090160472
0.108275965780713,0.202426075955318,0.263335854997958,0.206439541034308,-0.264808691104543,1.5344463490632,0.479130137807354,0.133363941830725,0.130593504947164,-1.18677477695919,-0.0440815951701447,6.15379933068734
0.0358084103974266,0.183759088942129,0.267682824546321,0.191311947164455,-0.243466475788135,1.53872535340813,0.480018437600212,0.16950256668094,0.14500321762529,-1.1995212903689,-0.0500102563344403,6.15752642331946
0.105320071205378,0.198430586455337,0.251696775217475,0.204126068423738,-0.255601417417984,1.51334197199752,0.510295416401043,0.191567638108479,0.15561489996053,-1.14151324278121,-0.0585443249712807,6.18360653354776
0.113169856136777,0.179204597991731,0.255417590223193,0.194181689351349,-0.252454392551394,1.53063557378423,0.48556851865185,0.159824803980363,0.131658061540813,-1.18954493202835,-0.0387787648235635,6.21176733664247
0.0207546961929482,0.205104383166529,0.261974084754756,0.204358653662717,-0.274791482171399,1.53084137258154,0.488677128311728,0.135731499617304,0.146103253728051,-1.1711014006733,-0.0451365637334085,6.17751929369258
0.0939896298332376,0.18172474796113,0.267062741075627,0.183039473303399,-0.246217561394175,1.52851341670168,0.479626219545726,0.128153181011581,0.163447374182076,-1.21338034402551,-0.061353215941957,6.15847415604031
0.101768720585576,0.192158886228679,0.262885726394379,0.197324645483244,-0.254712841112957,1.52398146196938,0.489143549024096,0.146823521148545,0.1494982403955,-1.1942085976821,-0.0445756427834856,6.17693802989592
0.0302940643308001,0.191583767953177,0.259498315488073,0.199853621970872,-0.25954911176792,1.52731023317826,0.486149243858914,0.143410098260569,0.149171823062883,-1.20533601329038,-0.0454649825829,6.23563209949648
0.131809297889233,0.219146636870208,0.257055841224132,0.210268068897189,-0.280636510515439,1.52697431532334,0.491636717154966,0.169964724108368,0.137245758039894,-1.15564540916349,-0.0551662341368379,6.17164612486158
0.189487929441654,0.196358839364103,0.265568539939084,0.18658185177504,-0.268153251562707,1.52061427965617,0.483161387483191,0.180764479474988,0.156394035589539,-1.14187607283873,-0.0755753664598164,6.16329653539514
0.0630756439639119,0.207605682288077,0.262035856202287,0.207235882205794,-0.270078062210876,1.53638537682579,0.484665620543366,0.133933046715772,0.144931488861436,-1.19087863458204,-0.0485405238484754,6.17082358575748
0.158899694896357,0.223490016568145,0.259728568169552,0.205863953865725,-0.29210406073163,1.53137237994376,0.489717833591634,0.139398181483409,0.140203596693616,-1.17386334557349,-0.0435761062501979,6.15427420351017
0.138660071742867,0.21655418060229,0.253947163713286,0.205042703714925,-0.278327352092411,1.54176658966381,0.474519754697332,0.147299366395088,0.134162471546607,-1.18258849708922,-0.0500145365504766,6.15026361042738
0.139205640266606,0.176948422300603,0.262346882277234,0.192341573388536,-0.243754902667064,1.52759696447666,0.485854913727433,0.12071927554184,0.128188961372439,-1.2119546151392,-0.0332522224962402,6.1675408340128
0.168248329810117,0.202051893967193,0.246083388668493,0.19725559640541,-0.267916151821022,1.51134918803209,0.497107169308136,0.163034442002327,0.15911668306972,-1.14882090900843,-0.0532797587504255,6.18748069406515
0.0647584387468044,0.216056072627911,0.264569377956324,0.211193953188512,-0.293412678932706,1.53499110017976,0.483768687288298,0.150669551983953,0.144751696229492,-1.17642748384679,-0.0562826721290719,6.1804717290952
0.0728318490716153,0.208339589984767,0.2609726604181,0.208341209920296,-0.267634107557599,1.53191589482969,0.490927309972752,0.16295094244751,0.156004620327422,-1.15563228720563,-0.0547284532453791,6.21230287155561
0.101270115393337,0.177259269231527,0.259637991589065,0.195857834970561,-0.235494675263641,1.52052136851679,0.493329134745298,0.185631769742333,0.139698804819192,-1.16141873333409,-0.0377457388159823,6.17394671701759
0.0778219564693363,0.20827292628982,0.258279402007994,0.203469138054845,-0.277588188672708,1.53172455892923,0.483576253996499,0.161016754637707,0.134247303060861,-1.16823205541583,-0.0392349756329388,6.16722709239594
0.139435815012467,0.205279120456418,0.264214977626241,0.198507431156475,-0.263600074855931,1.52942191245131,0.485648710647568,0.13407934268038,0.168505046984092,-1.17898227870106,-0.0567500721682274,6.14300052965928
0.108142081192751,0.18405738527048,0.257266913906445,0.194111182910596,-0.252549485083595,1.51512364559663,0.482372318231644,0.134176695520799,0.146573326406356,-1.18982413945172,-0.0534034165338129,6.1983100261782
0.112166152157588,0.213155841979728,0.253600493939774,0.203183137140792,-0.280026288650019,1.53783826871597,0.49299859692889,0.15016199483098,0.155010624009029,-1.15953596217208,-0.0536449184356096,6.17712273810141
0.0491725677176794,0.231674991419048,0.2602510529985,0.214604930304872,-0.295558846158053,1.5235724448248,0.478522025452871,0.135521922561394,0.154108893857663,-1.1695908902275,-0.0557135622801037,6.17420426538517
0.172912665304629,0.232064668173413,0.265681736790458,0.209732397765793,-0.313092239071284,1.53678906858591,0.488074752630152,0.134803751025569,0.141939509480251,-1.15314254532143,-0.0488844655879342,6.14192800296326
0.160975379366477,0.194059595603948,0.264329537452896,0.185272436155614,-0.256662459294,1.53532072253034,0.491616584588451,0.17811972782417,0.136491286131827,-1.1836524326915,-0.0672362823163285,6.12814411497802
0.0656540945155374,0.200389017829502,0.259073015396351,0.187123288387407,-0.265560034932284,1.52613356881573,0.489696649006923,0.146918348644874,0.143688699584858,-1.18210180047626,-0.0628719349295512,6.19018906517627
0.0591195179270975,0.217325225381422,0.255009732156722,0.199863242767281,-0.259034952788074,1.52398890067301,0.487209947292229,0.1909154296407,0.173546112763459,-1.1386615134594,-0.0536954029535788,6.23362507635232
0.166816609876257,0.202156474725855,0.265046434773467,0.214006949189552,-0.263173115253167,1.5337885012036,0.486374748030012,0.189039276988791,0.143590174351832,-1.18494856470813,-0.0283188542919221,6.23192475582872
0.0781696071879784,0.224416045235358,0.250649896358868,0.19707361579438,-0.28804958346456,1.53653787751104,0.480440116925043,0.160394032647133,0.154049209671072,-1.14334353641996,-0.0685553553293928,6.13576642225901
0.168043408870153,0.199184988684326,0.261556781240264,0.199967899938431,-0.26667374874508,1.51959744937076,0.481261075094516,0.176345927825842,0.1666063750674,-1.14399967817752,-0.0435561443007629,6.20029834686238
0.146277393937595,0.209205060034321,0.265670953186536,0.205595609268656,-0.274203974000799,1.51786475889415,0.499183235729398,0.164549557487293,0.143770191283799,-1.14855330309344,-0.0381478162983773,6.20406321849825
0.105882588189605,0.188197104192329,0.263307884923592,0.192516427520829,-0.252938443387252,1.52893896356719,0.48228454543184,0.161011758079958,0.140175952223374,-1.17604613857343,-0.0672847090366254,6.18122709917425
0.188997986577815,0.182224164060634,0.26176813423666,0.186788582137312,-0.26171144524952,1.52728209197651,0.47758428085064,0.141340872854784,0.126006366680933,-1.20819429384509,-0.0470370712476872,6.23258414533142
0.0985647490626606,0.214120918706381,0.252885990770905,0.214024534234547,-0.274967829786436,1.52849084172524,0.491230564998146,0.185014012988495,0.164707982808212,-1.15445036140017,-0.0387961030615687,6.14522052685973
0.116725101788334,0.211851814149389,0.260763138362696,0.210446265088061,-0.268029898102401,1.5381014036899,0.493095387408024,0.146069911493971,0.160283540658534,-1.1758860974438,-0.0437985140846053,6.16227883833186
0.0967482684029828,0.199103825085112,0.261647647897267,0.188605029875395,-0.255922825733183,1.51766498091978,0.484497495962898,0.179702740002802,0.142174010631771,-1.18009713472292,-0.0519600247017467,6.18749253640782
0.0794163517486198,0.212843232700028,0.254928730074973,0.202052233727812,-0.284678088501759,1.52840282923637,0.486884448793446,0.1666817042915,0.139733918466578,-1.15801020648046,-0.0454776513204869,6.16768487149793
0.0752654505109576,0.18263739367507,0.254170111374027,0.184939934195135,-0.245848053645486,1.53876275685474,0.480659343183199,0.186023201518673,0.138481100399659,-1.18112576268441,-0.0524885803328271,6.18617554268718
0.0928457348582491,0.214414220894754,0.258661276591025,0.207453367139156,-0.282312123026216,1.52617625711946,0.483557666018999,0.150565117403279,0.160509690528426,-1.16143196018213,-0.0384444027085777,6.18770114901394
0.0199840642419229,0.211604408610906,0.251934246632277,0.217586816563616,-0.282203050871715,1.52389706733909,0.489594857745269,0.153810614508812,0.169079479004271,-1.17830506174273,-0.0330244979045254,6.15515914804176
0.0600959191313052,0.194608472356084,0.257395284332425,0.186921221405896,-0.251776990770351,1.53706739368617,0.47844130272962,0.164303812892536,0.156178325356991,-1.17558377359021,-0.0477848243809194,6.20977249107571
0.0376397159161722,0.207468102232126,0.258559871950447,0.199854255177847,-0.269629776171022,1.52939117660528,0.494863966288111,0.170680574606096,0.132406221731598,-1.1561090573394,-0.0547634069697487,6.16280587491547
0.0269691793015151,0.180580795459216,0.250648915621872,0.179132761563306,-0.245881165524766,1.52520568104112,0.494324923789737,0.166364452408205,0.146184976469219,-1.17682950479046,-0.0641473114223571,6.12631498816942
0.0835825654646275,0.212754821456122,0.260320938991605,0.197475613992959,-0.280273969643559,1.53195021457358,0.480649220060356,0.180785133620238,0.146879373335023,-1.15717155794624,-0.046276960563315,6.19118709880869
0.0864034963144372,0.241455002320346,0.257349087845435,0.209835090440478,-0.277454301991352,1.52391286124924,0.491678097635392,0.158689865163898,0.166218652201867,-1.13051331530442,-0.0686489475699631,6.18470400272468
0.151956313394491,0.174863177127007,0.261058008881783,0.180409601283753,-0.227182223497455,1.52372187759143,0.489356093859551,0.152478261342563,0.143002171858604,-1.1934862633402,-0.0629935068224984,6.21747722328193
0.0473948945250853,0.204017684122559,0.254946864588133,0.204645532007395,-0.263815189662034,1.53799630590221,0.480872250997134,0.148845727974277,0.149328903986855,-1.17237944446545,-0.039848102013873,6.15577976552656
0.0779029762162898,0.216286726908772,0.261773081297414,0.213148135086045,-0.277409729037913,1.51415202230309,0.503782335861802,0.179546845902766,0.162691836343793,-1.11922486698808,-0.0493785246190615,6.17727616911783
0.136825424580898,0.205151891309246,0.25555614942416,0.196884604477564,-0.265692026338616,1.52399228472038,0.496086304336813,0.194440224659067,0.156237888177852,-1.14194859003496,-0.0638875044655859,6.18111155563339
0.0421588511467793,0.199849243243325,0.257624165973604,0.208439327832123,-0.262233915362377,1.53098141401728,0.489880238737852,0.173943028398407,0.141366462629055,-1.17691463075803,-0.0281805614534461,6.2218462194853
0.0180506819299048,0.221333355446909,0.258629135994023,0.207626070404418,-0.281455251121589,1.51921222711624,0.491891165576743,0.162842243006201,0.147738444636177,-1.12597047742026,-0.0517399560171414,6.11907121720649
0.0441973202391481,0.168041027241172,0.265515726303215,0.192413219757076,-0.216445920680177,1.53337327531253,0.487916307987252,0.119222098174433,0.158872141661009,-1.21989929361717,-0.036100679069452,6.1752944664718
0.126047422017512,0.177876995461255,0.26010569079077,0.18729464633537,-0.241087714827893,1.52033650584353,0.486185221604949,0.142665627350694,0.155074335933115,-1.21093757855196,-0.048975386110052,6.17910618706873
0.124933963757286,0.216934366140093,0.268281437933511,0.191633373459039,-0.287309027521737,1.5346737876421,0.467346032821223,0.189285729653621,0.164231953378233,-1.15985951980315,-0.0662853340034306,6.21614536773302
0.117333363788659,0.226066330464823,0.263544079598254,0.202934836878811,-0.287989111101067,1.53704461313837,0.475550773069527,0.133574829569567,0.153821395757071,-1.18934834629581,-0.0483123168112215,6.22459358712689
0.0365134934874351,0.207430514188308,0.266151171354834,0.209761277173149,-0.27922553386981,1.53516878885513,0.485800610009631,0.182013551678613,0.161103199771064,-1.15664957094047,-0.0408344796497262,6.19733542399567
0.0427665813764787,0.241188280530192,0.264179595623757,0.216685407655003,-0.294624852701946,1.53447943699226,0.492754289167747,0.139926701013015,0.15917479677947,-1.14727489978621,-0.0490591845693832,6.18174784531492
0.0899566846481118,0.204527371761301,0.258563233419305,0.201452642819189,-0.280448336125425,1.52715302346978,0.477689731631752,0.175582691508636,0.15018516631929,-1.15939604756211,-0.0546942486416456,6.22825007599219
0.118946651247705,0.213259445549074,0.256191798171635,0.19954983980914,-0.277755976942825,1.53027878019806,0.481919923234053,0.165608144907206,0.14998555955557,-1.16250424429847,-0.0642931670846861,6.15750926121658
0.133578845398962,0.170326958522732,0.262249123641636,0.182201649595363,-0.233770837947218,1.52759274477739,0.496273674154332,0.176160236996351,0.138374599882203,-1.19149698417696,-0.0525923668397271,6.19678655692937
0.0632946953125694,0.234738144475896,0.25671082867433,0.217799502152073,-0.311307064975098,1.52731737696135,0.495424621096248,0.143230950122867,0.161107993223209,-1.14219385894541,-0.0393486274304698,6.11016912386411
0.0422057642677794,0.241597963725419,0.260133532906187,0.214460836331514,-0.303957870777356,1.53711914888044,0.485625126244229,0.179215768472337,0.162034919102014,-1.13430404358603,-0.0646872862217936,6.22619608280142
0.053349582782205,0.174263918903527,0.270485402930357,0.190679011509888,-0.244240761499115,1.54505700453915,0.484460789974636,0.149700356818919,0.123229664450173,-1.22080793998566,-0.0496395571056184,6.15110212890303
0.119292598976611,0.197292592212643,0.272754004742467,0.197304670409447,-0.263060323810392,1.54399073074867,0.473747274118426,0.161618699205755,0.153627235767112,-1.17264688031111,-0.0646191259808654,6.17649259642661
0.0866414959017874,0.199643636494772,0.259931756424706,0.204780217517255,-0.263317924618855,1.52330428552305,0.484748481817365,0.157187714357626,0.166873139791416,-1.18417329065485,-0.0514361853739125,6.13714162879382
0.0676414452829147,0.214136671278989,0.25876435401608,0.218260214658836,-0.267609053991324,1.52305459107771,0.495817078365394,0.136607653362564,0.155746410319455,-1.17277268445702,-0.042807407327381,6.22789086879811
0.00353730161230521,0.212828067177129,0.258845535691338,0.207717570045118,-0.275533649824122,1.52880615344462,0.500296144131749,0.14138294647009,0.135636204538711,-1.16107251451232,-0.0592633642542627,6.22363575074251
0.0430950891473596,0.221108556414436,0.2567356383998,0.221916899655109,-0.286597821404226,1.53251025305893,0.492579833288612,0.160630624091276,0.141202326778155,-1.16363395930138,-0.0407956834033942,6.19205341748756
0.15519467074871,0.177682754903319,0.27414417990951,0.179926930290811,-0.253408937220784,1.54052321240543,0.476976505732806,0.195340684277737,0.133614722415521,-1.17569740053159,-0.0531565241589417,6.27293458152239
0.0833868720778705,0.19012924867425,0.264198924208986,0.189961633930986,-0.240890060663131,1.52499766141167,0.498185999974604,0.176994105104169,0.127530102179736,-1.16132775484098,-0.0787133717485121,6.19365251246329
0.154297725573293,0.214369876590743,0.259620871221485,0.20016026971048,-0.27647634806182,1.53331045795995,0.486986860643247,0.154158386057823,0.135612502869103,-1.16475995174624,-0.0598011799069996,6.2252706463731
0.161637192980949,0.220762646401381,0.264099585470115,0.204599931831696,-0.288630286053918,1.52505652631345,0.475589859795408,0.16814265044484,0.145083644832837,-1.13804784696249,-0.0576145899497969,6.1279795394991
0.127448595327229,0.214670419578893,0.254501393258767,0.19985424987592,-0.273539609206993,1.5266594085462,0.477006257817515,0.162421262910077,0.166091741680448,-1.16577333440385,-0.0526640298293889,6.17320831374758
0.0320174329497888,0.215225311109612,0.271036192327714,0.203196988151369,-0.281699645982946,1.55996232073659,0.472239487766001,0.148402247704817,0.12189365542017,-1.19294506605396,-0.0504011899738724,6.16943468746025
0.012964198767354,0.212327351889751,0.26237911542348,0.222248112266506,-0.278410687977461,1.52311378798768,0.498378655777025,0.139253729382467,0.128084616010354,-1.1659821520332,-0.0420327761150774,6.1528275740887
0.0854532075936557,0.200577041375937,0.255141289065634,0.192119151204054,-0.26400930695324,1.50951985366887,0.490233033317329,0.194494719777745,0.133988003379282,-1.13222150811394,-0.0667525450856819,6.12268457652797
0.0632096529082856,0.20128019222172,0.261137538014518,0.189331542007539,-0.270541908710018,1.53518164965632,0.479206075833372,0.159778658737972,0.131256068464867,-1.16776656487739,-0.0464448922313707,6.20265555658459
0.186412019453608,0.217655736209005,0.263145946951979,0.209359563024838,-0.27912740555023,1.52062428095529,0.486900118945312,0.167191744385588,0.159732303866911,-1.15257409440742,-0.0606445394996289,6.17442051077443
0.104722456534003,0.222921954931714,0.266240627691169,0.214336901398258,-0.282221318638855,1.52168279129633,0.496488500611049,0.129419929847445,0.153730000371228,-1.1592961636283,-0.0456541954887193,6.20551732747469
0.10231457092681,0.195119269753914,0.248269870752876,0.195631838715777,-0.255879724406141,1.52239085975821,0.488398324908398,0.166468716275786,0.151311640921841,-1.16297113017824,-0.0508685316439927,6.12124992215674
0.148708254971244,0.19787157515309,0.252823994220558,0.191181581801211,-0.257091879100058,1.53276536602973,0.496508502922425,0.154679453379942,0.138692393762776,-1.17434768107043,-0.0565931430116288,6.17793264587158
0.0772638581822585,0.20750835022771,0.255181712655958,0.201387175513206,-0.282133005577232,1.52258494239338,0.487877053896286,0.16443983666265,0.155883909411206,-1.18066772958467,-0.0617952887618655,6.21151025735826
0.0566127995946915,0.214993039308795,0.258296927663366,0.192165597284576,-0.267073546503323,1.53277520217651,0.480971530985148,0.154296235397999,0.15610104689922,-1.17002589147992,-0.0664969542073495,6.18738963374315
0.0499338382018497,0.18953458843817,0.252579474570351,0.184236482605929,-0.259883691100382,1.52253351196181,0.479810689885512,0.14938396788226,0.145968101181544,-1.20204589210821,-0.050060321914654,6.22792139510969
0.10835365687084,0.20716271657553,0.261785682168548,0.218802582067969,-0.257814068908391,1.51371863428989,0.48966150298091,0.163336419808414,0.149764270849191,-1.1587660649215,-0.0239063433577786,6.19230684344009
0.110854948670771,0.169252762274603,0.251517411673649,0.178367361513035,-0.225483785532181,1.53498894353564,0.503966463811653,0.144857359546339,0.139687221153675,-1.21601992072888,-0.0635021164079336,6.1764704878525
0.0358617680703879,0.189848699485952,0.264239651300257,0.19630950466339,-0.253135163274122,1.53411477177469,0.48283448255724,0.158105397705789,0.162076444771837,-1.17659269212076,-0.0607323064388908,6.12436365751677
0.0565296311627992,0.194326166019955,0.25574126842713,0.204448396593916,-0.25006559112417,1.51237560337734,0.506767980313596,0.167045481743197,0.14478696815438,-1.17349529506622,-0.0384323573785266,6.11429260700104
0.17674810180644,0.212180945527047,0.262842403281948,0.213249677282484,-0.275139619539196,1.52925249764257,0.483834033182278,0.181654707888405,0.161002823165299,-1.1549345413615,-0.0430992198229417,6.17324383208874
0.152044544395356,0.222664106907519,0.266932355359074,0.204466479698162,-0.305068151489133,1.53984584763259,0.476772964622016,0.181994652476576,0.138425482030664,-1.15462306971219,-0.0497660532696905,6.20005296963295
0.0514982398337414,0.169217434508329,0.259947186063763,0.180218040951374,-0.233233519118238,1.52181856679835,0.496903109111286,0.182488450604882,0.140165975017585,-1.18318433493208,-0.0628461067376391,6.17213663906318
0.178989930048903,0.228908543881075,0.260717894620841,0.22351801536725,-0.290356551668967,1.53740104774499,0.480257497265985,0.14297963610726,0.156542661281029,-1.15512410064867,-0.0282003589050035,6.17298299293235
0.148545257448953,0.21365520840316,0.262912283858904,0.194009478847661,-0.281790309098564,1.55055041638,0.473521969882198,0.158573319059207,0.161948962015934,-1.18436981929395,-0.0604421516462077,6.20501930530597
0.107416590439362,0.203719944384824,0.252304952344359,0.206699048930666,-0.266767546000729,1.52286397189619,0.494553488295988,0.166622493214057,0.125164682416706,-1.15702103371467,-0.0383593109137598,6.13124191548607
0.110971243875891,0.199074251882127,0.260212403979802,0.19481035560402,-0.270673183908029,1.51693916883887,0.484336730592954,0.153114758910605,0.136377486626747,-1.16337998153581,-0.0607357157581258,6.15150052879707
0.0480546610046193,0.20829388635112,0.256153194664097,0.192916179778275,-0.282208256172007,1.52767575718235,0.489045324212946,0.157678734801265,0.125692095996123,-1.16664520626798,-0.0623789601898393,6.15408647367057
0.0199470033849753,0.199611973496571,0.260630202731453,0.207244250454827,-0.263362000972266,1.52333309946644,0.495785665496987,0.157145307880608,0.154334197146624,-1.16520054047954,-0.0288532191611749,6.13141186290708
0.00138804020494178,0.157480609093011,0.27042576198964,0.178440020686722,-0.213958901900415,1.51759441707228,0.498326708408899,0.152999812341211,0.138217979754582,-1.20994628751981,-0.0620022124130603,6.15458959912475
0.0867858495944408,0.195458536851361,0.26355336578527,0.202222700700895,-0.255561068189985,1.53056193655561,0.484102337153974,0.193535009075951,0.151352820567033,-1.1535518215857,-0.0388684537607415,6.17660611012058
0.109125224466163,0.198254899982504,0.247955286472964,0.202592644433095,-0.276262209790253,1.51142886532078,0.498572646598549,0.127114695414313,0.13524736469745,-1.19366215291437,-0.0467075080335872,6.16162038292137
0.169976443705822,0.198036643939679,0.265572089473958,0.195288175514024,-0.267448233940413,1.52491119504833,0.472604835411925,0.19126206740394,0.124946449953212,-1.16128710376842,-0.0509511376564405,6.19057264719318
0.120062040775676,0.192337141966427,0.256679075755482,0.191893140318148,-0.261202656895408,1.53565554389978,0.489846479696306,0.145789820329311,0.145444803819324,-1.18344948551696,-0.0418451846560264,6.16623437360072
0.0549061566516456,0.17941519515623,0.254854832908592,0.187684203532797,-0.233820598677282,1.51345469658301,0.503301699401532,0.164165683726491,0.140309616469125,-1.17863144857635,-0.0636757315291964,6.18222757046501
0.155704036446144,0.184617597837904,0.262325909442318,0.196949128545032,-0.251528940298054,1.53499481248631,0.484439443961549,0.167469315834914,0.124843111573538,-1.17900862548132,-0.0340841082381314,6.1840692585409
0.10946456175529,0.195776461930131,0.26203007442852,0.190979946227094,-0.263124898239311,1.53339268055729,0.474449132399952,0.179976312811252,0.137737476067262,-1.17867943602151,-0.0501884833034332,6.14829680887865
0.0606920279618306,0.189060635001606,0.257925434853839,0.198570046912289,-0.249212424387121,1.52697917995311,0.479014265156352,0.140468586847351,0.165454531555061,-1.20116009956977,-0.0506483081417141,6.20775523876679
0.102104230392284,0.194201658990515,0.264841176493768,0.190365447121643,-0.266219190984558,1.52206127866967,0.4949701691246,0.182443144980752,0.13649547626916,-1.15290429009703,-0.0704773524776115,6.19743363596686
0.0439755120677763,0.221967939475963,0.263463057741742,0.213163588120905,-0.296217394340723,1.54270144120802,0.479229626669801,0.115957550460965,0.131948151657854,-1.17204574190623,-0.0368854674636459,6.15776991386713
0.106299738389922,0.192424570870689,0.266606701069909,0.190939437129482,-0.247929376142294,1.53980715489458,0.477568286875175,0.173097518968953,0.163584538208029,-1.19352404868448,-0.0336249245592158,6.14040874611401
0.092030582977227,0.185586942390467,0.252884329215371,0.192128586668388,-0.261867569946005,1.52447669199931,0.494253773980186,0.153157089602279,0.122779478859553,-1.17678940805218,-0.0550916879509287,6.18082859887774
0.000414511476228042,0.194528207538812,0.260959807686707,0.182092686585459,-0.250102345488133,1.54696604092284,0.480508614322673,0.159460141727542,0.129054658433437,-1.19347632088767,-0.064590973167307,6.12648647386449
0.108136326389466,0.215719655381656,0.262062531894014,0.207669558683456,-0.277351207203092,1.55560031113894,0.487705817989367,0.139229970033385,0.130554548404455,-1.18625427705287,-0.0362272884681544,6.1518525565881
0.0790031423820022,0.204119665442265,0.252969674544926,0.202449822111606,-0.260455375988022,1.51596142213772,0.496641351734417,0.131965577417522,0.150053058050334,-1.16591801728546,-0.0420411937676547,6.15167127316525
-0.0158886922941,0.177392866348134,0.250990119574806,0.181959406317254,-0.247318771485032,1.51637844770674,0.491582713484987,0.145870099925002,0.155113357561344,-1.19027879382794,-0.0642183841775563,6.17222347216501
0.0991691698546573,0.215425284329375,0.264675344490745,0.206180116920557,-0.274711361492151,1.51742876512288,0.492143319651047,0.155025387587786,0.150985481670898,-1.16579163306054,-0.0470554498136565,6.13947388350728
-0.00510326099430589,0.206264925198704,0.248489693902621,0.207766804989635,-0.279516477916535,1.52177615657318,0.501210834371241,0.155890159312657,0.142179451822464,-1.17523641421252,-0.0328303224702769,6.13630401792734
0.110660848540426,0.17379329091105,0.25561438789198,0.180375752684994,-0.237286807739325,1.52019544767087,0.481074073381007,0.15927553502051,0.165981445107214,-1.19300792943108,-0.0692364573103854,6.13712796957359
0.102542211134035,0.211923943201294,0.254903093650078,0.190482082152508,-0.266711205469425,1.53013093565988,0.47052663551691,0.133216078072982,0.163099707739698,-1.16196818256166,-0.0538192737227393,6.22048016960006
0.10358781295155,0.185053637296379,0.265799500223729,0.1825055028034,-0.250178407965614,1.53728085525007,0.482278336455765,0.182118325586846,0.141741488904981,-1.17406240065695,-0.0632710725785666,6.19325038792311
0.0329752050297382,0.198373329727775,0.268581916498829,0.203449519163081,-0.276085020289625,1.53048974450352,0.486656136764643,0.143297850250636,0.12755299270539,-1.1867913058215,-0.0524107179139397,6.17423099493003
0.0453830191880224,0.212484201447748,0.259027861928009,0.193953088813392,-0.270845654287223,1.52809687719639,0.482764323253244,0.1612480532536,0.155115383822886,-1.15430913733878,-0.0527906290418561,6.18120104112107
0.0944166559021402,0.219371635132148,0.267133469190942,0.220986147818777,-0.281229506826527,1.5200105282844,0.486030394992262,0.171732539593777,0.141741651245704,-1.15328259931178,-0.0382542339128187,6.21426775945853
0.134854561384088,0.230318663909917,0.249070090717298,0.209296030844541,-0.296310203485294,1.51842114619838,0.488883283799312,0.180513905491002,0.16700486260082,-1.12953661806458,-0.059572349716818,6.18133481246505
0.129522713996851,0.180610959610961,0.260453740875087,0.194180956163847,-0.255599937765495,1.52935000356988,0.485809783321183,0.168895363552793,0.120499197852383,-1.18501643204229,-0.0467120365929774,6.15988376594863
0.0511437375020001,0.201516171506997,0.264377592759285,0.195566715291899,-0.252563636735439,1.53309079826598,0.494800023086185,0.163597375179226,0.15482426006675,-1.15775313198806,-0.0516420153876466,6.17118246569439
0.167011017129599,0.213541369737819,0.259074510474914,0.205842391133439,-0.27351329385412,1.52369094779882,0.483839477985013,0.15742608442316,0.156529063876588,-1.17294634528579,-0.0449761606780983,6.18565393478231
0.129346549163442,0.189949117010494,0.254290647592692,0.191283314093015,-0.248882279780218,1.53664311289159,0.484160479918123,0.135558824878994,0.130194523764051,-1.19550401653788,-0.0551049536679225,6.17434392090566
-0.00240344696151426,0.224625452433348,0.249832866070769,0.2134237721194,-0.293280267296141,1.5031439586905,0.502777852634035,0.142027167195507,0.167250053657962,-1.14821101470456,-0.0415358826383712,6.16764493915121
0.0737186883472397,0.178418511002192,0.262957906745263,0.197006225457353,-0.243472567542428,1.51968977586121,0.498224432700969,0.129304821154817,0.135552925161844,-1.19936802287715,-0.0285472337304558,6.13655454651153
0.09011450961538,0.205491290123698,0.26488185429733,0.193981890613253,-0.264037749928354,1.52354539502492,0.494109435792656,0.156738006688308,0.131280355121293,-1.17230146763966,-0.0716564361718152,6.18627675704591
0.0799448157053388,0.200723835542194,0.259517245551213,0.202059528945253,-0.275427647305992,1.52658506828777,0.481439578230732,0.125941233167437,0.149034804073972,-1.19163226857404,-0.0405085260121213,6.18105029790335
0.177016919621448,0.183013412899946,0.263001236030467,0.195079925845913,-0.24781149228215,1.52235359360949,0.486377236039182,0.172066890665694,0.138033171848874,-1.17147764840294,-0.0478804291455895,6.18866446415739
0.0908969866290095,0.189780969648189,0.262248876186513,0.194543289835533,-0.244925482278693,1.52611287672895,0.482845037362243,0.174904368002109,0.178115493341478,-1.16592082885654,-0.0620430199328162,6.23322076953917
0.11025852828053,0.20384285845657,0.259759503269083,0.207440232767052,-0.267534722583362,1.52036317666541,0.489398316772377,0.170183376388092,0.159736855231018,-1.15296698447353,-0.0429255056539481,6.18297449518665
0.130327950833915,0.233820568836137,0.259579018016925,0.206352288426621,-0.300261473023939,1.53629640084934,0.485156096037466,0.195699982050639,0.123212017966067,-1.12414676664418,-0.0596077674164179,6.15134744806597
0.0815487292518259,0.214127212459808,0.250493500090845,0.216351161189044,-0.256634449635158,1.51838270231596,0.485125638807173,0.160064880866153,0.162033322224306,-1.15958575703267,-0.0391013551147778,6.18226861359493
0.00896883079042311,0.185750417202902,0.260608541271381,0.184222853919182,-0.252557567412637,1.53965283641533,0.482776152175697,0.145784151704408,0.146054678402084,-1.20141221684715,-0.0480479533549954,6.20166995811988
0.143161371984036,0.219353452410398,0.258351079484338,0.217399191834534,-0.282893912441608,1.53472173447862,0.486905193091079,0.149704041360205,0.125208282029411,-1.1579002390256,-0.0350201947310127,6.16603068548279
0.0755631697714753,0.232482638373161,0.262825811556378,0.211912946306352,-0.28462113574698,1.53118828111556,0.489189158412744,0.159887573104375,0.160332694272151,-1.13234242979831,-0.0579101042918778,6.17684426182536
0.159104602093513,0.245898033979262,0.260186410932488,0.219485330288369,-0.317198688910146,1.54350105837933,0.47795629318281,0.163254842021983,0.146088821544715,-1.14310593598093,-0.0421178315175327,6.20849385699608
0.0785239728001608,0.176735418657005,0.268016533421808,0.190089554731141,-0.240424264111683,1.54238059430719,0.491825159312559,0.157885980068276,0.127629021617351,-1.20214505184548,-0.0561999075073057,6.19187188500437
0.139236125451585,0.19637252414793,0.262754652986745,0.193271527266401,-0.260550475557344,1.52809293048213,0.478682365048837,0.159167501059854,0.13686067062715,-1.16537358770899,-0.0605478100959623,6.17103936478576
0.189686817972077,0.194156758850182,0.264584636306689,0.188234623681545,-0.261627023199007,1.52993849846229,0.484932918322341,0.152312165103514,0.153419986173092,-1.18204034990413,-0.0547782401333455,6.16113390393239
0.143540955141478,0.188932159262574,0.272939574122816,0.196717943195674,-0.253000261291161,1.53925515789444,0.480459611375186,0.169042698631714,0.140066040175188,-1.18059880731907,-0.0607861452016124,6.20732246780042
0.0951100560058974,0.201395233474211,0.260196812518941,0.195075684828143,-0.264931838086949,1.52535327178075,0.48483832677704,0.169824811878797,0.144290079605328,-1.16727993974772,-0.0626010082330688,6.19625538728268
-0.0266669251479253,0.187362540226087,0.258757269903384,0.181321975513765,-0.242283854068299,1.53154133995716,0.495804408325649,0.159754575909351,0.149454708105922,-1.17925208366544,-0.0738597042893558,6.18959526107651
0.0956612563898293,0.183086012502135,0.258697640210368,0.193053175981785,-0.245824876289758,1.52364600398619,0.488222039244691,0.176443015982735,0.150266061105495,-1.16755327207422,-0.050857566225761,6.22811110575627
0.132474033611077,0.204414703037065,0.269268632987406,0.208803712124497,-0.254413357051391,1.53932561546488,0.486019635361627,0.153679204512457,0.14476822845844,-1.18436387304804,-0.0467388900942437,6.13349407114469
0.0186624208917752,0.191147486941147,0.264485946059815,0.189793880476145,-0.26487544978454,1.52471924001368,0.484913039847036,0.149634675902725,0.157631193736194,-1.18839743901154,-0.0585743671943391,6.18184634458313
0.121971720380239,0.185297067685344,0.266180516272627,0.184790142837107,-0.241210185236597,1.51308503399185,0.480512142619989,0.154223912357447,0.165875998453773,-1.18452887463645,-0.0784744676855908,6.12885495121229
0.0907594525098186,0.188786334789495,0.252872300198423,0.194096004256431,-0.258228228755817,1.51996972137476,0.492242173194378,0.170897189610403,0.164175099613021,-1.17131022736014,-0.0514329531235074,6.19133026799017
0.0561811082797647,0.161413003544024,0.257941092124744,0.180709814606943,-0.220136619162458,1.52581430861966,0.496430104598791,0.160842470132082,0.135981897519469,-1.2070565886998,-0.0563368285888408,6.09774230235879
0.0847412326719022,0.187289717592065,0.263999752972088,0.205218124823726,-0.251311413215807,1.52447334188225,0.484512734899499,0.163356486998505,0.126075265572742,-1.17393494089207,-0.0198931352767136,6.14324650134166
0.112593954966331,0.200309944290866,0.258961524940695,0.192697046585299,-0.261332424651756,1.53517515113919,0.468757659527241,0.168889527448255,0.142800519032821,-1.18008693256635,-0.0568851643507728,6.17355597075161
0.0864827063943675,0.187581881816247,0.257847490716984,0.178243198239273,-0.239489160674238,1.52136083464147,0.48232163658802,0.160796098262144,0.155286908982782,-1.17226707612167,-0.0758100512727663,6.13855299899385
0.127793266726365,0.203664766150474,0.264375334606625,0.207969763584013,-0.265058051688576,1.51922284576281,0.490917471212828,0.179005077193973,0.169273527972793,-1.15731801857683,-0.0506110814076884,6.22983037399078
0.0520363480555273,0.186214483860288,0.259068943854773,0.190022846780511,-0.251300831969016,1.52414508608878,0.48977123802059,0.165405787053821,0.136326513005836,-1.18733326052177,-0.069744235647752,6.22152478008167
0.0619318308881902,0.214460145632562,0.262495780008905,0.190276058156391,-0.273501092103317,1.54093119382862,0.485597860088147,0.151830069642593,0.150164446068822,-1.18544069543715,-0.0678081711181229,6.17110986757358
0.123452436758727,0.216456882005994,0.253042212718057,0.195371439600828,-0.282651778543999,1.53412260162427,0.485475702116776,0.164229048529067,0.172219824156843,-1.16259782378628,-0.0706028402536828,6.19880158595991
0.0996650598236124,0.202182166383335,0.255762463643899,0.193532069694458,-0.244895456550263,1.53134019665221,0.488153956850272,0.141040895207268,0.164494396502001,-1.18708091797068,-0.0523616952328197,6.19153080103864
0.0825072846813764,0.225428270176968,0.256439414470386,0.208060510194964,-0.293676744646245,1.53013317002581,0.479194571652919,0.17201397796439,0.161116463067044,-1.14804899917669,-0.0529416159022895,6.22074727061113
0.0626423490261627,0.190685666359541,0.265044260653875,0.189517461875508,-0.255799579542972,1.53864110875161,0.479787536995972,0.176877847140694,0.137088671630192,-1.18036708542897,-0.0626600878374737,6.1833841624127
0.120607994841263,0.206590304933773,0.259540155562008,0.211348065113144,-0.274720029298891,1.5177502419427,0.494564122853336,0.163314068175504,0.158349337294432,-1.15314408981055,-0.0403858689220803,6.19504183277214
0.0316456924232909,0.226743122519041,0.257396946203276,0.223608194543692,-0.278608885145488,1.52317456745667,0.49649151312592,0.126292192714517,0.162578929810919,-1.16186527182855,-0.045030815422997,6.15911046329969
0.0967260686256663,0.20482646706581,0.262936684363055,0.191742923786072,-0.26830917306128,1.52751673394993,0.480499681330469,0.160066382945483,0.151770458824461,-1.16577535756736,-0.0628413253350664,6.17615945930545
0.119574316177709,0.190511035145841,0.262432836138344,0.204078886972134,-0.250159288244365,1.52979759041216,0.491259618713072,0.173962101224107,0.149925823952253,-1.17365801693224,-0.0456874735852206,6.22984974055115
0.0502367379892252,0.207208478654433,0.254224008702295,0.198170552957221,-0.275583006528217,1.5315880508599,0.485625196504555,0.151323987080661,0.132132832613272,-1.17929907443521,-0.0786646085574627,6.15016792488631
0.0894205326095503,0.229923014050838,0.257056321157704,0.210999769637789,-0.307972226883286,1.53177523747727,0.48478807815729,0.169723174972909,0.169349885486935,-1.13446593271177,-0.0490009192304483,6.22274273861975
0.140942434216139,0.197446775148039,0.255353245024893,0.201869028282417,-0.264470889380653,1.51280424209221,0.502344584861493,0.166996428151255,0.158476155845556,-1.1548374747529,-0.0493499994399661,6.18390241778281
0.0469577516333437,0.212437887194873,0.259687022903191,0.208379642219901,-0.282035517796237,1.5303508125421,0.507167215735246,0.15786911139788,0.111448072198392,-1.15991021296637,-0.0406237867436451,6.14237809331594
0.145368219140253,0.203969952198674,0.259637107778622,0.190432128839376,-0.273103203114449,1.5207099575397,0.48469811394807,0.154999149750741,0.166025157539075,-1.16797920497946,-0.0721110597274019,6.21076951723277
0.175733695197983,0.183416606342373,0.2616697845152,0.194076990418879,-0.251442396656861,1.52750890081839,0.484352148805829,0.17767034006811,0.136549452455652,-1.19055340745571,-0.037425548624186,6.16967922769211
0.126918353263143,0.199773147573811,0.254223689310056,0.190856763955746,-0.270008646665464,1.52035328630592,0.49600845210756,0.138217328937269,0.151542892625012,-1.1824694545752,-0.0652790924211164,6.21751625423248
0.127177122827028,0.207111144336225,0.257481578378072,0.206036894596435,-0.276345615291346,1.52554794406617,0.482443119140999,0.177958812821588,0.145675925919587,-1.15554836240062,-0.0447598661586331,6.19787989929307
0.0852886772659493,0.18936354518783,0.260571812873099,0.194019848906884,-0.260730886838999,1.52393179976534,0.490063748255642,0.197895124919434,0.157525720392278,-1.16318208238712,-0.066107100136833,6.17490765080184
0.10716017816784,0.171627284605091,0.261232394215265,0.190803623801015,-0.232361819405566,1.52744301175526,0.487174147298469,0.142013657475904,0.15048540527065,-1.19712747705228,-0.043698278952888,6.17408079921878
0.074804894643257,0.201547622859943,0.251626691172617,0.195746139849957,-0.274602054263723,1.51951343879383,0.490019723068915,0.177959911262544,0.16610164199456,-1.15420467339878,-0.0618104677324607,6.20045664996576
0.0181318278471307,0.172061951589903,0.263805987280063,0.185700007530687,-0.226497195416289,1.53822545327146,0.486319693042764,0.173313576481358,0.140702918752203,-1.19134666277343,-0.059143742904808,6.20700658983068
0.165746810070199,0.216144876212704,0.264560728585711,0.200900709624229,-0.279783827046988,1.54559283941867,0.477657861653989,0.162291351564009,0.146737730942318,-1.15129999414779,-0.0467811560430896,6.21389765133606
0.051574741523636,0.203921908855159,0.26344928984759,0.187675001122111,-0.263857764248764,1.52620274644133,0.479883164790345,0.190147359709094,0.146126987355697,-1.14607597224923,-0.0650629123026202,6.13774667313266
0.0713229893089027,0.221430521699746,0.25435626242059,0.224094299643208,-0.281334612380763,1.52646030166719,0.489938066816325,0.143721061882767,0.170672964281317,-1.16783326907747,-0.0320223416669344,6.21837353869587
0.126517949352837,0.199721221155389,0.26153366259217,0.201995941690338,-0.26441863347001,1.52177552553927,0.492550223554807,0.181103573585508,0.150986058492734,-1.16501272706297,-0.0470507475185603,6.19142151222264
0.12667310563278,0.208628040614853,0.254927690961671,0.206490507785658,-0.269889921505645,1.52321114198237,0.475267583355641,0.132782119977455,0.165003916857274,-1.18612981040361,-0.0262169923498831,6.23142523456826
0.122237634793904,0.210174070413052,0.262676944020948,0.207666846796826,-0.26753152964027,1.52762487848193,0.479755863781864,0.15858809681246,0.119743957952284,-1.15651701113343,-0.0389075522930831,6.11938137637084
0.0524890448364613,0.210219916646619,0.254016044274085,0.193177560752547,-0.267955074818739,1.54066145081268,0.471234818545603,0.152570235973349,0.152025390371274,-1.18448745788756,-0.0413492001800479,6.22816368941893
0.132323007733326,0.206307070540674,0.254296042422421,0.203170954230858,-0.27227002059597,1.53093103231237,0.483214467396236,0.154862166392564,0.134386659464204,-1.17180811378705,-0.0435722218991624,6.20276391543215
0.0941408111362795,0.204612293763728,0.258521015583532,0.20522587202761,-0.272657105446339,1.52717516802165,0.488855459755652,0.139330715058248,0.14691233759168,-1.18108815317739,-0.052410843827264,6.18469090128555
0.106930877204769,0.188236821431352,0.251859870227759,0.200922225479345,-0.257477640042318,1.51843858147549,0.494453705324678,0.164355019792608,0.149372164011021,-1.16889571776629,-0.039791297612842,6.1610348424512
0.0492101247783654,0.229866170680294,0.258244404281909,0.210427430036809,-0.292861875356779,1.52007334077316,0.495477217489334,0.168998467757699,0.162522412761743,-1.13549670897238,-0.0448532235983334,6.18732178125767
0.0591233319922213,0.221373403875009,0.254890088550015,0.210539451748666,-0.284744065192461,1.53597792485748,0.489893498254754,0.159169603960613,0.156344379396478,-1.16532949008062,-0.0486750750710966,6.15700161760633
0.0552854246311611,0.212746226300498,0.263608692357411,0.215738943315423,-0.278447346667067,1.53962259091176,0.475757025044666,0.145904127342535,0.165489841048879,-1.18581325910152,-0.0357422022684854,6.18804774036234
0.113170730897721,0.177681389323141,0.266151459924691,0.178903158179221,-0.233607866025907,1.52255086948027,0.49343200200762,0.139478306942317,0.137889529692918,-1.20749612216174,-0.061536088117009,6.17885655338415
0.112753042746037,0.193153529331735,0.25579211467757,0.190100442424225,-0.269333702402207,1.52691874494649,0.497518941381512,0.17490105785709,0.137101197524344,-1.1593198437568,-0.0617244789519208,6.17137344392915
0.0931025891070071,0.195726392081949,0.260191960620182,0.18287595160955,-0.250581222016484,1.51997801867783,0.484756628154636,0.18286943093815,0.144323443373924,-1.16682383551753,-0.0923710924618447,6.13498160322119
0.0637176981377559,0.177234419806076,0.264921650630534,0.188295144011825,-0.246790470192905,1.53271345992675,0.479981079045942,0.140387734332259,0.137458505960183,-1.20214315420739,-0.0485463096238686,6.20880011855931
0.11660412507225,0.204018570555983,0.261020158817747,0.195689129632655,-0.276481797627762,1.52760248081562,0.484849548546203,0.160328641641279,0.152188669562055,-1.17536490406367,-0.0511780265766208,6.1910830012923
0.149166952701193,0.181628964830027,0.26712644477281,0.193173340128515,-0.241139296188963,1.51635085919896,0.488028286152146,0.132091856407994,0.141623869976061,-1.18622136007678,-0.0503409656836933,6.1927115793076
0.107985883423243,0.177083006322924,0.256528003696278,0.187250058024025,-0.233448671314877,1.52309763838229,0.494195460290921,0.148267388689054,0.120960838425304,-1.19220258726214,-0.0707610107858819,6.19927758361136
0.0842848180966073,0.206684795840935,0.262767302802997,0.214146237857841,-0.270976937565434,1.52701670561874,0.486953873090628,0.125294038394654,0.132808121363244,-1.19025785068722,-0.0389252369609637,6.19050007669727
0.0425824055822123,0.208479130930215,0.256041816204163,0.206350034557793,-0.283446606866173,1.52719510689039,0.481794538618901,0.17766742435123,0.156434111548499,-1.16572452403339,-0.0475233834911148,6.18427257132305
0.027258699531561,0.155503400303642,0.268991435116801,0.17873966085366,-0.220482742615696,1.51699877413636,0.501570177972682,0.147774694539809,0.139988281779096,-1.21156151569507,-0.0618158780345834,6.14996084311188
0.095436704985091,0.213370696704603,0.255154847876573,0.195002804768835,-0.274141761357247,1.52065861143026,0.480779658729383,0.204694415162796,0.152469631963161,-1.13463059816816,-0.055886477705628,6.1570444842222
0.0833704755331982,0.211109455625626,0.257087175582546,0.203794115297575,-0.285194052133169,1.53593666298763,0.480407857354281,0.142995104831838,0.156443175684954,-1.17538854192632,-0.0549255535888598,6.22135676095914
0.0777245635549588,0.214222152050603,0.267256967608085,0.202260299678747,-0.284971156636896,1.5440405149527,0.471800770694663,0.147320355376517,0.140559869521557,-1.17607077604039,-0.0684562072273814,6.16847750852328
0.118113422134388,0.22131967795391,0.258827650419086,0.212799922673629,-0.298651609789103,1.5220705843321,0.48584276204495,0.149825119335923,0.130858453779849,-1.14963199419783,-0.0483960261036274,6.19056647916222
0.151307292782579,0.217151076387442,0.261073651567828,0.213922796221151,-0.279914415539654,1.52299331772491,0.484955481159993,0.176930017359087,0.157964286908849,-1.13059835591027,-0.0437725014767293,6.1295673614723
0.0242972164863471,0.22705222147078,0.253511646588435,0.207172320789141,-0.279284231019059,1.52894544990805,0.49418178869332,0.161808837162122,0.16050773658217,-1.15623506544521,-0.0613376429470875,6.17575203101915
0.0944803137176973,0.175968924076779,0.254879136053859,0.184406817207022,-0.235140254072731,1.52247471494115,0.485872833052179,0.143762495432602,0.149145086066777,-1.20257772939069,-0.0566191795832343,6.21646521793264
0.103873609203647,0.183958554490433,0.258687916194419,0.187198127502327,-0.243687574663137,1.52651492911358,0.491547212552543,0.184455473227321,0.150995249524555,-1.16988964216909,-0.0569968986369823,6.19737465534422
0.101824093747221,0.190465403734112,0.2559565914795,0.197595317349257,-0.258590851449317,1.52053612691211,0.49305055492801,0.157249527257224,0.134321316921796,-1.17306791714932,-0.0614815346464244,6.18701996208819
0.171251400531643,0.215888679355314,0.26198717269545,0.210895529345232,-0.277030850678556,1.52253493353369,0.484384662700283,0.162034904703184,0.145520071993239,-1.13650173043887,-0.0448861935289467,6.20215443510755
0.108505853978745,0.221284706464697,0.2593994274173,0.20493160300308,-0.281598021974767,1.53196709556621,0.482155588914782,0.138688554574516,0.153609182704034,-1.16845227050389,-0.0449100087850565,6.20925060606502
0.182219055221085,0.207843357463242,0.254139901211321,0.215703229657881,-0.266504035189348,1.52745347515887,0.477286814357393,0.154030978138398,0.146184551795215,-1.17632969530118,-0.0331317727852582,6.20532040968332
0.0410692812530239,0.178287510477613,0.26533615172915,0.177497080714187,-0.244409935769806,1.54557802977246,0.471123385508102,0.154810849985314,0.143520013310646,-1.209678156752,-0.0635616016980425,6.18214457012854
0.0817038460623665,0.181915890981164,0.263428158112578,0.196201101916589,-0.233511077892256,1.51899004485639,0.487247745156257,0.153109985770701,0.148357009636814,-1.18476044801873,-0.0492294115152878,6.16016414313417
0.0504809368774432,0.227116472890905,0.255468691013784,0.219540352006185,-0.284911250965414,1.53963919886237,0.498079352950008,0.145462745956037,0.145980214230495,-1.16127294458749,-0.0352796259297768,6.17323166833781
0.0473609241760419,0.185194045967533,0.261191804234224,0.189041436249535,-0.242446323932622,1.52548580614701,0.488395367435215,0.16278422351488,0.156405655506312,-1.17961491589349,-0.0616526673716402,6.24652264278502
0.110048145401557,0.189922131304349,0.261406933960822,0.197743757000479,-0.251356405342056,1.52648936608427,0.496863057545896,0.17932608777409,0.159569746228387,-1.15884528641903,-0.0492282068206453,6.1723223577598
0.0246300952378796,0.182550123762092,0.264136268026114,0.194518144668706,-0.249979050546193,1.53279849258114,0.48521519009154,0.144571909355175,0.126997907657191,-1.21247670572119,-0.0327163319027437,6.15083123108824
0.181283261947906,0.178462005228016,0.256949905733495,0.17970623517358,-0.237707784952612,1.53512429388079,0.490010690245305,0.171064396229049,0.131203952996074,-1.18747809823993,-0.0753244262018569,6.20157371397315
0.142275930863877,0.20317967211148,0.25339279409504,0.207598881478188,-0.263065896207398,1.53374773854808,0.480350998916751,0.143235926488392,0.138464128229964,-1.17190227396547,-0.0262073616999066,6.20359887708493
0.0758330039180822,0.196124595134059,0.265831458079184,0.202226278124758,-0.257636191317287,1.53664194877084,0.484916902104366,0.159025224116596,0.150622421724871,-1.18325828962807,-0.0558268133986847,6.13399374057561
0.145713270897091,0.186879207865127,0.24942618620369,0.192024055382918,-0.25349633065221,1.53203371973553,0.487213892545034,0.140983383287021,0.129294812439281,-1.19644237752052,-0.0512081944365362,6.18262740169023
0.0865382821334028,0.193050267601815,0.259245350544793,0.196896022258272,-0.252750420519349,1.54441468727262,0.472290850949708,0.167046625116735,0.143332514197995,-1.17651000386163,-0.0518508114995453,6.23681272028979
0.0277483822314067,0.213169848732365,0.258849451213112,0.203384027439705,-0.268386294868823,1.51838368338527,0.490362376151948,0.160103535868626,0.177703035959816,-1.14695321943969,-0.0626433886335992,6.1868196031017
0.0396141928413008,0.179939071859761,0.258379964793636,0.18635561817754,-0.234099891596403,1.52711350603404,0.501803147680934,0.162974640100906,0.138286634787693,-1.17377864206181,-0.0520557124230999,6.14552441250355
0.14235243109337,0.202402092484057,0.254549349396141,0.205268698771011,-0.262023463226841,1.52465500301133,0.496936105962732,0.139950850072737,0.14376098601605,-1.18862481750237,-0.0479972473023018,6.19611486281959
0.0723841443459152,0.203239377803421,0.258148987816663,0.187109193753579,-0.255281186763438,1.53096647999974,0.480458836670573,0.154722494564213,0.158864287873224,-1.16516279268905,-0.0646158658271209,6.22467745796427
0.124245381563543,0.218020886792962,0.256837032139943,0.212409750206298,-0.283003874627746,1.51854358487953,0.491533419150032,0.155726449486857,0.145469523336976,-1.14645045308532,-0.0571514479997509,6.20782512847331
0.0587805247421617,0.201248506895019,0.263891898786418,0.190464751665417,-0.272350693460301,1.52040899305813,0.478927536555313,0.176923360313574,0.14024221497846,-1.14969348815187,-0.0605117880509404,6.15901993584884
0.0832347041265755,0.215693215334194,0.256115970361384,0.213451773564253,-0.275397568949775,1.5216928533401,0.47819924420144,0.157897032145288,0.158661912772911,-1.1525723289853,-0.0487486819663394,6.19745951351585
0.161070036021546,0.217326229916149,0.26234316691846,0.213890951365699,-0.298152471866768,1.52984900767813,0.494077450331012,0.156268644753334,0.137033749733554,-1.15521339047026,-0.0440389521960826,6.18518447204216
0.0120105581399757,0.208784129585845,0.246170615003625,0.205425232054068,-0.266873401254943,1.54871677307375,0.484004063096093,0.158249206400845,0.150535923736882,-1.19385738967421,-0.045631053797067,6.1399752325438
0.0552913917802303,0.179562349744727,0.251376420798915,0.19027996744124,-0.239958358974617,1.51987282682121,0.505384002098572,0.133133260893352,0.142961578694235,-1.20753790892333,-0.0727198949730964,6.16999133630694
0.0772573142588049,0.189478852170984,0.257832982211557,0.182163124694092,-0.250139512909212,1.52441553478079,0.490678779625987,0.155683078893247,0.130856108727352,-1.18226429426332,-0.0608113056287465,6.21050459552121
0.0919783495332672,0.212575237553668,0.256657191223792,0.205784568277434,-0.276564012781555,1.52435055536615,0.496393478110692,0.154144902598181,0.11614800134516,-1.15004114946315,-0.0503124610504943,6.13754185565049
0.13388631199787,0.21325444148255,0.264892939947515,0.203039769371792,-0.269151769875858,1.53723902036253,0.480445259409846,0.127642841632597,0.149602228752848,-1.19794491125966,-0.0536545023589182,6.18143530590755
0.0396142886720866,0.213589041641669,0.265790645784491,0.199734103286009,-0.278504459656994,1.52471986399271,0.482805319618987,0.164750850629061,0.151649214587776,-1.16231459634031,-0.0692913013801752,6.19108832555912
0.121199782956257,0.194931869306414,0.255781149023073,0.204716036841203,-0.255857607699247,1.52568892392723,0.499798677276013,0.164786279418834,0.133353377370212,-1.17745813358532,-0.0456582258075629,6.18247254271595
0.0574138461489432,0.22670342858478,0.262608088167975,0.213025484485716,-0.285396889991667,1.52922205331309,0.481800352882982,0.177168484374183,0.166967273468959,-1.12748882126652,-0.0422345284486844,6.15434993915581
0.0267995339988225,0.212542218523699,0.250850713608017,0.218008636732717,-0.287630574864014,1.5161554148856,0.491471969816546,0.121149205024418,0.149588051481243,-1.17656081646914,-0.0248679904913695,6.11102749686108
0.148216469246163,0.202705472475782,0.26835722180191,0.200625419038065,-0.272087592538969,1.53460386691641,0.485324399709342,0.17026197505287,0.147742026537209,-1.16777765980868,-0.0339658144699891,6.19171196848349
0.0994599982381138,0.198615530386615,0.257165528353753,0.200580762377316,-0.267777404368563,1.51841638469573,0.483609573314571,0.186344431674098,0.14383892402929,-1.14429088552137,-0.0605437523973253,6.17271448092142
0.0783779751394166,0.179637288869078,0.251288551587574,0.178540911862173,-0.236503988670128,1.5301398929223,0.489624638691196,0.145512803302335,0.145126357486492,-1.20475779180495,-0.0595194846076344,6.13668431264885
0.136690371585264,0.193025132970266,0.272387368005473,0.186332746534426,-0.264073600673755,1.52858564374803,0.483246480452884,0.17272661670349,0.132027842208623,-1.19033590195688,-0.0559220022901088,6.12919223240025
0.0134047404038379,0.206264518753977,0.259241088785795,0.198890853673345,-0.267450118289738,1.5176657839952,0.497465353852379,0.140970825950841,0.153821314601384,-1.16277669203319,-0.0572578631880386,6.16802046673846
0.0226533083281273,0.188231010468837,0.262801981746201,0.183073622928866,-0.267498005473219,1.53828014160189,0.493240133222311,0.138597505718986,0.146511582627327,-1.20364641200503,-0.0611622948195458,6.19144451984614
0.0871011753673894,0.195513421314691,0.247962984762026,0.200769666376136,-0.25815504320108,1.52096702383113,0.502740628936547,0.143980697665016,0.142480741192127,-1.18108322898698,-0.0569688192148542,6.18198568192157
0.137207302867518,0.199362046214941,0.262091995164691,0.21140280958694,-0.269382519861059,1.54033798018193,0.489581553041617,0.146969548598858,0.128012685095973,-1.18554461360344,-0.0275697321448369,6.16806489712069
0.129186131275406,0.201186899630902,0.258592012061772,0.192056054349211,-0.269507589734161,1.52037507164018,0.490160836986097,0.161734081582124,0.156629780366119,-1.1620500119518,-0.062552446937915,6.2038315983551
0.136277465491581,0.200335819967514,0.260419471717126,0.195169861007066,-0.283542662146754,1.5324080548087,0.465298749290495,0.153391834038898,0.137221378464221,-1.18217407933149,-0.0538204170214173,6.14324831691719
0.0827440514928796,0.222362371973877,0.259193000408633,0.222448919868064,-0.276929360995092,1.52367564467214,0.488103646955223,0.17269377767571,0.168326766177356,-1.13598794630293,-0.0386628677362219,6.1750992122551
0.105016872160095,0.202337436710059,0.26371460020225,0.205048278919909,-0.268366071943263,1.53983448577922,0.495375779572416,0.13572277145517,0.145725239764763,-1.17923055289254,-0.0520591477854151,6.1299936664642
0.102150218607529,0.178270255250385,0.264323188753081,0.18582771631049,-0.237871152709241,1.51551785045413,0.497282161033113,0.181203408765265,0.134618235522479,-1.16302882512046,-0.0643598889800592,6.20874484228246
0.0520549936757556,0.205037618287986,0.26811153275917,0.200810490559527,-0.280119282510818,1.5485842486289,0.480724650053157,0.143071834168797,0.118553437936683,-1.18828703262621,-0.0506374713658985,6.16760838229696
0.0567779821999701,0.222624614894351,0.271953736820938,0.213810436339313,-0.295717355242949,1.53867101567593,0.484339082381689,0.158370615084913,0.131514937662139,-1.16273537318058,-0.0492662146716472,6.17336889881081
0.0420295434060887,0.196745860283297,0.251812995102848,0.197681868039259,-0.256273093889482,1.52145281518309,0.505187344643322,0.158473693954828,0.136286769800598,-1.1734468926387,-0.0542836582735114,6.17922398033156
0.0823225642639362,0.177286500550724,0.258296156045954,0.186066451161488,-0.233537139545951,1.52666249411647,0.491626683559803,0.144516742087887,0.128591598746453,-1.20506258143669,-0.0535777274183692,6.23552480538728
0.0387452975468524,0.204234031035034,0.258519301282827,0.192031007557332,-0.259559989837776,1.53625066345245,0.486599299268209,0.142839312624824,0.144117673962593,-1.18549733711352,-0.0581955938695819,6.18379706040576
0.00145605632438512,0.20866945679595,0.24678762039556,0.210483808355981,-0.272774277370989,1.54044787997539,0.485246238287438,0.148698299239124,0.149623811643464,-1.19016585802189,-0.0338417708351612,6.15544315274553
0.0929775217307955,0.188659321118962,0.260391614860605,0.183627936820257,-0.258875731331666,1.53793993379497,0.48497845244691,0.176070716623104,0.140342557200834,-1.18445222374198,-0.0605948577515027,6.20790500594357
0.0813430263625953,0.211133376662895,0.267830634753872,0.207692217467713,-0.275180934055742,1.53173787215461,0.487394609096948,0.157928555581248,0.13136264695799,-1.15415515514541,-0.0650199868821883,6.16955488022302
0.0879886146373551,0.191987091562219,0.247266162566467,0.195197724589342,-0.260448572133018,1.52734874061457,0.489704269256287,0.139234240815908,0.16004543695013,-1.19230671605447,-0.0574848836415626,6.22297976195315
0.0838138497502805,0.187149805125972,0.252111346562636,0.184610634109622,-0.249957043605957,1.53239564364393,0.484985321383149,0.140316615862582,0.160184658432515,-1.19955334156128,-0.0519192718423507,6.17975521910068
-0.0130099149944376,0.220548306024588,0.246810436931681,0.216854885655788,-0.2793782780227,1.52713465475302,0.493687718194342,0.148653928859821,0.143108007705271,-1.16741861853427,-0.029097336100545,6.18354488042175
0.0793697503286179,0.211601044169817,0.270601250212878,0.197782679204662,-0.279919944156088,1.54254070290765,0.472766749943245,0.170361820991034,0.133090046623388,-1.16845620214706,-0.0701757362213995,6.16992834930725
0.0741393591072584,0.214515533949163,0.261454560546909,0.214985282160195,-0.270050767708725,1.53000600566485,0.486699532721233,0.146666246458801,0.141434813413516,-1.17234410249058,-0.0401874929937718,6.16419762030354
0.0842497307185038,0.174952289177634,0.259950695601519,0.177505904364936,-0.240708192791036,1.52951343929799,0.488538800297916,0.15331774262324,0.133293012270711,-1.20877816643601,-0.0738893523672791,6.19465948742349
0.0875559363066515,0.208503854347057,0.25840231340163,0.209657339703212,-0.263430088341558,1.52026065333283,0.496887047892984,0.135244657103438,0.141195074496807,-1.17727842442451,-0.0410776952841523,6.15409642138686
0.0913730313998247,0.230103579974871,0.268190715259269,0.214770306177348,-0.292470518475446,1.52523685658951,0.484287116108058,0.179558208364674,0.163047871864815,-1.13345162734343,-0.0443320159820174,6.22598264624589
0.0542273646121996,0.196133056087911,0.254505933763024,0.196962230441884,-0.263473247805641,1.53070312319497,0.487271110452561,0.134364337217535,0.160316315214496,-1.19496514677215,-0.045459682469118,6.24431642157109
0.0644078112059252,0.18028928876022,0.261966103228026,0.181744371032847,-0.243498981885363,1.5342592532842,0.49157461241735,0.141928776968545,0.160335288522015,-1.20009052382,-0.0663093899536231,6.23503664974229
0.107549623057184,0.220492430697317,0.263434601397777,0.210365157258271,-0.288718304323776,1.5267428951127,0.494882123812785,0.16151760476104,0.138721939891184,-1.15900921374426,-0.0489720860601207,6.18746364367889
0.109139751992198,0.194676678277969,0.260438182433256,0.185255937175613,-0.244810243787232,1.52640151575861,0.485209107636924,0.178486598917053,0.15890653825166,-1.14207401978165,-0.0558374404424478,6.19073112100626
0.0919491176320991,0.215147066194837,0.257424056838496,0.216847582633703,-0.275765571065003,1.51622800503147,0.495676731368948,0.162688334010649,0.153939207289005,-1.15951046656399,-0.0513942047080718,6.16629583478478
0.192400732876031,0.215321821920964,0.260351962601656,0.2041781840592,-0.283752971717702,1.51839859411157,0.493506567917055,0.161866418139264,0.157883177447181,-1.16412910347771,-0.0624449890623647,6.17064426414731
0.178172793046032,0.21786117685603,0.256688335110427,0.198810396607519,-0.286197725992591,1.5290096400943,0.475154062061717,0.142429279650616,0.14412967235592,-1.16152261424067,-0.0492387649765795,6.16964630209187
0.154493066040671,0.217675449174084,0.259903344753661,0.197660613165809,-0.298801100141771,1.53185987245005,0.475345019148942,0.167354059633871,0.139833277086468,-1.15068976703726,-0.064097803789869,6.19030483351663
0.0884265119010943,0.197264482404883,0.260515093420132,0.197437177317413,-0.26655177295471,1.53202552709249,0.482045456613712,0.169264519083583,0.14061027821493,-1.16757191308031,-0.0577509558972577,6.18173922425577
0.0813657402253182,0.223622030646132,0.261253417603988,0.213244955308502,-0.295522477014882,1.52261703181649,0.493226423439904,0.161544776317117,0.143133971324835,-1.1476619898715,-0.0683197023342528,6.17889003610695
0.137307703769789,0.170472983118311,0.255948620791966,0.197223908307469,-0.24945406398962,1.52207464552641,0.485522763367422,0.152927842516086,0.116150889031097,-1.19710263020773,-0.0320168730608287,6.16419904685055
0.100168654932603,0.212328820006002,0.26298618758276,0.211903291396166,-0.282417195770564,1.54604604035323,0.48010054646966,0.124713565655817,0.135946501763135,-1.1927067702467,-0.044558618736565,6.16733229978576
0.0977494061162691,0.198320905505052,0.262671243436026,0.192174802772562,-0.268011205452057,1.54011591795076,0.462241093545339,0.17558391420757,0.158998310978755,-1.17205942625078,-0.0564264661512446,6.20012791518326
0.125464544186339,0.213997760231719,0.265801887044864,0.197669944124354,-0.285397490292399,1.53209488029197,0.482650799914002,0.169458242396907,0.129732773208429,-1.15915784976322,-0.0586450254622262,6.13796637403067
0.057461635352753,0.205297885034444,0.265935636453594,0.212082230132956,-0.268852870706867,1.52859804038498,0.495785263919669,0.134718331125698,0.136462846914532,-1.18747053582287,-0.0234316104057394,6.16725738108783
0.106994748443535,0.196200586011318,0.258856121877703,0.212578822577822,-0.256251827715524,1.50943612977264,0.501726269729493,0.166972211073648,0.130849537868375,-1.14769733257319,-0.032337389754119,6.16994224182057
0.170437600182936,0.211681000712064,0.264537277406745,0.199650475632685,-0.257724868058051,1.51368816886961,0.485789833537762,0.18570696516354,0.173117213581199,-1.15235736234577,-0.0631317454670046,6.16865383979475
0.228709928758247,0.188566465920784,0.260198851264969,0.195124627581809,-0.257903724030396,1.53930186416003,0.474080365709505,0.148656397832084,0.130295988705651,-1.20515178598574,-0.0611622528931912,6.1559071186251
0.127299193781967,0.226931296710563,0.260019042772448,0.211573003201962,-0.283302813939258,1.53588222680844,0.485949879621307,0.159817530798269,0.122321844377919,-1.15289928664638,-0.0472263586196921,6.20621901141768
0.155453539551137,0.218364619723068,0.258819507860657,0.208517146622708,-0.279192373656073,1.53466404141101,0.4830173974719,0.175039088169096,0.147833495616998,-1.15476086005039,-0.0524457043512238,6.18404955787994
0.0572524172378274,0.218476732742341,0.264889844336146,0.215006754715755,-0.269107645201488,1.5208968461138,0.489469948562641,0.170888902098556,0.155501414159632,-1.14042877148755,-0.0391052590746659,6.18635622548037
0.0691322447910067,0.178043080950683,0.259691000186394,0.187093152077667,-0.243910072538347,1.53854204610094,0.468099467134745,0.175199858721718,0.133651691648958,-1.18238508585494,-0.0489321637326205,6.18942566342669
0.11923975761393,0.204282156278515,0.268488144162415,0.206108949448879,-0.277019452326514,1.53527435248723,0.485134927717067,0.146193343947312,0.12190251961811,-1.19228433799788,-0.0390731996982451,6.16548300456632
0.0457914892509458,0.192259052170976,0.262641071779774,0.197717477491245,-0.258026667756108,1.53039433265768,0.491943102059668,0.167581018923798,0.142935345553824,-1.18101911965594,-0.0571376612813071,6.13829195126641
0.0658062450453383,0.172395421917626,0.25956631992311,0.184671972470819,-0.247639819414285,1.52251680832148,0.497928972817587,0.166651185360334,0.159310400373933,-1.18120318302967,-0.0678821810923647,6.2075702483823
0.0514784451576573,0.198239165485959,0.266593392077863,0.202932833971732,-0.252962066715929,1.52862028852698,0.494665293359242,0.179288300696399,0.159826652351858,-1.1499841083113,-0.0527338939733709,6.18304184860532
0.0845102224493646,0.189553918104582,0.26158479196137,0.194141282798197,-0.263984371310072,1.51198641386798,0.49115859119489,0.15913963249981,0.140612749788204,-1.18777475957133,-0.0441743961726089,6.21161016935004
0.0761437312178665,0.206642929511386,0.263778939348205,0.213751758136974,-0.275978735494827,1.52377716266608,0.498821075680054,0.145742014396456,0.13415259908468,-1.17634781889213,-0.0456539457887159,6.13053536275026
0.062099489235654,0.232769382026857,0.261095626961678,0.216842900432135,-0.289983697484593,1.52671954543831,0.489182280840731,0.14420672458647,0.167134051774119,-1.15888707709277,-0.0394690102163431,6.18049057621711
0.14565170374665,0.214384772834609,0.253211634080335,0.199473051704022,-0.27640630888736,1.51431266672764,0.484475563230692,0.173953114852991,0.172342556041671,-1.13568025517473,-0.0537785615767302,6.22013420761138
0.0583216790333193,0.186541729933447,0.266821350330059,0.198790606622753,-0.252859674289096,1.5454569819347,0.469848734497668,0.177508682815425,0.146536438537867,-1.19179278084684,-0.0454429035027853,6.17339634040411
0.16632798986293,0.220431019603619,0.265618421085364,0.205707826406591,-0.288016334878589,1.53360857355874,0.474521689543708,0.173332495968226,0.154264157016152,-1.1605712749581,-0.0535515839173546,6.21429506550157
0.0690294461897092,0.200380781916034,0.266879024601124,0.193270962227506,-0.263227405324194,1.53986541819824,0.484963846063577,0.161298822844295,0.135859367051314,-1.17876130827255,-0.0657105764029662,6.16329869205023
0.0393068900408337,0.191692680480843,0.261900957593737,0.194196601838219,-0.251049583421215,1.53550650704939,0.500235894509909,0.154119971296279,0.131898507076596,-1.17697056871858,-0.0570110254865179,6.15946914038969
0.0206554574029804,0.206990483458204,0.259949950460419,0.206609711615179,-0.279177897629431,1.53481950973638,0.499185770301882,0.115657831196572,0.138793269643511,-1.20198878303981,-0.0582514798129896,6.17164961367155
0.0356497531058455,0.17824017440884,0.261605907245495,0.188202304743958,-0.247145606314862,1.52858038447512,0.482194507827601,0.139408008933211,0.134708486887559,-1.20504273043023,-0.0549524032459189,6.20928406321667
0.0995889063039166,0.18330997770225,0.259993211615873,0.190641415583746,-0.24164708512872,1.51928103896122,0.494298152534269,0.170159598464691,0.162965209565454,-1.17482204817488,-0.0454120865887297,6.19413166357583
0.120597161557395,0.200720476802995,0.26565873328583,0.196176024223202,-0.260831533357627,1.52584743312231,0.485986498166365,0.169640764838548,0.140809602811239,-1.16455116863944,-0.0576779113247016,6.21383442380147
0.115865204801476,0.206274658508218,0.252587442407257,0.203955380902394,-0.264010294311089,1.51729782067372,0.489355597368366,0.159257360411926,0.159377800060494,-1.15288190479457,-0.0509336890024279,6.15913717339595
0.0163419842120692,0.198459307299252,0.264725815213106,0.206487975923391,-0.266158647549251,1.52816797506522,0.486714644596319,0.162457645413429,0.147420269275764,-1.17808925245322,-0.046720214060496,6.19966479973354
0.0212547552077511,0.190555697142281,0.258454092003713,0.198779444031793,-0.253081456120043,1.52322058136524,0.505882680548449,0.145773253028185,0.118265452430403,-1.18173470199624,-0.0515508316140518,6.1389679062781
0.112930929407183,0.240329913798585,0.261713818306518,0.225294258508666,-0.308943610745068,1.52168927355912,0.494602761550898,0.169542125584723,0.177908507293684,-1.12642991937358,-0.0336531226326444,6.20991565214328
0.0784283773291153,0.197951213374216,0.253328574057663,0.205284918582983,-0.269569306684656,1.53552278837893,0.481415316578961,0.174291234540352,0.115758027656437,-1.16531483403372,-0.0380727590874947,6.23623768237659
0.165605715607193,0.189051860729224,0.266131381212697,0.190800481154336,-0.26034409068197,1.53352450681354,0.481411956915272,0.168343197608455,0.152236124022202,-1.1789158359222,-0.0463766395852372,6.16618234019631
0.0739575542190559,0.182551271837306,0.25975853362219,0.190487840723441,-0.249819231411738,1.54181212788969,0.492207149276411,0.156199940644487,0.135466025688341,-1.2046059551437,-0.071756888632782,6.17290883822528
0.0266983071655252,0.210394846600603,0.263337649876864,0.215521685582789,-0.252830090293021,1.52327863848968,0.498620077612726,0.161982779143015,0.160830517056609,-1.16626233497426,-0.0519348672337162,6.15094128137372
0.0266746958748047,0.246007108626154,0.262783337121956,0.222159767434599,-0.315917550901358,1.52524541668189,0.493494192950774,0.153643683035491,0.149872313663678,-1.13259980915149,-0.0455584532478711,6.13446799484337
0.0924135218003034,0.209029188481515,0.249820069106829,0.196159899514188,-0.26865928117911,1.52389635955509,0.492472376183008,0.150072250802422,0.152206267534201,-1.17318105178055,-0.0514363623887093,6.22082272674914
0.076885205560772,0.170186240508992,0.267949260939904,0.191834834913437,-0.242117462764978,1.52517168076678,0.49306219420748,0.188007857509359,0.149776257637995,-1.19053134532067,-0.0413082428584599,6.1975909917942
0.0346904708331396,0.208897309235106,0.267462062186467,0.217734591101727,-0.268645555636416,1.53834298436059,0.481642659129232,0.132188155343835,0.137081615881701,-1.18051093203174,-0.0427065619526077,6.16304469029501
0.0537540770276475,0.202054368454219,0.260875922407226,0.192364528229904,-0.276876301068219,1.530593370356,0.494732424875738,0.166439233914654,0.145925862221473,-1.15855116358736,-0.0681622318772275,6.15291683414878
0.0806123750532917,0.18356467830361,0.266838586341487,0.192179293790887,-0.242341216583065,1.53800563963171,0.487435350222064,0.146015114674116,0.147355361462766,-1.2179898827042,-0.0588781529845707,6.14276206438733
0.120349114931405,0.221738109476714,0.256881174151075,0.203811284313487,-0.298328209354389,1.53060735422799,0.483876771230809,0.168414384998908,0.146272023477249,-1.1424977794883,-0.0569867097271145,6.15411655569328
0.0604639389674075,0.169040920636174,0.256946458712877,0.184381340753438,-0.234705763057319,1.53865143459658,0.488181080332162,0.151988725981319,0.128436424221052,-1.22575402603044,-0.0497261431739943,6.14935245979502
0.0852545470469101,0.202584033736994,0.262400504603593,0.213608223656176,-0.26561869510081,1.5267242146741,0.484926295541918,0.163426462948768,0.149184052636821,-1.17299239413294,-0.0395918088004446,6.13858996129058
0.109916687997169,0.217453055955932,0.259347069007798,0.205942200158123,-0.284104658881953,1.54912967791786,0.476831025709432,0.157758511791509,0.131648683902629,-1.16678391866633,-0.0630303461435117,6.13568404043901
0.0218580215241205,0.210227579884001,0.260755042752436,0.205191712802582,-0.267470041798566,1.53098042266946,0.490268487772276,0.124525498564255,0.142087341505687,-1.1806635282771,-0.0474306476729681,6.1421719296465
0.101820769095456,0.214105907276923,0.257973531756869,0.211870950591269,-0.270588169568488,1.52256252311686,0.494147826992832,0.146396334007689,0.12458823455461,-1.16937611914007,-0.051623548528899,6.23717137104845
0.107460587935851,0.218814608232678,0.250439566153052,0.197514930183912,-0.303298950380385,1.52412358920231,0.493234004099038,0.169109145965111,0.108208832100702,-1.12588452379719,-0.0629303454880145,6.16311501601758
0.0423363584894609,0.20122768345578,0.260144437679016,0.199253504851756,-0.255624832952473,1.52043006845299,0.491613959824361,0.15761738801103,0.176199075903721,-1.17592373714999,-0.039993855651546,6.16423494715027
0.0523570873828274,0.218837636990345,0.253950181184716,0.216245477079004,-0.28051439383987,1.53777033155762,0.490365172586967,0.128576784481607,0.164648048733162,-1.19146681420514,-0.0472019160628685,6.14764568804417
0.0744264174912979,0.208378702839521,0.261386531898347,0.193357533406317,-0.272590966821347,1.53309316924231,0.477743230378819,0.1741826889875,0.132099387338605,-1.15810428502287,-0.0512420406411642,6.16626070669529
0.0233188608192734,0.195183340605946,0.269964812034794,0.187386404023572,-0.255927068210451,1.5273459123164,0.494001117079182,0.146269512205819,0.176011073178028,-1.17222251051764,-0.0727652302741955,6.20701668682433
0.163771267435333,0.201929364667536,0.252824310926981,0.203867136645455,-0.265797667231154,1.52738964653972,0.488099121918494,0.160876026920989,0.159432567958601,-1.17976904214386,-0.0275556348955355,6.1927653015293
0.1502202383706,0.189868492218492,0.253276567028008,0.195863720503811,-0.247489587922254,1.51051309738865,0.497719068159184,0.138616340871743,0.135899655076439,-1.18631841503208,-0.0437085794830031,6.2444619669124
0.0812275552817308,0.186373772339792,0.260948216330951,0.189064034517548,-0.237100295660418,1.51871660597542,0.497877465118971,0.171276884801839,0.162010400142506,-1.18515065118121,-0.051081699752319,6.18293225829281
0.0825425897519442,0.179903064668889,0.261440889714677,0.196756510436071,-0.248216765808369,1.53247498706682,0.4833098222579,0.167158726289926,0.148227965459576,-1.19916459875224,-0.0483049748029217,6.15787847913752
0.130555587435869,0.208625951346982,0.254567230113163,0.213173597016735,-0.269982904440104,1.51249588034197,0.501687122896641,0.152830763349788,0.141085986786099,-1.16581074610488,-0.0352333543835488,6.17410110881746
0.0525748396004194,0.194238347702042,0.262423682288082,0.1958618290635,-0.254371333146474,1.52536772809999,0.490776076238879,0.156008376076904,0.138482024271814,-1.18473561505024,-0.0585901466826172,6.17281178579439
0.116831339600283,0.218895247445036,0.261870984751986,0.221209647905433,-0.270102199127299,1.52392449092209,0.486249414546917,0.155198777712639,0.160644215388446,-1.1497810117937,-0.0226663946087394,6.15663209756909
0.0997098075352749,0.201770030985709,0.254717987050172,0.197700313699501,-0.262101900467134,1.528055577457,0.492445130900942,0.165636575158967,0.148064047611413,-1.1610435019891,-0.0527746922288979,6.21908692466793
0.0051862390762126,0.213037439905496,0.262173831703394,0.212562397865123,-0.289103569405863,1.51619943257266,0.507617127303073,0.163923776675298,0.173642173652429,-1.13824873599588,-0.0444253235462043,6.21926605695342
0.0973647595247961,0.211134729005703,0.257322539930907,0.204404181117561,-0.271678235134198,1.53412716101487,0.483216632210479,0.16797420356798,0.134894192601007,-1.16650292506672,-0.0499440782670611,6.17179185333218
0.0188851509817945,0.183584557637775,0.25741130421032,0.189813739296093,-0.240217108753151,1.52720535181187,0.495662157497055,0.157117399437647,0.150979169894044,-1.17785474548369,-0.0623236066633554,6.13459702087326
0.0510572775146516,0.19438090513042,0.262718149839726,0.190710236929299,-0.252681571359187,1.53095233476017,0.487211207239007,0.149070396608419,0.154870813337847,-1.17719070943368,-0.0629182292461155,6.17525313792615
0.0670529711228668,0.191957822072265,0.262770807525898,0.196307099550554,-0.245400204273081,1.52547911514781,0.494177743825536,0.180945692127247,0.156688103681092,-1.17456331215885,-0.0505732245368618,6.21007361468626
0.164464575512653,0.182062718639681,0.258941608492475,0.194012151589205,-0.253076250467317,1.53002522567213,0.490182412599937,0.179053316200861,0.137020955773392,-1.1768796344964,-0.038825791361086,6.13666445900495
0.0558658478043022,0.223899144117141,0.266526859889039,0.206741946175362,-0.29579318400426,1.53822817510789,0.483654758639979,0.172108119947909,0.139244727932938,-1.14615952609168,-0.06057640156522,6.13333774768858
0.0954632826524903,0.198201460715066,0.258852109179295,0.205661348812369,-0.275827504088313,1.52819921989942,0.482499323337256,0.166196865771503,0.139197084794338,-1.16993281892811,-0.0548031822938875,6.18885627735258
0.0556447786622591,0.211855635898663,0.259737453709937,0.198870758260237,-0.278678978874041,1.53858436423591,0.495485070897811,0.159794633479001,0.140243554210733,-1.16193032958565,-0.0632198615905131,6.16847585377716
0.0708997218411984,0.225618693891476,0.262347350962492,0.212779488745031,-0.284119983177613,1.52853551225142,0.494230466975827,0.168603631031131,0.129821149920926,-1.13646898083746,-0.0522053360910014,6.18843498960985
0.145038251743952,0.172706008602469,0.253827339792316,0.187781843868468,-0.236580961917363,1.52071876463509,0.487020496764929,0.166104508913081,0.143497186485702,-1.20294738844592,-0.0453334702004996,6.23046832021842
0.0651077739560869,0.215562171302495,0.264700880396202,0.22076255057477,-0.269559747797968,1.52501963909955,0.489681537046385,0.160817522308801,0.12526843289686,-1.16150052510722,-0.0464582980339032,6.11852248979897
0.0279170820897771,0.211160185076285,0.26963430437576,0.206245729970422,-0.29301281009981,1.54008815282208,0.492753362395952,0.135709763970914,0.127097921801077,-1.1754725541062,-0.0538927854696048,6.16431476012988
0.144777490439831,0.214534984205678,0.26140304358235,0.212507765260371,-0.27919453824366,1.51808130606378,0.492284615674762,0.175404537591492,0.145822857375652,-1.13465796052761,-0.0416763108196087,6.17732366604353
0.074390384897808,0.208275300660318,0.264328424014068,0.21058855318738,-0.264012090033371,1.52593267739282,0.493521109769325,0.162714541834506,0.139114102778484,-1.16316688822172,-0.0556588011798029,6.1603676092511
0.121896182632354,0.226778215343071,0.258661492969823,0.201097911003852,-0.291250645625743,1.53716704460439,0.492707916446094,0.157604290933913,0.15269598978608,-1.14836701195429,-0.0679508230116634,6.2303119008988
0.169120140217397,0.195712726031233,0.256621618511211,0.196731668677557,-0.258980533031135,1.52098711825518,0.481452819603353,0.163948486948715,0.161108128052896,-1.15770181434982,-0.0387161953015233,6.19388787675932
0.079331614161138,0.194730942684972,0.27159003140525,0.203472313253443,-0.254968599061667,1.52465661120341,0.488578015897557,0.149394915793019,0.148820225519434,-1.18116581627089,-0.0278476682911616,6.15904524780312
0.120695512020528,0.197427194191598,0.255651598643788,0.19538443474777,-0.268071163561427,1.5312027650341,0.485905531561111,0.146022916863286,0.140586612722294,-1.18590465099602,-0.0434808528229042,6.1783131928319
0.0396579297178196,0.213098225198319,0.252472654014189,0.20680051964477,-0.274734695806069,1.5162302085797,0.497968817252098,0.159297493762322,0.163566399782513,-1.15572380975661,-0.0613135322227723,6.17964589975897
0.146578876064721,0.201523113030665,0.26359063562647,0.199457621640604,-0.26999600955445,1.52030153393886,0.492690054400385,0.157666314470609,0.150167538517538,-1.15872272098467,-0.0530591066921237,6.20986786009292
0.107790731632751,0.195733238644288,0.261495526420619,0.186530352437878,-0.258993872094493,1.53300755177635,0.481487491868236,0.176761258645887,0.138676618486702,-1.17021395441468,-0.0602204139301794,6.17462647417217
0.107958809681405,0.18213009063311,0.251289373792298,0.194431990651718,-0.236132828030412,1.51650474384611,0.495612186536785,0.151177591116444,0.130802612943339,-1.18332739574431,-0.0450574822158001,6.16829275794656
0.155154961910586,0.215167228312329,0.261467475012505,0.207094917132594,-0.272370247331616,1.52207009315192,0.474784687069155,0.162125037900817,0.150448907394997,-1.14471760705533,-0.0468271416778825,6.22793756360811
0.0316700862202099,0.214009792155152,0.262280764636168,0.20578968674291,-0.281405682088335,1.52942663571397,0.488453936218692,0.135050038838165,0.148968882463942,-1.16844929877586,-0.0475315027625943,6.18163521853125
0.0844362863723724,0.207623535527822,0.267467275123151,0.203718686606658,-0.270647886328738,1.53124483224696,0.49373392623291,0.171592407720564,0.146804848862366,-1.16274807620885,-0.0406633188914674,6.22207531174616
0.0850318221416272,0.18309294359982,0.255200768776423,0.198725289336393,-0.249074960506428,1.53356596883194,0.493285973012014,0.153299887946689,0.117216441160506,-1.18649047101555,-0.0419326313928674,6.18387595894919
0.133941032577455,0.186150416565161,0.252137734319253,0.188985800236194,-0.250747153867041,1.5248865041267,0.487394939385253,0.145061177179305,0.162362683578537,-1.18956901691029,-0.0522407930789316,6.13618154545906
0.127752850991242,0.212751447860062,0.252068216004178,0.204674307405551,-0.283590810615138,1.53053981319862,0.488432244612301,0.166404686296969,0.140541472335669,-1.14995410450157,-0.0577386168608075,6.18521626264245
0.0795619478598978,0.189622015649989,0.267982671648056,0.192946438970096,-0.249506518252168,1.53448888283842,0.482855352138409,0.171897348011183,0.141790037858196,-1.17872216876027,-0.0478826067189127,6.18595755957775
0.136034162079102,0.212475075871758,0.261112079007797,0.207409716439824,-0.276054844145572,1.52447501163092,0.493935083779542,0.169069881380903,0.146868060574243,-1.1481569170795,-0.0512938559816649,6.21454633498777
0.164217984077599,0.211488754153498,0.25422672719882,0.206968184795011,-0.274242763180848,1.52420508035951,0.482131332164781,0.161532224517396,0.149829797318588,-1.15791048107881,-0.0297371969326944,6.19348590551633
0.119401453136186,0.205317589355755,0.260336921196586,0.21701637515595,-0.264847634474753,1.5265065280545,0.485630060972934,0.135360363338624,0.155262504276513,-1.1896959199434,-0.0358673293524276,6.15082424739144
0.103348236036653,0.232346850813194,0.267696019651091,0.21365763707156,-0.305007641609783,1.52386764347593,0.498687747654478,0.161070801901554,0.13058121958358,-1.13184904813059,-0.070144558403567,6.197310824022
0.111843913980999,0.188992099582823,0.267783748081111,0.195605954088133,-0.245526245450696,1.52170901751527,0.488748184367128,0.152562788187053,0.128689992729054,-1.18972467812068,-0.0517690948616686,6.11576912452383
0.0111489795660638,0.221745199320223,0.26524453232274,0.209198614136744,-0.290093539214984,1.52625895716822,0.488922679383202,0.180883397431359,0.154529930261094,-1.13552689974344,-0.0530637538386097,6.18688163338933
0.071050697073028,0.229562147363095,0.258304343530385,0.217500087545105,-0.289873094788296,1.53770813127444,0.483925384759645,0.121530459451634,0.160514725577456,-1.17662419252346,-0.0478860511410575,6.22089724049136
0.205665675774784,0.247133407125997,0.261769242832127,0.22076851572796,-0.332558122897418,1.5442513958384,0.481237466594052,0.156414254891693,0.144314249176237,-1.14396428948227,-0.0463764800004996,6.2041448724406
0.109286484071382,0.207389770481968,0.254713705687863,0.207533310687911,-0.27188189600187,1.53090979961552,0.488586092645048,0.139832862593767,0.154638273544833,-1.18033723355224,-0.0337435581423242,6.17706324460838
0.116314822826143,0.185413387578801,0.254184210550372,0.194112737227343,-0.250255663388552,1.52597146052596,0.497865808180691,0.163848887339116,0.142902964493987,-1.17623239871474,-0.0444479744467904,6.17867667000755
0.159059795760576,0.192561908586321,0.265866182562469,0.19511132061869,-0.263172731233718,1.51463141411361,0.487883463798816,0.171483861970186,0.14927473788579,-1.16675081782853,-0.0574811094309366,6.17894171794269
0.0454419394807363,0.210684688557189,0.263949385054833,0.192661921465172,-0.277257534392878,1.5266601121904,0.483924968152994,0.169324800721437,0.15534076163148,-1.13962167628753,-0.0658484777723288,6.17533425659974
0.154898925294665,0.170271380939252,0.258429533835866,0.183469793196733,-0.2334369105185,1.52682490184974,0.48611988377372,0.151743716264105,0.133081614792489,-1.20629786573049,-0.0421839290447625,6.16637190371325
0.0877059044914542,0.20937471959449,0.266756853260249,0.197285076289804,-0.271857145317879,1.53275117811975,0.488236006410208,0.169765453513149,0.12061973877806,-1.16568649744584,-0.0703532135059252,6.20771114126791
0.116085585385435,0.184975454361466,0.253446879987134,0.19513231930296,-0.241881712942595,1.52632846867737,0.478626831419198,0.143963177888419,0.149403316104542,-1.20854555385554,-0.0461774174478165,6.19229708472305
0.0211159719596502,0.20060475115461,0.260469010155852,0.198417166876843,-0.269584392570156,1.54386932596746,0.488037198050687,0.157079202862327,0.144795771115436,-1.17458462967194,-0.0469575227289058,6.2011292840873
0.112874224719378,0.219023345217072,0.2723042939656,0.211014171502335,-0.286603271472997,1.52861890085368,0.492494118878194,0.162209024312305,0.160649159352663,-1.15019916087749,-0.0635442801838645,6.22576102991921
0.195327950094553,0.211072476130849,0.254731801392198,0.205204338958253,-0.280256355980586,1.52855035451874,0.492122623323799,0.151109030822921,0.146759588263627,-1.16988007168115,-0.0452776180658285,6.16704094179898
0.0780681693878098,0.210240599158572,0.254244297687494,0.200711154885458,-0.263902333806672,1.50891073541046,0.5110974471329,0.158464468640214,0.155222573147338,-1.15477775388545,-0.0596012212582772,6.15435730748084
0.129776434737108,0.207771098167042,0.258583891201811,0.194343001749973,-0.279536338751672,1.52889890696535,0.478534552177336,0.158509863331635,0.135207465164096,-1.15694266484168,-0.0641771250137984,6.20119477807931
0.0287960387605956,0.206675562869908,0.255933509004309,0.202410333026893,-0.277400872419938,1.52308288240172,0.479316682651745,0.175080903644606,0.156628697162688,-1.15806543421961,-0.0473303525663069,6.18282758539382
-0.00474604069753825,0.210498063528743,0.253731044507952,0.216925319273117,-0.283360598629669,1.52346252460121,0.496036892939078,0.155544356777211,0.139713264341469,-1.16347754638031,-0.0322022669745684,6.19036509686642
0.0182629164835549,0.207451304538413,0.259175811151451,0.204946556200094,-0.278818530077123,1.53402441295079,0.497549694469743,0.112891477924284,0.136343603965017,-1.20205216622035,-0.056631912205462,6.16511439153764
0.0310569013300497,0.228845290766849,0.253778691676399,0.213088637547123,-0.303521265085786,1.52775724317081,0.49668191297733,0.159679012373663,0.136245549624176,-1.13584068316793,-0.0551858736781178,6.18332953433123
0.172434458894386,0.204255930164479,0.253534845730043,0.194198744468174,-0.266944161672433,1.52701321813417,0.48183603856372,0.153311687984213,0.165536805455508,-1.16628540505395,-0.0583253700679355,6.196002976032
0.131793537109626,0.20846219456148,0.261478935211084,0.193515620308444,-0.275045247993406,1.54227332264893,0.481749038370353,0.156130543940604,0.131931167646023,-1.18105588006887,-0.0625644079411494,6.16358127191846
0.172456979941922,0.18837005903473,0.257960881148918,0.189351499148793,-0.236519774999651,1.53587754011906,0.482900983645837,0.14954015960772,0.162474328449592,-1.19752421285971,-0.0450240562392379,6.21688471228321
0.00549447349704511,0.210273053397554,0.258595328919145,0.196662952426108,-0.264815281918867,1.52970334312307,0.489873128196423,0.158813566036028,0.155933959877255,-1.17008043885404,-0.0598817006796012,6.20722114578519
0.13386281639943,0.210690962711826,0.256747845034788,0.205247598138667,-0.274312945131425,1.52513148349643,0.481003996555873,0.132192317337913,0.168720356339866,-1.18330197732828,-0.0380341047958162,6.22517574183652
0.0285056211886422,0.214976050609799,0.25083039388131,0.212345124030009,-0.277565996257232,1.52508642002709,0.505473999893232,0.155039679518468,0.145895519095336,-1.15856650806968,-0.0450811817396944,6.14522540602411
0.114995979136837,0.199073788239663,0.264673257056625,0.198517508819163,-0.26233596600221,1.52446036333239,0.490940086966132,0.177609424852931,0.141088749470447,-1.14726957729963,-0.0476430679057964,6.16837882383521
0.0852090934064082,0.224631753308787,0.267674898073542,0.218630081795078,-0.301936937949513,1.52819741071544,0.500442916462461,0.141851042655602,0.139383333295847,-1.15212111278485,-0.0508758247877456,6.18622257446847
0.0881293874622857,0.213918789390275,0.265518183044286,0.204024080988706,-0.274652002364746,1.53407554567875,0.484113559239181,0.159792428881813,0.130246139091007,-1.15154162777679,-0.0633382592772335,6.17916001779715
0.0401334622129949,0.179835816237384,0.268522240664028,0.187396962216718,-0.238797876655422,1.53278584812624,0.482452600463213,0.16213679712148,0.135268466645758,-1.18525249801088,-0.0622093101870466,6.18607999334679
0.109690457613418,0.196711695953647,0.265393292117811,0.1952195495157,-0.246065495090519,1.52869479812877,0.490709902773581,0.160482390114361,0.151660332880522,-1.1771658883611,-0.0427706533241302,6.24572487369224
0.0793623015571801,0.211496617301144,0.25788205309541,0.215645509680028,-0.267264804744856,1.52494877037754,0.49477573179606,0.128940719872901,0.153476826575872,-1.17803172532394,-0.0381845057505722,6.17178315069013
0.123626599516816,0.196879489707339,0.27022147120915,0.188152453140594,-0.275169466235483,1.53976392620616,0.473318651419125,0.160782392907486,0.14263386699904,-1.18338463857059,-0.060545175094188,6.17309678786649
0.0903554809714751,0.21754321713248,0.252672799858206,0.214482637727593,-0.28995556423782,1.53122234564672,0.49225632745048,0.148706711165308,0.132367917551867,-1.17280327977078,-0.0452015990740123,6.13188039894558
0.145685840796998,0.220074966351601,0.263667739163939,0.202341484916568,-0.293467829614781,1.5372629515059,0.474713875564292,0.165145454138961,0.150227186141894,-1.15961991282221,-0.0553375917453888,6.22265875909613
0.0620051280083181,0.189614227999919,0.256180570851574,0.188397955273773,-0.251018740765522,1.52222433769284,0.481852486651365,0.17205686500823,0.152067263792561,-1.17535618826432,-0.0522619955686584,6.16995423973685
0.164145171123188,0.214474070560679,0.253587649710986,0.199765754142546,-0.286265995484607,1.52550117145859,0.482800442992913,0.171571201575294,0.138583804949799,-1.14939686197613,-0.0580381034520709,6.21320457489968
0.117393663450992,0.199230001347593,0.250587987860539,0.19069750850011,-0.269446825171857,1.51050799692233,0.496136682872285,0.139527711547553,0.149500893467376,-1.18029639481551,-0.0635988981456709,6.2150638430818
0.104178812305172,0.200038172261362,0.255748483783979,0.200925173373271,-0.262373207792319,1.52082615583035,0.498002116132143,0.153488304959109,0.156675568717821,-1.17895771651824,-0.067838271945997,6.17410998422373
0.0442153268092849,0.197177399982117,0.260734902331823,0.185594539132342,-0.260422954864806,1.53633096178191,0.48418419660021,0.188094511138555,0.142558952778489,-1.14957930679814,-0.0793595048847739,6.10575172040233
0.140934214257004,0.219789841528,0.260380694971768,0.206154572221798,-0.301130876811485,1.53706089474777,0.478038553240361,0.156676008762354,0.125504114282018,-1.16058862961082,-0.0483614487328791,6.1690537123575
0.0982610940008728,0.213149107614284,0.260301952719753,0.205706069541468,-0.270172160234163,1.52403604568665,0.478737466985982,0.152786137826567,0.175909990335759,-1.1597251844288,-0.0415902302597449,6.11641476931452
0.141793767408436,0.193296027329372,0.268476858884143,0.195542317654385,-0.261283850445691,1.53248049641988,0.470488085082994,0.18056121015096,0.155381272167283,-1.17880263835916,-0.0585170937829585,6.13766425796547
0.147380958647414,0.198656968800251,0.262264279612109,0.19483167194058,-0.257130493186162,1.5233481464012,0.474656905145207,0.129788084771024,0.152218373198474,-1.19177271173666,-0.05851705239536,6.16329964130184
0.103001702565596,0.217955532384268,0.265360201356764,0.198905532164671,-0.296842725610875,1.54664098149927,0.484188703416678,0.187482476220211,0.136974835524401,-1.14260573468154,-0.0617756103475264,6.1955391362336
0.215120055817483,0.21269589405504,0.26519370757336,0.203060695504845,-0.280892733132879,1.52359780133806,0.482410720767685,0.173685620628537,0.154064147059188,-1.16474790980993,-0.0554629435452029,6.17155090156956
0.0552044521993336,0.223690416401902,0.265156936690493,0.216875388342249,-0.29521955948566,1.53284616362675,0.488120353763187,0.159487986389868,0.144484335740427,-1.16048961088591,-0.0527491052649461,6.2475446451238
0.0351624474917582,0.193933151730379,0.267223295633454,0.193202244804529,-0.265250749064776,1.53765970681763,0.492536856253962,0.128180575970411,0.120467677105742,-1.19467280308396,-0.0546767605294237,6.1995206092207
0.0211772038277937,0.20129978637044,0.256850413142004,0.204154855158972,-0.251983912991942,1.51334673992538,0.50614110328415,0.161874112839083,0.16235831939241,-1.16713695625645,-0.0554166102893054,6.14566296124427
0.141468289108028,0.221746271919726,0.258426103616276,0.214030876460129,-0.290968321554202,1.53231523368583,0.485780187403795,0.14355438449894,0.132823002759806,-1.15903950036858,-0.0343011862256723,6.14890589758252
0.141564119685106,0.220205545385453,0.258644488603382,0.211684117608921,-0.273956366852605,1.54261008735562,0.483590644214017,0.156980860546612,0.13870436404802,-1.17353976789293,-0.0414225223319929,6.18066162831194
0.130820435395202,0.218260590931659,0.2637295923988,0.211873313256483,-0.277293829016955,1.52194948862136,0.492250920815654,0.154704607511199,0.146620815030017,-1.16266029082308,-0.0493725503079231,6.13714228502207
0.130540165377926,0.180116152268594,0.257173026890761,0.174152562275444,-0.249975502028085,1.51517043052792,0.494624510673316,0.169614458218161,0.135316591542532,-1.17321427757271,-0.0700218654505344,6.18427449183572
0.190150920098352,0.182518214137527,0.258406508597257,0.181043965749113,-0.246418648719561,1.52901690314046,0.478686844001029,0.152636951629895,0.150439386248318,-1.19437719407846,-0.0699375398218246,6.15180112452556
0.0530879954815429,0.190482819140348,0.250447936635565,0.180062506794532,-0.244518147701869,1.50997407203264,0.472461601941821,0.169956962038603,0.159721914032429,-1.1714168376334,-0.0756059077994902,6.16315103759616
0.0586618534984188,0.225475434389699,0.258637358095975,0.221571455489044,-0.287413295651942,1.54220559276448,0.499806964453031,0.14871787828938,0.144366259410967,-1.16018473259249,-0.039894031080744,6.15148998026102
0.0210428336236547,0.211424797591866,0.259816574640162,0.202096393934558,-0.268411255677178,1.51785321327821,0.488841511156409,0.155953944242622,0.174202229753565,-1.14515905860932,-0.059922961046661,6.19166516871053
0.138115955581257,0.169808855489828,0.262469267733565,0.192060030287452,-0.241932913196288,1.52607619051615,0.479992675024858,0.149217889964453,0.124214659663202,-1.20778585162391,-0.033517982241789,6.17578350928894
0.109440007463863,0.198315164361788,0.26656504476133,0.19394714332125,-0.258206370747213,1.54062184929772,0.47449881609802,0.173513015324279,0.164656986138927,-1.16812112680824,-0.0487446060299038,6.22359211348439
0.103709775507196,0.19823593397074,0.249376999547977,0.19918325986965,-0.259275090811531,1.52847294561845,0.490150193794584,0.155814760395653,0.137586768259394,-1.17616902678055,-0.0317067005938717,6.15326050193948
0.0739552412914608,0.181450157351603,0.255223611461861,0.193426992425051,-0.2414124169238,1.53247799691956,0.495059464164013,0.159092967687546,0.141922090507132,-1.19846562686255,-0.0571134323794832,6.14766712972309
0.0689156638764031,0.204184775678642,0.260266551452888,0.185080575444752,-0.263029463560603,1.53855081851915,0.494589592823936,0.151731196038596,0.144286999314043,-1.18332535577864,-0.070792139525091,6.16154277066339
0.139079560311144,0.199785083446354,0.258833807048405,0.199711359837926,-0.251461617068011,1.51846858500425,0.477528769891004,0.182628819489691,0.170929681494323,-1.17227063915514,-0.0594430807067056,6.17583135663718
0.10819621634963,0.173531194423102,0.254627396052411,0.185908446231412,-0.242420120490333,1.53361912245889,0.481565719254938,0.183598280697642,0.144823910956568,-1.18462247355708,-0.0670638476297657,6.17255675550785
0.116479723123334,0.211947658023145,0.253016576166552,0.191150660818573,-0.278122105347662,1.52605048642431,0.483362549951068,0.182879669213599,0.15574890088335,-1.15417036693698,-0.0653622469466208,6.16171084488909
0.108710367981228,0.184810157556103,0.257017152811823,0.183671631712158,-0.246881499734919,1.5406033169685,0.474023674632507,0.1594277676361,0.145142450740975,-1.19437507924962,-0.058702729067167,6.15175665671419
0.114651700650402,0.202495278177699,0.254135038519523,0.2092413107047,-0.270266049552855,1.52996908135872,0.483902544307162,0.1648964226019,0.157577090886364,-1.14433693631524,-0.036651652475709,6.17115534950383
0.120401322416216,0.190972543475179,0.260554859794995,0.193179691267948,-0.258635214411939,1.52255231305362,0.486010823681334,0.169770272019311,0.16128389780552,-1.15728414241908,-0.0373655807341057,6.18878604844423
0.124499569292577,0.211487740619009,0.261351484489709,0.220131718695915,-0.256378551381052,1.5166494009486,0.485276107656203,0.165584677674541,0.147470925726104,-1.16097306897852,-0.0226228436424592,6.20448944747592
0.11380638249405,0.189385276633445,0.266762144609715,0.202511653354434,-0.254649016187844,1.52227127830114,0.480784827953154,0.16179051044764,0.15078761512759,-1.16999776810643,-0.031261835589559,6.20841084423511
0.00283302505480394,0.227357936134578,0.25842942844231,0.214216232548011,-0.291874361215865,1.52144662895333,0.496052765653699,0.167297903814446,0.138083169905352,-1.14160212689184,-0.0609883002042175,6.20945277685798
0.125496189053456,0.200038741910508,0.265269658365311,0.199958049168128,-0.269697288082259,1.52467359736066,0.491494026886662,0.185655839549283,0.133965665659162,-1.15784349772007,-0.0513842781951788,6.1417286399082
0.150860282830969,0.212808308944499,0.260660853026587,0.195709668171782,-0.28053976303867,1.53387861895151,0.486356028545561,0.155848244655514,0.134830540543272,-1.15947365943043,-0.0616294910457585,6.15417606495986
0.171304852709348,0.195070574631356,0.255220893086082,0.197833159610405,-0.251480292737635,1.52565484868487,0.481417177896603,0.159137676122036,0.146007595806443,-1.16520284369591,-0.0564919148327061,6.20738307278738
0.136553242683221,0.211603550689697,0.249418706398559,0.21327210437093,-0.274001325792042,1.53587928864444,0.48814023908621,0.149407292145053,0.146099157885059,-1.1964019053936,-0.0263920403258858,6.14920437438647
0.0953499455479366,0.222686270359275,0.259768668278063,0.212341692857666,-0.285205675295098,1.52517150263358,0.483647291432584,0.161908424430539,0.124842609233868,-1.14468446412951,-0.0423251266771284,6.15552173967903
0.143635949272203,0.181350166872396,0.260061964608257,0.185619621815639,-0.245123229858665,1.53138134398073,0.479289011807123,0.183331161681379,0.125244302390468,-1.15848412586749,-0.0688167656227266,6.18212720172183
0.0901670310756326,0.226852677227265,0.268638280582659,0.202978943834289,-0.295686024437803,1.52678485879245,0.489881044165315,0.154398223851722,0.148718571861499,-1.14772690424338,-0.0594932374220887,6.20520145457663
0.0802367075623994,0.199747091886039,0.257507780511775,0.20270895993885,-0.258814239255527,1.5204235300091,0.495143657106478,0.158770093974227,0.16273648823649,-1.16073477842607,-0.0551512835730641,6.19062018879518
0.0736534008171329,0.182196209091219,0.26936550337106,0.203437670842758,-0.25225226067885,1.52998449814689,0.487056085491338,0.151810446524373,0.128377259532122,-1.20616728629169,-0.0517808771691239,6.16812677597147
0.0845760871920614,0.2285406363285,0.264164049925096,0.215612036866535,-0.292422062631847,1.54325309673598,0.495264843085922,0.164749803344359,0.155057220776398,-1.15348711708724,-0.046301372376173,6.12676200307401
0.0110160325409083,0.211519995519523,0.26483122805234,0.207426159345156,-0.255773890474921,1.54099038611179,0.488618608471138,0.153986531498718,0.13606960932431,-1.17485666397635,-0.0562451126784773,6.15200775701808
0.0894447586105769,0.19797574008668,0.26678390460086,0.209667779549633,-0.263424898191165,1.53551357371802,0.482245787480668,0.166922610487215,0.157245469005437,-1.18342541166191,-0.0431526618566553,6.21285853375228
0.176509614083542,0.221596369391311,0.263786469858009,0.201885924792341,-0.294184750906205,1.53928907471119,0.466923320050644,0.166981550782457,0.126940944383692,-1.14641801750887,-0.0613980061023775,6.20766254583064
0.0721954842906606,0.18403360958542,0.258888519380569,0.200025279667021,-0.246092252438928,1.51970986787212,0.493331740604312,0.135840387101043,0.139076412046272,-1.17276046738038,-0.0411472848771412,6.12795276099491
-0.0372230169731953,0.227224170880069,0.25338105452275,0.210633771061645,-0.290335818819153,1.53581101434893,0.489388485083926,0.157109302572518,0.160945122956462,-1.15927129193058,-0.0476190630554917,6.19071751517922
0.0752365944567021,0.201415532935835,0.254323692268402,0.181915493313092,-0.255065276147683,1.52778668367818,0.502090183825608,0.127607558534406,0.153943265188499,-1.19246635189648,-0.0654716685970087,6.1845780907859
0.0887284715707906,0.214813708144523,0.256169623733419,0.204455824740835,-0.273633633972039,1.52929476056735,0.489185316362791,0.141572308733299,0.14419410346773,-1.18896928750683,-0.0487749984482806,6.18323149979537
0.0982354408984817,0.209968097892898,0.260776218686641,0.215042335496951,-0.283677468512207,1.53553517126204,0.474162540035379,0.170268254877342,0.153371938252626,-1.17974849055483,-0.0355849494723057,6.18658614543632
0.123899049443997,0.229560093999776,0.257469262585712,0.204532532729777,-0.292870107028967,1.55409289281883,0.478306425873592,0.138039964026756,0.136589625034321,-1.17801231397284,-0.0624759990997644,6.18078019547732
0.0194594999063659,0.206648354755548,0.260366225013227,0.199133511910612,-0.27381832438278,1.53671600997506,0.480825564374736,0.178811192481384,0.139460258731869,-1.18055600131762,-0.0583243156344803,6.18038386845846
0.129388512175386,0.213794570629161,0.25563401514134,0.217824963671265,-0.296612350197996,1.53234896346459,0.481775162178871,0.133634663593574,0.138940791095476,-1.1798760994834,-0.0145398018153091,6.1487683086388
0.0801647852120016,0.217859623979763,0.252402160842247,0.209453002993697,-0.282122412200586,1.53585490501748,0.474551941706239,0.155913439896219,0.16624450098068,-1.16819412174487,-0.0303916903498491,6.15937825786966
0.0406625952027266,0.176292109394062,0.262649977952471,0.186597591407331,-0.239903650560819,1.52529699285836,0.495598105782165,0.156880828544965,0.148102882072002,-1.2086818051804,-0.046123776358727,6.19895351036899
0.0830115412579806,0.185912203466704,0.259086494882333,0.185119866386495,-0.252405211023489,1.51728338685528,0.503364865732931,0.161086036240283,0.135198750149935,-1.17474032955902,-0.0633620061484137,6.20015443721167
0.0445144640599345,0.202549356212803,0.268218583479111,0.200433543601399,-0.264245285790738,1.52869799189628,0.481573073590235,0.155032818236356,0.147421446395663,-1.16703678488047,-0.0430499681922593,6.17730647760468
0.0951602678431181,0.197474596672281,0.257785583350621,0.204271195746469,-0.26093531448831,1.52783291094497,0.500138011977367,0.156515394911768,0.145908706955459,-1.17721344451337,-0.037233187166703,6.1940301164193
0.0693519107000359,0.204907034313698,0.270481532821237,0.202533306318128,-0.277780105332655,1.51824786218778,0.488279493640449,0.1642920407637,0.156253753245125,-1.15978849398606,-0.0521072553382496,6.21356016331207
0.063653440188299,0.194385434735708,0.266932097516124,0.184511713889254,-0.254420566170095,1.52610068514917,0.490399685808927,0.17439362698204,0.14859595653938,-1.17433780589175,-0.0850917949592211,6.21012580356218
0.143929712538548,0.212641278581304,0.259452855130935,0.206968579995471,-0.282683480852743,1.51864213100602,0.487974893219434,0.206710970357304,0.166713157362707,-1.13122178842744,-0.0389993550793126,6.18006695288532
0.0996865471832089,0.216138790877202,0.261486582060695,0.200548914622858,-0.281616695475544,1.53045833035198,0.488098981335133,0.14586789796638,0.124413498106255,-1.18566949509162,-0.0641168199028499,6.20681518643903
0.0913373451961575,0.210867965649382,0.25491761750552,0.202288697327556,-0.2844211303338,1.51684384022629,0.494976130909963,0.14601347697381,0.155762156976835,-1.14842901513,-0.0585106785073998,6.20261412466824
0.0433857653254749,0.218230117875393,0.259412017479457,0.207305823272562,-0.27233736011201,1.51517855249728,0.492122192233207,0.163571150806691,0.174423057832772,-1.12603831374053,-0.0604943865808665,6.16556434474434
0.106055802150151,0.190013338706895,0.263797523810792,0.19112416784735,-0.257605834102051,1.53594808983081,0.47589231644335,0.14106619235414,0.151296449863497,-1.18339373154259,-0.0550454075277247,6.21445506730714
0.126635119792825,0.198353145704251,0.254761441757021,0.210980215108545,-0.262534757634482,1.52394096590746,0.491505848014627,0.152360673559466,0.131831671446093,-1.17950339086516,-0.0409987729506457,6.14899721264945
0.0968761039685128,0.212977310274461,0.248760112007436,0.207267707656078,-0.279356164923454,1.5244300885291,0.483291445549623,0.168361921966604,0.155406274626057,-1.1619205167852,-0.0443806547251213,6.19673486947931
0.0859601693935407,0.207277118530622,0.252346957675866,0.206966300429801,-0.265332743855164,1.52054896260855,0.496041259553843,0.170496454539613,0.150054698509598,-1.16060355937782,-0.034065861582814,6.14915557051034
0.0733386129382128,0.211818640262776,0.258532536769809,0.211364196321236,-0.276410027057098,1.52314245702484,0.495854592565205,0.151990953450264,0.148030537109393,-1.15577140118369,-0.0481469441692059,6.1933927717154
0.135176812619728,0.216648298176392,0.248691929471936,0.199267898008177,-0.28198456546619,1.52263394608394,0.482597957038934,0.172659349210507,0.146242866638805,-1.15729112852023,-0.0440879426928577,6.14310878613556
0.0847024764335483,0.215462970154131,0.261590855958325,0.211462962407081,-0.27468226883287,1.52050099124022,0.494000452870044,0.157731009493913,0.14755184398222,-1.14912061273365,-0.0466415541580229,6.15031121781701
0.180269074919894,0.24875683166386,0.264719220702948,0.21650881623765,-0.324671354302982,1.54731625129702,0.477988790594562,0.157972318142559,0.149646904557327,-1.13902885524849,-0.0505032666296197,6.20390092544015
0.0792048392512083,0.19967693928203,0.26736609123198,0.208610651413366,-0.268911069610682,1.54814685283667,0.477939751378709,0.163777064265154,0.150468472652863,-1.19367396062845,-0.0294134444360747,6.14200857564289
0.0853499005650843,0.191973844065569,0.262778722656004,0.19805711531796,-0.260700690170236,1.53236560203444,0.489620294802668,0.178942951156402,0.15377655868243,-1.18246395074213,-0.0397038144944274,6.22053880428882
0.0425997685377137,0.186847231341905,0.262355504208269,0.181902897781079,-0.250380138938322,1.52547200714414,0.496622501230113,0.152735759769514,0.159613068114979,-1.1888708157253,-0.0650315649111749,6.2032281498462
0.10334959465004,0.228838978272478,0.248980917154325,0.214848743164372,-0.296165973473875,1.53150517594087,0.488453910218953,0.152989070872598,0.162337249020629,-1.1498116365057,-0.0502710611600366,6.22344800357637
0.106600334710994,0.194418047649385,0.260762866090669,0.198109292833512,-0.2464741068027,1.50757149357707,0.504590658004833,0.154962813365626,0.152473148457219,-1.18259942356743,-0.0509627815918326,6.16735605412802
0.0350424756742282,0.217719025606439,0.258381073819005,0.214849799832136,-0.284024847740557,1.52921804801202,0.492918061091202,0.154291357954561,0.148159691704034,-1.16083460450498,-0.0432824465148474,6.145110406156
0.090436616106949,0.202741341586666,0.255262021377581,0.194103525431371,-0.269610337701775,1.53379471445006,0.489981939202176,0.150063193427427,0.121118498885337,-1.18901902638549,-0.0435306904150489,6.12537200784918
0.100286571243185,0.194946062810821,0.262308673062655,0.200793185199365,-0.256705548824493,1.51232035508314,0.492125417958023,0.170726781608751,0.144065000566881,-1.17110850347367,-0.0379904445851612,6.20658878270772
0.0991914031326092,0.210219085784556,0.25298784250477,0.201573673726077,-0.261636116159377,1.52496644152506,0.480806256790497,0.18420871718121,0.156089110131862,-1.15029866787645,-0.0440552656183811,6.17675293152346
0.101593103708817,0.193753294564945,0.257446251585708,0.19122864626851,-0.266789489033214,1.53662903514137,0.492685460763199,0.19139072760909,0.144140089826292,-1.17218900816019,-0.064810120242309,6.19927695929054
0.144915098635679,0.213749759441871,0.261511505060269,0.206991754671993,-0.276324110251682,1.52904002559825,0.483665367757432,0.178013666444079,0.155214847014455,-1.14401806524389,-0.0567307983996259,6.14728562799162
0.0707800944888953,0.20212906068479,0.260620970481734,0.201347927129828,-0.274419015226513,1.52377277610307,0.495663979185634,0.148170970383155,0.135976263401195,-1.16241161625729,-0.0501166062433505,6.115407341898
0.127626585652107,0.200526059293,0.252667127324592,0.200166455724745,-0.259813416263051,1.51653907265699,0.490777370806479,0.16035520673292,0.160151439286468,-1.16015853407942,-0.0579417983810254,6.17890620562316
0.123607761280902,0.196848423521793,0.255759072570074,0.204694059098065,-0.247775210576959,1.52478891594698,0.481368329205109,0.183245201129845,0.157876809209333,-1.16266955583645,-0.035909873393734,6.1894243275505
0.146922860696066,0.184576186505024,0.260016310137996,0.192015232315436,-0.246030468399179,1.53013167903535,0.49384236705382,0.156582785911964,0.115921094672606,-1.20611892137459,-0.0326242698116512,6.14986612459833
0.1145544295319,0.213951690959326,0.251482051436286,0.200874557109639,-0.288550124476847,1.53614107650527,0.484717617456544,0.148706051443529,0.137055082372219,-1.17104156514171,-0.0578239834549307,6.12659736860839
0.0887203282231245,0.215359550498444,0.263572493169365,0.207079284402925,-0.271644952642508,1.52280484604293,0.49220829555888,0.13261599366036,0.14206899048824,-1.17828854825033,-0.0537781656408653,6.16605001660303
0.0314842679358863,0.221019586064609,0.253671157250059,0.209725259953121,-0.296935042059389,1.53470004158588,0.481273875284162,0.166429131381548,0.14554078457316,-1.16501053812499,-0.0485652891952299,6.18716874664128
0.0739945470643467,0.199002342894905,0.246395716908448,0.199972142416677,-0.268099339875868,1.5265405286599,0.495117025383659,0.150430589152299,0.147682808014663,-1.17661037896842,-0.0441965849395156,6.14520977038983
0.0529158692557835,0.173662555562212,0.260901231323754,0.193185738275853,-0.240366163530306,1.50282737513115,0.50808770711977,0.158099437921268,0.142710361715869,-1.18801555475482,-0.0549835618589414,6.12878447722179
0.022261831038925,0.212025132188589,0.260176453062076,0.204220482552728,-0.267003905925696,1.51785000584541,0.490931488313278,0.160894217774718,0.180059706351073,-1.15028754725513,-0.0615026333575752,6.18080988614448
0.0469264122397247,0.221334516519582,0.260617520533414,0.206699868180198,-0.27647814467689,1.50769259862669,0.50241202585801,0.179748723271503,0.162599575366353,-1.1256965141384,-0.0630735485692606,6.16177166475558
0.199864661208706,0.213559786686153,0.266923966011464,0.198496615801053,-0.268926420158062,1.52740520723397,0.499344873499716,0.174248563092873,0.144960882969361,-1.12545562794446,-0.0641927579588041,6.2400013893646
0.133955559957878,0.1830485515511,0.24975945445114,0.178541532798841,-0.252325324187932,1.53779726460923,0.479492139641565,0.176634203810914,0.146942623076057,-1.18591435550419,-0.0667508043032836,6.20908547771994
0.176266667210846,0.201728269132117,0.258486563804632,0.194861042636117,-0.263450531997715,1.53239656929559,0.480535417328497,0.168975315987718,0.140222279005423,-1.16522860119307,-0.0410140521690901,6.23891578779322
0.0683141091357047,0.21630317964551,0.252506174025868,0.197412005184703,-0.267212915477225,1.51601427676234,0.496860682131061,0.161095302798352,0.176558588414453,-1.13767097761895,-0.0538321774438312,6.16032390096235
0.0687499917575621,0.195496969962741,0.261104509721658,0.190617515901286,-0.257832704666036,1.52435437390541,0.479762988412852,0.156867796461732,0.159524720531429,-1.1778348161468,-0.0652018363084547,6.19419103016355
0.0210032912485936,0.187533406821417,0.253196433195084,0.201862794372421,-0.247753559125819,1.53282344315659,0.488265985775489,0.152466744458974,0.131699502907055,-1.19494343475448,-0.0379850183444939,6.15442253901201
0.08780328438349,0.21212381749988,0.267835928984635,0.205885365857308,-0.281551300538161,1.53000107409416,0.483156688313009,0.16383134756557,0.135342924124053,-1.15554312309219,-0.0516900502141812,6.13170358317099
0.080516017606384,0.186052318182939,0.256003618030728,0.205983327940315,-0.248028550821806,1.51041846561915,0.507178146300346,0.129427121693172,0.143188298356118,-1.18235859170687,-0.0338274224953062,6.15364634732302
0.113874612608859,0.177700782386957,0.253264855459641,0.191862662318366,-0.239968022899063,1.52179857589927,0.493923020218591,0.168271474272371,0.156970047099713,-1.17532090180385,-0.0425924610335155,6.16526131552807
0.0896217906761905,0.215134896505544,0.256384378555427,0.204450229513941,-0.268894999213756,1.53039549354069,0.486364231246301,0.174390037523056,0.156025515675189,-1.15984289677092,-0.0528215564139642,6.17489975818063
0.150538765087009,0.196910299799801,0.259122303403512,0.200140701342978,-0.260419229189031,1.5297068268344,0.485227250262912,0.173399009387179,0.147186667264786,-1.17135451853251,-0.0429586517679952,6.18038891997857
0.0979332879894931,0.213755156040609,0.265881754601212,0.195085749294914,-0.277293805554469,1.53708457982465,0.482850267901957,0.133529045753267,0.148850710987897,-1.17936938945827,-0.0527388196284675,6.24260299624432
0.131010967559214,0.199955756753105,0.263911216311217,0.178153572528179,-0.254612935495735,1.5397763733507,0.474650871069897,0.187542600629913,0.137746175119726,-1.15627574463576,-0.0760736696292602,6.22864867106384
0.110187635904835,0.221026576640785,0.252856236394345,0.198160764493211,-0.292318066525131,1.51797075954401,0.481630320764626,0.194417955249201,0.168880236965855,-1.1269518996686,-0.0629813550421777,6.146157176846
0.0465667979986555,0.204437207237809,0.258949915842994,0.207094703312352,-0.266115813959665,1.52953603897502,0.501351691264194,0.162059086366952,0.139544498932018,-1.16317307523025,-0.047737438470785,6.15532528963355
0.0893257594338852,0.219720583082525,0.261703430940221,0.213239420486666,-0.283872176542344,1.52746322081681,0.48904729489224,0.153165969501875,0.148852621245543,-1.15812168893912,-0.0217880425777466,6.19763616137331
0.0707659769760062,0.192336770042166,0.257779244100615,0.189959865666635,-0.254507851718501,1.53817019976565,0.474564466462004,0.19092235132402,0.133570012257062,-1.17820913494876,-0.0538442879427733,6.19819510288427
0.0538808172241258,0.168999264821623,0.257317735418743,0.202658042340384,-0.224256201603943,1.5080851558836,0.512419914703659,0.172249412735143,0.135211056330806,-1.19035902371284,-0.0324868341113216,6.19568688250702
0.110221818016432,0.207911955032308,0.255441294037612,0.202558065656895,-0.265284818708451,1.51218518008178,0.494330573136562,0.157001695222837,0.149231804044098,-1.16127136696101,-0.0375960715241763,6.16550094565839
0.13317249637208,0.190069837050516,0.265726861837493,0.198806414449268,-0.260128375484359,1.52638011859364,0.501924466736441,0.142383368947147,0.131196027380115,-1.18462256405084,-0.0425778832186403,6.16228619423787
0.0999113214377788,0.197136372423279,0.261273596001752,0.19481448997355,-0.269023398110664,1.53001220399917,0.477979490161031,0.176251772274376,0.142402362723441,-1.17092870937787,-0.0630007298444711,6.18337146129601
0.108299644280453,0.197456814089915,0.262735406215476,0.18866608877728,-0.26470706958132,1.53789338815445,0.471852842058934,0.171115079342883,0.144730295011187,-1.1748975981982,-0.0529123550111181,6.18809509300372
0.176843197174208,0.199037155274711,0.253733843594507,0.196945173282355,-0.258517792533987,1.52604665299853,0.478979827065824,0.185643664943089,0.126271823672407,-1.15744423593199,-0.0524853794198728,6.20403121021831
0.062324651035608,0.205241756095901,0.266122228947434,0.213565020621689,-0.254101513233553,1.53531964214678,0.485315974231781,0.168036799680128,0.180024999384724,-1.17164042421078,-0.0211025382420671,6.19552186229005
0.0834105463858305,0.201602135196783,0.265108526816267,0.195499181669184,-0.270356280310044,1.53662814491833,0.479696667042779,0.152844370905982,0.140719039848257,-1.18695127969145,-0.0696363704842635,6.18778502055805
0.0804667388015754,0.232542207576972,0.268283007305209,0.212376701250347,-0.294642655970193,1.53967673618633,0.487185923063867,0.146495539707769,0.173313419733415,-1.16405149740558,-0.0548997196238346,6.22756717033338
0.0718342639130216,0.21861909534917,0.272100452826718,0.205127411518702,-0.284528937103904,1.53699933523953,0.489026452236179,0.165249383986791,0.149940462406163,-1.15286669558967,-0.0598513689280118,6.22573265920099
0.0642608239489666,0.194572955910973,0.259279549253143,0.193875893549031,-0.258523394445096,1.52439969371702,0.487877887830344,0.173979023751564,0.155168323855007,-1.15652705634489,-0.0477376959896555,6.20132004753949
0.187790336785464,0.201958331841266,0.254305238991003,0.211278855724837,-0.269592875419099,1.55325669070216,0.484314464508634,0.160712821170907,0.115401808823403,-1.19074830622441,-0.0284865404315843,6.17305929336057
0.0950855956201581,0.169827042474717,0.26533009351247,0.185572354263181,-0.234158128895483,1.53609151805075,0.482929815166515,0.14932966317741,0.154401742937557,-1.21273769117434,-0.0475171589393721,6.17468440370593
0.0911400916316503,0.189079867164222,0.26363521079805,0.193609129045294,-0.258492071333783,1.51717263235394,0.508067352761025,0.149182050175678,0.14179595177287,-1.16533082964162,-0.0579641352755237,6.14372797466407
0.106215778716602,0.193789915795117,0.259509680002538,0.201166754120604,-0.260836680032524,1.51626347968346,0.491516268350064,0.18880042991232,0.15467115804465,-1.1493537932774,-0.0457776993630725,6.22465487377215
0.137714404811671,0.187929729217941,0.259392402301692,0.200293863956234,-0.258672104296843,1.52685430654008,0.497297649979726,0.153715113613826,0.131762961616963,-1.1692479035954,-0.0416645719768667,6.22314571521285
0.133288245390042,0.193318209161839,0.257022614620442,0.197546693986868,-0.258864394302071,1.51877066931805,0.484690511736705,0.168413599082062,0.171571287387165,-1.1823193526053,-0.0472956401022485,6.1478857677243
0.132511590025468,0.212346732302082,0.260270873424547,0.206248963985247,-0.290823486220592,1.54350464940859,0.47420794567098,0.161665853698601,0.146343797179793,-1.17156177371493,-0.0451737031943836,6.1571908665018
0.00451860901277577,0.181083561235039,0.260548691348957,0.194644554294606,-0.246650186925786,1.53678149528054,0.481271805541228,0.145184326320392,0.136724204732018,-1.20640116339904,-0.0484201413572804,6.21337410322256
0.0932629470959995,0.198250476826401,0.256228651287561,0.208925706085337,-0.267199254656041,1.53439721050741,0.486947624308259,0.142155131988638,0.144304594583802,-1.18350439991289,-0.0263941365606172,6.17484426412839
0.066793990691157,0.213554127752757,0.264894894611824,0.209963857399251,-0.277359023707097,1.51651203309969,0.505314105012311,0.15958784474083,0.164865643935566,-1.14879943415983,-0.029357949124362,6.20397736352642
0.0855849508531714,0.19981575006005,0.261822199953852,0.210804901270402,-0.276156570353667,1.51948442802644,0.492024045330307,0.16823978087931,0.164909318978005,-1.17029939943316,-0.0216275269786616,6.17127930818759
0.180514943124348,0.201809170874342,0.263211299271093,0.203331902260744,-0.267272660131675,1.54652523304719,0.475812439387053,0.168808671117423,0.131589855600536,-1.1812764830953,-0.0517759460730064,6.20407070902348
0.0965204950518735,0.176436335202726,0.258039736544893,0.191699569054234,-0.240115970623128,1.53571671974696,0.49035620021811,0.153529447380405,0.122083287954698,-1.19899824838517,-0.0524484617888688,6.19448916488435
0.145942752633407,0.194625034801539,0.262250421008731,0.195188553315721,-0.253459041536481,1.52265880353595,0.472941811332505,0.127571499253477,0.14998883658372,-1.18941551359601,-0.0653994989363837,6.16170358848386
0.0918284344205461,0.240215710224276,0.252414589700184,0.227817867004923,-0.305333202645557,1.5259003674331,0.495974679497814,0.157565948940366,0.14870162756835,-1.14333623104837,-0.0430458532810636,6.21880781527725
0.133226039329849,0.212566319290595,0.265552154477354,0.211575525467148,-0.279180154947067,1.53654250769155,0.481712092928946,0.166043303523997,0.157061752392411,-1.15948533603943,-0.0536429448300634,6.16875296485238
0.0980689742329555,0.186532994100949,0.258278341247179,0.19957868474738,-0.242751019177156,1.52538980385646,0.502901012402488,0.156919720732302,0.133859955692832,-1.17250780443981,-0.0406200490513199,6.22160629455531
0.0422622800001341,0.20262267283981,0.261157436582637,0.197629496410733,-0.261294396233538,1.54679246308332,0.49250385449233,0.148373690442448,0.154478049448885,-1.16966226884277,-0.0474489183972436,6.24002182973789
0.124746504393723,0.200418093087241,0.251961508116461,0.201576767590826,-0.260755087857475,1.50772308243334,0.484327507253551,0.166391415121942,0.176106868152491,-1.15224046529771,-0.043859919522337,6.19620782420418
0.0736651348806936,0.209864311845608,0.261119545524089,0.20011564430372,-0.281667060220049,1.53368773850096,0.485277785412194,0.180941707887239,0.144254761285434,-1.15676228003556,-0.0549420867292632,6.1730411452229
0.0946341809170896,0.183657768845901,0.261046616469266,0.187826392564796,-0.245431900232143,1.5340101738192,0.483785479658121,0.157636144633713,0.158148706046437,-1.1851315170878,-0.0538264142571448,6.13340284322085
0.102837466338113,0.235365046286251,0.261466288263429,0.225288516397275,-0.301285519049994,1.53119786288973,0.480644505382036,0.168422590922019,0.166358728223227,-1.13523549980761,-0.0389126440832562,6.17638814380739
0.0765940309072573,0.196243887917851,0.268386418573862,0.188207243570203,-0.247624145149538,1.5301608379714,0.482781720946163,0.161618805352535,0.154123450289636,-1.18186072011673,-0.0593104803456722,6.16736703519053
0.0861153061069992,0.204468242417509,0.262090945868254,0.209198253010197,-0.271222939084414,1.51521901725742,0.500384951746085,0.150602574108013,0.148232467456123,-1.17276055284738,-0.052688614797488,6.16964128825637
0.0481410657066278,0.165215100293022,0.258499860264581,0.191107675346892,-0.227480419088005,1.52138703423689,0.489184812818931,0.156488452728916,0.151358776079464,-1.19109775388434,-0.0367864612319954,6.18429297887522
0.0748597393272437,0.233747565651928,0.257648890288326,0.216911736380494,-0.3058023661059,1.53393556728643,0.484498737785681,0.149142799225406,0.143004132781463,-1.14715547757783,-0.0580792383396618,6.12575487840329
0.0506289544941711,0.193882555500955,0.262262453856708,0.190982465388342,-0.26314555141325,1.52177141304076,0.502158052032528,0.184458166247886,0.134075461446879,-1.14931948793426,-0.0775213395021842,6.12699822680863
0.107706923855774,0.21281582076466,0.26122066225538,0.21735750878064,-0.270777746404155,1.52525104168061,0.500560439204789,0.167740321758233,0.139495348672826,-1.16005394768371,-0.0395072120708577,6.13517039945317
0.169485303212816,0.212151959815157,0.259643533242108,0.207820362585708,-0.277493174743613,1.53542989765513,0.485273901834764,0.174533489765095,0.152977899477896,-1.14616490932525,-0.0439789953908067,6.2163735219936
0.142482282504344,0.206152257520158,0.258481930803278,0.210301602284669,-0.277538102583391,1.53581868886445,0.483016378634107,0.158346278750631,0.148272709508665,-1.15673208995917,-0.0256467837795465,6.11366637772725
0.0678915604680504,0.184632260427427,0.266038959637954,0.182771270433724,-0.247557633198518,1.54358896211324,0.486602401299576,0.190258641089629,0.147563324402845,-1.17644404467411,-0.0475496319707264,6.21116526683228
0.0121371256200735,0.222761466219484,0.26618765321779,0.21046272650162,-0.280600581660959,1.5328102194284,0.491799560544961,0.135917752067457,0.165053733162017,-1.16242790405589,-0.0477023174536135,6.14073640242294
0.0414234118677974,0.166515278924717,0.262326351102455,0.174566559953749,-0.233170288832113,1.529726671961,0.492022444179602,0.153213434314768,0.120026222791639,-1.20097655048863,-0.0627506558388538,6.18763595348005
0.0594733818495863,0.214380817875634,0.243816283833412,0.202117736514874,-0.279516921495464,1.52432544522178,0.488708292506682,0.180146219386069,0.157730247462678,-1.14406350782244,-0.0523279230070313,6.14075609570386
0.132349474969157,0.191845252509447,0.267708644103095,0.198086280264828,-0.265465233300494,1.52851927077444,0.479903491022572,0.175717573570856,0.155891248222986,-1.17013013082204,-0.0352685195523601,6.20127213927199
0.060630895539184,0.181105322132436,0.248654053492525,0.180070457972792,-0.253584880167958,1.52480474404036,0.48237260540393,0.187743800364223,0.161237993082707,-1.17192325990174,-0.0665713617294992,6.17540905243405
0.0996999111769668,0.208202894283997,0.254624876667514,0.206566272269917,-0.259925444690386,1.51960583776301,0.499872650288662,0.129879283856232,0.140168338822501,-1.17088570051756,-0.0375025094502236,6.16572788238145
0.0763080950303645,0.227858834651731,0.260764101734037,0.209447333932997,-0.300108971599347,1.53151831577016,0.488153388472832,0.156952328011808,0.155240377623006,-1.14622462315661,-0.0628126120002311,6.15129889466024
0.105206316627028,0.204261235374353,0.250601189770564,0.210429063416179,-0.273091026664826,1.5176251623989,0.48599076213569,0.160252738611096,0.161021205432305,-1.17765432480495,-0.0298916051965721,6.22608564957663
0.0932044049042878,0.215212722810967,0.256173077818797,0.200406492496883,-0.272234958507357,1.5221868593141,0.489098559203025,0.183885233019995,0.145335332928785,-1.13807080887964,-0.0640033537404446,6.20177288716251
0.198512417398293,0.206717010854774,0.265347454995236,0.211301268946988,-0.278056220351197,1.52963232193501,0.492323321598073,0.150256724502837,0.145791930858611,-1.17122727659044,-0.0390976697629426,6.22834789243355
0.0150137865515532,0.195985609085685,0.257956612815284,0.198710663426369,-0.257285524062331,1.52477539675236,0.491926371935526,0.164969679301771,0.129837211548269,-1.18157247532362,-0.0526561183140429,6.13476421897472
0.165865636672717,0.182895103153978,0.259180660859493,0.204789677851253,-0.249056052558161,1.52477136888457,0.497415645442306,0.134068744875246,0.140462011201107,-1.20435630587483,-0.0340636763471545,6.1947710738408
0.0997551320976451,0.208282135666293,0.263309048235025,0.188587857436961,-0.271948091577048,1.5336721053561,0.485955163191885,0.177470861651693,0.143359164733206,-1.17112312457448,-0.0686323892815909,6.2058383476989
0.0758921341656392,0.22468455449913,0.260698144083582,0.21481341899152,-0.295901312121865,1.52916379693698,0.496750067888251,0.149962498514834,0.141914624543154,-1.16762640847533,-0.0413805215108505,6.15468669362488
0.0914817559522322,0.184700980598925,0.260558584643054,0.189583878044506,-0.240788741956321,1.52273505450247,0.482831797971658,0.168537684748421,0.155673157209693,-1.1632602248496,-0.0573749855981626,6.17141845857342
0.0488897476946454,0.195690944962007,0.259890819742097,0.191620290238918,-0.246651095039391,1.52593967983405,0.492557959708175,0.14809102082663,0.159294095245644,-1.18046183223491,-0.0515552506890884,6.18590061215135
0.151402953010289,0.209326825745261,0.262674086760001,0.19892875552639,-0.271801272795974,1.53230677029615,0.483267801950233,0.137584435535093,0.159487796926259,-1.17693056314341,-0.067216995646516,6.12872393511985
0.0776085453070813,0.214336851872189,0.259805906986216,0.201788052645052,-0.277977849704171,1.53911939572269,0.480916434624687,0.160066111438288,0.16304491710648,-1.16617890703298,-0.0464348580698772,6.19919731620864
0.115350485281161,0.165206670824308,0.258138831667162,0.191438885657152,-0.229527640181937,1.52769483254493,0.489452595673475,0.178829139983955,0.124481980349123,-1.19911905045516,-0.0475647712043026,6.19376214335663
0.0779788763549836,0.216312176054223,0.250799894493483,0.210602094402128,-0.259093726545544,1.52650125110618,0.506059753650502,0.134765326733426,0.157210053516134,-1.16888811607892,-0.0558799582200125,6.23158617329161
0.089912276026308,0.194458615377029,0.2548267142338,0.201355857044528,-0.259925236796356,1.51791725060934,0.499281501447928,0.167420880046229,0.130440562913852,-1.16252637453799,-0.0451716765112167,6.16598891372928
0.0392785824131653,0.197591723988038,0.257092976652391,0.20309939049496,-0.255241001475139,1.52726099737367,0.48540874136114,0.135448629262649,0.158255825622232,-1.18391915954353,-0.0358565299125734,6.19244363906318
0.121425345274725,0.196942721645996,0.254471633515152,0.192021318667372,-0.262037364776323,1.51055806930248,0.496624619835294,0.152023359955591,0.14501139602868,-1.1673464152034,-0.0665726511725092,6.15900330600818
0.124714613857072,0.228523854696191,0.248338732525814,0.201804127321401,-0.292960522743637,1.52549218929282,0.485609455098396,0.15224550149498,0.17143051326323,-1.13751414342775,-0.0533541206584575,6.10120303172232
0.0713453993264754,0.187252820482928,0.255908401652863,0.184856362041693,-0.262503750783903,1.52391140589743,0.489224841726122,0.160466617196512,0.141367369820565,-1.18392920572978,-0.062111225253404,6.1280188949961
0.100397135392435,0.213517014709995,0.256721243455017,0.213866827065788,-0.293018719157546,1.52837415447778,0.477596090813591,0.161464380863038,0.136807376655008,-1.15321002163828,-0.0614282628044328,6.16554303465541
0.0556364205405491,0.196697117923325,0.25809068142068,0.200467779017464,-0.26701477646737,1.5351609650794,0.485227982440227,0.142452031054185,0.148367993086007,-1.19916528248109,-0.0588540456836159,6.15963115476046
0.121795231384593,0.192661326097445,0.260779546516959,0.200738727350261,-0.2535621906264,1.53189267824572,0.486197362137641,0.146018587605368,0.164189627861684,-1.19635468142012,-0.0435952735232522,6.09705463332721
0.1040108895312,0.202131849263672,0.256067932899033,0.193084930364172,-0.267544817175257,1.52978476196882,0.496284894664346,0.182580379683042,0.131611601592527,-1.14616306141043,-0.0639614935084184,6.18014632584842
0.0493961648958371,0.213816140026689,0.254804670394331,0.197261599369334,-0.278937709526214,1.51811827511946,0.48385374359101,0.198682691527645,0.140494950981948,-1.13305999464627,-0.0677705939173564,6.15868801016329
0.104370894333491,0.206045809303147,0.260418876388888,0.202612221948613,-0.265903752108366,1.51964558146607,0.498571910425432,0.165944417892748,0.14051279914937,-1.15444003270663,-0.0480361326758551,6.17085823784788
0.0541598812417286,0.207759971663936,0.260695451491934,0.207856135867751,-0.283466071738105,1.52811290497672,0.485635137755417,0.183985800246237,0.131468256348373,-1.1504030115749,-0.0436340524827774,6.13853407016978
0.125918070780041,0.199618990915085,0.263341871844834,0.204756761081263,-0.25064799452665,1.53813805202277,0.477643337089157,0.169037059592073,0.146630426431027,-1.18276621709952,-0.0283840066997369,6.19286908562446
0.130857618315145,0.203608497692802,0.266566163328113,0.205447138658973,-0.262970763038169,1.52027147111644,0.50093585226599,0.18423201343193,0.146775293046273,-1.14376405378216,-0.0496601784313639,6.21998581529599
0.108143538488023,0.196064467364484,0.259997244122899,0.194842796263188,-0.251924202648054,1.53257677827478,0.491828332790194,0.170356911538816,0.168403023337116,-1.16858211125224,-0.0683140925909384,6.21412319694058
0.0927741908285566,0.220743002338059,0.257337656015119,0.199355080172437,-0.28782087052643,1.54786017496549,0.474699205913157,0.145605314401131,0.138556381382269,-1.16933619225576,-0.0500929168107969,6.16518954947025
0.0953084116482659,0.198712965436583,0.270177109962169,0.19579531277275,-0.26585232160097,1.52505401652187,0.485367156024547,0.155471835919838,0.160114878962497,-1.17971560155876,-0.0511233608829452,6.1765993211406
0.120451426912734,0.195578131976597,0.269196098587598,0.191081072729701,-0.266151983677296,1.53958772953636,0.482890982485515,0.147456888829632,0.130502343251371,-1.18438722389807,-0.0628411146897449,6.17564453602381
0.0383638208713261,0.194186842799082,0.261850242569323,0.193194461138504,-0.273747824381695,1.52477282793927,0.488613331477498,0.164042012095014,0.134682902110424,-1.17623360309161,-0.0660765847846815,6.21352096107425
0.0816854911597724,0.195475343502161,0.269235191006184,0.195277710799545,-0.265476542489924,1.53258139197743,0.492438698054163,0.149363492074148,0.143274904686374,-1.18007795741982,-0.0394502400168543,6.17759143519906
0.126340065270003,0.192504842552851,0.256067275201887,0.201135596536679,-0.256934388737833,1.52564070532202,0.50426506669104,0.196642509279978,0.134474168276553,-1.17021981870022,-0.0524869866587388,6.23066912703009
0.0664914708124736,0.211723914503426,0.257739422199251,0.205258346232543,-0.261737510428057,1.52800390862285,0.479960910601693,0.169908746612818,0.160111381111463,-1.15298964051046,-0.0452725939318204,6.13393946475387
0.0509482872721723,0.225234001686065,0.262043413988093,0.201820867422779,-0.28333774526754,1.53116273038494,0.488672520436977,0.184876797081315,0.156887159752407,-1.12902476099461,-0.0695773693784358,6.16886062736696
0.0940842026713339,0.214756475924488,0.266740279935449,0.203882689640094,-0.277275339645854,1.53000250052375,0.498294231473467,0.174825645881432,0.143042143343171,-1.1458168386484,-0.0676831260046341,6.18818191899856
0.0574643327241388,0.210924878118065,0.252220133347948,0.197399787962141,-0.268963762697928,1.5105694477117,0.496588831538492,0.187777014627832,0.161918204099433,-1.13017967840371,-0.0719830395150208,6.21383315289937
0.13126448457665,0.178280414952167,0.254780887148591,0.180574465832635,-0.249184103735286,1.52481786250617,0.484262313793266,0.144457124146065,0.13786806154074,-1.20105290832197,-0.0598273014591489,6.15705258745856
0.116151831491641,0.199133581649793,0.258507294328801,0.199082119254194,-0.268586462832671,1.53658896545376,0.482673565057401,0.190511446836854,0.144160325572571,-1.17065622481769,-0.0446200531675619,6.16282421590486
0.0965452943522029,0.173707937624153,0.256068481723848,0.191066046421044,-0.225078131962988,1.51558335705663,0.489020043694911,0.159694650679679,0.150785940568015,-1.19713705896762,-0.0448700301945684,6.16822613989476
0.103183699287726,0.201612333780381,0.255743959760389,0.196686605106278,-0.263024920401478,1.5304378351879,0.492925700403588,0.178264336412804,0.177411110147872,-1.16915740863372,-0.0570268229821809,6.14772481500375
0.205529599332202,0.203934804784211,0.259287364287628,0.206147028921445,-0.254050895594542,1.52364686054865,0.488998962802718,0.152798240645803,0.14645914561174,-1.18044626154173,-0.0440558904654774,6.2127034803522
0.0944473730398653,0.198779277488407,0.256102851716985,0.206930599762036,-0.262986826322439,1.52552506467044,0.496543297301475,0.155073735513418,0.135761588315417,-1.18088191648047,-0.0429043209750139,6.15785756365316
0.157934813129965,0.181501200534776,0.265236450591988,0.191910931340692,-0.238704944738755,1.52947086923031,0.49121129255777,0.151923018218062,0.128678502636322,-1.19946220238463,-0.0372013959709245,6.15118978333189
0.0937862139962175,0.212255800108989,0.268745334965664,0.203982674794273,-0.271199906986953,1.53692786646249,0.483385150278602,0.157183330540047,0.147696053848488,-1.16059196178751,-0.0617200203832405,6.24929890351268
0.111563515905783,0.196243555087542,0.248481277853159,0.212553499075093,-0.254778122141288,1.52320844381819,0.490181548893713,0.158445607107467,0.152296586904746,-1.16474564244427,-0.0373179472104538,6.16813584544768
0.0240046220792736,0.193836559484071,0.253994573540022,0.196301333969958,-0.260309925124613,1.52894788158369,0.479511178511794,0.150448325695592,0.142815336726172,-1.1826489578585,-0.058529891497537,6.17496307002738
0.146016841201724,0.218616760033697,0.256252897977854,0.198954195678028,-0.281252808180306,1.52394949530004,0.481804209654431,0.173913605724179,0.14409093800251,-1.14398947907838,-0.0735780636829328,6.15994745994849
0.0580422059491445,0.198284045153103,0.254737105712281,0.194191427302304,-0.263106229299943,1.52823784378362,0.486578835420795,0.177804586760605,0.152021981959234,-1.17095909945479,-0.0616441915242498,6.17094837855234
0.12366887681396,0.195337351905154,0.261578714652159,0.191425619992186,-0.259937071000834,1.5376409607761,0.486149118847217,0.139438617041223,0.165673406083771,-1.18679715173642,-0.0534152102760329,6.15645493803714
0.0953838318260757,0.219675778794925,0.250450865225438,0.200240061719001,-0.293635112246431,1.52399941167156,0.488439784826921,0.164141538441515,0.148901395314804,-1.16124149571594,-0.0536404937242475,6.19310050451224
0.0727727449896537,0.199742263216513,0.262023556408061,0.191150200441936,-0.263892257425288,1.54894994761628,0.474486238093854,0.161684302912911,0.15684226124882,-1.17553034934328,-0.0875869963729673,6.20429551544218
0.099128710755408,0.19653308066343,0.257310099412422,0.199589613042992,-0.266938209921869,1.53919217247124,0.480960454733555,0.159027136051472,0.154607315886181,-1.20805690232413,-0.0545079802227117,6.17055785045368
0.0214422701687119,0.219380455107875,0.26080960361858,0.210140828896755,-0.286933575471728,1.52613668440349,0.495761211426901,0.139610197119149,0.157166207421302,-1.15006197677716,-0.0680844006862992,6.2078498442649
0.0619413417343005,0.206644181646338,0.261386137809539,0.208500046605363,-0.261538439213878,1.53317945301542,0.487194589885902,0.161102072025165,0.152611565262389,-1.16338718607264,-0.0367463826097194,6.19358656600547
0.0927540584676733,0.221182104054422,0.254845205183169,0.21458309029573,-0.292343322803097,1.52419935557445,0.498164635150926,0.162209506049553,0.133252004600162,-1.14366329874731,-0.0367844369258163,6.21432856761164
0.0878060248324295,0.20999443122212,0.263244419423286,0.191626439918866,-0.281973662789806,1.54851305171913,0.470879853728503,0.161904416970881,0.150122376881362,-1.16735275148452,-0.0677706500704871,6.19885506490253
0.164697691377418,0.191554485312954,0.259173400942477,0.200616512982907,-0.2389640577242,1.52183069588789,0.496589164104993,0.171664376024308,0.138647790936973,-1.1545020124535,-0.0464393493651173,6.17667175731187
0.161992094256876,0.191913918151369,0.256776664966968,0.195933634669032,-0.252164266959905,1.52499706369765,0.479402925554267,0.181524326458729,0.141934267397964,-1.1782499602604,-0.0350622208784504,6.17228404553695
0.134408295037112,0.206251016307075,0.26332921601648,0.198020400694844,-0.272855080908077,1.52864435925113,0.487731972649344,0.182593683960496,0.123945169293384,-1.14265269277869,-0.0618946139258006,6.15464519254428
0.057657283867506,0.177885463929493,0.252002382638242,0.180343576800547,-0.238430668032877,1.53192227750807,0.485066677810562,0.149037009982706,0.143263451663738,-1.21819454066925,-0.059757690522297,6.13575697728785
0.0633725556575408,0.194481582759729,0.252593403850522,0.194630743660022,-0.257863353098422,1.52818343668813,0.502135461549978,0.184215803744974,0.124242152731484,-1.17013849998875,-0.0607522819432618,6.18112279427773
0.046348020856356,0.199160836611728,0.261820017730372,0.195519434218261,-0.249164974523294,1.5228689317694,0.483393277286137,0.160202689236914,0.150437663322789,-1.14807720549521,-0.0407418627939876,6.25965912640288
0.127761175047786,0.213760269363696,0.252493455331851,0.204700602638467,-0.284672794463566,1.51876839927166,0.494398248713547,0.168499793525126,0.12040950817175,-1.13384225440869,-0.0497691028547735,6.17645129377589
0.0386317810884418,0.206408686831401,0.258781562665152,0.208854929382683,-0.268708910073835,1.53397065915662,0.487679403995944,0.164687036817388,0.15882119164866,-1.16003741996484,-0.0473253686759586,6.21845689632794
0.0611367873353521,0.202246974953171,0.259055195561682,0.208042816390673,-0.269725536681305,1.526771759125,0.488691045590542,0.167415759516859,0.156567168023256,-1.17274710936133,-0.0344756458237091,6.22672439225213
0.0290768261750452,0.166614657007367,0.254595914325288,0.183623582702564,-0.246194852237186,1.52806612313173,0.490191645200089,0.156088809298442,0.135660127481259,-1.2049956828575,-0.0584063876325715,6.18269715056473
0.161687017079268,0.182296711615415,0.26305553424682,0.199423059257478,-0.257490854447762,1.53839425915467,0.476575459693526,0.16423501587356,0.127897945244554,-1.1945848508457,-0.017989451472425,6.16158462636808
-0.0126900739448881,0.192233994836677,0.261108457185636,0.194555029301505,-0.256901108539818,1.5302232133354,0.495072389754371,0.162537745686494,0.129369727662515,-1.17592306175711,-0.0495991868803801,6.15561175483154
0.0873030968556281,0.229120526270224,0.254149796552835,0.214796661203678,-0.296185484515376,1.53222642110461,0.476246892276081,0.164692423731097,0.158497320982606,-1.14543030432072,-0.0475395264886944,6.20202416568893
0.160385474403435,0.207631820421533,0.264635686424448,0.211444315188666,-0.286845731483362,1.52497525438837,0.494492866018165,0.171654174491874,0.145772380334054,-1.15629353663663,-0.0464796565188304,6.20940533093827
0.120275879164334,0.195917180847693,0.253688588057299,0.198921497954621,-0.265372884284467,1.51390036252927,0.488617505276415,0.168447576429674,0.141321156347266,-1.16596477511048,-0.0588027379553131,6.18768917594087
0.0957560528775268,0.208152243197935,0.268513735757286,0.209112051533205,-0.283308775568024,1.54222872556,0.480902340884522,0.145133901865401,0.143286211491348,-1.18060455701456,-0.0442689021654941,6.13521231151893
0.0820770653298475,0.190556884719394,0.26006146471565,0.20161460826364,-0.267479233321335,1.52899844475979,0.492036344826179,0.176879863453958,0.126055573402466,-1.17814084626041,-0.0446276026073151,6.2009487253238
0.0253778165685355,0.210538375202346,0.258141150853051,0.198391728566456,-0.282655569970183,1.516218389282,0.495076831684217,0.184031761123229,0.140485972577155,-1.14208808767745,-0.0689275131903622,6.18796938643494
0.0853651784241214,0.176437109121291,0.258713371878702,0.180385565247153,-0.227853207962851,1.53457131401991,0.486485989593495,0.13991687872122,0.144298500262573,-1.21072883420574,-0.0655798426748911,6.15715517787273
0.0921419467193328,0.185683363563153,0.25781482066897,0.182748102159945,-0.253838707312363,1.52192388276714,0.490302314552019,0.152901878062858,0.146345225641897,-1.1756598839599,-0.0753655395431387,6.17401911430621
0.0501671055603174,0.232009258535109,0.262011208251321,0.221893131296797,-0.291358995683809,1.53736422489511,0.483988370013018,0.164172220760634,0.154979916787696,-1.14773738180384,-0.0397540884181614,6.14326626462951
0.156309944982509,0.200600398140499,0.257756144286869,0.200955256487949,-0.254856840967726,1.51508256804412,0.507607830123223,0.143394451143281,0.145961415202626,-1.18419383386763,-0.0551211608799546,6.16923445627271
0.0488855998944119,0.186302565169102,0.267068260233168,0.195648291747667,-0.254837019683118,1.53491438809837,0.483466972693099,0.137450981494198,0.15861275493574,-1.20349868477837,-0.0527301805800097,6.170735790351
0.104650799866178,0.177053065517946,0.2568447962047,0.179783565696058,-0.237908557421016,1.52720153956663,0.490528881540162,0.196016785707244,0.139892812068017,-1.17118814758335,-0.0714376453848069,6.19973914862984
0.181402785939103,0.179211969574769,0.254117387112911,0.183304675731268,-0.237530907630678,1.520745167794,0.485545768351921,0.156052506569929,0.151851013599819,-1.18013946804756,-0.0549463518449363,6.13754779934179
0.161304803145996,0.189245175176993,0.263071226767596,0.183493682516469,-0.25391211033863,1.52376181026229,0.472011782242681,0.159161467415122,0.16183395601098,-1.19541003481718,-0.0577145383414049,6.18007206030557
0.114284625647747,0.186114633393593,0.26020699984207,0.182647674053824,-0.260311541470768,1.5194681367141,0.48961441522131,0.169997982841624,0.137100710171155,-1.17333841036464,-0.0638134530516898,6.14884759181961
0.127453848970832,0.206822485392022,0.261632209501077,0.200187885116768,-0.276424917194281,1.53543557134369,0.478400209214729,0.155019853384465,0.154690948759611,-1.19294660432449,-0.042037996075957,6.23855292526325
0.0731801570641677,0.213653303073532,0.25894746858255,0.206495549563888,-0.277786607557958,1.52981250163174,0.490775802248624,0.128112761429653,0.135270002718325,-1.19122891202988,-0.0494486494932205,6.14072134530875
0.0460561462685215,0.211997804066883,0.257857400795757,0.196784208615793,-0.274596332887068,1.54033213470743,0.478213828858447,0.158159709549287,0.13283672035298,-1.15484254615373,-0.0567151935158033,6.17397071892755
0.0299375251766382,0.203262921185153,0.259856545852432,0.202095673923425,-0.262933876238374,1.54085574131441,0.486128721323628,0.152060064434123,0.157341659931976,-1.19274066837055,-0.0524015555438228,6.14493055128933
0.0309039251154683,0.202843559292157,0.258764834642133,0.198671875753447,-0.259302377509638,1.51613802344577,0.495930711346887,0.156052608528833,0.163456883167009,-1.15638042100892,-0.0709524050730226,6.1919977052987
0.0666934869228288,0.21191060282551,0.257908068702414,0.207661029721009,-0.264759770250649,1.53288147904873,0.498793692719834,0.149575586069577,0.159215575395173,-1.17788823474785,-0.0572352098408539,6.21897217062369
0.0312003394889565,0.187974866335715,0.264074013948911,0.19198252087473,-0.24401097947222,1.52935844923899,0.479706634071555,0.139551328012398,0.163876013825741,-1.20721829304238,-0.0568828352200791,6.14287981757007
0.078898944251827,0.196267996256245,0.264529512125892,0.203277045087427,-0.268908913825727,1.52743110964604,0.486202942203924,0.147478796259924,0.139924765748675,-1.18162565757629,-0.0490890785430667,6.20114748760629
0.15183630383508,0.19811085788438,0.254701094921243,0.198920165725718,-0.258244552549062,1.53209363423221,0.48798994604221,0.169126353489484,0.176215428885314,-1.16822787010952,-0.0392135852018941,6.17334213578388
0.10639122140684,0.209152257217774,0.254538842435915,0.20699134079913,-0.276719832531613,1.52081107528962,0.473211347132728,0.164070602516382,0.168243376855937,-1.16309878103491,-0.0397537294430627,6.2220361029449
0.0591054079711151,0.20269365276216,0.256322980080017,0.207608396996694,-0.261791193432643,1.51534049988729,0.495049214336595,0.138519841427361,0.154902360879437,-1.1766047775302,-0.0375921787447032,6.16909749105665
0.062237224403543,0.19028237261095,0.258204780405062,0.188417109899962,-0.263663460127786,1.5337393253332,0.488814804449465,0.157297302250236,0.129556414844312,-1.17947222099361,-0.0736276202756482,6.15371576282925
0.119844707039512,0.228881276115677,0.26125667784592,0.215786395928585,-0.296834409947558,1.53651791860632,0.497648148037125,0.151135358088793,0.141024746112342,-1.14116512368756,-0.0515609775984187,6.22267222391579
0.0890958595575583,0.20148024336112,0.261266877752137,0.203667408941398,-0.259267661884424,1.52051411098676,0.510865950952083,0.143549202746731,0.139714463059546,-1.17246321442709,-0.049972980270961,6.16527484428859
0.0745487853233986,0.203810327246578,0.258555250063799,0.202385919198387,-0.268579870338583,1.54450770939327,0.479583551784555,0.137682913186261,0.150249891372345,-1.19763332662458,-0.036722514615693,6.19052648406129
0.120525326224479,0.219425723820177,0.264871994529989,0.219886677106301,-0.276858788551965,1.54043697272479,0.479257883371956,0.139669457367129,0.141441216109049,-1.17766275551494,-0.0242081525894297,6.17338562422776
0.0795085407422111,0.207494310838481,0.263395067779535,0.212919078942353,-0.266011024419811,1.50989095301601,0.492164298280817,0.171628018783752,0.16023859594247,-1.13943535564163,-0.0343336758765518,6.18444240005666
0.0813535219800356,0.21344526191467,0.26411100153744,0.206097353587718,-0.282916198908445,1.53005144638265,0.48885613475926,0.150454310967424,0.140569712915931,-1.16236338586336,-0.0581729974912809,6.15960691825198
0.129959944455035,0.208610175232293,0.26625034254869,0.217244989049036,-0.285632052188803,1.53388192352762,0.479868450327054,0.146083689607553,0.134499364163958,-1.17934195657819,-0.0387270184176281,6.17856450760935
0.128433163654501,0.190796572316079,0.268947948394645,0.196797671561057,-0.265680606233895,1.5276329561867,0.48383843383249,0.165306633368826,0.153944201596989,-1.17879138777649,-0.0432031698744563,6.17334002444785
0.0539274172213138,0.22543889000361,0.254504484490681,0.212122736542245,-0.29635674914723,1.52594547208368,0.48106550478144,0.157236175660559,0.138131640199826,-1.153479828591,-0.0530662781185628,6.19709027418328
0.0808608097522631,0.212305056981977,0.256360314025615,0.220705982214904,-0.268712056713505,1.52315705079374,0.497432989731771,0.168180258956935,0.159096066466437,-1.14430576596545,-0.0213971626936043,6.16886523601967
0.120128779730837,0.220154739037749,0.259833094486418,0.199545138342159,-0.288927340894489,1.530334523227,0.490327712978144,0.167400885112847,0.153891286445078,-1.15464845809368,-0.0677910873424802,6.1759824753358
0.162334804499636,0.197604778494043,0.261187920569108,0.192648145495809,-0.265767315704597,1.54130888732636,0.478151190002602,0.139716293610153,0.152328935128323,-1.2139208885681,-0.0482790527069993,6.22671235758166
0.0968544881318556,0.193913492656886,0.261439644769614,0.198547386719728,-0.259265764686009,1.52310645966592,0.486041303028722,0.140932504766862,0.16801652694526,-1.18167080596174,-0.0471408198029278,6.1932803388547
0.0786549069823504,0.189000194354156,0.267227081090298,0.197978521698788,-0.255472767640106,1.52830927589435,0.486855492418053,0.165364300750831,0.148463144737452,-1.21202598494832,-0.0543074845318631,6.14165139896839
0.024921244620539,0.177321188764964,0.258009001383703,0.179325751363223,-0.248352155121305,1.54352381238206,0.480105427678361,0.119538796944773,0.124613746934285,-1.24109390945564,-0.062462614585504,6.21991520609719
0.0590007437407028,0.192412330988838,0.25959744858506,0.20002985189698,-0.255308207664378,1.54249397890968,0.482263127242909,0.176348111821853,0.137638934327104,-1.18012948072933,-0.0486924024256056,6.23161677660911
0.1101740456334,0.190254321974191,0.261015129489303,0.211562379679463,-0.246693554779962,1.52525865338671,0.484812987693654,0.145644440226328,0.14123855139147,-1.18302247771276,-0.029816818529375,6.19589537828253
0.0966905496047196,0.202973434704946,0.26387730737699,0.212652738613531,-0.256077456863542,1.51931733718596,0.494286955330935,0.142413032497425,0.161085302043372,-1.17879301699877,-0.0293493198919979,6.18893481226322
0.025657379940648,0.217572384726958,0.250299299515278,0.201998269279827,-0.275379651882025,1.52432724186517,0.488204094665082,0.149400443722565,0.161898262265072,-1.1545887671124,-0.058392274205613,6.24443949423938
0.0799271848332974,0.219897602259174,0.256611907153481,0.207959509878366,-0.29337202988565,1.53489692792393,0.484271846872643,0.151491705890204,0.140431390186318,-1.163609003089,-0.0573657565941318,6.19806915091789
0.13072014377752,0.209152690890809,0.264202900547938,0.209110755620496,-0.269447082975333,1.53218807916586,0.488369391233663,0.157979941612286,0.146390838513931,-1.16936214912577,-0.0515345463038653,6.18004653304223
0.0888929582018515,0.207197325645581,0.263036873766622,0.201062201024617,-0.275297393759267,1.52477032138159,0.484597188737294,0.152083939477708,0.135163033035857,-1.16373834063506,-0.0649628037396434,6.20082386308197
0.112500420414805,0.202349923392001,0.25966642190609,0.196179831421617,-0.267742141185439,1.51664321356394,0.48496123889033,0.152085795695933,0.133503606460512,-1.15874321822258,-0.052813775315159,6.19027826135847
0.100244060876066,0.199533433725372,0.264010765964684,0.190337790977621,-0.261276404069522,1.52357757114948,0.494830611252079,0.18088669236069,0.135825171660479,-1.1559740995505,-0.062337842674454,6.16568881453587
0.145844839119817,0.202095370090117,0.258634020530149,0.202869285999054,-0.255972602586503,1.53249232381887,0.478632650114686,0.147041794642112,0.166778479214756,-1.19650549666909,-0.0570995000847796,6.17304931875142
0.137813108839696,0.198564906943939,0.259599216084998,0.20450732129703,-0.265906508143175,1.51438137856252,0.499627081649494,0.175725445725269,0.127936963936286,-1.16586950831273,-0.0530294714690133,6.21494465157639
0.0687404410787548,0.216526891258768,0.263394251185372,0.203818675044705,-0.28413919003344,1.54373346223142,0.472626547538812,0.169389182677198,0.159492027119059,-1.17607469674831,-0.051927182281703,6.14958960531633
0.0287305784865954,0.217649542018731,0.267935542466592,0.201556569234804,-0.297609077610494,1.53140571802137,0.474903135127188,0.174701682921017,0.153823826589165,-1.16574712579332,-0.0689621568764886,6.13967976903375
0.115344600429213,0.201181206371486,0.249744093324501,0.195022932460463,-0.267826093799878,1.52602495205945,0.497338756444739,0.192348165648135,0.117433887635614,-1.15085203410593,-0.0713041031820499,6.15531678690605
0.0990982674688663,0.226604049360246,0.263748962661764,0.210744487120647,-0.296602185197762,1.52668611981433,0.496584892476386,0.177120335506016,0.146682349333206,-1.13513272431085,-0.0660029967200845,6.16914540269686
0.0511674733624153,0.186253042508583,0.251751592737137,0.187999882472005,-0.248589262588994,1.52895787291419,0.489983375490235,0.162343055729625,0.138849971428902,-1.18572577892269,-0.0544399788286613,6.16319559277977
0.0114291840297284,0.193015367888179,0.260339269983095,0.205707859706096,-0.249145140315435,1.52608140510808,0.503047121048399,0.160825932980441,0.133149478215562,-1.18383652759131,-0.0437125149926084,6.16212711927261
0.0874404553639427,0.219372118944335,0.258137522598954,0.218320345996017,-0.302428116407248,1.53192648881255,0.480811281490036,0.140327738741442,0.144855369485799,-1.17117121481203,-0.0273642847020976,6.23704359537289
0.0812027084868102,0.202450684127607,0.255535169404841,0.194344246785944,-0.279753026705293,1.52804804786858,0.478736294183168,0.156280520288989,0.130105433705976,-1.17600229802227,-0.0516525364297546,6.19753467842762
0.139421695912016,0.204027054883247,0.251641573819835,0.206287159224706,-0.273868093868749,1.52639226924052,0.483560065400482,0.174492949978179,0.139628466704942,-1.15938670380316,-0.0281282046733682,6.15147591734898
0.0221219626725642,0.221512538284668,0.260951248934661,0.216395403060814,-0.279842683889284,1.52448326336158,0.499596268864955,0.174834756678059,0.146846355264954,-1.14185208886835,-0.0441485458682725,6.15540304800505
0.143710046565984,0.217828786838548,0.262978714646573,0.213285261449537,-0.272408702001233,1.53554721589745,0.483489056110639,0.157934832614505,0.143713495758948,-1.16748207832572,-0.0286749732354091,6.13058019599284
0.156623298054579,0.214038482604578,0.267066019253885,0.207917096698483,-0.280957563298252,1.55013706079572,0.473262196855402,0.132375690989555,0.133115208580377,-1.19152576401927,-0.0357488693633383,6.14375654433276
0.0920728555933694,0.204681511104934,0.264278456547231,0.210820230873317,-0.274453156593013,1.52530398873427,0.489818749147919,0.151720410835362,0.140606074029831,-1.16684444329346,-0.0300677593143305,6.22889533793095
0.0785525853957883,0.231467936971235,0.25792922804973,0.223800210392359,-0.285017485603733,1.53850225718036,0.483073196395746,0.144305925378333,0.167800397946788,-1.16097486357108,-0.0438949488272328,6.22008909696098
0.112501475339951,0.19115800684006,0.262964529861306,0.190249169167028,-0.257569077902801,1.52785306916386,0.478897425368086,0.180886458478464,0.162533538772665,-1.18032230783415,-0.0826737572870114,6.17025414120537
0.107635476760191,0.220985412315134,0.259434464962775,0.217854254451408,-0.284349267938292,1.52245847898153,0.494531836671127,0.15224486558221,0.143208444445323,-1.15046525947154,-0.0322431713193954,6.21135281337666
0.141948155729746,0.205371676389111,0.262805068721958,0.2140886115598,-0.273042603641703,1.51395957252648,0.4896931778094,0.158798908338681,0.149887501236454,-1.16638024667076,-0.0336197670391412,6.19633163880712
0.112089865370901,0.212883175452429,0.260071325066722,0.20320264613022,-0.280719915787012,1.52425106226656,0.487560236289837,0.145341599651861,0.133353002236856,-1.16197046317151,-0.0504580873894895,6.1684467233353
0.0987169244719843,0.205856449205631,0.262777693541402,0.216087207400491,-0.270791454898189,1.52595578186044,0.48774588555633,0.138512011231886,0.122224104091392,-1.16532268572337,-0.0264534720468726,6.20080068180746
0.0523131911766837,0.201176254329213,0.27319948338952,0.196146933392953,-0.252043485925104,1.5369660354559,0.480464588836495,0.174367266032523,0.14226556616878,-1.1673581920459,-0.0700120060882137,6.19476786393245
0.099716142195843,0.196539319105888,0.264285918661339,0.199394485658404,-0.251950390285313,1.51925563841022,0.493593287448355,0.151277389156028,0.167815233195022,-1.16844639133505,-0.0482726484838849,6.1862478662574
0.0619468243763036,0.20050275112512,0.271335133669963,0.204264807815042,-0.260486357283309,1.52674668308778,0.485903896969816,0.186278811818496,0.133339618213339,-1.15345128781284,-0.0677364264766483,6.1385338484772
0.0867529699848195,0.189952581569906,0.260957495946674,0.193506604229322,-0.248775325028067,1.52560308581991,0.481207681992841,0.161738812681529,0.160187410816852,-1.18266799974894,-0.06672172691532,6.17953996283905
0.100928371342422,0.194748013581993,0.258019953142008,0.194243189401759,-0.255761416451712,1.5258388286269,0.496433075220493,0.169712214778308,0.141170689958251,-1.17935870663548,-0.0680284745730082,6.16723313853974
0.0265364480402325,0.209022175408133,0.260041748330206,0.198829365800774,-0.273941073098131,1.52822928651875,0.492085516095424,0.189839391217331,0.168991038284695,-1.15477659880337,-0.0690890975235611,6.21765928007627
0.169728156106774,0.220274930998043,0.263087928192044,0.206088152025435,-0.285498427521931,1.5291355955379,0.488161588486799,0.178454258223565,0.145347442152778,-1.13666285089151,-0.0589858810425352,6.21982918513272
0.11319011565932,0.199960431864721,0.263780846024115,0.20272699885669,-0.249775104122685,1.53524797374442,0.478441334155316,0.155431659909392,0.169318788518987,-1.17981830169089,-0.0380100794662543,6.21524884146337
0.018158865588103,0.192326678421097,0.257294987628323,0.19749642329722,-0.26259525261211,1.52553663334123,0.481279839250167,0.14221629597799,0.132445567596044,-1.18917936202853,-0.0562342665257719,6.14268816114487
0.125810902507579,0.195856618444136,0.259300880725646,0.208299144055103,-0.252277605202926,1.54177533923139,0.479942888775733,0.148160197043778,0.156026507435427,-1.19587785328514,-0.0318313209155896,6.19468908904636
0.0992930403591061,0.20864050213842,0.265371183344755,0.215019704957369,-0.272464941788366,1.52570542201676,0.507474102132377,0.170388430238016,0.128925372747565,-1.15846597694537,-0.052543225128956,6.17467661861524
0.10161048992106,0.226367307699546,0.258415061618048,0.212426102475159,-0.284163333484561,1.53845567079897,0.488206635756529,0.196669755730898,0.145464312774128,-1.131420399652,-0.0507038271375449,6.16933416949647
0.127059961504474,0.182720009957012,0.258760459518015,0.190063126940875,-0.250121141822036,1.5371014779886,0.480004843117887,0.165422815284398,0.118109666107421,-1.20861860900909,-0.0682909375349687,6.21064353198844
0.0987858811862967,0.215648869261772,0.25830619239283,0.199817475476403,-0.279159303800318,1.52271883231687,0.488000838987111,0.172031559776114,0.158964721043461,-1.15523338448958,-0.0555546327022691,6.15192650481225
0.115075659956999,0.180117108873682,0.27464835661274,0.201994764579132,-0.266797020332725,1.53710377288366,0.474552509237259,0.161104996205231,0.131516389787281,-1.19719976300772,-0.0444612142703231,6.19726671045559
0.16816302239285,0.18948020322218,0.258810797411221,0.194677558197352,-0.25724377609998,1.53863272940351,0.492419093505877,0.14721710342822,0.151553881128058,-1.21012457005082,-0.0242429366697858,6.16084445186078
0.110780515876547,0.202492528287023,0.261400595731693,0.197213570861805,-0.256454457300837,1.5222538557796,0.490595997509449,0.141738726833424,0.146056184433265,-1.18712030162847,-0.0656802936183303,6.17439784299356
0.0487963828342808,0.201887176521432,0.258454272875336,0.193898495584251,-0.269440734135262,1.53109236805612,0.489612735583432,0.13523555378327,0.141429218580488,-1.17112302526981,-0.0570847723410154,6.20170835381611
0.116440436663599,0.211840416244446,0.262643989677934,0.197015175248459,-0.27005675042949,1.53085836553916,0.483745545705434,0.177630165447103,0.134966743571853,-1.14415221336828,-0.0704168207227454,6.16419076796776
0.130989113015846,0.18407811939409,0.26702626679233,0.179609338655364,-0.24963742358279,1.52588414771298,0.480720369103878,0.168953451272384,0.14516785087428,-1.19393792715705,-0.061584799327958,6.17203269354549
0.159054596295556,0.206577832597138,0.259871266768864,0.204230235854888,-0.276199843731778,1.51598567726657,0.498300755227198,0.145465786299058,0.141781500029257,-1.17527414055324,-0.0467147136369735,6.17487050682269
0.0874823403916156,0.214974272805495,0.257177065591708,0.204304300117028,-0.282462664448092,1.53670124250881,0.491731410413113,0.148266370140768,0.116405992747387,-1.17407399274287,-0.0512808025385478,6.17444547478923
-0.000269920483267322,0.220188399406446,0.260282169214119,0.212642454535457,-0.28179086701477,1.52050927242998,0.495212543460682,0.17724431937074,0.146804940976801,-1.13931936703231,-0.0577992367609592,6.16081623614142
0.134600641619507,0.218640463231666,0.255710812303398,0.209189847107467,-0.295617785135294,1.52026259246233,0.479889135933386,0.153586500684695,0.133094289899831,-1.16124295713643,-0.0675017034006704,6.16224022679546
0.0481173023171851,0.205223106179544,0.256367073613592,0.201769041468341,-0.26792047292882,1.53445937881112,0.486460864266259,0.138805300203543,0.157310460342581,-1.18061700813571,-0.0579844681113323,6.18283750555963
0.117744158619136,0.206313956330285,0.263592620703338,0.197547861132646,-0.262379259874363,1.52986218434453,0.477712686806968,0.152260451079548,0.165994361129593,-1.18339159022927,-0.0415024887217545,6.18709226370319
0.166314023704063,0.196182620318877,0.258060364236161,0.208942614751407,-0.258309472795129,1.5213647305473,0.495744682233438,0.160422860648476,0.155354238240963,-1.18934270359169,-0.0425417162552579,6.21975802830411
0.129880374036116,0.183778998638696,0.258335290053479,0.187388223027252,-0.246035994116602,1.5264411871962,0.489197149139395,0.193877974822937,0.143318123332827,-1.17279305507563,-0.0422126424024793,6.1716963788047
0.0971602732841133,0.207142056266691,0.260731518452936,0.193961187515052,-0.277835129838958,1.52721852059105,0.484561943025691,0.174476536500324,0.136172320193262,-1.1615310783734,-0.0652856582105997,6.18054895716939
0.142891890877381,0.215917293786076,0.262995453121004,0.200933575251342,-0.290150915100912,1.5411073051738,0.482324839206972,0.149829184604682,0.145523255915394,-1.18290113891479,-0.0493243876026017,6.20154781913748
0.0757713358298892,0.227727871452056,0.258189327686338,0.208203188407013,-0.299671279378953,1.53834339863968,0.489841725626673,0.139651186015948,0.134584637691436,-1.15459398918356,-0.0568023360432371,6.26718233600658
0.177994708964992,0.225059610030707,0.258265513337817,0.20893106748035,-0.274876663134673,1.53356432309572,0.486413607791037,0.155534610687857,0.147078079941127,-1.15092858012657,-0.0621594651772897,6.19357191532064
0.0996152817425701,0.228261447648877,0.255112248277923,0.217434990773745,-0.287607955538295,1.53447099748492,0.485046190118728,0.152444357650824,0.144677505173831,-1.14543055283487,-0.0478625022544643,6.14320197451166
0.190932541390697,0.216511338698322,0.264803130415942,0.214393315568119,-0.282070142628992,1.5328550743864,0.478487405226651,0.174141481788119,0.14324986830752,-1.14695226660936,-0.0302476063270061,6.15791188912592
0.155786951110016,0.206691026557283,0.260128965439511,0.208370530616042,-0.272701131059967,1.51441326120984,0.497378480354523,0.148080110424815,0.151863201850911,-1.15621799529674,-0.0490540069934368,6.18308821035039
0.051329276659113,0.194623103680771,0.254320409152082,0.20733716987394,-0.253961738946297,1.51967534523291,0.48524808948423,0.162556402935189,0.162485735123395,-1.17067726419423,-0.0271127706525589,6.09431369360087
0.113201370047525,0.205102301198637,0.25177870151421,0.191934752622423,-0.273503322018639,1.53266511378499,0.493815539069572,0.169724519051384,0.133812464711908,-1.1509419672188,-0.0650697583492267,6.19416997022851
0.109732241955149,0.197831197670463,0.265941849510457,0.204321660741986,-0.272858499048331,1.5309199072371,0.482291240559246,0.164022103667258,0.175244335402557,-1.1768330232762,-0.0466447566777619,6.16253536316304
0.137277409955824,0.212903254225097,0.252925203878889,0.206943898635701,-0.272993050102159,1.5224790115024,0.483084276784093,0.165727862411709,0.158397819117601,-1.16991645323432,-0.0357814505506169,6.21259094654474
0.132601087315685,0.202698366053337,0.263252208059445,0.190629382619248,-0.258198051757364,1.53267029957678,0.474449957884379,0.143542329328624,0.171118355440321,-1.18134155754828,-0.0603528376135398,6.16592931349095
-0.0277928330562021,0.20745242536691,0.254871685858469,0.21783319994528,-0.260439227547292,1.51802608718925,0.504837049484087,0.155730886638298,0.150625584262473,-1.15999890406998,-0.0369005801111835,6.21382742506287
0.165295291675524,0.201766704355029,0.248328723829872,0.197167010303751,-0.260496030585592,1.53480466317598,0.482785128797721,0.127339639093045,0.128644534523855,-1.19600036263004,-0.050782931879849,6.15715232617402
0.137645727144072,0.214760216120981,0.26112744247714,0.204746198052529,-0.281000070212755,1.53106805389477,0.496190341552112,0.159067624312346,0.156063447305238,-1.16532881539981,-0.0597078038453529,6.21119726311486
0.108087412582913,0.213252546703816,0.258159687069577,0.207272413047121,-0.278261156862361,1.51433762165956,0.495681997358811,0.178961045226955,0.143053139720698,-1.14850884391655,-0.0564022032471731,6.16760315254275
0.0436315117308882,0.201771334974297,0.256800776863433,0.202411931581832,-0.270953906425001,1.5435284498658,0.478119141111399,0.169302770821779,0.165234117219105,-1.18083296140222,-0.0478908281142767,6.19391613765739
0.0961246098188544,0.225986283773841,0.256550364018862,0.206183404229577,-0.286848920105986,1.51947032810419,0.490592305047592,0.164693523559305,0.154290019759856,-1.14405941382159,-0.0520914111863984,6.19606555619832
0.202748204789371,0.195530038346688,0.255808400298817,0.193386399192407,-0.254925982021291,1.52989324113387,0.490666166232103,0.156876394577507,0.12642807225737,-1.17654463864579,-0.0582920498350094,6.22136338152357
0.104597676452146,0.200904299023459,0.259354389397423,0.192560184306739,-0.264545247460223,1.52814404311025,0.477715147304221,0.177494631253804,0.155129998810256,-1.15288747736155,-0.0784508383810841,6.2075838988375
0.148823304660596,0.214787484887953,0.261875058050012,0.206053614763513,-0.282186150920527,1.52377227426493,0.481206760340159,0.164689657034224,0.135232782575329,-1.16250520405636,-0.0491822159004262,6.17488847817642
0.089565661071416,0.22632576372925,0.258239100927823,0.205994222044464,-0.306089748081981,1.54624510104049,0.482700449213781,0.172717167184785,0.129291086186532,-1.16093409008302,-0.0631536355942502,6.14501345798564
0.0565637890102698,0.213474776059202,0.262358642976871,0.210395102543044,-0.278584503015374,1.54389559745005,0.475732177169615,0.152006999084177,0.151658046440962,-1.16286140802915,-0.0500508652649757,6.1493633946723
0.120098150756866,0.215456641673758,0.265141400487509,0.199331645008345,-0.280395245905494,1.53561152469883,0.471215660329421,0.180450051043574,0.155517573327568,-1.16108822830724,-0.055750334746362,6.2400200016253
0.150026795036148,0.204179790703429,0.25378086235625,0.195386604423269,-0.272407110343298,1.5297432794597,0.4893193827175,0.171288773503541,0.149228743403688,-1.16797939815334,-0.0561006391992886,6.19953519111592
0.0419274055490692,0.209215617541461,0.260152117425099,0.20529162563658,-0.268185921719222,1.53788038512613,0.477530629261018,0.149167199978361,0.164215970519977,-1.17960418347075,-0.0497619091224037,6.15113320223465
0.118601031070602,0.193594440753262,0.267628064501073,0.192948398652871,-0.263344704740635,1.53336034541367,0.483772992733639,0.166393343926686,0.137122860422173,-1.18230069606388,-0.045517928146612,6.14669161573846
0.15476255070653,0.224140729482671,0.260440736897748,0.207182310447632,-0.286598377850654,1.52684563789443,0.487032099208566,0.165286305544486,0.162191493488916,-1.14267615727313,-0.0468449315811609,6.19661440756703
0.162116029709419,0.202692451603476,0.26541590249511,0.18437163294925,-0.269154071266063,1.53213523124319,0.483388255956151,0.157993252811591,0.135009292225582,-1.17681942196847,-0.0774540340233929,6.12445527335375
0.0540626433242613,0.203338397060678,0.264640896347845,0.202557281493805,-0.265578337783314,1.51517967356955,0.496684938407952,0.150424329578177,0.168220335435639,-1.15870431012111,-0.0520950273258379,6.19780128231637
0.120532283340062,0.212226202171264,0.260414260936425,0.212222293889893,-0.267302739735273,1.53154941124506,0.48250433091387,0.12903636896308,0.161607598984829,-1.17992035703711,-0.0452223602648957,6.19577850864534
0.14672085490419,0.194770308264422,0.258448065477332,0.197248461720913,-0.270932398158918,1.51821023144261,0.485750546062166,0.153365806064863,0.144741684328852,-1.18386362969801,-0.046618538761927,6.20688528662739
0.0840697300819597,0.226796927080978,0.251504875395208,0.216479078281589,-0.289723807317012,1.53362573923396,0.48651438601328,0.134098474551881,0.160567237818298,-1.16022410520723,-0.0403078438386926,6.1770144995983
0.120578829380561,0.186584982997782,0.264941468300784,0.184411583415731,-0.251758404840595,1.53131701517876,0.481968820618903,0.168123339767733,0.153946311989929,-1.17670349407535,-0.075569787842115,6.2330897196897
0.0509829245902133,0.198219365710504,0.259655850972597,0.204195788812784,-0.267840741121801,1.52679383799417,0.489881491850306,0.155051975227684,0.163078745432717,-1.18034594565822,-0.0435823516926856,6.14669451418892
-0.0146591986689176,0.229447429819517,0.250145208303874,0.208613830229309,-0.29441123208689,1.52601603320617,0.485277234505454,0.144192714199667,0.172661470153784,-1.15437696884577,-0.0610308676517687,6.14701530489404
0.0465858422917248,0.191648140127254,0.260078947218437,0.189314697276745,-0.254270095302285,1.5178780226058,0.494152711738385,0.165746635331246,0.150585198448181,-1.1556439932265,-0.0529006714634727,6.15956814306868
0.0851460364005747,0.229921707868395,0.257912786302384,0.218956559461965,-0.282262272314959,1.55438764132037,0.473093969614172,0.128112114239701,0.175735759935135,-1.18297293861115,-0.0366628261897208,6.19120256797495
0.0132554264527456,0.215071723967331,0.263423965145742,0.191972284276853,-0.282393086289151,1.52515973372544,0.492528781961983,0.146662699667626,0.149170883377,-1.17605843836586,-0.0758278109428294,6.21541813577158
0.132103686979316,0.208526896823981,0.251586000770928,0.210341285575375,-0.271323567835769,1.52829863143938,0.47999178764448,0.176351277262338,0.136290671311106,-1.16622104206617,-0.0336306831321779,6.13588211293085
0.175227225867039,0.178904062567459,0.257589604727092,0.183731457411997,-0.24156242866286,1.52235217698629,0.487822318532731,0.165986733154574,0.14257122656405,-1.18721276901949,-0.0567245041208937,6.22519910571362
0.028372820153749,0.200112933832113,0.263034751539167,0.195839876070271,-0.258711685859228,1.5112359771221,0.492802016178542,0.162666059967348,0.167187675662471,-1.16250586016821,-0.0716592426713573,6.17689819584412
0.12966741326865,0.220168697550862,0.263518494138451,0.202983964987323,-0.287988037460426,1.53989470705783,0.478221147671419,0.163366850793338,0.151479000692998,-1.15958130706907,-0.0564471633182231,6.19935808295582
0.165028294846823,0.217873987770568,0.262054751827087,0.208981339317664,-0.282052542177483,1.51633001293037,0.477822796971679,0.140669822213658,0.160424431395848,-1.15659722734728,-0.0546173981636665,6.19288483182989
0.201028427650721,0.194354136195457,0.258251080333666,0.195598201820753,-0.264979823921308,1.52020188129447,0.488784205252228,0.17217918650011,0.153188850372058,-1.17846875209552,-0.0404659194970393,6.14202402264086
0.158775887591825,0.186430022236329,0.270417257821441,0.186833706471468,-0.2602543148306,1.52748686051348,0.489164538238588,0.181651697750914,0.119458188759437,-1.16788187482986,-0.0728510905889818,6.21840667557831
0.0546103724621949,0.189173971986127,0.265833658565141,0.193801939003658,-0.250356550901581,1.52928117091521,0.502576464469673,0.147881431306767,0.124419134684358,-1.17257957977332,-0.0565030079327984,6.19228477046447
0.110616659157023,0.194336530119714,0.263101275681875,0.195746089344548,-0.255885750363247,1.52967614427149,0.495835288172275,0.161623529673016,0.130127362588201,-1.18725838313431,-0.0510497819881437,6.20158422386232
0.0542777793059378,0.196695694879453,0.257906992526207,0.186879990462099,-0.265688381272925,1.51928853010961,0.497752106372943,0.145956384892707,0.147039648082527,-1.17382657256339,-0.0766359389993074,6.19616848193657
0.0789658490795578,0.21267854903898,0.257008878298024,0.206886111885978,-0.270689292142512,1.53823173170551,0.478688880915658,0.150450401361243,0.137788371590208,-1.16854417022586,-0.0427477461974311,6.16005708622717
0.141935518471178,0.213778968523002,0.263701360508447,0.198434532711056,-0.265700182008404,1.53644128454919,0.483839181062444,0.134240367203401,0.15720529780767,-1.174921533445,-0.0645580603460813,6.13911251521402
0.0364222055143317,0.216410211160593,0.256709273792333,0.204804868471783,-0.28231528565594,1.53335791494935,0.495363922685622,0.149738030727934,0.169351604996653,-1.17568586055888,-0.0455055118510642,6.20256608092264
0.114486489322493,0.212205762832815,0.263932503145291,0.207191966550664,-0.270477074318404,1.53421992931747,0.479084655715179,0.144090602653079,0.142845514367192,-1.17983345761565,-0.0487220825481399,6.19841943443866
0.162722042003907,0.196466508932937,0.262346990858358,0.19558919389225,-0.273488443992231,1.53030055494687,0.48304469902957,0.166961375243695,0.142318832790711,-1.18043041051719,-0.0621995022920301,6.19184033000432
0.0979812248278891,0.208651086004914,0.259579489185334,0.210550293512114,-0.278419518535114,1.5295483541945,0.488713000260288,0.157023640743523,0.138414871060634,-1.16857957307136,-0.0364061909542569,6.24513196495841
0.0707998729583757,0.216899145577509,0.262283860339249,0.215078536151039,-0.294416091227516,1.52555281459516,0.495066570994877,0.122255616092838,0.147588712343218,-1.17493334914323,-0.0303281153306675,6.20979763698867
0.0931168504440315,0.21582274490925,0.25520457422127,0.210945890828205,-0.279029458057901,1.52769979663854,0.481676868218363,0.167717614128699,0.16053855924886,-1.16050760886773,-0.0478415111799973,6.21308864213334
0.121655323986726,0.19083568768834,0.263274880585284,0.197214342053857,-0.255344417781139,1.52886854712561,0.475952621545599,0.166080840133809,0.122855880671175,-1.16944546061539,-0.058361585790134,6.11708028642169
0.13702544675999,0.182513219025328,0.263203375435853,0.193224826416082,-0.25878594668977,1.5232500136689,0.492305744064383,0.144723736929386,0.165633899736136,-1.20776734156431,-0.0438459903064936,6.16285657947059
-0.000903746301039366,0.184264433662396,0.260429929406617,0.19368229447742,-0.255037863946098,1.52401874575102,0.498152929478759,0.150691996475559,0.15722012231195,-1.20161813816021,-0.0575364452753946,6.12166587263311
0.131733730435019,0.21089705858301,0.252183355350178,0.210793591671522,-0.265291399042848,1.54100308400327,0.482947231963196,0.174623474539153,0.155312624075806,-1.17315728768249,-0.031710775844232,6.19177431944369
0.0116107737319228,0.204365468109841,0.262463080552732,0.203396329715864,-0.269819500104134,1.54030295311477,0.482966934635644,0.162523806726976,0.157498722822033,-1.18111619821696,-0.0475778170865542,6.13770889805209
0.0574862843972932,0.191769063809779,0.258124039226443,0.200747398366909,-0.257059417605243,1.54216695072103,0.481998503429963,0.179698703606787,0.138562777835876,-1.18176649352279,-0.051309890295626,6.2178643541014
0.0711506851272901,0.19615558350469,0.257927872611406,0.198503391580988,-0.270498656912127,1.52824929780907,0.481838540241999,0.168502916124894,0.135559055560403,-1.18626253139982,-0.0508359638313148,6.19062092808888
0.132859284445609,0.212858975258084,0.257925152329598,0.206566814983777,-0.283036849274345,1.52503325347855,0.489148052631748,0.160211721017572,0.147095954540747,-1.15177301116124,-0.0510900073296277,6.1572494124928
0.126602085114326,0.217795816124829,0.249845539652644,0.204578467174946,-0.284250210027951,1.51858164170557,0.481720575119496,0.169200307349187,0.132322870468996,-1.13437019891923,-0.0588217011931969,6.15455713020344
0.185817298367295,0.223621185082034,0.268746420100198,0.221676813723717,-0.275185367533299,1.53164129635466,0.477337517691973,0.149583845059611,0.131143111013235,-1.16437159245163,-0.0206351378198536,6.16557198165233
0.0668302136423158,0.207261053076549,0.26854261356721,0.190358127646092,-0.272669299983638,1.5352399013216,0.488675134274476,0.161737277838906,0.141644384222888,-1.16970690764956,-0.0654760731715339,6.2111955343205
0.0286390421999446,0.219469633430194,0.259775475455975,0.200704418559685,-0.293512546753484,1.53913674593723,0.482465650345034,0.156475467484302,0.140836738022116,-1.1639351060696,-0.0681976802459124,6.18482882095454
0.0557187240317762,0.176671644389643,0.261522137040146,0.184343730172433,-0.242616520574529,1.53762222638837,0.48905505235012,0.177869185779171,0.127545881610935,-1.18782047900335,-0.069152308780859,6.14360147043386
0.0012700870286923,0.206278756324589,0.258207741755164,0.205142967189008,-0.263989529446956,1.52086847311454,0.499343553192389,0.17962002613723,0.186536925315476,-1.16517593656153,-0.0518118606582833,6.2229611158458
0.0849177632557424,0.211288643544325,0.254000379057978,0.197785106888353,-0.270356678009295,1.53705833486195,0.487246077291459,0.1728783098424,0.128544503111563,-1.15294126656387,-0.0584758190476477,6.1684241109454
0.150133827577039,0.200413641470523,0.271583808203539,0.200342645066689,-0.262909252650113,1.52751214871541,0.474484025356582,0.157711585763628,0.142419369648177,-1.17229813374321,-0.0337064879270372,6.15831785928657
0.135467018893862,0.219229590069664,0.262190079579894,0.195714972785486,-0.285935884333706,1.54135970602497,0.47437022312413,0.159814810180456,0.156994436811037,-1.1671825755167,-0.0682763017317691,6.21765114386993
0.132771994630219,0.195685937630309,0.263277243885953,0.210242638193929,-0.259835422054874,1.52439985484371,0.483634594846646,0.139445692184969,0.157888626304479,-1.17953055248685,-0.0362106729575618,6.144517180316
0.0819556168518611,0.18314165001633,0.261487522399093,0.195513396146524,-0.237764339113038,1.51340530887938,0.486100884655138,0.155892970689212,0.165167837971257,-1.19368596593148,-0.0487894358525838,6.14795995205515
0.017935502249036,0.195306843068205,0.267265121723313,0.191666397640317,-0.269012057428316,1.53391280388758,0.48296970172453,0.17649420766983,0.145718651152195,-1.16147516183404,-0.0537286576733727,6.17768104723788
-0.0184756350330166,0.209312753964702,0.255007003339292,0.193779598472058,-0.272760939351203,1.52927898750579,0.493875126547256,0.151938796137598,0.163374083092311,-1.18602995578106,-0.0755750647819443,6.18357146269737
0.0901728309787434,0.196351830056193,0.255998586307742,0.190727219130002,-0.255083454862506,1.52883010673265,0.480075208645417,0.1867474032063,0.145192755002649,-1.15433317712465,-0.0649905435646638,6.15508462842377
0.0699232947530644,0.207214902907079,0.254333509001916,0.197380086206323,-0.271032653316659,1.52519148784392,0.481245988708371,0.158940742729546,0.153615188092012,-1.16007336748207,-0.0543936093583575,6.16233293568055
0.0924005636084747,0.20115176615566,0.260846683069283,0.199442058843604,-0.27134253407445,1.5260038566911,0.492968672013816,0.139872949337214,0.117810734001876,-1.17700171480578,-0.0469344307364684,6.20661016753319
0.0481558857648382,0.18062269205844,0.265945543195214,0.188766830380147,-0.247410755374246,1.52989523695622,0.486880565604967,0.156427124696547,0.164242417400825,-1.17568350431813,-0.0585812365137954,6.19557454614114
0.159361670501951,0.201158534950751,0.258766206296358,0.207003378665685,-0.258619201894117,1.53747931496621,0.480784089654719,0.172625880822527,0.134076904896274,-1.17126682582251,-0.0368429698658367,6.1638179959155
0.0294616329341752,0.226698634906805,0.263700906173918,0.202943307719901,-0.27585285291389,1.52728284126236,0.492450718167274,0.159828834185898,0.151954735931534,-1.14556985271872,-0.0730476314832513,6.24473105338312
0.0496267126057234,0.191417060530861,0.26464223879957,0.193805241411919,-0.234189044715526,1.52821622465139,0.487900831229328,0.154177625646009,0.143244189810611,-1.18738293237554,-0.0674359670583454,6.17678154649974
-0.0428681813599847,0.182005626748933,0.259342003276717,0.187987283624847,-0.256048226725744,1.54658349025255,0.483955543062911,0.154462033899418,0.128714476616347,-1.22654273939402,-0.0599661333378076,6.19866241625416
0.0941128080423721,0.214414740588975,0.252122368138451,0.200651515357891,-0.268819367020802,1.52150318674817,0.480394499605623,0.156461940865848,0.16911642062299,-1.15682180094031,-0.0583852103248577,6.1466299413858
0.0334119102965569,0.206780385812349,0.262941571456225,0.219438064075621,-0.262721569434481,1.51171261069982,0.50596930126231,0.138501179626665,0.156347840625524,-1.16162810173692,-0.0240298752611833,6.19307963680211
0.0949524276773863,0.224784454924188,0.263098643554732,0.214193080779545,-0.283894570847971,1.52974013035264,0.486308376008709,0.16833343005498,0.150996365455037,-1.15633416403293,-0.0498829749628563,6.20093016161571
0.0471328314844158,0.201604303452693,0.261491459019374,0.194414231962013,-0.26172661862623,1.5233000111664,0.497640706255675,0.156097270215931,0.159662322479954,-1.17261445889169,-0.0470809100474373,6.19513137907594
0.0655417721221903,0.225320890996346,0.253739849409413,0.226436502975237,-0.292005778807047,1.51050416983881,0.500163897675775,0.165576982663811,0.148890537601878,-1.13187072710525,-0.0195943483592309,6.13355935502762
0.0409391356676443,0.197906216232587,0.267981079948051,0.203409944201125,-0.261539874681994,1.52652774323741,0.48208310346211,0.152269599384983,0.152152923281771,-1.19164113750947,-0.0414386381603402,6.18929307339441
0.15397712345869,0.188007387361696,0.26863915317176,0.193943299758581,-0.259036465669728,1.53618286435935,0.482252918351429,0.161046174793601,0.121016827425801,-1.17142424402811,-0.0587660412106961,6.17085554473505
-0.0246475236517392,0.207147397725633,0.262109556342728,0.195735107326307,-0.267823958526631,1.52341760650932,0.493846266659771,0.19317221449255,0.159797385563079,-1.15314172266426,-0.0610193255322429,6.15296392004799
0.16562816625213,0.180831516689905,0.259720350792521,0.187938747913631,-0.256931009291517,1.53274496882137,0.478234044297357,0.155164733442438,0.134632110857635,-1.20561905001018,-0.048377254507332,6.16200263580633
0.0457838810659768,0.217365354824958,0.261692891578191,0.202859057892994,-0.28477854573621,1.53195823246172,0.48908251119808,0.186974959341802,0.157456597861706,-1.13126714861506,-0.070811931152294,6.18623790846342
0.0116873046045119,0.191684401225293,0.256809742099176,0.188390870755345,-0.259742035877568,1.54163680238573,0.478546717329285,0.178177185201963,0.167325343448926,-1.19694729361988,-0.0557289395076016,6.19522919383967
0.0135871022786495,0.215514976603931,0.266131479135411,0.217848860210422,-0.27809787951402,1.53810733372369,0.472772127653318,0.153183460812906,0.162274925300617,-1.17314690422439,-0.0415407720028792,6.19801978440212
0.185438200447203,0.207831962727083,0.256802217231924,0.203746312338162,-0.273553134240466,1.52297214809829,0.478903575849043,0.14580427499662,0.158230703262587,-1.17339461151391,-0.0482430615648103,6.18226867366746
0.170606481019252,0.205979022750058,0.256641490049627,0.213610864853648,-0.267126451654898,1.52716786247162,0.483421306556979,0.146205197419009,0.144068753373561,-1.17398172308335,-0.032006617361709,6.16797686045681
0.0410724313511035,0.176600358840789,0.262250468746084,0.190935022308716,-0.241026153051434,1.52554511616152,0.495452988739788,0.155200424479103,0.147507594885009,-1.18512456631831,-0.0672257975786981,6.16672596089755
0.152023751063982,0.194924319322479,0.262816760750474,0.197005265644978,-0.272410641181841,1.5253195092663,0.477549205106086,0.154233065664109,0.139055930688033,-1.1793615954488,-0.0412655081610793,6.16929055060731
0.0970083275130677,0.205481331060297,0.26120450502955,0.19373272445601,-0.272628473495753,1.52556448299732,0.489463085753095,0.148266082649227,0.135628738168747,-1.18082660442457,-0.0670751361530057,6.17740617078407
0.0704657570908893,0.22854857002355,0.264020086916094,0.203327154954062,-0.29562222794631,1.53957254683486,0.47761756820287,0.188974442351095,0.164882789706589,-1.1469846970779,-0.0546917608465785,6.21839271206938
0.146860590387463,0.19014582474325,0.261363987720448,0.186050367816022,-0.261660426523978,1.53216618956028,0.47049497321539,0.149023238141685,0.148425785522971,-1.18023576199095,-0.0510849707127655,6.21078962620791
0.118184985503087,0.221720874250394,0.262887703385317,0.219782254613277,-0.291364328278957,1.52801046581676,0.486054212329056,0.162502256528446,0.155291874675812,-1.14377136848648,-0.0284514990866666,6.15539110453466
0.0749252218340033,0.192115523493555,0.272905185635938,0.207268133289223,-0.264678398807522,1.53547375125365,0.490267688570949,0.161856957773499,0.126681000345925,-1.16870412794773,-0.039186421195351,6.2580845460244
0.104843765122199,0.193948707634675,0.258137615567605,0.194745368350718,-0.254108144651789,1.51653137889103,0.478501074012417,0.186081202298195,0.166979229728762,-1.16142851926032,-0.0530376705810012,6.18787306048769
0.079376803299697,0.22607436847013,0.257441851828712,0.207314528180622,-0.293532460987547,1.53873734842323,0.484440395276015,0.163052166445187,0.148260152939393,-1.15855324215727,-0.0520008720680941,6.20451792320503
0.147240017038339,0.214800765738661,0.257188083124906,0.195212685088475,-0.291509126485114,1.53118265294548,0.476008898998351,0.195337192983634,0.14861176696663,-1.13864049046806,-0.0611974445733856,6.25094088256549
0.184873497718061,0.197307281119814,0.256203608344176,0.203328694477217,-0.26839026397275,1.51604307348188,0.486274703148111,0.14418357051314,0.130647383957189,-1.1734175956034,-0.0448548624858645,6.19770742577391
0.0845169556246506,0.216933797112141,0.257652516833944,0.207340499744329,-0.277526373966009,1.52522767886848,0.490204104983322,0.167455351894586,0.153468255645493,-1.14143290893282,-0.0464216988880481,6.17739430180544
0.121634305281082,0.1903731478279,0.257980309640343,0.190873233364524,-0.260105574903186,1.53366840111355,0.481819391368773,0.191489350328072,0.121192508457957,-1.17076284395497,-0.0605179783911036,6.22176353590981
0.141129095966584,0.220255535495109,0.257333461770963,0.199630001590655,-0.27700727083519,1.52679076790288,0.480275765590909,0.170711393516502,0.139951416288919,-1.15202664559901,-0.073520931404093,6.16014480540961
0.0777580481128267,0.18226918988007,0.255620242465544,0.183167391551454,-0.246700830436271,1.53044023778155,0.483229064444321,0.174185126224926,0.142080381982296,-1.17319268254009,-0.057360028574567,6.20066095938881
0.0186458861091132,0.241118963755769,0.260043738444997,0.223543784989204,-0.307770802501786,1.53369784274305,0.485623319167178,0.117664266732036,0.144288935665849,-1.16697060399721,-0.0358005632004375,6.14038795803486
0.137339976610491,0.197626199607044,0.26465346520228,0.182014893711654,-0.270690341174948,1.52811955126921,0.480277349229017,0.176759382871318,0.165093175168212,-1.16984152229919,-0.0803108970683133,6.16110724465918
0.0720407786945938,0.204737411405515,0.259721847456523,0.202423195794333,-0.252357103381179,1.52181948845913,0.48698257038009,0.166741378415629,0.145581790348897,-1.15975548943003,-0.0546168414855406,6.22801715847347
0.1316428109668,0.21389883835229,0.249876721453227,0.209270793127348,-0.291701763930653,1.52425245192445,0.494333776334595,0.167681466030983,0.122187451299889,-1.15795047866263,-0.0549836065777528,6.14653883756862
0.134130023322378,0.230717416105553,0.265105861623065,0.229288979081699,-0.287665320890543,1.52427556960051,0.494771467142593,0.127917302104166,0.136431524721028,-1.16433438964601,-0.0452578444656426,6.15996481897607
0.124456889296286,0.186422055231965,0.260193740980653,0.181118991557796,-0.251287707175372,1.5176876335357,0.505210239024643,0.155995494488033,0.134901476338615,-1.16847685088085,-0.0702444954359147,6.1695034360282
0.105947736924359,0.202929992701692,0.263062208952727,0.205445652700896,-0.264817351763956,1.52585264900971,0.479718513271258,0.148474417489337,0.140909950977944,-1.17462772008745,-0.0474665250697647,6.2157215756197
-0.0200577204137052,0.199401046934461,0.259826196216858,0.193158986887891,-0.254903585949623,1.52270618590073,0.491711227445647,0.170889590353209,0.163854228604214,-1.14545077392065,-0.0681131691496303,6.15359211252883
0.0273156511641605,0.171891414593501,0.25942010695305,0.187235414857369,-0.25082187773763,1.52740881183039,0.489423900765547,0.154229209055159,0.153292492722563,-1.20269195223373,-0.0499176239948877,6.17647261019132
0.0541388957360328,0.199348543247712,0.261152565268628,0.204748173094859,-0.271525253392861,1.52219824651393,0.495575167803662,0.169984658079778,0.149007693386947,-1.15599007609535,-0.0604039288058054,6.17668376938198
0.0206551583126767,0.191226234248609,0.259021982587575,0.191757756062689,-0.256892663157738,1.51721301094236,0.502762911210898,0.1850694306123,0.143145935454677,-1.16289108628977,-0.0553580793135967,6.13973509331741
0.0332594630516823,0.212046177078702,0.264267056872314,0.210240399851825,-0.287119471947442,1.53389215496862,0.480989317911875,0.137184187594616,0.149583342628859,-1.17837261062412,-0.0302519468824058,6.17972132624266
0.0197231015566214,0.221113698511168,0.259024569010766,0.198161342559441,-0.297262091336517,1.52728994271007,0.482778800878386,0.191942141869604,0.142030345031556,-1.13090027476363,-0.0759008326715411,6.16330844143584
0.0559423427345346,0.213834598978447,0.263037195695672,0.200443074086231,-0.280595539795175,1.53826506355439,0.485484014339713,0.146043095363166,0.1824132789022,-1.15969796083214,-0.0531766133176352,6.18922237163301
0.230746427269385,0.238862529763181,0.259710281101192,0.220652503223559,-0.322448232296201,1.53091757025981,0.486685287304574,0.15855588897878,0.15139256019775,-1.13918720065482,-0.0394389136958487,6.16000081558935
0.105422111461408,0.213185344621746,0.247669281113149,0.207863740692196,-0.274667744186427,1.5275527416044,0.496850418387237,0.156359427393623,0.133550868242568,-1.15907387099765,-0.0479427488370922,6.23330629456497
0.169748405050166,0.23182938340283,0.261396079675008,0.194831290926269,-0.296642180783963,1.53171726775111,0.475585288595904,0.189362025287884,0.158319981579796,-1.13464213129658,-0.08185422299152,6.14274020344247
0.0671619947639482,0.200737679854445,0.265238179857837,0.198124120658154,-0.261890599484272,1.5328799218718,0.469677207448111,0.172903554181085,0.146111130155149,-1.16925659742913,-0.0539392381823732,6.15140597777433
0.112256489824891,0.199732691298638,0.257727495784273,0.203703561350704,-0.259575812990105,1.53610480730241,0.478383310164658,0.155376524098186,0.158869956651484,-1.17684080534259,-0.0455759789032695,6.18935921225418
0.128842613668181,0.21357453345993,0.25733234231841,0.194086927644857,-0.285830983254894,1.54472381455492,0.486557692073869,0.158784668056469,0.152134757279382,-1.18070551253701,-0.0556837613123635,6.16706852534931
0.0713478723974066,0.209558999813135,0.254982421272169,0.19731192972025,-0.27776284451723,1.52502949580145,0.479832799026058,0.176946697473283,0.162507145625521,-1.16411880628138,-0.0796976309739779,6.15875413669924
0.0417985933103667,0.218100208553335,0.266686941919757,0.209217413641535,-0.280083543844423,1.5338155258906,0.486294577672602,0.149846939679427,0.139413485853129,-1.16765488023825,-0.0645595925340133,6.13684695750863
0.0505011831459519,0.21683168838889,0.257282213871457,0.201762188031584,-0.281018835633838,1.53094456649899,0.490442609273257,0.162431166432939,0.130929595411669,-1.16620098873122,-0.0452263911254735,6.18339629335306
0.124367578724165,0.192196201616345,0.269227701502105,0.203171971367872,-0.264334573224293,1.54169440773598,0.48048395608391,0.132905791503926,0.158797821644568,-1.21587002020138,-0.0535190855720608,6.18962323156823
0.180407547379064,0.212832808954045,0.25659164834199,0.209054293058337,-0.279777216484042,1.51971622421537,0.480470371483871,0.171687852145436,0.157766202948208,-1.15476759827699,-0.0504462877827523,6.19134277443284
0.174059778831633,0.190272226490755,0.263348769457334,0.193529049600955,-0.253122775351312,1.51633900343042,0.487223317871547,0.17837241332439,0.141943329995863,-1.15921913836028,-0.0379724763855433,6.16585018092349
0.118492932929652,0.184372341396968,0.261145008104335,0.18784198890072,-0.248604007135001,1.5260449188951,0.483951962451371,0.149710672381627,0.130884916442885,-1.19868095194174,-0.0675796093279958,6.21700669719257
0.0651539887742779,0.187768463142266,0.259812835350192,0.187569281680656,-0.241716650815936,1.54082735817501,0.489737469771171,0.124399673023943,0.135706685848596,-1.18880316885651,-0.0481214101698047,6.08743687122139
0.105030077472679,0.211782717633338,0.258903024433442,0.212443055779502,-0.283829969472645,1.52784372420187,0.484398966878478,0.154868302073586,0.151215037747186,-1.15987675885807,-0.0382375647368937,6.18684373587157
0.0151027097275467,0.200765629243315,0.263838100646458,0.193755619102321,-0.264188805546905,1.55043789015636,0.485524661291296,0.188799229892348,0.141595529691576,-1.16706591003625,-0.0653918693696546,6.18020691180072
0.0925824611847944,0.204329429500914,0.255433893412495,0.193223271732903,-0.252283569958722,1.51994890762688,0.497659392096698,0.150826031099413,0.153791158466099,-1.17795773052279,-0.0498102981451361,6.17196717799119
0.107118879744783,0.203734746908159,0.269102771782376,0.206019173515926,-0.272560762976869,1.52993750213088,0.483251471973874,0.161719614460099,0.151362450869204,-1.17534074594742,-0.0394503237111477,6.23148111571114
0.125979980962529,0.221559998695149,0.260490331702659,0.209903067954942,-0.281765866325925,1.53173180115081,0.483259966378958,0.167018555949632,0.14460922970747,-1.1539518943594,-0.0449049521842573,6.21762188667883
0.0321260664384193,0.177843969512455,0.263818671951379,0.182841761340016,-0.228476576642397,1.5256439536879,0.493571680979598,0.163040374560022,0.153831536687361,-1.20414345563832,-0.0562752808244287,6.15145185324885
0.0490974496314672,0.21269557849713,0.267727232981828,0.216226320186079,-0.282362916336888,1.52872669670109,0.475883494091306,0.138795680415151,0.174730273387466,-1.18167729201484,-0.039047942118154,6.18088689819503
0.0468837927630644,0.19708549174793,0.254950454446245,0.188547034910029,-0.256932416397259,1.52331937982876,0.485375533763429,0.166956652963973,0.132291065494655,-1.15712675468179,-0.0613153409952426,6.21802347380671
0.0498130462568432,0.202529598057231,0.263991170645709,0.194122715059802,-0.258013615481656,1.53935721567062,0.484615582142516,0.14345971872467,0.14866239419509,-1.18837252795638,-0.0537610926650746,6.15359736169067
0.166046972552713,0.238649578929632,0.25883590272579,0.22343072739482,-0.308076025245357,1.52796155028492,0.487420864613834,0.179185734069772,0.174569201274807,-1.11804465239674,-0.0373142295599367,6.23728703608202
0.0819904863721056,0.203973286633361,0.253653399400524,0.200685262981075,-0.268454652920722,1.53562061710069,0.489747692348939,0.151688203998849,0.135230051835802,-1.17810953635111,-0.046921458783999,6.22397321958469
0.0792228559042792,0.20239567041827,0.25693401213477,0.196204330955872,-0.274531159436311,1.53603753534318,0.491141144389372,0.150451440727146,0.139026388086363,-1.17106245882565,-0.0461767307166461,6.17738857013327
0.0888150114512113,0.206542613370917,0.261836674958598,0.202199243184106,-0.272681414389312,1.54498408939006,0.477398195073827,0.175317058358734,0.151172731536062,-1.16936946237403,-0.0603613757152255,6.15929497948526
0.0405804545286146,0.205763205600444,0.261690068144782,0.203168205343055,-0.265781185989316,1.5222929401525,0.489112371944771,0.15611098764244,0.149775565444544,-1.15594452056577,-0.0604515560222443,6.1236686205431
0.117501283346538,0.192681805489268,0.265628423867139,0.199000532326526,-0.265104656452073,1.52171925584599,0.492072561364053,0.172225101864352,0.131221116078482,-1.15249915321414,-0.0434645452690038,6.1598155551004
0.0631961079802043,0.19542171240162,0.258700232281418,0.195033812131778,-0.265886662444541,1.53361268948397,0.479074552746788,0.165435775875718,0.136699271923476,-1.18434247237368,-0.0608217658261132,6.17543360119782
0.057483336451297,0.19205587779603,0.263683734985764,0.199740785450771,-0.262810320252274,1.51704185751244,0.495556868507229,0.146081201157781,0.160773101585818,-1.17292767420751,-0.0592269155932243,6.17481454653562
0.114698158663867,0.201878216671501,0.26008267997802,0.195361085619092,-0.279716352124003,1.53801378770764,0.487367674636313,0.146717475580684,0.139254770273618,-1.18691126855501,-0.0509096267038711,6.1993308230033
0.104790018193852,0.207892631085201,0.251669876314299,0.194514517816643,-0.267960328486645,1.53958253995449,0.489061788423224,0.165589766156168,0.156288506274414,-1.16557695369943,-0.0663465192957704,6.1675997284932
0.104287162216423,0.199059085822176,0.262575427693619,0.203316085716859,-0.260335066619892,1.51615966966923,0.486409083755549,0.150374437700285,0.156387899694645,-1.16771487859182,-0.0513330089935732,6.18399399875988
0.0739450304121897,0.206633173977357,0.259627442207863,0.207596418773268,-0.274725789662247,1.5468373218797,0.480530137299238,0.168339906848836,0.157295605733564,-1.17764397399993,-0.034352137225243,6.21977719347268
0.104573287459313,0.2176708044351,0.257560566642296,0.214734566258472,-0.28821228795663,1.52536703278027,0.477078485459941,0.163743893796979,0.139230721436269,-1.16046340528512,-0.061708711474302,6.1594623959631
0.0416547168516762,0.205207534013869,0.261114444288671,0.205431899291774,-0.267230399086565,1.52616370740225,0.501227212208715,0.138451948219445,0.135806655358591,-1.1744441182387,-0.0441525997846309,6.18604841895482
0.107664627081216,0.192093951268881,0.254891120892333,0.197799447415747,-0.258061991509079,1.5173670906087,0.495579947015358,0.149372085906423,0.161251811541031,-1.17114143292717,-0.0598025661576305,6.19588425592104
0.143487764661895,0.206924490821662,0.264528479250282,0.198416802492062,-0.275351100930065,1.5268059958996,0.477135207627852,0.154629816216838,0.162187884825184,-1.1759933545313,-0.062575655297135,6.17100233344914
0.0990744153261255,0.210507637678906,0.255051856636829,0.189350778041005,-0.287504578155025,1.53770699220859,0.477655597169114,0.15166884285521,0.157860824530204,-1.16133069108964,-0.062836620666189,6.15062302296342
0.0429119405563174,0.237575304346203,0.259424597936355,0.217376334121932,-0.298148815330403,1.5372934331776,0.503848129505235,0.169359573990296,0.134726843939636,-1.1419122918332,-0.0608642647513705,6.1736124705823
0.122473618875905,0.205182668410437,0.26705876439122,0.204750819826213,-0.268310585138005,1.53747292624273,0.471355614188804,0.165492733078778,0.146598525206971,-1.1692238536264,-0.0486325669995309,6.17168542993661
0.10115010256051,0.211297363160862,0.261967094061278,0.219105083107113,-0.269658313021485,1.49839423001543,0.499439236067223,0.17524937399842,0.153403883633636,-1.14652814944489,-0.0399588676046213,6.22369684873018
0.103938182274223,0.214538928102289,0.267928433207004,0.202186701513768,-0.288525262030197,1.53419480501764,0.486988891243794,0.149937150570123,0.125337668527378,-1.15895744816097,-0.0623444686195562,6.20935428782883
0.0927861090057237,0.177387907641146,0.253507458816622,0.180586442169736,-0.238286525792759,1.52383559973803,0.486073142169458,0.168828428571386,0.157367603692402,-1.18387676814348,-0.0603532713334512,6.10883314134782
0.0185217459091019,0.207214496532162,0.266407869853438,0.202451575834698,-0.277094144798754,1.52470304425197,0.48241685443625,0.190768870091999,0.155165321290695,-1.14574295730208,-0.0521059668497614,6.20063817469761
0.0602483278929951,0.206238798061262,0.263481443383735,0.211978146150476,-0.274986373910619,1.53123088132076,0.487250610613006,0.157632722489004,0.163970982532213,-1.17094104487711,-0.0307851822914763,6.20403108613027
0.169126076562843,0.245800094767034,0.265654674777588,0.222458805741598,-0.311249723705545,1.53993600725416,0.467523953949286,0.162339544739392,0.161357234111725,-1.13646247220926,-0.0472337937459136,6.16956074995191
0.105475558263755,0.217782115823557,0.258442843063776,0.198637543271765,-0.2819183798652,1.53054924813747,0.488623290292994,0.159481226330483,0.148032057601787,-1.14445255314039,-0.0654553081624227,6.17520762205189
0.123829002287717,0.243486358959158,0.252375632775247,0.221723702997556,-0.310123304254242,1.52029289840525,0.493811814025777,0.180430717780212,0.134295383051393,-1.1263458020975,-0.0435679820720564,6.21351481736196
0.0430844287709891,0.204183512770128,0.267717370238267,0.191682078849965,-0.269346421539709,1.54334033570404,0.487463948100736,0.153204739455827,0.125081035905099,-1.17705668253796,-0.0710420996619666,6.18390232416426
0.0875269950793277,0.218419452049608,0.256753671709306,0.204442801680143,-0.278109879280754,1.53755095156687,0.492781701232268,0.141643456450323,0.116666843615185,-1.16703629913965,-0.0548539980998014,6.17051368223761
0.110636773300797,0.185005821974108,0.265315859846214,0.177038154978564,-0.248334163272261,1.54952360940418,0.465142821828601,0.185273045811154,0.114434109317104,-1.17152825704473,-0.0642351509668368,6.17739416993227
0.0708613688412567,0.216167955616053,0.254836797377418,0.203994698893534,-0.284033592098026,1.53598307717712,0.489512337751191,0.135915597994432,0.150466538867241,-1.18725762109677,-0.0478952472475502,6.15593242162182
0.125623323089721,0.193973489948976,0.273440360715847,0.189105578416426,-0.256103361758092,1.52183318707127,0.48494957984014,0.160957290754581,0.137475409177663,-1.16741957472991,-0.088313934958707,6.22687120748316
0.0882655839027186,0.21762951216022,0.257997287174018,0.204896897730491,-0.28082984986117,1.53404088419344,0.494040255055375,0.148239889065655,0.142252528626887,-1.17233813535689,-0.0588680464863774,6.16590736940093
0.0246087853854441,0.211202058304518,0.270437554049578,0.200163111561029,-0.271928742684136,1.52589000354032,0.491710346341508,0.139129558281661,0.134605512726945,-1.17570180907191,-0.066926156393953,6.15897867172416
0.127263572567092,0.227588780581412,0.260151490577492,0.218388897185008,-0.280204103048608,1.535905990309,0.488761380085199,0.137472352679707,0.145035372197904,-1.16596621253286,-0.0370095370939334,6.21562477404603
0.0972719266421143,0.18307758323289,0.259699021654591,0.195532274153695,-0.240954148291047,1.52300327983945,0.492578349617543,0.159756818667141,0.139747042535905,-1.19818402595467,-0.0288656673768456,6.16412308787525
0.105986109645078,0.197907564855993,0.261038160729633,0.199340602736935,-0.255401664628195,1.52276372449477,0.49461177442919,0.151521757102277,0.129579478457654,-1.16783101714777,-0.053363939344861,6.1691693520174
0.0861229548720117,0.225583621406203,0.257927340726427,0.218828142262684,-0.289105311341118,1.53561843945505,0.480872080127766,0.166478461650171,0.15298548211021,-1.14471452492569,-0.0397800745835942,6.1756519834947
0.193779847910153,0.179558406793642,0.260950036143902,0.18649482717889,-0.238629974497092,1.54257831714586,0.478554533506763,0.160451920050348,0.127927239902498,-1.18641274918128,-0.0507725976621527,6.21224105639832
0.0657145198381683,0.219022281067979,0.254813501560203,0.216074301055095,-0.290983819938703,1.52093749636758,0.481124733460857,0.176395829385525,0.15785645785892,-1.14056474945364,-0.0501948761322577,6.171890386784
0.134825006254559,0.202546850685134,0.257182782629467,0.206303597985296,-0.273988749663048,1.51231485077201,0.492765375520313,0.170127678400199,0.132963076062598,-1.15825565545433,-0.065029740878725,6.12929175067495
0.0884880445881521,0.223850159628659,0.255348184877294,0.208233997833236,-0.296342033356481,1.53610450006911,0.49813765727956,0.132573165118332,0.151401586520073,-1.16430223644714,-0.0469536586004644,6.1757463603922
0.118099917040509,0.201550635928258,0.263132218950829,0.191613215855423,-0.266483295641769,1.5398814624503,0.475341438966113,0.174950260024627,0.147517932249234,-1.18039837181431,-0.0621498204393183,6.18646811029055
0.156473744462131,0.176010778493028,0.260535484022625,0.184253134836178,-0.242745756073246,1.51773526643964,0.481455104041702,0.183029448120866,0.142652362953441,-1.16932454616655,-0.069707077843623,6.18941298351101
0.0757800429964211,0.214486371377355,0.262240548494064,0.21266250844113,-0.287358244362815,1.52967690970907,0.485507446991532,0.140643681849737,0.162983718062154,-1.17300707371361,-0.0304831920179832,6.19637782108866
0.0751072438420001,0.207045093241139,0.258724871555038,0.198273136233147,-0.272136775519308,1.53345445684607,0.488816447426928,0.164552128309224,0.159794221058228,-1.16051060607844,-0.0570843265477369,6.22271650396725
0.118731234791053,0.204067251091886,0.266728446233247,0.202484231083389,-0.264814591240657,1.5259864378608,0.479877552897795,0.148183435777131,0.168848406927489,-1.17186976628856,-0.0503645277308441,6.19036568185322
0.0799284059586779,0.187573159697411,0.268197412597,0.192302321999014,-0.258237569519905,1.53207453415385,0.47784381147572,0.152494061034189,0.154714659502891,-1.18745876262968,-0.0457550070454762,6.20304381514381
0.111771960298797,0.18280759389986,0.251288675004296,0.184240770132935,-0.253261714173077,1.53060987149906,0.487663665127683,0.172515716550242,0.140475388355903,-1.19721859234759,-0.0660921076213259,6.16048335357279
0.112880305519586,0.198600737996083,0.262514534993773,0.194512517105588,-0.271364344317797,1.53269171544404,0.489922892614708,0.175112395077547,0.132550592141956,-1.18887079857996,-0.0626267116322074,6.2115601679195
0.125887510196399,0.212795556164586,0.261755405230127,0.215174148486695,-0.272207692698118,1.51704205370139,0.497943701154636,0.175625033041646,0.165650783149876,-1.14924509816335,-0.0467418824557769,6.1602536884653
0.0664971199540936,0.201161014734286,0.260337613534658,0.200365512093336,-0.265227388920828,1.53278735645482,0.486480332318416,0.157716130786293,0.14688798374339,-1.17013311939654,-0.0597409808643782,6.21520490998305
0.0112556240315773,0.192027698213515,0.267346697209575,0.197328288745808,-0.266740802628793,1.53171459458077,0.492177187711146,0.133038973831065,0.143217933520505,-1.213976825087,-0.0524460398636216,6.21713907489967
0.0561553624129255,0.205524330737631,0.265034033671353,0.203045165481199,-0.268750535239665,1.53374466167949,0.48947988385145,0.166876791143647,0.163021488844628,-1.17131384270135,-0.0471490014751055,6.18101764996835
0.0798319513509664,0.215387958519537,0.257747357900556,0.197735507128076,-0.28976346936419,1.51582722593315,0.494616633876301,0.162809128234013,0.151615595868677,-1.14830863863719,-0.079709249451312,6.19566549407891
0.0866703187654911,0.22589348791887,0.255408492862181,0.209392262981862,-0.285815572945561,1.52950727805142,0.490050555014352,0.136481778493578,0.153635558146233,-1.1651197912324,-0.0457152040158482,6.15464887122423
0.0333500363715378,0.212318543851853,0.251111264626978,0.20284593865915,-0.267897186827124,1.52371517821353,0.493494617915433,0.160910426502644,0.173033210311803,-1.17420185713274,-0.0519091086456006,6.19920017330842
0.121508633833609,0.195488804897984,0.264151051321906,0.193971335194042,-0.270909574449213,1.53002907309081,0.484560610783201,0.15853645368461,0.156159398582819,-1.17708770191046,-0.0530606277817969,6.15045163565114
0.0738060614261643,0.202712688024664,0.263135245892673,0.18922769776164,-0.264710776652432,1.5366906982624,0.48537108695144,0.141842772959202,0.162774727135232,-1.17048935798659,-0.0600335738128368,6.19720217359584
0.0971831081820202,0.217886764725773,0.268898764019756,0.211650225110849,-0.271546941766018,1.51922622025391,0.492102890222717,0.149095760560082,0.160896998132156,-1.16681044850433,-0.0411100662592082,6.20325920120221
0.187706460353603,0.20449347292159,0.254183802358313,0.199208680791299,-0.267353787347964,1.52835435261924,0.49620765268921,0.173251993827741,0.136107270714777,-1.16171878712397,-0.0694239853566689,6.1845554272196
0.0869731459446978,0.183938110702279,0.255310746688458,0.19140709433067,-0.241486567566779,1.52737241950836,0.48900714491982,0.182954770360772,0.152675442708229,-1.17449560023111,-0.0549551393517065,6.15525890054692
0.0937061430472233,0.193721441138334,0.261978640801509,0.18592863067492,-0.253858687117753,1.536182624047,0.473029939377305,0.15380953284035,0.121686614108247,-1.18252519698849,-0.0747333384683309,6.18698645198169
0.0334611170637716,0.210240208637347,0.269030271978154,0.199913725374796,-0.273057012128177,1.52559123776413,0.491435116892635,0.140880755201404,0.132914001056524,-1.17707404127473,-0.0655570537276034,6.15915171191483
0.0878613935953737,0.198222387437087,0.263409552172643,0.204403256266442,-0.25862612881979,1.5286165270761,0.482026277854406,0.168437641914608,0.145023337242459,-1.16434881278954,-0.0526021289963181,6.10987465184318
0.099779923619723,0.213837418172654,0.257018718841176,0.205786667603163,-0.286472854179288,1.53259380770514,0.482224030450394,0.172147820807001,0.144732225589128,-1.1598775506964,-0.0454386684077992,6.17075611768065
0.111514026666701,0.203781816274077,0.253216553219777,0.196849310964454,-0.274990759376491,1.52862184624836,0.50016689105407,0.181605464135064,0.124470220956559,-1.16933344646471,-0.0577739365545612,6.16694998229497
0.169598345827738,0.217908842752289,0.25688017518647,0.207653759827294,-0.291706496162993,1.52542356597792,0.482505812172523,0.186617432173738,0.141412103885103,-1.14780616299708,-0.0364508340629833,6.14833194590339
0.0775024670499631,0.190313194062374,0.257213278529494,0.198497886430221,-0.251376727015335,1.5205897670483,0.499419370500188,0.150793163622308,0.144384259308471,-1.18237425182397,-0.0532325390064119,6.17466061437786
0.143443913027925,0.228248741516436,0.259090366570663,0.209806933356639,-0.294318289345007,1.52540641054924,0.487111166170535,0.139057783445467,0.156210837712124,-1.15107577036954,-0.0575557791682186,6.13109043754007
0.014868044484715,0.200394090073897,0.254543390615548,0.201011915260606,-0.26681788952443,1.52344559944585,0.49514127012893,0.132575944167488,0.150913980123213,-1.19085759072488,-0.0478475784783795,6.20537809499229
0.11740576535619,0.218819025890645,0.250805821342679,0.213999988081641,-0.287146450481901,1.52693849315484,0.489671995447293,0.190896112155169,0.119778075755826,-1.12620708515858,-0.047398866099019,6.17025018664564
0.0750518480611664,0.205251049551153,0.259735210428259,0.205413012477371,-0.275230719687071,1.51968911960719,0.491375882925054,0.162921789793626,0.136224931321987,-1.15985631407158,-0.0512541108583459,6.19776973525058
0.0712705701730265,0.198679421706981,0.260466879188519,0.199659613723536,-0.259994806443701,1.52021511402587,0.492353621362542,0.163420839386979,0.131722513355945,-1.16389335692923,-0.0457571404009531,6.22508714696923
0.113688994497838,0.188700606757795,0.261197348549684,0.189801679666058,-0.253364740247702,1.52583634853031,0.485635811969183,0.145832648351997,0.147967925246629,-1.19524226984332,-0.0518927349221236,6.21005488055138
0.17186267455399,0.212986353105405,0.266845551946135,0.206510980444198,-0.284891466930285,1.52741108624277,0.497775085621104,0.158628692487785,0.125264566201457,-1.16082944053604,-0.0672462194730522,6.21176044618978
0.0364070463337131,0.194935382292448,0.264888355030675,0.190677377336785,-0.260835212080335,1.53578711104048,0.48565996441157,0.171647128324049,0.157474563352141,-1.17708894647243,-0.0614634674367991,6.19635362205447
0.111952290054354,0.205727296170236,0.252576998165711,0.191292118122379,-0.263065331023389,1.51838238728243,0.485240709768541,0.178100519660762,0.149077304481511,-1.15239178042402,-0.069301475625322,6.17932910418537
0.0971860431380207,0.212371361537876,0.262637709275752,0.218697417030575,-0.277568391750752,1.53599441270444,0.488062335274178,0.151564438105121,0.124442016363159,-1.17298067897705,-0.0188088025584846,6.23964189392036
0.0649550487541991,0.208929741427116,0.255485988373077,0.20606226011729,-0.264838014432167,1.53078552504872,0.494467842470016,0.153435810258333,0.156733568012584,-1.1732849852367,-0.0562659225458759,6.22459292839948
0.0972692593864829,0.212921992720144,0.260670079132177,0.199029880188883,-0.282480572383684,1.52428040046686,0.485680509579949,0.150470215949003,0.153410759178494,-1.16975886555896,-0.06393022568756,6.22085118226001
0.167205189916526,0.22105313363499,0.259623007793747,0.207885490646208,-0.280001725475171,1.53020891352703,0.486537176588107,0.157928166333974,0.13046987198026,-1.14869813890276,-0.0423021082855417,6.18932048033693
0.0969856571788554,0.205506987757176,0.254983950162863,0.21105878415996,-0.269840681745622,1.5118294354885,0.494821741365884,0.147209411181348,0.135821236969759,-1.15625928090221,-0.0400192284548119,6.19886052941879
0.0350426896006618,0.245252163424615,0.261029207450112,0.23632754269929,-0.305608122540047,1.52929526091308,0.487106508551971,0.126860763254559,0.15091173845218,-1.14638452850444,-0.0353879715521634,6.1108612305902
0.123200022659875,0.226731223006911,0.255115562576038,0.210847433878236,-0.294770718764389,1.52985510707909,0.493456772835528,0.165456744674014,0.149439428678061,-1.15620951231444,-0.0457243500866729,6.24908120089454
0.0955004554810344,0.212665248618198,0.259165973189806,0.197626042063012,-0.288741149265488,1.5226894918264,0.489573639512725,0.144809897529193,0.148666095343973,-1.16951686885457,-0.0716839520693945,6.16925689262299
0.0985904653483104,0.173141307929987,0.264319799784285,0.185308644497863,-0.232777024452758,1.52478546474441,0.496101540333975,0.156853269368918,0.143490814400569,-1.19742996261338,-0.0586923980010093,6.19024447611787
0.174678649791279,0.214655233383681,0.267043145817261,0.206654288251487,-0.287933699707113,1.521747496779,0.499399335765804,0.167702274083735,0.148006715206743,-1.13463709377931,-0.0562374177577934,6.21630642606352
0.0900511320194119,0.187717489331566,0.253544179929106,0.20354095105848,-0.251938946138604,1.52743331155058,0.487319488643263,0.17294561940575,0.137098157684883,-1.17515369671506,-0.0482871168348461,6.17373817307079
0.0743086180689182,0.207986524481726,0.249651316654164,0.206838785372746,-0.276661581345019,1.52166778088104,0.50283524359118,0.136998772347149,0.152748065652964,-1.17304503487479,-0.0542888109739134,6.11173280124694
0.115203297444919,0.229977855425089,0.260501243884351,0.216927529054783,-0.299090717894581,1.53222575836716,0.478466787862237,0.170541977031012,0.161758928670066,-1.14376307832904,-0.0511574047856775,6.15881334890194
0.0212775185069659,0.231024206456226,0.254974640223736,0.201075230726501,-0.291146897911176,1.52050604731436,0.494709506780561,0.181000702028307,0.154397011172188,-1.12790900554714,-0.0691719052506579,6.20086816556137
0.118376865919918,0.20731146436671,0.258013198847697,0.200449718193679,-0.270056810543753,1.52821826340154,0.486982564034774,0.166832447200957,0.143223898326153,-1.15925602809407,-0.0386355126890623,6.18316219978187
0.113539038224795,0.185116129317128,0.257060206387189,0.198434939148363,-0.25342265820538,1.51193669110914,0.503202149840622,0.157904008970536,0.131308507265602,-1.17476949256615,-0.044070686658723,6.21292601086844
0.101265116144574,0.211722986739346,0.261970284662212,0.197063361871819,-0.29147686461209,1.54124306930425,0.485838554911975,0.148485772238882,0.145701417432246,-1.17218667005801,-0.0729988069659082,6.19069040971091
0.0140876625449343,0.158729616863439,0.258591429098987,0.179722222538896,-0.231150234905361,1.53099652269325,0.492790325499925,0.173568480835988,0.134125050254361,-1.19752713232193,-0.056651955196713,6.19990655445829
0.165462313015483,0.220443339963947,0.260897924319155,0.207414639222655,-0.286760460278916,1.53727806259528,0.478181357415255,0.166745375718873,0.134866739075174,-1.14632298997365,-0.0415399401512083,6.18221261552084
0.153047175487593,0.231916371962759,0.261414864063153,0.224144260187124,-0.291243190860358,1.5256610427581,0.493323371671972,0.126155228711831,0.144401925918474,-1.16612628716964,-0.0471365429164449,6.16045155090124
0.107052578193788,0.221733736980927,0.259790408693588,0.208314892205194,-0.287636395998889,1.53089320316119,0.482309286280337,0.188444267959161,0.156733115620018,-1.13424367097906,-0.0514597469862169,6.13615132976323
0.139834075079728,0.206813869066996,0.262159868560316,0.196071116146148,-0.26999907034447,1.52703809332775,0.481823016670472,0.14895383005959,0.151590796618476,-1.17579406000344,-0.0586823325189316,6.15524699240975
0.131877298150196,0.216220725070174,0.250601307096071,0.202458580733713,-0.290543523902808,1.53792968693959,0.480815971362418,0.160464622251394,0.137216838640133,-1.14576493178716,-0.046179619428532,6.18719136377011
0.163344871120199,0.237514580147378,0.265932271860495,0.222910748362615,-0.308085037618278,1.52209505817101,0.496504785115132,0.141201399782892,0.135309580987052,-1.13545612175071,-0.0399748273018742,6.21244786768564
0.120106520508586,0.199576111206237,0.265836923035926,0.19036451296455,-0.263620779638997,1.5320689133068,0.495163941575831,0.151375580170585,0.130893643520366,-1.17053266931504,-0.0746941170300156,6.14154871424358
0.122976017505262,0.228704659283731,0.26559229624927,0.206959565806777,-0.284602093479916,1.52631009882411,0.480114535186603,0.160042581753105,0.155833601349476,-1.14185541042357,-0.0704054749335386,6.1507938960336
0.206789708003556,0.237764841564381,0.260407543759265,0.223706597089956,-0.30205746640047,1.5335730134888,0.479033840815616,0.129190399136983,0.143974924036916,-1.15532314919613,-0.0362747421342226,6.19665244607447
0.100804632379608,0.21382326232827,0.258303265354107,0.187294159303321,-0.278988244228539,1.52457002448017,0.488592125335499,0.174988367179874,0.14024308417535,-1.14737606156718,-0.075073426565395,6.14410594888809
0.0994552437790157,0.185389355501525,0.258319245698044,0.185864062056896,-0.250991525834556,1.52826696855724,0.488539140711317,0.175613663636064,0.131600652095572,-1.18448116371966,-0.0624903456565464,6.15539467055017
0.0937232829773583,0.194707103654255,0.25736962563884,0.198709227774915,-0.26856215926995,1.54732373961836,0.477745845573973,0.174078734111016,0.141815458668563,-1.19162623577285,-0.0543638412155497,6.11454328372778
0.150235797843657,0.224787337688068,0.254338704898864,0.211249542240826,-0.295810447196373,1.52462068061894,0.492533136122255,0.172747473363513,0.167027989421239,-1.13561265671435,-0.0517028804627419,6.15872960298579
0.113206822985488,0.230945764368759,0.260781589018433,0.212083366837582,-0.291454466299066,1.5298569564082,0.489734601848397,0.146639345084291,0.144334892435217,-1.15511776905321,-0.0541811274983604,6.20131942299996
0.10036612035808,0.190226895685244,0.264186753681806,0.197000373694099,-0.256218750298841,1.52451230301699,0.481795799414168,0.147063463300481,0.164016170163767,-1.18517799478964,-0.0488986199522205,6.18581179066074
0.0711787885445836,0.216342456630392,0.258660795493728,0.214064909413434,-0.281887217340391,1.52556225748333,0.482797404344185,0.125407039411495,0.130607516179449,-1.16257060814573,-0.0460415054542074,6.13971402731569
0.0370292329145793,0.195549113279577,0.256948634604314,0.191832374659546,-0.253392932572534,1.52620135652484,0.48981549798481,0.158547881839386,0.140354778643813,-1.1679052658053,-0.0629574340088692,6.19789810693604
-0.0315017834611583,0.193300980523117,0.257479241241954,0.185938840561962,-0.260613496772494,1.54145337027233,0.485489128714245,0.13964310810075,0.149868723323254,-1.19995788336099,-0.0750827260504428,6.1916836544333
0.122306782074322,0.214886987667027,0.263140002639679,0.216192860455782,-0.282747356235155,1.53361076947358,0.485598469689171,0.17589867823747,0.136978136518549,-1.15106471864625,-0.0358668989453678,6.19178504486609
0.0541155862469912,0.225435751775918,0.262482961655833,0.21429752892561,-0.29031031263087,1.52882272792305,0.492187558941497,0.157170255451628,0.132200787681914,-1.14536041670477,-0.0624545764230223,6.13635600560179
0.163329651558605,0.185297328261638,0.25422243057369,0.190228601609086,-0.240521320992,1.52877263538439,0.483377471853979,0.178319658019339,0.162495757156585,-1.17838190600676,-0.0547835363543867,6.16596592300731
0.0643580205291581,0.210260109060631,0.260786843067512,0.208007348719598,-0.283130721914528,1.52694895749784,0.486229615667002,0.151757033588546,0.150249730729319,-1.1722962321751,-0.0336792905599753,6.1697563881469
0.0303601122026073,0.206650641108333,0.257566318230286,0.210283806696508,-0.26695297335424,1.51104559498457,0.485087199431345,0.16970646502817,0.169664128024973,-1.158712871975,-0.052617726563545,6.19198614017076
0.0962706819124725,0.199696624399552,0.254271656567711,0.194361765352447,-0.261125298186795,1.51756911015226,0.494915673926684,0.168612547189007,0.156117728694829,-1.15253733414575,-0.0537102140295376,6.17492027717576
0.123449465864799,0.1958876163479,0.261378982163467,0.204089291668281,-0.258706330976887,1.53394504447951,0.487128742716358,0.14768325159107,0.161990726133528,-1.18921996992587,-0.0414885735290626,6.10916681221994
0.0577108938387182,0.2335549330668,0.255931971476823,0.213853300213024,-0.285601287445914,1.52106823923768,0.486691210853041,0.147994433589616,0.149559846816925,-1.14386408421247,-0.0592055120387391,6.22746388353249
0.09969366854777,0.191395927198878,0.251202548999613,0.195276093319967,-0.253495708911292,1.53607983014903,0.48120678509242,0.147699054430969,0.167517517818362,-1.18693862944746,-0.0464283581418072,6.17671501954789
0.105966193804104,0.210231930671976,0.258963505459597,0.207913104061979,-0.291895070400519,1.5237331088882,0.479248868482512,0.144864433093069,0.161459212059448,-1.17061871288579,-0.0381831749190035,6.19316033178109
0.13984674135775,0.188491015979901,0.266741206743058,0.176905610086325,-0.26409302917502,1.52957209562502,0.490964449139525,0.15090985898445,0.130249695690466,-1.18152656674407,-0.0783819458605379,6.21076785272906
0.0948017010683952,0.199043345108279,0.258826195679238,0.201637370232711,-0.271109780321332,1.52758363109026,0.48187112625618,0.175722158781154,0.168194313133115,-1.15832999995561,-0.0503076308565024,6.15090517791225
0.18654160798105,0.21726657780536,0.2677510429107,0.203527050793328,-0.281492639339003,1.52600309021256,0.482433195206272,0.170116257688673,0.146314681908685,-1.14742662063761,-0.0549372035042535,6.13655571488937
0.143772780522803,0.21190930376119,0.257714602523208,0.205578746383248,-0.264505333081983,1.534038796185,0.483648735116991,0.16833782137248,0.150627364639182,-1.15765665429662,-0.0541809305245251,6.10339656106378
0.0630411163541043,0.181481750336165,0.263467811902246,0.194083351316679,-0.241177882508759,1.52513404885551,0.485621474982647,0.14410541374704,0.142664234377533,-1.18776296079146,-0.0552704972081332,6.21733080451601
0.0777475339865052,0.202095198208708,0.253915161631949,0.18866552244147,-0.270623487466433,1.52453657443086,0.482568141267338,0.175208078427263,0.14236668944601,-1.15724289283289,-0.0557978288053704,6.17226806606132
0.208583340557474,0.189041664244434,0.270531747393032,0.19041326431645,-0.269173613265861,1.53145998881362,0.480331629448351,0.15466902897658,0.130535035833793,-1.1987976609831,-0.0619003449167076,6.18884684419029
0.123149564962315,0.199771680490049,0.264433963559567,0.210775903239416,-0.263152844712085,1.52467601494627,0.486082799865322,0.156147404845355,0.160278090636164,-1.16466374064333,-0.0333213875556675,6.18728178927132
0.106406075895856,0.204496686873704,0.25655494641419,0.191480526498124,-0.255054444435827,1.5315551428058,0.491335814784447,0.170151216583316,0.160040246747663,-1.16506944016772,-0.0699460883679988,6.22016777510357
0.129935618767103,0.198953638671244,0.253065936679454,0.19409494689446,-0.272821492798979,1.51958036575975,0.487257761563266,0.158060439374456,0.152642798893109,-1.17040165240228,-0.0541817396824576,6.21087982607866
0.0838060812079333,0.234458168881446,0.258956648931576,0.220734367418767,-0.305016219412906,1.53945624291431,0.476288383087825,0.144800464174925,0.150859274302114,-1.16442235774203,-0.0437557435811446,6.23509842883069
0.104332137593103,0.222349498499215,0.258910981851472,0.205325143600062,-0.287853460925125,1.53315973800175,0.479194825883624,0.124101850109523,0.156356639982814,-1.18715688329382,-0.0476388072054968,6.19491039601572
0.0231842060158993,0.188975137050311,0.255730704696764,0.204068362816787,-0.260848657376937,1.5207232343497,0.495190268248133,0.150007144809341,0.139153934141824,-1.17950548028145,-0.0415671726924113,6.18209089943019
0.117221579496157,0.20935772638122,0.256733731019335,0.206457091380271,-0.268908636592211,1.51189246554119,0.503638502671515,0.17068510819359,0.137570118755432,-1.14781444378682,-0.0470791545510192,6.17004213534674
0.104814732201975,0.222065651618115,0.256436696949859,0.208218740762739,-0.283602250307852,1.52249074545635,0.490354425907245,0.172334909641502,0.147667938073129,-1.1525003572735,-0.0586745395083091,6.15622676527031
0.0593190308358779,0.232337456794203,0.250437700598625,0.23116074384331,-0.303894871817544,1.52510232398016,0.487497064932998,0.13075518172884,0.16879979895743,-1.16291112580678,-0.015238630890946,6.14098677584311
0.120548688513247,0.206549798185088,0.266405734058273,0.198958196867993,-0.262316164388604,1.53403451069059,0.491920788115788,0.174166901445111,0.161972255122356,-1.15360328167004,-0.0626635132966306,6.20488612537634
0.136805397737389,0.21822321609261,0.264957646743009,0.213319371951618,-0.28847834670592,1.53276240848413,0.484352877337481,0.151456591412828,0.142919712667902,-1.16941106740883,-0.0360737717822508,6.14727841499216
0.147026405851716,0.237539570869327,0.253491039306424,0.226151351013075,-0.292929907860444,1.52637681850026,0.494945182952204,0.160209809780072,0.1386650579177,-1.13266742203213,-0.0233058148152577,6.22544471549938
0.0207016580532963,0.188859319936281,0.25710884335375,0.195901031368095,-0.25628470480962,1.53041754608099,0.49249351880904,0.164378128997541,0.145195642808407,-1.17837413724016,-0.0612739480511462,6.15409609163514
0.108374018347386,0.21667650657746,0.252994576053576,0.196624650494438,-0.282970238529974,1.53648210472489,0.478306245549258,0.160405229403445,0.142065485697329,-1.17278276141779,-0.0618189403403214,6.19927107028886
0.0375707618428298,0.210503908719036,0.259802996354474,0.207733004404982,-0.292083827930699,1.52225065648733,0.488872581400151,0.169265965766922,0.13765404809766,-1.15986918664265,-0.0508364370956568,6.20311020010559
0.080126426968619,0.187265938336315,0.261409828246193,0.188046146807607,-0.236250681962056,1.54188411832141,0.489709130276482,0.163739312545507,0.140842437209793,-1.19201049891325,-0.057041331524225,6.15790904397804
0.073856544759288,0.239186250827398,0.253558723363479,0.228413443039843,-0.295553506965891,1.52735975047239,0.505489025224115,0.157414704710762,0.147930043036652,-1.13693145846719,-0.0510027102969558,6.14344554104204
0.0525363175312907,0.204534900019951,0.259146815280426,0.21234671198498,-0.27777217127262,1.52463750536472,0.485298256434332,0.173548383442536,0.140522208486053,-1.17510090861314,-0.0405894365101894,6.13706798833659
0.147026271972744,0.209266993638776,0.252491398711924,0.213865733368063,-0.278113138478235,1.51253093221048,0.494966735030535,0.147381668717637,0.141371133217142,-1.16147343375307,-0.0281363365504168,6.21124880673197
0.053242815342229,0.220325452132915,0.253140709602358,0.203875301551802,-0.276683718573377,1.52945049242992,0.492642695231482,0.158641632999347,0.142606985048194,-1.16001094837068,-0.060903665990635,6.12603433276673
0.102149730296238,0.171731403602897,0.256800336250651,0.183240911844005,-0.230860293257817,1.52993929897013,0.493477631132467,0.154833346757263,0.147628418463875,-1.20643836066768,-0.0357942960602738,6.20242424686208
0.0977601484947569,0.204386348497414,0.258171986044963,0.200477830271514,-0.271746779206002,1.52193259418344,0.493582529107139,0.178722550761316,0.164630938380581,-1.1461873757297,-0.0538881895676927,6.19461706420812
0.0760138007864455,0.203519714317642,0.256362771032115,0.197335863486485,-0.280753140779831,1.54661694060271,0.481119529111879,0.127085121050373,0.149292614729053,-1.20068525359554,-0.0558529369178164,6.20864253879399
0.0937369625204197,0.220546648546804,0.257175165568636,0.208064476351829,-0.289715867593829,1.53586959315539,0.478107467446004,0.156569424323044,0.143055407126038,-1.16090052554728,-0.0392665029256214,6.14521387233098
0.0876589002103562,0.213302797496239,0.250949354596751,0.204005779899976,-0.272335549182505,1.52821220113839,0.480066898554145,0.167845297397608,0.153227235912418,-1.16300816616147,-0.0543203160371278,6.12831153471855
0.0487415261342907,0.216893773149222,0.264591525508094,0.215137446940733,-0.287371346398524,1.52814828989318,0.484082107795965,0.154890306684867,0.162599731754615,-1.15446562487014,-0.0254049663490345,6.17898941314589
0.062842314819486,0.210133721287867,0.260743536762493,0.206179809943738,-0.268252672244992,1.52128952045999,0.487843285856191,0.147874092165746,0.15656909209527,-1.16218619081652,-0.0429171849608531,6.1499961779579
0.0326919397978036,0.186064597415262,0.262908166827509,0.193960061155374,-0.246456291360333,1.53095580376911,0.480098246938764,0.136950177615369,0.16576615803822,-1.21813170580182,-0.059833356345914,6.14328437887646
0.0139776722087101,0.197230730323491,0.26045602511452,0.194954527732876,-0.278043144576887,1.5316116664263,0.496144250110544,0.168258521049787,0.139154811929852,-1.1578894870145,-0.0650300137666955,6.14403330701884
0.0792395565168202,0.188551105702013,0.259207674556745,0.185401258774764,-0.274303907248317,1.54788688562199,0.489066530500214,0.158015177376707,0.116652013352231,-1.19622880825767,-0.0664096905850323,6.2019613887578
0.160807795225207,0.182169650291513,0.268142131462341,0.201250437246243,-0.249891775143124,1.53198191632652,0.488043995500413,0.15181085902679,0.140877488754416,-1.19986893000678,-0.0456921736328203,6.18805097153212
0.0983396789229733,0.201521404694687,0.267242863623036,0.206397640415222,-0.273892549935659,1.51941224206138,0.482678626231648,0.166147586083022,0.146055564909842,-1.16731204457034,-0.050360053130616,6.19269509010254
0.110470694608737,0.210682692856528,0.261823843412718,0.201296534489359,-0.29095022417624,1.54090677764294,0.482395377475798,0.149323382751183,0.14356967048541,-1.18243734697058,-0.0458028399026956,6.1820926105107
0.0271096774497394,0.199771882708254,0.259363883845819,0.200842257346081,-0.260949339570076,1.54047098140812,0.485565998116095,0.152886250838061,0.155045804490792,-1.18869961086436,-0.0383822239265667,6.15775073110887
0.0937886135747359,0.201469560939147,0.260665082013417,0.212645962801868,-0.262872483853669,1.52942851454536,0.493325530631522,0.147637684385477,0.132817892013182,-1.16422086505996,-0.0366873061184612,6.13886640464027
0.0597655378702943,0.181940875405468,0.260525510953314,0.187520322708139,-0.250731996579826,1.52657561919171,0.494974817212805,0.172670229327075,0.136439226252918,-1.17342093162795,-0.0646056124481359,6.18764852744368
0.0853679586753799,0.219863660652773,0.2654830063074,0.213778664086247,-0.290120195776736,1.52986812573603,0.480650181324407,0.141120352833901,0.155960137417127,-1.17122770123485,-0.0375067290853529,6.13990120525533
0.155064084828422,0.168205486004293,0.252270750489289,0.18193970344135,-0.244195587202195,1.5206564371075,0.497703581950154,0.177461434603251,0.137574804233886,-1.20702728584301,-0.0576319284406875,6.21962071204115
0.0685783866356085,0.192262583107227,0.26403616355671,0.198655866463616,-0.254693394985545,1.51709263226679,0.482186170561241,0.177114342018992,0.137769047280804,-1.16221149592125,-0.0570847380725333,6.14064265472986
0.0189668407733868,0.187258551379134,0.257735309170831,0.195829881237981,-0.250975641968237,1.52967694533347,0.490193985872961,0.139815852884371,0.149783304191173,-1.18669512050665,-0.0598485811300574,6.20302784840676
0.0546268206633145,0.198189815033186,0.262541812746697,0.191798742267456,-0.273304965002006,1.53996178440214,0.490027931212209,0.170472638847389,0.14616468345507,-1.17908607082716,-0.0593874471362415,6.16448757070224
0.0826243939805542,0.206737399641767,0.258130111196723,0.187635751924294,-0.271405916196256,1.55210698090588,0.47690340593697,0.150124478511415,0.128554740517916,-1.19133665955247,-0.0588840242182454,6.16816403531424
0.0551129315784327,0.193231157275468,0.272582576155853,0.206070327784277,-0.24530720774406,1.52966966258028,0.500827877762922,0.185679111237747,0.148046920363684,-1.15914587360085,-0.042267734182397,6.2027402947182
0.133763819058608,0.208197529196048,0.247691093776223,0.196012597048411,-0.28152370982531,1.53507055120498,0.489018969762607,0.160808543348325,0.144194793487677,-1.15693064219303,-0.0587514066031736,6.21011261264593
0.0824988128528131,0.197372811673858,0.258068849232521,0.187038787322698,-0.255768951105303,1.51996006163144,0.492545749563623,0.157579916393558,0.15667783641527,-1.15895972777214,-0.0728937501125204,6.16488163485879
0.0791457628123652,0.212227218639064,0.252930390926898,0.19961217807404,-0.266462622382589,1.52269350449015,0.493154275330913,0.164431345462983,0.146464050534788,-1.15640519509963,-0.062801946545511,6.11987344143277
